control_id,layer,context,metric,expected,actual,difference,tolerance,status,source
STRUCT-001,datos,global,celdas_cohorte_horizonte,120,120,0,0,PASS,seguimiento_*.csv.gz
CELL-2011-1-Base,medidas,cohorte=2011;horizonte=1,Base,3641,3641,0,0,PASS,resultados_control.csv vs seguimiento
CELL-2011-1-Carrera,medidas,cohorte=2011;horizonte=1,Carrera,3641,3641,0,0,PASS,resultados_control.csv vs seguimiento
CELL-2011-1-Institucion,medidas,cohorte=2011;horizonte=1,Institucion,3641,3641,0,0,PASS,resultados_control.csv vs seguimiento
CELL-2011-1-EducacionSuperior,medidas,cohorte=2011;horizonte=1,EducacionSuperior,3641,3641,0,0,PASS,resultados_control.csv vs seguimiento
ORDER-2011-1,invariantes,cohorte=2011;horizonte=1,Carrera<=Institucion<=EducacionSuperior<=Base,1,1,0,0,PASS,seguimiento
CELL-2011-2-Base,medidas,cohorte=2011;horizonte=2,Base,3641,3641,0,0,PASS,resultados_control.csv vs seguimiento
CELL-2011-2-Carrera,medidas,cohorte=2011;horizonte=2,Carrera,2162,2162,0,0,PASS,resultados_control.csv vs seguimiento
CELL-2011-2-Institucion,medidas,cohorte=2011;horizonte=2,Institucion,2248,2248,0,0,PASS,resultados_control.csv vs seguimiento
CELL-2011-2-EducacionSuperior,medidas,cohorte=2011;horizonte=2,EducacionSuperior,2446,2446,0,0,PASS,resultados_control.csv vs seguimiento
ORDER-2011-2,invariantes,cohorte=2011;horizonte=2,Carrera<=Institucion<=EducacionSuperior<=Base,1,1,0,0,PASS,seguimiento
CELL-2011-3-Base,medidas,cohorte=2011;horizonte=3,Base,3641,3641,0,0,PASS,resultados_control.csv vs seguimiento
CELL-2011-3-Carrera,medidas,cohorte=2011;horizonte=3,Carrera,1395,1395,0,0,PASS,resultados_control.csv vs seguimiento
CELL-2011-3-Institucion,medidas,cohorte=2011;horizonte=3,Institucion,1770,1770,0,0,PASS,resultados_control.csv vs seguimiento
CELL-2011-3-EducacionSuperior,medidas,cohorte=2011;horizonte=3,EducacionSuperior,2159,2159,0,0,PASS,resultados_control.csv vs seguimiento
ORDER-2011-3,invariantes,cohorte=2011;horizonte=3,Carrera<=Institucion<=EducacionSuperior<=Base,1,1,0,0,PASS,seguimiento
CELL-2011-4-Base,medidas,cohorte=2011;horizonte=4,Base,3641,3641,0,0,PASS,resultados_control.csv vs seguimiento
CELL-2011-4-Carrera,medidas,cohorte=2011;horizonte=4,Carrera,486,486,0,0,PASS,resultados_control.csv vs seguimiento
CELL-2011-4-Institucion,medidas,cohorte=2011;horizonte=4,Institucion,803,803,0,0,PASS,resultados_control.csv vs seguimiento
CELL-2011-4-EducacionSuperior,medidas,cohorte=2011;horizonte=4,EducacionSuperior,1367,1367,0,0,PASS,resultados_control.csv vs seguimiento
ORDER-2011-4,invariantes,cohorte=2011;horizonte=4,Carrera<=Institucion<=EducacionSuperior<=Base,1,1,0,0,PASS,seguimiento
CELL-2011-5-Base,medidas,cohorte=2011;horizonte=5,Base,3641,3641,0,0,PASS,resultados_control.csv vs seguimiento
CELL-2011-5-Carrera,medidas,cohorte=2011;horizonte=5,Carrera,198,198,0,0,PASS,resultados_control.csv vs seguimiento
CELL-2011-5-Institucion,medidas,cohorte=2011;horizonte=5,Institucion,380,380,0,0,PASS,resultados_control.csv vs seguimiento
CELL-2011-5-EducacionSuperior,medidas,cohorte=2011;horizonte=5,EducacionSuperior,978,978,0,0,PASS,resultados_control.csv vs seguimiento
ORDER-2011-5,invariantes,cohorte=2011;horizonte=5,Carrera<=Institucion<=EducacionSuperior<=Base,1,1,0,0,PASS,seguimiento
CELL-2011-6-Base,medidas,cohorte=2011;horizonte=6,Base,3641,3641,0,0,PASS,resultados_control.csv vs seguimiento
CELL-2011-6-Carrera,medidas,cohorte=2011;horizonte=6,Carrera,87,87,0,0,PASS,resultados_control.csv vs seguimiento
CELL-2011-6-Institucion,medidas,cohorte=2011;horizonte=6,Institucion,211,211,0,0,PASS,resultados_control.csv vs seguimiento
CELL-2011-6-EducacionSuperior,medidas,cohorte=2011;horizonte=6,EducacionSuperior,805,805,0,0,PASS,resultados_control.csv vs seguimiento
ORDER-2011-6,invariantes,cohorte=2011;horizonte=6,Carrera<=Institucion<=EducacionSuperior<=Base,1,1,0,0,PASS,seguimiento
CELL-2011-7-Base,medidas,cohorte=2011;horizonte=7,Base,3641,3641,0,0,PASS,resultados_control.csv vs seguimiento
CELL-2011-7-Carrera,medidas,cohorte=2011;horizonte=7,Carrera,43,43,0,0,PASS,resultados_control.csv vs seguimiento
CELL-2011-7-Institucion,medidas,cohorte=2011;horizonte=7,Institucion,135,135,0,0,PASS,resultados_control.csv vs seguimiento
CELL-2011-7-EducacionSuperior,medidas,cohorte=2011;horizonte=7,EducacionSuperior,653,653,0,0,PASS,resultados_control.csv vs seguimiento
ORDER-2011-7,invariantes,cohorte=2011;horizonte=7,Carrera<=Institucion<=EducacionSuperior<=Base,1,1,0,0,PASS,seguimiento
CELL-2011-8-Base,medidas,cohorte=2011;horizonte=8,Base,3641,3641,0,0,PASS,resultados_control.csv vs seguimiento
CELL-2011-8-Carrera,medidas,cohorte=2011;horizonte=8,Carrera,25,25,0,0,PASS,resultados_control.csv vs seguimiento
CELL-2011-8-Institucion,medidas,cohorte=2011;horizonte=8,Institucion,80,80,0,0,PASS,resultados_control.csv vs seguimiento
CELL-2011-8-EducacionSuperior,medidas,cohorte=2011;horizonte=8,EducacionSuperior,525,525,0,0,PASS,resultados_control.csv vs seguimiento
ORDER-2011-8,invariantes,cohorte=2011;horizonte=8,Carrera<=Institucion<=EducacionSuperior<=Base,1,1,0,0,PASS,seguimiento
CELL-2011-9-Base,medidas,cohorte=2011;horizonte=9,Base,3641,3641,0,0,PASS,resultados_control.csv vs seguimiento
CELL-2011-9-Carrera,medidas,cohorte=2011;horizonte=9,Carrera,17,17,0,0,PASS,resultados_control.csv vs seguimiento
CELL-2011-9-Institucion,medidas,cohorte=2011;horizonte=9,Institucion,54,54,0,0,PASS,resultados_control.csv vs seguimiento
CELL-2011-9-EducacionSuperior,medidas,cohorte=2011;horizonte=9,EducacionSuperior,472,472,0,0,PASS,resultados_control.csv vs seguimiento
ORDER-2011-9,invariantes,cohorte=2011;horizonte=9,Carrera<=Institucion<=EducacionSuperior<=Base,1,1,0,0,PASS,seguimiento
CELL-2011-10-Base,medidas,cohorte=2011;horizonte=10,Base,3641,3641,0,0,PASS,resultados_control.csv vs seguimiento
CELL-2011-10-Carrera,medidas,cohorte=2011;horizonte=10,Carrera,12,12,0,0,PASS,resultados_control.csv vs seguimiento
CELL-2011-10-Institucion,medidas,cohorte=2011;horizonte=10,Institucion,49,49,0,0,PASS,resultados_control.csv vs seguimiento
CELL-2011-10-EducacionSuperior,medidas,cohorte=2011;horizonte=10,EducacionSuperior,413,413,0,0,PASS,resultados_control.csv vs seguimiento
ORDER-2011-10,invariantes,cohorte=2011;horizonte=10,Carrera<=Institucion<=EducacionSuperior<=Base,1,1,0,0,PASS,seguimiento
CELL-2011-11-Base,medidas,cohorte=2011;horizonte=11,Base,3641,3641,0,0,PASS,resultados_control.csv vs seguimiento
CELL-2011-11-Carrera,medidas,cohorte=2011;horizonte=11,Carrera,7,7,0,0,PASS,resultados_control.csv vs seguimiento
CELL-2011-11-Institucion,medidas,cohorte=2011;horizonte=11,Institucion,38,38,0,0,PASS,resultados_control.csv vs seguimiento
CELL-2011-11-EducacionSuperior,medidas,cohorte=2011;horizonte=11,EducacionSuperior,441,441,0,0,PASS,resultados_control.csv vs seguimiento
ORDER-2011-11,invariantes,cohorte=2011;horizonte=11,Carrera<=Institucion<=EducacionSuperior<=Base,1,1,0,0,PASS,seguimiento
CELL-2011-12-Base,medidas,cohorte=2011;horizonte=12,Base,3641,3641,0,0,PASS,resultados_control.csv vs seguimiento
CELL-2011-12-Carrera,medidas,cohorte=2011;horizonte=12,Carrera,8,8,0,0,PASS,resultados_control.csv vs seguimiento
CELL-2011-12-Institucion,medidas,cohorte=2011;horizonte=12,Institucion,45,45,0,0,PASS,resultados_control.csv vs seguimiento
CELL-2011-12-EducacionSuperior,medidas,cohorte=2011;horizonte=12,EducacionSuperior,436,436,0,0,PASS,resultados_control.csv vs seguimiento
ORDER-2011-12,invariantes,cohorte=2011;horizonte=12,Carrera<=Institucion<=EducacionSuperior<=Base,1,1,0,0,PASS,seguimiento
CELL-2011-13-Base,medidas,cohorte=2011;horizonte=13,Base,3641,3641,0,0,PASS,resultados_control.csv vs seguimiento
CELL-2011-13-Carrera,medidas,cohorte=2011;horizonte=13,Carrera,4,4,0,0,PASS,resultados_control.csv vs seguimiento
CELL-2011-13-Institucion,medidas,cohorte=2011;horizonte=13,Institucion,38,38,0,0,PASS,resultados_control.csv vs seguimiento
CELL-2011-13-EducacionSuperior,medidas,cohorte=2011;horizonte=13,EducacionSuperior,409,409,0,0,PASS,resultados_control.csv vs seguimiento
ORDER-2011-13,invariantes,cohorte=2011;horizonte=13,Carrera<=Institucion<=EducacionSuperior<=Base,1,1,0,0,PASS,seguimiento
CELL-2011-14-Base,medidas,cohorte=2011;horizonte=14,Base,3641,3641,0,0,PASS,resultados_control.csv vs seguimiento
CELL-2011-14-Carrera,medidas,cohorte=2011;horizonte=14,Carrera,2,2,0,0,PASS,resultados_control.csv vs seguimiento
CELL-2011-14-Institucion,medidas,cohorte=2011;horizonte=14,Institucion,30,30,0,0,PASS,resultados_control.csv vs seguimiento
CELL-2011-14-EducacionSuperior,medidas,cohorte=2011;horizonte=14,EducacionSuperior,359,359,0,0,PASS,resultados_control.csv vs seguimiento
ORDER-2011-14,invariantes,cohorte=2011;horizonte=14,Carrera<=Institucion<=EducacionSuperior<=Base,1,1,0,0,PASS,seguimiento
CELL-2011-15-Base,medidas,cohorte=2011;horizonte=15,Base,3641,3641,0,0,PASS,resultados_control.csv vs seguimiento
CELL-2011-15-Carrera,medidas,cohorte=2011;horizonte=15,Carrera,1,1,0,0,PASS,resultados_control.csv vs seguimiento
CELL-2011-15-Institucion,medidas,cohorte=2011;horizonte=15,Institucion,22,22,0,0,PASS,resultados_control.csv vs seguimiento
CELL-2011-15-EducacionSuperior,medidas,cohorte=2011;horizonte=15,EducacionSuperior,356,356,0,0,PASS,resultados_control.csv vs seguimiento
ORDER-2011-15,invariantes,cohorte=2011;horizonte=15,Carrera<=Institucion<=EducacionSuperior<=Base,1,1,0,0,PASS,seguimiento
CELL-2012-1-Base,medidas,cohorte=2012;horizonte=1,Base,5183,5183,0,0,PASS,resultados_control.csv vs seguimiento
CELL-2012-1-Carrera,medidas,cohorte=2012;horizonte=1,Carrera,5183,5183,0,0,PASS,resultados_control.csv vs seguimiento
CELL-2012-1-Institucion,medidas,cohorte=2012;horizonte=1,Institucion,5183,5183,0,0,PASS,resultados_control.csv vs seguimiento
CELL-2012-1-EducacionSuperior,medidas,cohorte=2012;horizonte=1,EducacionSuperior,5183,5183,0,0,PASS,resultados_control.csv vs seguimiento
ORDER-2012-1,invariantes,cohorte=2012;horizonte=1,Carrera<=Institucion<=EducacionSuperior<=Base,1,1,0,0,PASS,seguimiento
CELL-2012-2-Base,medidas,cohorte=2012;horizonte=2,Base,5183,5183,0,0,PASS,resultados_control.csv vs seguimiento
CELL-2012-2-Carrera,medidas,cohorte=2012;horizonte=2,Carrera,2805,2805,0,0,PASS,resultados_control.csv vs seguimiento
CELL-2012-2-Institucion,medidas,cohorte=2012;horizonte=2,Institucion,3233,3233,0,0,PASS,resultados_control.csv vs seguimiento
CELL-2012-2-EducacionSuperior,medidas,cohorte=2012;horizonte=2,EducacionSuperior,3524,3524,0,0,PASS,resultados_control.csv vs seguimiento
ORDER-2012-2,invariantes,cohorte=2012;horizonte=2,Carrera<=Institucion<=EducacionSuperior<=Base,1,1,0,0,PASS,seguimiento
CELL-2012-3-Base,medidas,cohorte=2012;horizonte=3,Base,5183,5183,0,0,PASS,resultados_control.csv vs seguimiento
CELL-2012-3-Carrera,medidas,cohorte=2012;horizonte=3,Carrera,2225,2225,0,0,PASS,resultados_control.csv vs seguimiento
CELL-2012-3-Institucion,medidas,cohorte=2012;horizonte=3,Institucion,2661,2661,0,0,PASS,resultados_control.csv vs seguimiento
CELL-2012-3-EducacionSuperior,medidas,cohorte=2012;horizonte=3,EducacionSuperior,3172,3172,0,0,PASS,resultados_control.csv vs seguimiento
ORDER-2012-3,invariantes,cohorte=2012;horizonte=3,Carrera<=Institucion<=EducacionSuperior<=Base,1,1,0,0,PASS,seguimiento
CELL-2012-4-Base,medidas,cohorte=2012;horizonte=4,Base,5183,5183,0,0,PASS,resultados_control.csv vs seguimiento
CELL-2012-4-Carrera,medidas,cohorte=2012;horizonte=4,Carrera,855,855,0,0,PASS,resultados_control.csv vs seguimiento
CELL-2012-4-Institucion,medidas,cohorte=2012;horizonte=4,Institucion,1406,1406,0,0,PASS,resultados_control.csv vs seguimiento
CELL-2012-4-EducacionSuperior,medidas,cohorte=2012;horizonte=4,EducacionSuperior,2116,2116,0,0,PASS,resultados_control.csv vs seguimiento
ORDER-2012-4,invariantes,cohorte=2012;horizonte=4,Carrera<=Institucion<=EducacionSuperior<=Base,1,1,0,0,PASS,seguimiento
CELL-2012-5-Base,medidas,cohorte=2012;horizonte=5,Base,5183,5183,0,0,PASS,resultados_control.csv vs seguimiento
CELL-2012-5-Carrera,medidas,cohorte=2012;horizonte=5,Carrera,321,321,0,0,PASS,resultados_control.csv vs seguimiento
CELL-2012-5-Institucion,medidas,cohorte=2012;horizonte=5,Institucion,670,670,0,0,PASS,resultados_control.csv vs seguimiento
CELL-2012-5-EducacionSuperior,medidas,cohorte=2012;horizonte=5,EducacionSuperior,1439,1439,0,0,PASS,resultados_control.csv vs seguimiento
ORDER-2012-5,invariantes,cohorte=2012;horizonte=5,Carrera<=Institucion<=EducacionSuperior<=Base,1,1,0,0,PASS,seguimiento
CELL-2012-6-Base,medidas,cohorte=2012;horizonte=6,Base,5183,5183,0,0,PASS,resultados_control.csv vs seguimiento
CELL-2012-6-Carrera,medidas,cohorte=2012;horizonte=6,Carrera,98,98,0,0,PASS,resultados_control.csv vs seguimiento
CELL-2012-6-Institucion,medidas,cohorte=2012;horizonte=6,Institucion,316,316,0,0,PASS,resultados_control.csv vs seguimiento
CELL-2012-6-EducacionSuperior,medidas,cohorte=2012;horizonte=6,EducacionSuperior,1050,1050,0,0,PASS,resultados_control.csv vs seguimiento
ORDER-2012-6,invariantes,cohorte=2012;horizonte=6,Carrera<=Institucion<=EducacionSuperior<=Base,1,1,0,0,PASS,seguimiento
CELL-2012-7-Base,medidas,cohorte=2012;horizonte=7,Base,5183,5183,0,0,PASS,resultados_control.csv vs seguimiento
CELL-2012-7-Carrera,medidas,cohorte=2012;horizonte=7,Carrera,52,52,0,0,PASS,resultados_control.csv vs seguimiento
CELL-2012-7-Institucion,medidas,cohorte=2012;horizonte=7,Institucion,183,183,0,0,PASS,resultados_control.csv vs seguimiento
CELL-2012-7-EducacionSuperior,medidas,cohorte=2012;horizonte=7,EducacionSuperior,825,825,0,0,PASS,resultados_control.csv vs seguimiento
ORDER-2012-7,invariantes,cohorte=2012;horizonte=7,Carrera<=Institucion<=EducacionSuperior<=Base,1,1,0,0,PASS,seguimiento
CELL-2012-8-Base,medidas,cohorte=2012;horizonte=8,Base,5183,5183,0,0,PASS,resultados_control.csv vs seguimiento
CELL-2012-8-Carrera,medidas,cohorte=2012;horizonte=8,Carrera,32,32,0,0,PASS,resultados_control.csv vs seguimiento
CELL-2012-8-Institucion,medidas,cohorte=2012;horizonte=8,Institucion,132,132,0,0,PASS,resultados_control.csv vs seguimiento
CELL-2012-8-EducacionSuperior,medidas,cohorte=2012;horizonte=8,EducacionSuperior,693,693,0,0,PASS,resultados_control.csv vs seguimiento
ORDER-2012-8,invariantes,cohorte=2012;horizonte=8,Carrera<=Institucion<=EducacionSuperior<=Base,1,1,0,0,PASS,seguimiento
CELL-2012-9-Base,medidas,cohorte=2012;horizonte=9,Base,5183,5183,0,0,PASS,resultados_control.csv vs seguimiento
CELL-2012-9-Carrera,medidas,cohorte=2012;horizonte=9,Carrera,20,20,0,0,PASS,resultados_control.csv vs seguimiento
CELL-2012-9-Institucion,medidas,cohorte=2012;horizonte=9,Institucion,82,82,0,0,PASS,resultados_control.csv vs seguimiento
CELL-2012-9-EducacionSuperior,medidas,cohorte=2012;horizonte=9,EducacionSuperior,579,579,0,0,PASS,resultados_control.csv vs seguimiento
ORDER-2012-9,invariantes,cohorte=2012;horizonte=9,Carrera<=Institucion<=EducacionSuperior<=Base,1,1,0,0,PASS,seguimiento
CELL-2012-10-Base,medidas,cohorte=2012;horizonte=10,Base,5183,5183,0,0,PASS,resultados_control.csv vs seguimiento
CELL-2012-10-Carrera,medidas,cohorte=2012;horizonte=10,Carrera,13,13,0,0,PASS,resultados_control.csv vs seguimiento
CELL-2012-10-Institucion,medidas,cohorte=2012;horizonte=10,Institucion,93,93,0,0,PASS,resultados_control.csv vs seguimiento
CELL-2012-10-EducacionSuperior,medidas,cohorte=2012;horizonte=10,EducacionSuperior,629,629,0,0,PASS,resultados_control.csv vs seguimiento
ORDER-2012-10,invariantes,cohorte=2012;horizonte=10,Carrera<=Institucion<=EducacionSuperior<=Base,1,1,0,0,PASS,seguimiento
CELL-2012-11-Base,medidas,cohorte=2012;horizonte=11,Base,5183,5183,0,0,PASS,resultados_control.csv vs seguimiento
CELL-2012-11-Carrera,medidas,cohorte=2012;horizonte=11,Carrera,15,15,0,0,PASS,resultados_control.csv vs seguimiento
CELL-2012-11-Institucion,medidas,cohorte=2012;horizonte=11,Institucion,79,79,0,0,PASS,resultados_control.csv vs seguimiento
CELL-2012-11-EducacionSuperior,medidas,cohorte=2012;horizonte=11,EducacionSuperior,631,631,0,0,PASS,resultados_control.csv vs seguimiento
ORDER-2012-11,invariantes,cohorte=2012;horizonte=11,Carrera<=Institucion<=EducacionSuperior<=Base,1,1,0,0,PASS,seguimiento
CELL-2012-12-Base,medidas,cohorte=2012;horizonte=12,Base,5183,5183,0,0,PASS,resultados_control.csv vs seguimiento
CELL-2012-12-Carrera,medidas,cohorte=2012;horizonte=12,Carrera,13,13,0,0,PASS,resultados_control.csv vs seguimiento
CELL-2012-12-Institucion,medidas,cohorte=2012;horizonte=12,Institucion,73,73,0,0,PASS,resultados_control.csv vs seguimiento
CELL-2012-12-EducacionSuperior,medidas,cohorte=2012;horizonte=12,EducacionSuperior,590,590,0,0,PASS,resultados_control.csv vs seguimiento
ORDER-2012-12,invariantes,cohorte=2012;horizonte=12,Carrera<=Institucion<=EducacionSuperior<=Base,1,1,0,0,PASS,seguimiento
CELL-2012-13-Base,medidas,cohorte=2012;horizonte=13,Base,5183,5183,0,0,PASS,resultados_control.csv vs seguimiento
CELL-2012-13-Carrera,medidas,cohorte=2012;horizonte=13,Carrera,9,9,0,0,PASS,resultados_control.csv vs seguimiento
CELL-2012-13-Institucion,medidas,cohorte=2012;horizonte=13,Institucion,54,54,0,0,PASS,resultados_control.csv vs seguimiento
CELL-2012-13-EducacionSuperior,medidas,cohorte=2012;horizonte=13,EducacionSuperior,568,568,0,0,PASS,resultados_control.csv vs seguimiento
ORDER-2012-13,invariantes,cohorte=2012;horizonte=13,Carrera<=Institucion<=EducacionSuperior<=Base,1,1,0,0,PASS,seguimiento
CELL-2012-14-Base,medidas,cohorte=2012;horizonte=14,Base,5183,5183,0,0,PASS,resultados_control.csv vs seguimiento
CELL-2012-14-Carrera,medidas,cohorte=2012;horizonte=14,Carrera,2,2,0,0,PASS,resultados_control.csv vs seguimiento
CELL-2012-14-Institucion,medidas,cohorte=2012;horizonte=14,Institucion,43,43,0,0,PASS,resultados_control.csv vs seguimiento
CELL-2012-14-EducacionSuperior,medidas,cohorte=2012;horizonte=14,EducacionSuperior,554,554,0,0,PASS,resultados_control.csv vs seguimiento
ORDER-2012-14,invariantes,cohorte=2012;horizonte=14,Carrera<=Institucion<=EducacionSuperior<=Base,1,1,0,0,PASS,seguimiento
CELL-2013-1-Base,medidas,cohorte=2013;horizonte=1,Base,8312,8312,0,0,PASS,resultados_control.csv vs seguimiento
CELL-2013-1-Carrera,medidas,cohorte=2013;horizonte=1,Carrera,8312,8312,0,0,PASS,resultados_control.csv vs seguimiento
CELL-2013-1-Institucion,medidas,cohorte=2013;horizonte=1,Institucion,8312,8312,0,0,PASS,resultados_control.csv vs seguimiento
CELL-2013-1-EducacionSuperior,medidas,cohorte=2013;horizonte=1,EducacionSuperior,8312,8312,0,0,PASS,resultados_control.csv vs seguimiento
ORDER-2013-1,invariantes,cohorte=2013;horizonte=1,Carrera<=Institucion<=EducacionSuperior<=Base,1,1,0,0,PASS,seguimiento
CELL-2013-2-Base,medidas,cohorte=2013;horizonte=2,Base,8312,8312,0,0,PASS,resultados_control.csv vs seguimiento
CELL-2013-2-Carrera,medidas,cohorte=2013;horizonte=2,Carrera,4210,4210,0,0,PASS,resultados_control.csv vs seguimiento
CELL-2013-2-Institucion,medidas,cohorte=2013;horizonte=2,Institucion,5178,5178,0,0,PASS,resultados_control.csv vs seguimiento
CELL-2013-2-EducacionSuperior,medidas,cohorte=2013;horizonte=2,EducacionSuperior,5626,5626,0,0,PASS,resultados_control.csv vs seguimiento
ORDER-2013-2,invariantes,cohorte=2013;horizonte=2,Carrera<=Institucion<=EducacionSuperior<=Base,1,1,0,0,PASS,seguimiento
CELL-2013-3-Base,medidas,cohorte=2013;horizonte=3,Base,8312,8312,0,0,PASS,resultados_control.csv vs seguimiento
CELL-2013-3-Carrera,medidas,cohorte=2013;horizonte=3,Carrera,2951,2951,0,0,PASS,resultados_control.csv vs seguimiento
CELL-2013-3-Institucion,medidas,cohorte=2013;horizonte=3,Institucion,3942,3942,0,0,PASS,resultados_control.csv vs seguimiento
CELL-2013-3-EducacionSuperior,medidas,cohorte=2013;horizonte=3,EducacionSuperior,4760,4760,0,0,PASS,resultados_control.csv vs seguimiento
ORDER-2013-3,invariantes,cohorte=2013;horizonte=3,Carrera<=Institucion<=EducacionSuperior<=Base,1,1,0,0,PASS,seguimiento
CELL-2013-4-Base,medidas,cohorte=2013;horizonte=4,Base,8312,8312,0,0,PASS,resultados_control.csv vs seguimiento
CELL-2013-4-Carrera,medidas,cohorte=2013;horizonte=4,Carrera,1086,1086,0,0,PASS,resultados_control.csv vs seguimiento
CELL-2013-4-Institucion,medidas,cohorte=2013;horizonte=4,Institucion,2044,2044,0,0,PASS,resultados_control.csv vs seguimiento
CELL-2013-4-EducacionSuperior,medidas,cohorte=2013;horizonte=4,EducacionSuperior,3144,3144,0,0,PASS,resultados_control.csv vs seguimiento
ORDER-2013-4,invariantes,cohorte=2013;horizonte=4,Carrera<=Institucion<=EducacionSuperior<=Base,1,1,0,0,PASS,seguimiento
CELL-2013-5-Base,medidas,cohorte=2013;horizonte=5,Base,8312,8312,0,0,PASS,resultados_control.csv vs seguimiento
CELL-2013-5-Carrera,medidas,cohorte=2013;horizonte=5,Carrera,397,397,0,0,PASS,resultados_control.csv vs seguimiento
CELL-2013-5-Institucion,medidas,cohorte=2013;horizonte=5,Institucion,977,977,0,0,PASS,resultados_control.csv vs seguimiento
CELL-2013-5-EducacionSuperior,medidas,cohorte=2013;horizonte=5,EducacionSuperior,2062,2062,0,0,PASS,resultados_control.csv vs seguimiento
ORDER-2013-5,invariantes,cohorte=2013;horizonte=5,Carrera<=Institucion<=EducacionSuperior<=Base,1,1,0,0,PASS,seguimiento
CELL-2013-6-Base,medidas,cohorte=2013;horizonte=6,Base,8312,8312,0,0,PASS,resultados_control.csv vs seguimiento
CELL-2013-6-Carrera,medidas,cohorte=2013;horizonte=6,Carrera,147,147,0,0,PASS,resultados_control.csv vs seguimiento
CELL-2013-6-Institucion,medidas,cohorte=2013;horizonte=6,Institucion,460,460,0,0,PASS,resultados_control.csv vs seguimiento
CELL-2013-6-EducacionSuperior,medidas,cohorte=2013;horizonte=6,EducacionSuperior,1482,1482,0,0,PASS,resultados_control.csv vs seguimiento
ORDER-2013-6,invariantes,cohorte=2013;horizonte=6,Carrera<=Institucion<=EducacionSuperior<=Base,1,1,0,0,PASS,seguimiento
CELL-2013-7-Base,medidas,cohorte=2013;horizonte=7,Base,8312,8312,0,0,PASS,resultados_control.csv vs seguimiento
CELL-2013-7-Carrera,medidas,cohorte=2013;horizonte=7,Carrera,61,61,0,0,PASS,resultados_control.csv vs seguimiento
CELL-2013-7-Institucion,medidas,cohorte=2013;horizonte=7,Institucion,296,296,0,0,PASS,resultados_control.csv vs seguimiento
CELL-2013-7-EducacionSuperior,medidas,cohorte=2013;horizonte=7,EducacionSuperior,1224,1224,0,0,PASS,resultados_control.csv vs seguimiento
ORDER-2013-7,invariantes,cohorte=2013;horizonte=7,Carrera<=Institucion<=EducacionSuperior<=Base,1,1,0,0,PASS,seguimiento
CELL-2013-8-Base,medidas,cohorte=2013;horizonte=8,Base,8312,8312,0,0,PASS,resultados_control.csv vs seguimiento
CELL-2013-8-Carrera,medidas,cohorte=2013;horizonte=8,Carrera,38,38,0,0,PASS,resultados_control.csv vs seguimiento
CELL-2013-8-Institucion,medidas,cohorte=2013;horizonte=8,Institucion,204,204,0,0,PASS,resultados_control.csv vs seguimiento
CELL-2013-8-EducacionSuperior,medidas,cohorte=2013;horizonte=8,EducacionSuperior,1036,1036,0,0,PASS,resultados_control.csv vs seguimiento
ORDER-2013-8,invariantes,cohorte=2013;horizonte=8,Carrera<=Institucion<=EducacionSuperior<=Base,1,1,0,0,PASS,seguimiento
CELL-2013-9-Base,medidas,cohorte=2013;horizonte=9,Base,8312,8312,0,0,PASS,resultados_control.csv vs seguimiento
CELL-2013-9-Carrera,medidas,cohorte=2013;horizonte=9,Carrera,33,33,0,0,PASS,resultados_control.csv vs seguimiento
CELL-2013-9-Institucion,medidas,cohorte=2013;horizonte=9,Institucion,151,151,0,0,PASS,resultados_control.csv vs seguimiento
CELL-2013-9-EducacionSuperior,medidas,cohorte=2013;horizonte=9,EducacionSuperior,1106,1106,0,0,PASS,resultados_control.csv vs seguimiento
ORDER-2013-9,invariantes,cohorte=2013;horizonte=9,Carrera<=Institucion<=EducacionSuperior<=Base,1,1,0,0,PASS,seguimiento
CELL-2013-10-Base,medidas,cohorte=2013;horizonte=10,Base,8312,8312,0,0,PASS,resultados_control.csv vs seguimiento
CELL-2013-10-Carrera,medidas,cohorte=2013;horizonte=10,Carrera,27,27,0,0,PASS,resultados_control.csv vs seguimiento
CELL-2013-10-Institucion,medidas,cohorte=2013;horizonte=10,Institucion,127,127,0,0,PASS,resultados_control.csv vs seguimiento
CELL-2013-10-EducacionSuperior,medidas,cohorte=2013;horizonte=10,EducacionSuperior,1028,1028,0,0,PASS,resultados_control.csv vs seguimiento
ORDER-2013-10,invariantes,cohorte=2013;horizonte=10,Carrera<=Institucion<=EducacionSuperior<=Base,1,1,0,0,PASS,seguimiento
CELL-2013-11-Base,medidas,cohorte=2013;horizonte=11,Base,8312,8312,0,0,PASS,resultados_control.csv vs seguimiento
CELL-2013-11-Carrera,medidas,cohorte=2013;horizonte=11,Carrera,23,23,0,0,PASS,resultados_control.csv vs seguimiento
CELL-2013-11-Institucion,medidas,cohorte=2013;horizonte=11,Institucion,127,127,0,0,PASS,resultados_control.csv vs seguimiento
CELL-2013-11-EducacionSuperior,medidas,cohorte=2013;horizonte=11,EducacionSuperior,990,990,0,0,PASS,resultados_control.csv vs seguimiento
ORDER-2013-11,invariantes,cohorte=2013;horizonte=11,Carrera<=Institucion<=EducacionSuperior<=Base,1,1,0,0,PASS,seguimiento
CELL-2013-12-Base,medidas,cohorte=2013;horizonte=12,Base,8312,8312,0,0,PASS,resultados_control.csv vs seguimiento
CELL-2013-12-Carrera,medidas,cohorte=2013;horizonte=12,Carrera,17,17,0,0,PASS,resultados_control.csv vs seguimiento
CELL-2013-12-Institucion,medidas,cohorte=2013;horizonte=12,Institucion,90,90,0,0,PASS,resultados_control.csv vs seguimiento
CELL-2013-12-EducacionSuperior,medidas,cohorte=2013;horizonte=12,EducacionSuperior,909,909,0,0,PASS,resultados_control.csv vs seguimiento
ORDER-2013-12,invariantes,cohorte=2013;horizonte=12,Carrera<=Institucion<=EducacionSuperior<=Base,1,1,0,0,PASS,seguimiento
CELL-2013-13-Base,medidas,cohorte=2013;horizonte=13,Base,8312,8312,0,0,PASS,resultados_control.csv vs seguimiento
CELL-2013-13-Carrera,medidas,cohorte=2013;horizonte=13,Carrera,10,10,0,0,PASS,resultados_control.csv vs seguimiento
CELL-2013-13-Institucion,medidas,cohorte=2013;horizonte=13,Institucion,68,68,0,0,PASS,resultados_control.csv vs seguimiento
CELL-2013-13-EducacionSuperior,medidas,cohorte=2013;horizonte=13,EducacionSuperior,902,902,0,0,PASS,resultados_control.csv vs seguimiento
ORDER-2013-13,invariantes,cohorte=2013;horizonte=13,Carrera<=Institucion<=EducacionSuperior<=Base,1,1,0,0,PASS,seguimiento
CELL-2014-1-Base,medidas,cohorte=2014;horizonte=1,Base,11812,11812,0,0,PASS,resultados_control.csv vs seguimiento
CELL-2014-1-Carrera,medidas,cohorte=2014;horizonte=1,Carrera,11812,11812,0,0,PASS,resultados_control.csv vs seguimiento
CELL-2014-1-Institucion,medidas,cohorte=2014;horizonte=1,Institucion,11812,11812,0,0,PASS,resultados_control.csv vs seguimiento
CELL-2014-1-EducacionSuperior,medidas,cohorte=2014;horizonte=1,EducacionSuperior,11812,11812,0,0,PASS,resultados_control.csv vs seguimiento
ORDER-2014-1,invariantes,cohorte=2014;horizonte=1,Carrera<=Institucion<=EducacionSuperior<=Base,1,1,0,0,PASS,seguimiento
CELL-2014-2-Base,medidas,cohorte=2014;horizonte=2,Base,11812,11812,0,0,PASS,resultados_control.csv vs seguimiento
CELL-2014-2-Carrera,medidas,cohorte=2014;horizonte=2,Carrera,6721,6721,0,0,PASS,resultados_control.csv vs seguimiento
CELL-2014-2-Institucion,medidas,cohorte=2014;horizonte=2,Institucion,7042,7042,0,0,PASS,resultados_control.csv vs seguimiento
CELL-2014-2-EducacionSuperior,medidas,cohorte=2014;horizonte=2,EducacionSuperior,7667,7667,0,0,PASS,resultados_control.csv vs seguimiento
ORDER-2014-2,invariantes,cohorte=2014;horizonte=2,Carrera<=Institucion<=EducacionSuperior<=Base,1,1,0,0,PASS,seguimiento
CELL-2014-3-Base,medidas,cohorte=2014;horizonte=3,Base,11812,11812,0,0,PASS,resultados_control.csv vs seguimiento
CELL-2014-3-Carrera,medidas,cohorte=2014;horizonte=3,Carrera,4187,4187,0,0,PASS,resultados_control.csv vs seguimiento
CELL-2014-3-Institucion,medidas,cohorte=2014;horizonte=3,Institucion,4966,4966,0,0,PASS,resultados_control.csv vs seguimiento
CELL-2014-3-EducacionSuperior,medidas,cohorte=2014;horizonte=3,EducacionSuperior,6085,6085,0,0,PASS,resultados_control.csv vs seguimiento
ORDER-2014-3,invariantes,cohorte=2014;horizonte=3,Carrera<=Institucion<=EducacionSuperior<=Base,1,1,0,0,PASS,seguimiento
CELL-2014-4-Base,medidas,cohorte=2014;horizonte=4,Base,11812,11812,0,0,PASS,resultados_control.csv vs seguimiento
CELL-2014-4-Carrera,medidas,cohorte=2014;horizonte=4,Carrera,1299,1299,0,0,PASS,resultados_control.csv vs seguimiento
CELL-2014-4-Institucion,medidas,cohorte=2014;horizonte=4,Institucion,2440,2440,0,0,PASS,resultados_control.csv vs seguimiento
CELL-2014-4-EducacionSuperior,medidas,cohorte=2014;horizonte=4,EducacionSuperior,3896,3896,0,0,PASS,resultados_control.csv vs seguimiento
ORDER-2014-4,invariantes,cohorte=2014;horizonte=4,Carrera<=Institucion<=EducacionSuperior<=Base,1,1,0,0,PASS,seguimiento
CELL-2014-5-Base,medidas,cohorte=2014;horizonte=5,Base,11812,11812,0,0,PASS,resultados_control.csv vs seguimiento
CELL-2014-5-Carrera,medidas,cohorte=2014;horizonte=5,Carrera,548,548,0,0,PASS,resultados_control.csv vs seguimiento
CELL-2014-5-Institucion,medidas,cohorte=2014;horizonte=5,Institucion,1211,1211,0,0,PASS,resultados_control.csv vs seguimiento
CELL-2014-5-EducacionSuperior,medidas,cohorte=2014;horizonte=5,EducacionSuperior,2583,2583,0,0,PASS,resultados_control.csv vs seguimiento
ORDER-2014-5,invariantes,cohorte=2014;horizonte=5,Carrera<=Institucion<=EducacionSuperior<=Base,1,1,0,0,PASS,seguimiento
CELL-2014-6-Base,medidas,cohorte=2014;horizonte=6,Base,11812,11812,0,0,PASS,resultados_control.csv vs seguimiento
CELL-2014-6-Carrera,medidas,cohorte=2014;horizonte=6,Carrera,206,206,0,0,PASS,resultados_control.csv vs seguimiento
CELL-2014-6-Institucion,medidas,cohorte=2014;horizonte=6,Institucion,570,570,0,0,PASS,resultados_control.csv vs seguimiento
CELL-2014-6-EducacionSuperior,medidas,cohorte=2014;horizonte=6,EducacionSuperior,1911,1911,0,0,PASS,resultados_control.csv vs seguimiento
ORDER-2014-6,invariantes,cohorte=2014;horizonte=6,Carrera<=Institucion<=EducacionSuperior<=Base,1,1,0,0,PASS,seguimiento
CELL-2014-7-Base,medidas,cohorte=2014;horizonte=7,Base,11812,11812,0,0,PASS,resultados_control.csv vs seguimiento
CELL-2014-7-Carrera,medidas,cohorte=2014;horizonte=7,Carrera,81,81,0,0,PASS,resultados_control.csv vs seguimiento
CELL-2014-7-Institucion,medidas,cohorte=2014;horizonte=7,Institucion,291,291,0,0,PASS,resultados_control.csv vs seguimiento
CELL-2014-7-EducacionSuperior,medidas,cohorte=2014;horizonte=7,EducacionSuperior,1500,1500,0,0,PASS,resultados_control.csv vs seguimiento
ORDER-2014-7,invariantes,cohorte=2014;horizonte=7,Carrera<=Institucion<=EducacionSuperior<=Base,1,1,0,0,PASS,seguimiento
CELL-2014-8-Base,medidas,cohorte=2014;horizonte=8,Base,11812,11812,0,0,PASS,resultados_control.csv vs seguimiento
CELL-2014-8-Carrera,medidas,cohorte=2014;horizonte=8,Carrera,67,67,0,0,PASS,resultados_control.csv vs seguimiento
CELL-2014-8-Institucion,medidas,cohorte=2014;horizonte=8,Institucion,256,256,0,0,PASS,resultados_control.csv vs seguimiento
CELL-2014-8-EducacionSuperior,medidas,cohorte=2014;horizonte=8,EducacionSuperior,1638,1638,0,0,PASS,resultados_control.csv vs seguimiento
ORDER-2014-8,invariantes,cohorte=2014;horizonte=8,Carrera<=Institucion<=EducacionSuperior<=Base,1,1,0,0,PASS,seguimiento
CELL-2014-9-Base,medidas,cohorte=2014;horizonte=9,Base,11812,11812,0,0,PASS,resultados_control.csv vs seguimiento
CELL-2014-9-Carrera,medidas,cohorte=2014;horizonte=9,Carrera,39,39,0,0,PASS,resultados_control.csv vs seguimiento
CELL-2014-9-Institucion,medidas,cohorte=2014;horizonte=9,Institucion,222,222,0,0,PASS,resultados_control.csv vs seguimiento
CELL-2014-9-EducacionSuperior,medidas,cohorte=2014;horizonte=9,EducacionSuperior,1565,1565,0,0,PASS,resultados_control.csv vs seguimiento
ORDER-2014-9,invariantes,cohorte=2014;horizonte=9,Carrera<=Institucion<=EducacionSuperior<=Base,1,1,0,0,PASS,seguimiento
CELL-2014-10-Base,medidas,cohorte=2014;horizonte=10,Base,11812,11812,0,0,PASS,resultados_control.csv vs seguimiento
CELL-2014-10-Carrera,medidas,cohorte=2014;horizonte=10,Carrera,32,32,0,0,PASS,resultados_control.csv vs seguimiento
CELL-2014-10-Institucion,medidas,cohorte=2014;horizonte=10,Institucion,213,213,0,0,PASS,resultados_control.csv vs seguimiento
CELL-2014-10-EducacionSuperior,medidas,cohorte=2014;horizonte=10,EducacionSuperior,1458,1458,0,0,PASS,resultados_control.csv vs seguimiento
ORDER-2014-10,invariantes,cohorte=2014;horizonte=10,Carrera<=Institucion<=EducacionSuperior<=Base,1,1,0,0,PASS,seguimiento
CELL-2014-11-Base,medidas,cohorte=2014;horizonte=11,Base,11812,11812,0,0,PASS,resultados_control.csv vs seguimiento
CELL-2014-11-Carrera,medidas,cohorte=2014;horizonte=11,Carrera,28,28,0,0,PASS,resultados_control.csv vs seguimiento
CELL-2014-11-Institucion,medidas,cohorte=2014;horizonte=11,Institucion,176,176,0,0,PASS,resultados_control.csv vs seguimiento
CELL-2014-11-EducacionSuperior,medidas,cohorte=2014;horizonte=11,EducacionSuperior,1413,1413,0,0,PASS,resultados_control.csv vs seguimiento
ORDER-2014-11,invariantes,cohorte=2014;horizonte=11,Carrera<=Institucion<=EducacionSuperior<=Base,1,1,0,0,PASS,seguimiento
CELL-2014-12-Base,medidas,cohorte=2014;horizonte=12,Base,11812,11812,0,0,PASS,resultados_control.csv vs seguimiento
CELL-2014-12-Carrera,medidas,cohorte=2014;horizonte=12,Carrera,16,16,0,0,PASS,resultados_control.csv vs seguimiento
CELL-2014-12-Institucion,medidas,cohorte=2014;horizonte=12,Institucion,135,135,0,0,PASS,resultados_control.csv vs seguimiento
CELL-2014-12-EducacionSuperior,medidas,cohorte=2014;horizonte=12,EducacionSuperior,1371,1371,0,0,PASS,resultados_control.csv vs seguimiento
ORDER-2014-12,invariantes,cohorte=2014;horizonte=12,Carrera<=Institucion<=EducacionSuperior<=Base,1,1,0,0,PASS,seguimiento
CELL-2015-1-Base,medidas,cohorte=2015;horizonte=1,Base,11982,11982,0,0,PASS,resultados_control.csv vs seguimiento
CELL-2015-1-Carrera,medidas,cohorte=2015;horizonte=1,Carrera,11982,11982,0,0,PASS,resultados_control.csv vs seguimiento
CELL-2015-1-Institucion,medidas,cohorte=2015;horizonte=1,Institucion,11982,11982,0,0,PASS,resultados_control.csv vs seguimiento
CELL-2015-1-EducacionSuperior,medidas,cohorte=2015;horizonte=1,EducacionSuperior,11982,11982,0,0,PASS,resultados_control.csv vs seguimiento
ORDER-2015-1,invariantes,cohorte=2015;horizonte=1,Carrera<=Institucion<=EducacionSuperior<=Base,1,1,0,0,PASS,seguimiento
CELL-2015-2-Base,medidas,cohorte=2015;horizonte=2,Base,11982,11982,0,0,PASS,resultados_control.csv vs seguimiento
CELL-2015-2-Carrera,medidas,cohorte=2015;horizonte=2,Carrera,6678,6678,0,0,PASS,resultados_control.csv vs seguimiento
CELL-2015-2-Institucion,medidas,cohorte=2015;horizonte=2,Institucion,7008,7008,0,0,PASS,resultados_control.csv vs seguimiento
CELL-2015-2-EducacionSuperior,medidas,cohorte=2015;horizonte=2,EducacionSuperior,7651,7651,0,0,PASS,resultados_control.csv vs seguimiento
ORDER-2015-2,invariantes,cohorte=2015;horizonte=2,Carrera<=Institucion<=EducacionSuperior<=Base,1,1,0,0,PASS,seguimiento
CELL-2015-3-Base,medidas,cohorte=2015;horizonte=3,Base,11982,11982,0,0,PASS,resultados_control.csv vs seguimiento
CELL-2015-3-Carrera,medidas,cohorte=2015;horizonte=3,Carrera,4485,4485,0,0,PASS,resultados_control.csv vs seguimiento
CELL-2015-3-Institucion,medidas,cohorte=2015;horizonte=3,Institucion,5245,5245,0,0,PASS,resultados_control.csv vs seguimiento
CELL-2015-3-EducacionSuperior,medidas,cohorte=2015;horizonte=3,EducacionSuperior,6407,6407,0,0,PASS,resultados_control.csv vs seguimiento
ORDER-2015-3,invariantes,cohorte=2015;horizonte=3,Carrera<=Institucion<=EducacionSuperior<=Base,1,1,0,0,PASS,seguimiento
CELL-2015-4-Base,medidas,cohorte=2015;horizonte=4,Base,11982,11982,0,0,PASS,resultados_control.csv vs seguimiento
CELL-2015-4-Carrera,medidas,cohorte=2015;horizonte=4,Carrera,1565,1565,0,0,PASS,resultados_control.csv vs seguimiento
CELL-2015-4-Institucion,medidas,cohorte=2015;horizonte=4,Institucion,2642,2642,0,0,PASS,resultados_control.csv vs seguimiento
CELL-2015-4-EducacionSuperior,medidas,cohorte=2015;horizonte=4,EducacionSuperior,4165,4165,0,0,PASS,resultados_control.csv vs seguimiento
ORDER-2015-4,invariantes,cohorte=2015;horizonte=4,Carrera<=Institucion<=EducacionSuperior<=Base,1,1,0,0,PASS,seguimiento
CELL-2015-5-Base,medidas,cohorte=2015;horizonte=5,Base,11982,11982,0,0,PASS,resultados_control.csv vs seguimiento
CELL-2015-5-Carrera,medidas,cohorte=2015;horizonte=5,Carrera,592,592,0,0,PASS,resultados_control.csv vs seguimiento
CELL-2015-5-Institucion,medidas,cohorte=2015;horizonte=5,Institucion,1206,1206,0,0,PASS,resultados_control.csv vs seguimiento
CELL-2015-5-EducacionSuperior,medidas,cohorte=2015;horizonte=5,EducacionSuperior,2701,2701,0,0,PASS,resultados_control.csv vs seguimiento
ORDER-2015-5,invariantes,cohorte=2015;horizonte=5,Carrera<=Institucion<=EducacionSuperior<=Base,1,1,0,0,PASS,seguimiento
CELL-2015-6-Base,medidas,cohorte=2015;horizonte=6,Base,11982,11982,0,0,PASS,resultados_control.csv vs seguimiento
CELL-2015-6-Carrera,medidas,cohorte=2015;horizonte=6,Carrera,152,152,0,0,PASS,resultados_control.csv vs seguimiento
CELL-2015-6-Institucion,medidas,cohorte=2015;horizonte=6,Institucion,499,499,0,0,PASS,resultados_control.csv vs seguimiento
CELL-2015-6-EducacionSuperior,medidas,cohorte=2015;horizonte=6,EducacionSuperior,1880,1880,0,0,PASS,resultados_control.csv vs seguimiento
ORDER-2015-6,invariantes,cohorte=2015;horizonte=6,Carrera<=Institucion<=EducacionSuperior<=Base,1,1,0,0,PASS,seguimiento
CELL-2015-7-Base,medidas,cohorte=2015;horizonte=7,Base,11982,11982,0,0,PASS,resultados_control.csv vs seguimiento
CELL-2015-7-Carrera,medidas,cohorte=2015;horizonte=7,Carrera,109,109,0,0,PASS,resultados_control.csv vs seguimiento
CELL-2015-7-Institucion,medidas,cohorte=2015;horizonte=7,Institucion,400,400,0,0,PASS,resultados_control.csv vs seguimiento
CELL-2015-7-EducacionSuperior,medidas,cohorte=2015;horizonte=7,EducacionSuperior,1913,1913,0,0,PASS,resultados_control.csv vs seguimiento
ORDER-2015-7,invariantes,cohorte=2015;horizonte=7,Carrera<=Institucion<=EducacionSuperior<=Base,1,1,0,0,PASS,seguimiento
CELL-2015-8-Base,medidas,cohorte=2015;horizonte=8,Base,11982,11982,0,0,PASS,resultados_control.csv vs seguimiento
CELL-2015-8-Carrera,medidas,cohorte=2015;horizonte=8,Carrera,90,90,0,0,PASS,resultados_control.csv vs seguimiento
CELL-2015-8-Institucion,medidas,cohorte=2015;horizonte=8,Institucion,315,315,0,0,PASS,resultados_control.csv vs seguimiento
CELL-2015-8-EducacionSuperior,medidas,cohorte=2015;horizonte=8,EducacionSuperior,1791,1791,0,0,PASS,resultados_control.csv vs seguimiento
ORDER-2015-8,invariantes,cohorte=2015;horizonte=8,Carrera<=Institucion<=EducacionSuperior<=Base,1,1,0,0,PASS,seguimiento
CELL-2015-9-Base,medidas,cohorte=2015;horizonte=9,Base,11982,11982,0,0,PASS,resultados_control.csv vs seguimiento
CELL-2015-9-Carrera,medidas,cohorte=2015;horizonte=9,Carrera,68,68,0,0,PASS,resultados_control.csv vs seguimiento
CELL-2015-9-Institucion,medidas,cohorte=2015;horizonte=9,Institucion,258,258,0,0,PASS,resultados_control.csv vs seguimiento
CELL-2015-9-EducacionSuperior,medidas,cohorte=2015;horizonte=9,EducacionSuperior,1671,1671,0,0,PASS,resultados_control.csv vs seguimiento
ORDER-2015-9,invariantes,cohorte=2015;horizonte=9,Carrera<=Institucion<=EducacionSuperior<=Base,1,1,0,0,PASS,seguimiento
CELL-2015-10-Base,medidas,cohorte=2015;horizonte=10,Base,11982,11982,0,0,PASS,resultados_control.csv vs seguimiento
CELL-2015-10-Carrera,medidas,cohorte=2015;horizonte=10,Carrera,41,41,0,0,PASS,resultados_control.csv vs seguimiento
CELL-2015-10-Institucion,medidas,cohorte=2015;horizonte=10,Institucion,199,199,0,0,PASS,resultados_control.csv vs seguimiento
CELL-2015-10-EducacionSuperior,medidas,cohorte=2015;horizonte=10,EducacionSuperior,1541,1541,0,0,PASS,resultados_control.csv vs seguimiento
ORDER-2015-10,invariantes,cohorte=2015;horizonte=10,Carrera<=Institucion<=EducacionSuperior<=Base,1,1,0,0,PASS,seguimiento
CELL-2015-11-Base,medidas,cohorte=2015;horizonte=11,Base,11982,11982,0,0,PASS,resultados_control.csv vs seguimiento
CELL-2015-11-Carrera,medidas,cohorte=2015;horizonte=11,Carrera,25,25,0,0,PASS,resultados_control.csv vs seguimiento
CELL-2015-11-Institucion,medidas,cohorte=2015;horizonte=11,Institucion,170,170,0,0,PASS,resultados_control.csv vs seguimiento
CELL-2015-11-EducacionSuperior,medidas,cohorte=2015;horizonte=11,EducacionSuperior,1474,1474,0,0,PASS,resultados_control.csv vs seguimiento
ORDER-2015-11,invariantes,cohorte=2015;horizonte=11,Carrera<=Institucion<=EducacionSuperior<=Base,1,1,0,0,PASS,seguimiento
CELL-2016-1-Base,medidas,cohorte=2016;horizonte=1,Base,13664,13664,0,0,PASS,resultados_control.csv vs seguimiento
CELL-2016-1-Carrera,medidas,cohorte=2016;horizonte=1,Carrera,13664,13664,0,0,PASS,resultados_control.csv vs seguimiento
CELL-2016-1-Institucion,medidas,cohorte=2016;horizonte=1,Institucion,13664,13664,0,0,PASS,resultados_control.csv vs seguimiento
CELL-2016-1-EducacionSuperior,medidas,cohorte=2016;horizonte=1,EducacionSuperior,13664,13664,0,0,PASS,resultados_control.csv vs seguimiento
ORDER-2016-1,invariantes,cohorte=2016;horizonte=1,Carrera<=Institucion<=EducacionSuperior<=Base,1,1,0,0,PASS,seguimiento
CELL-2016-2-Base,medidas,cohorte=2016;horizonte=2,Base,13664,13664,0,0,PASS,resultados_control.csv vs seguimiento
CELL-2016-2-Carrera,medidas,cohorte=2016;horizonte=2,Carrera,7905,7905,0,0,PASS,resultados_control.csv vs seguimiento
CELL-2016-2-Institucion,medidas,cohorte=2016;horizonte=2,Institucion,8304,8304,0,0,PASS,resultados_control.csv vs seguimiento
CELL-2016-2-EducacionSuperior,medidas,cohorte=2016;horizonte=2,EducacionSuperior,8896,8896,0,0,PASS,resultados_control.csv vs seguimiento
ORDER-2016-2,invariantes,cohorte=2016;horizonte=2,Carrera<=Institucion<=EducacionSuperior<=Base,1,1,0,0,PASS,seguimiento
CELL-2016-3-Base,medidas,cohorte=2016;horizonte=3,Base,13664,13664,0,0,PASS,resultados_control.csv vs seguimiento
CELL-2016-3-Carrera,medidas,cohorte=2016;horizonte=3,Carrera,4462,4462,0,0,PASS,resultados_control.csv vs seguimiento
CELL-2016-3-Institucion,medidas,cohorte=2016;horizonte=3,Institucion,5563,5563,0,0,PASS,resultados_control.csv vs seguimiento
CELL-2016-3-EducacionSuperior,medidas,cohorte=2016;horizonte=3,EducacionSuperior,6669,6669,0,0,PASS,resultados_control.csv vs seguimiento
ORDER-2016-3,invariantes,cohorte=2016;horizonte=3,Carrera<=Institucion<=EducacionSuperior<=Base,1,1,0,0,PASS,seguimiento
CELL-2016-4-Base,medidas,cohorte=2016;horizonte=4,Base,13664,13664,0,0,PASS,resultados_control.csv vs seguimiento
CELL-2016-4-Carrera,medidas,cohorte=2016;horizonte=4,Carrera,2245,2245,0,0,PASS,resultados_control.csv vs seguimiento
CELL-2016-4-Institucion,medidas,cohorte=2016;horizonte=4,Institucion,3383,3383,0,0,PASS,resultados_control.csv vs seguimiento
CELL-2016-4-EducacionSuperior,medidas,cohorte=2016;horizonte=4,EducacionSuperior,4733,4733,0,0,PASS,resultados_control.csv vs seguimiento
ORDER-2016-4,invariantes,cohorte=2016;horizonte=4,Carrera<=Institucion<=EducacionSuperior<=Base,1,1,0,0,PASS,seguimiento
CELL-2016-5-Base,medidas,cohorte=2016;horizonte=5,Base,13664,13664,0,0,PASS,resultados_control.csv vs seguimiento
CELL-2016-5-Carrera,medidas,cohorte=2016;horizonte=5,Carrera,606,606,0,0,PASS,resultados_control.csv vs seguimiento
CELL-2016-5-Institucion,medidas,cohorte=2016;horizonte=5,Institucion,1249,1249,0,0,PASS,resultados_control.csv vs seguimiento
CELL-2016-5-EducacionSuperior,medidas,cohorte=2016;horizonte=5,EducacionSuperior,2637,2637,0,0,PASS,resultados_control.csv vs seguimiento
ORDER-2016-5,invariantes,cohorte=2016;horizonte=5,Carrera<=Institucion<=EducacionSuperior<=Base,1,1,0,0,PASS,seguimiento
CELL-2016-6-Base,medidas,cohorte=2016;horizonte=6,Base,13664,13664,0,0,PASS,resultados_control.csv vs seguimiento
CELL-2016-6-Carrera,medidas,cohorte=2016;horizonte=6,Carrera,371,371,0,0,PASS,resultados_control.csv vs seguimiento
CELL-2016-6-Institucion,medidas,cohorte=2016;horizonte=6,Institucion,850,850,0,0,PASS,resultados_control.csv vs seguimiento
CELL-2016-6-EducacionSuperior,medidas,cohorte=2016;horizonte=6,EducacionSuperior,2520,2520,0,0,PASS,resultados_control.csv vs seguimiento
ORDER-2016-6,invariantes,cohorte=2016;horizonte=6,Carrera<=Institucion<=EducacionSuperior<=Base,1,1,0,0,PASS,seguimiento
CELL-2016-7-Base,medidas,cohorte=2016;horizonte=7,Base,13664,13664,0,0,PASS,resultados_control.csv vs seguimiento
CELL-2016-7-Carrera,medidas,cohorte=2016;horizonte=7,Carrera,224,224,0,0,PASS,resultados_control.csv vs seguimiento
CELL-2016-7-Institucion,medidas,cohorte=2016;horizonte=7,Institucion,613,613,0,0,PASS,resultados_control.csv vs seguimiento
CELL-2016-7-EducacionSuperior,medidas,cohorte=2016;horizonte=7,EducacionSuperior,2259,2259,0,0,PASS,resultados_control.csv vs seguimiento
ORDER-2016-7,invariantes,cohorte=2016;horizonte=7,Carrera<=Institucion<=EducacionSuperior<=Base,1,1,0,0,PASS,seguimiento
CELL-2016-8-Base,medidas,cohorte=2016;horizonte=8,Base,13664,13664,0,0,PASS,resultados_control.csv vs seguimiento
CELL-2016-8-Carrera,medidas,cohorte=2016;horizonte=8,Carrera,140,140,0,0,PASS,resultados_control.csv vs seguimiento
CELL-2016-8-Institucion,medidas,cohorte=2016;horizonte=8,Institucion,489,489,0,0,PASS,resultados_control.csv vs seguimiento
CELL-2016-8-EducacionSuperior,medidas,cohorte=2016;horizonte=8,EducacionSuperior,2072,2072,0,0,PASS,resultados_control.csv vs seguimiento
ORDER-2016-8,invariantes,cohorte=2016;horizonte=8,Carrera<=Institucion<=EducacionSuperior<=Base,1,1,0,0,PASS,seguimiento
CELL-2016-9-Base,medidas,cohorte=2016;horizonte=9,Base,13664,13664,0,0,PASS,resultados_control.csv vs seguimiento
CELL-2016-9-Carrera,medidas,cohorte=2016;horizonte=9,Carrera,74,74,0,0,PASS,resultados_control.csv vs seguimiento
CELL-2016-9-Institucion,medidas,cohorte=2016;horizonte=9,Institucion,344,344,0,0,PASS,resultados_control.csv vs seguimiento
CELL-2016-9-EducacionSuperior,medidas,cohorte=2016;horizonte=9,EducacionSuperior,1874,1874,0,0,PASS,resultados_control.csv vs seguimiento
ORDER-2016-9,invariantes,cohorte=2016;horizonte=9,Carrera<=Institucion<=EducacionSuperior<=Base,1,1,0,0,PASS,seguimiento
CELL-2016-10-Base,medidas,cohorte=2016;horizonte=10,Base,13664,13664,0,0,PASS,resultados_control.csv vs seguimiento
CELL-2016-10-Carrera,medidas,cohorte=2016;horizonte=10,Carrera,52,52,0,0,PASS,resultados_control.csv vs seguimiento
CELL-2016-10-Institucion,medidas,cohorte=2016;horizonte=10,Institucion,283,283,0,0,PASS,resultados_control.csv vs seguimiento
CELL-2016-10-EducacionSuperior,medidas,cohorte=2016;horizonte=10,EducacionSuperior,1894,1894,0,0,PASS,resultados_control.csv vs seguimiento
ORDER-2016-10,invariantes,cohorte=2016;horizonte=10,Carrera<=Institucion<=EducacionSuperior<=Base,1,1,0,0,PASS,seguimiento
CELL-2017-1-Base,medidas,cohorte=2017;horizonte=1,Base,13882,13882,0,0,PASS,resultados_control.csv vs seguimiento
CELL-2017-1-Carrera,medidas,cohorte=2017;horizonte=1,Carrera,13882,13882,0,0,PASS,resultados_control.csv vs seguimiento
CELL-2017-1-Institucion,medidas,cohorte=2017;horizonte=1,Institucion,13882,13882,0,0,PASS,resultados_control.csv vs seguimiento
CELL-2017-1-EducacionSuperior,medidas,cohorte=2017;horizonte=1,EducacionSuperior,13882,13882,0,0,PASS,resultados_control.csv vs seguimiento
ORDER-2017-1,invariantes,cohorte=2017;horizonte=1,Carrera<=Institucion<=EducacionSuperior<=Base,1,1,0,0,PASS,seguimiento
CELL-2017-2-Base,medidas,cohorte=2017;horizonte=2,Base,13882,13882,0,0,PASS,resultados_control.csv vs seguimiento
CELL-2017-2-Carrera,medidas,cohorte=2017;horizonte=2,Carrera,7545,7545,0,0,PASS,resultados_control.csv vs seguimiento
CELL-2017-2-Institucion,medidas,cohorte=2017;horizonte=2,Institucion,7825,7825,0,0,PASS,resultados_control.csv vs seguimiento
CELL-2017-2-EducacionSuperior,medidas,cohorte=2017;horizonte=2,EducacionSuperior,8605,8605,0,0,PASS,resultados_control.csv vs seguimiento
ORDER-2017-2,invariantes,cohorte=2017;horizonte=2,Carrera<=Institucion<=EducacionSuperior<=Base,1,1,0,0,PASS,seguimiento
CELL-2017-3-Base,medidas,cohorte=2017;horizonte=3,Base,13882,13882,0,0,PASS,resultados_control.csv vs seguimiento
CELL-2017-3-Carrera,medidas,cohorte=2017;horizonte=3,Carrera,4177,4177,0,0,PASS,resultados_control.csv vs seguimiento
CELL-2017-3-Institucion,medidas,cohorte=2017;horizonte=3,Institucion,5000,5000,0,0,PASS,resultados_control.csv vs seguimiento
CELL-2017-3-EducacionSuperior,medidas,cohorte=2017;horizonte=3,EducacionSuperior,6217,6217,0,0,PASS,resultados_control.csv vs seguimiento
ORDER-2017-3,invariantes,cohorte=2017;horizonte=3,Carrera<=Institucion<=EducacionSuperior<=Base,1,1,0,0,PASS,seguimiento
CELL-2017-4-Base,medidas,cohorte=2017;horizonte=4,Base,13882,13882,0,0,PASS,resultados_control.csv vs seguimiento
CELL-2017-4-Carrera,medidas,cohorte=2017;horizonte=4,Carrera,1765,1765,0,0,PASS,resultados_control.csv vs seguimiento
CELL-2017-4-Institucion,medidas,cohorte=2017;horizonte=4,Institucion,2664,2664,0,0,PASS,resultados_control.csv vs seguimiento
CELL-2017-4-EducacionSuperior,medidas,cohorte=2017;horizonte=4,EducacionSuperior,4082,4082,0,0,PASS,resultados_control.csv vs seguimiento
ORDER-2017-4,invariantes,cohorte=2017;horizonte=4,Carrera<=Institucion<=EducacionSuperior<=Base,1,1,0,0,PASS,seguimiento
CELL-2017-5-Base,medidas,cohorte=2017;horizonte=5,Base,13882,13882,0,0,PASS,resultados_control.csv vs seguimiento
CELL-2017-5-Carrera,medidas,cohorte=2017;horizonte=5,Carrera,827,827,0,0,PASS,resultados_control.csv vs seguimiento
CELL-2017-5-Institucion,medidas,cohorte=2017;horizonte=5,Institucion,1552,1552,0,0,PASS,resultados_control.csv vs seguimiento
CELL-2017-5-EducacionSuperior,medidas,cohorte=2017;horizonte=5,EducacionSuperior,3306,3306,0,0,PASS,resultados_control.csv vs seguimiento
ORDER-2017-5,invariantes,cohorte=2017;horizonte=5,Carrera<=Institucion<=EducacionSuperior<=Base,1,1,0,0,PASS,seguimiento
CELL-2017-6-Base,medidas,cohorte=2017;horizonte=6,Base,13882,13882,0,0,PASS,resultados_control.csv vs seguimiento
CELL-2017-6-Carrera,medidas,cohorte=2017;horizonte=6,Carrera,340,340,0,0,PASS,resultados_control.csv vs seguimiento
CELL-2017-6-Institucion,medidas,cohorte=2017;horizonte=6,Institucion,869,869,0,0,PASS,resultados_control.csv vs seguimiento
CELL-2017-6-EducacionSuperior,medidas,cohorte=2017;horizonte=6,EducacionSuperior,2741,2741,0,0,PASS,resultados_control.csv vs seguimiento
ORDER-2017-6,invariantes,cohorte=2017;horizonte=6,Carrera<=Institucion<=EducacionSuperior<=Base,1,1,0,0,PASS,seguimiento
CELL-2017-7-Base,medidas,cohorte=2017;horizonte=7,Base,13882,13882,0,0,PASS,resultados_control.csv vs seguimiento
CELL-2017-7-Carrera,medidas,cohorte=2017;horizonte=7,Carrera,215,215,0,0,PASS,resultados_control.csv vs seguimiento
CELL-2017-7-Institucion,medidas,cohorte=2017;horizonte=7,Institucion,625,625,0,0,PASS,resultados_control.csv vs seguimiento
CELL-2017-7-EducacionSuperior,medidas,cohorte=2017;horizonte=7,EducacionSuperior,2415,2415,0,0,PASS,resultados_control.csv vs seguimiento
ORDER-2017-7,invariantes,cohorte=2017;horizonte=7,Carrera<=Institucion<=EducacionSuperior<=Base,1,1,0,0,PASS,seguimiento
CELL-2017-8-Base,medidas,cohorte=2017;horizonte=8,Base,13882,13882,0,0,PASS,resultados_control.csv vs seguimiento
CELL-2017-8-Carrera,medidas,cohorte=2017;horizonte=8,Carrera,109,109,0,0,PASS,resultados_control.csv vs seguimiento
CELL-2017-8-Institucion,medidas,cohorte=2017;horizonte=8,Institucion,424,424,0,0,PASS,resultados_control.csv vs seguimiento
CELL-2017-8-EducacionSuperior,medidas,cohorte=2017;horizonte=8,EducacionSuperior,2185,2185,0,0,PASS,resultados_control.csv vs seguimiento
ORDER-2017-8,invariantes,cohorte=2017;horizonte=8,Carrera<=Institucion<=EducacionSuperior<=Base,1,1,0,0,PASS,seguimiento
CELL-2017-9-Base,medidas,cohorte=2017;horizonte=9,Base,13882,13882,0,0,PASS,resultados_control.csv vs seguimiento
CELL-2017-9-Carrera,medidas,cohorte=2017;horizonte=9,Carrera,71,71,0,0,PASS,resultados_control.csv vs seguimiento
CELL-2017-9-Institucion,medidas,cohorte=2017;horizonte=9,Institucion,339,339,0,0,PASS,resultados_control.csv vs seguimiento
CELL-2017-9-EducacionSuperior,medidas,cohorte=2017;horizonte=9,EducacionSuperior,2176,2176,0,0,PASS,resultados_control.csv vs seguimiento
ORDER-2017-9,invariantes,cohorte=2017;horizonte=9,Carrera<=Institucion<=EducacionSuperior<=Base,1,1,0,0,PASS,seguimiento
CELL-2018-1-Base,medidas,cohorte=2018;horizonte=1,Base,17130,17130,0,0,PASS,resultados_control.csv vs seguimiento
CELL-2018-1-Carrera,medidas,cohorte=2018;horizonte=1,Carrera,17130,17130,0,0,PASS,resultados_control.csv vs seguimiento
CELL-2018-1-Institucion,medidas,cohorte=2018;horizonte=1,Institucion,17130,17130,0,0,PASS,resultados_control.csv vs seguimiento
CELL-2018-1-EducacionSuperior,medidas,cohorte=2018;horizonte=1,EducacionSuperior,17130,17130,0,0,PASS,resultados_control.csv vs seguimiento
ORDER-2018-1,invariantes,cohorte=2018;horizonte=1,Carrera<=Institucion<=EducacionSuperior<=Base,1,1,0,0,PASS,seguimiento
CELL-2018-2-Base,medidas,cohorte=2018;horizonte=2,Base,17130,17130,0,0,PASS,resultados_control.csv vs seguimiento
CELL-2018-2-Carrera,medidas,cohorte=2018;horizonte=2,Carrera,10087,10087,0,0,PASS,resultados_control.csv vs seguimiento
CELL-2018-2-Institucion,medidas,cohorte=2018;horizonte=2,Institucion,10328,10328,0,0,PASS,resultados_control.csv vs seguimiento
CELL-2018-2-EducacionSuperior,medidas,cohorte=2018;horizonte=2,EducacionSuperior,11041,11041,0,0,PASS,resultados_control.csv vs seguimiento
ORDER-2018-2,invariantes,cohorte=2018;horizonte=2,Carrera<=Institucion<=EducacionSuperior<=Base,1,1,0,0,PASS,seguimiento
CELL-2018-3-Base,medidas,cohorte=2018;horizonte=3,Base,17130,17130,0,0,PASS,resultados_control.csv vs seguimiento
CELL-2018-3-Carrera,medidas,cohorte=2018;horizonte=3,Carrera,5901,5901,0,0,PASS,resultados_control.csv vs seguimiento
CELL-2018-3-Institucion,medidas,cohorte=2018;horizonte=3,Institucion,6597,6597,0,0,PASS,resultados_control.csv vs seguimiento
CELL-2018-3-EducacionSuperior,medidas,cohorte=2018;horizonte=3,EducacionSuperior,7863,7863,0,0,PASS,resultados_control.csv vs seguimiento
ORDER-2018-3,invariantes,cohorte=2018;horizonte=3,Carrera<=Institucion<=EducacionSuperior<=Base,1,1,0,0,PASS,seguimiento
CELL-2018-4-Base,medidas,cohorte=2018;horizonte=4,Base,17130,17130,0,0,PASS,resultados_control.csv vs seguimiento
CELL-2018-4-Carrera,medidas,cohorte=2018;horizonte=4,Carrera,2568,2568,0,0,PASS,resultados_control.csv vs seguimiento
CELL-2018-4-Institucion,medidas,cohorte=2018;horizonte=4,Institucion,3617,3617,0,0,PASS,resultados_control.csv vs seguimiento
CELL-2018-4-EducacionSuperior,medidas,cohorte=2018;horizonte=4,EducacionSuperior,5556,5556,0,0,PASS,resultados_control.csv vs seguimiento
ORDER-2018-4,invariantes,cohorte=2018;horizonte=4,Carrera<=Institucion<=EducacionSuperior<=Base,1,1,0,0,PASS,seguimiento
CELL-2018-5-Base,medidas,cohorte=2018;horizonte=5,Base,17130,17130,0,0,PASS,resultados_control.csv vs seguimiento
CELL-2018-5-Carrera,medidas,cohorte=2018;horizonte=5,Carrera,1069,1069,0,0,PASS,resultados_control.csv vs seguimiento
CELL-2018-5-Institucion,medidas,cohorte=2018;horizonte=5,Institucion,1925,1925,0,0,PASS,resultados_control.csv vs seguimiento
CELL-2018-5-EducacionSuperior,medidas,cohorte=2018;horizonte=5,EducacionSuperior,4054,4054,0,0,PASS,resultados_control.csv vs seguimiento
ORDER-2018-5,invariantes,cohorte=2018;horizonte=5,Carrera<=Institucion<=EducacionSuperior<=Base,1,1,0,0,PASS,seguimiento
CELL-2018-6-Base,medidas,cohorte=2018;horizonte=6,Base,17130,17130,0,0,PASS,resultados_control.csv vs seguimiento
CELL-2018-6-Carrera,medidas,cohorte=2018;horizonte=6,Carrera,478,478,0,0,PASS,resultados_control.csv vs seguimiento
CELL-2018-6-Institucion,medidas,cohorte=2018;horizonte=6,Institucion,1138,1138,0,0,PASS,resultados_control.csv vs seguimiento
CELL-2018-6-EducacionSuperior,medidas,cohorte=2018;horizonte=6,EducacionSuperior,3275,3275,0,0,PASS,resultados_control.csv vs seguimiento
ORDER-2018-6,invariantes,cohorte=2018;horizonte=6,Carrera<=Institucion<=EducacionSuperior<=Base,1,1,0,0,PASS,seguimiento
CELL-2018-7-Base,medidas,cohorte=2018;horizonte=7,Base,17130,17130,0,0,PASS,resultados_control.csv vs seguimiento
CELL-2018-7-Carrera,medidas,cohorte=2018;horizonte=7,Carrera,213,213,0,0,PASS,resultados_control.csv vs seguimiento
CELL-2018-7-Institucion,medidas,cohorte=2018;horizonte=7,Institucion,711,711,0,0,PASS,resultados_control.csv vs seguimiento
CELL-2018-7-EducacionSuperior,medidas,cohorte=2018;horizonte=7,EducacionSuperior,2867,2867,0,0,PASS,resultados_control.csv vs seguimiento
ORDER-2018-7,invariantes,cohorte=2018;horizonte=7,Carrera<=Institucion<=EducacionSuperior<=Base,1,1,0,0,PASS,seguimiento
CELL-2018-8-Base,medidas,cohorte=2018;horizonte=8,Base,17130,17130,0,0,PASS,resultados_control.csv vs seguimiento
CELL-2018-8-Carrera,medidas,cohorte=2018;horizonte=8,Carrera,150,150,0,0,PASS,resultados_control.csv vs seguimiento
CELL-2018-8-Institucion,medidas,cohorte=2018;horizonte=8,Institucion,594,594,0,0,PASS,resultados_control.csv vs seguimiento
CELL-2018-8-EducacionSuperior,medidas,cohorte=2018;horizonte=8,EducacionSuperior,2828,2828,0,0,PASS,resultados_control.csv vs seguimiento
ORDER-2018-8,invariantes,cohorte=2018;horizonte=8,Carrera<=Institucion<=EducacionSuperior<=Base,1,1,0,0,PASS,seguimiento
CELL-2019-1-Base,medidas,cohorte=2019;horizonte=1,Base,17822,17822,0,0,PASS,resultados_control.csv vs seguimiento
CELL-2019-1-Carrera,medidas,cohorte=2019;horizonte=1,Carrera,17822,17822,0,0,PASS,resultados_control.csv vs seguimiento
CELL-2019-1-Institucion,medidas,cohorte=2019;horizonte=1,Institucion,17822,17822,0,0,PASS,resultados_control.csv vs seguimiento
CELL-2019-1-EducacionSuperior,medidas,cohorte=2019;horizonte=1,EducacionSuperior,17822,17822,0,0,PASS,resultados_control.csv vs seguimiento
ORDER-2019-1,invariantes,cohorte=2019;horizonte=1,Carrera<=Institucion<=EducacionSuperior<=Base,1,1,0,0,PASS,seguimiento
CELL-2019-2-Base,medidas,cohorte=2019;horizonte=2,Base,17822,17822,0,0,PASS,resultados_control.csv vs seguimiento
CELL-2019-2-Carrera,medidas,cohorte=2019;horizonte=2,Carrera,10419,10419,0,0,PASS,resultados_control.csv vs seguimiento
CELL-2019-2-Institucion,medidas,cohorte=2019;horizonte=2,Institucion,10661,10661,0,0,PASS,resultados_control.csv vs seguimiento
CELL-2019-2-EducacionSuperior,medidas,cohorte=2019;horizonte=2,EducacionSuperior,11365,11365,0,0,PASS,resultados_control.csv vs seguimiento
ORDER-2019-2,invariantes,cohorte=2019;horizonte=2,Carrera<=Institucion<=EducacionSuperior<=Base,1,1,0,0,PASS,seguimiento
CELL-2019-3-Base,medidas,cohorte=2019;horizonte=3,Base,17822,17822,0,0,PASS,resultados_control.csv vs seguimiento
CELL-2019-3-Carrera,medidas,cohorte=2019;horizonte=3,Carrera,6830,6830,0,0,PASS,resultados_control.csv vs seguimiento
CELL-2019-3-Institucion,medidas,cohorte=2019;horizonte=3,Institucion,7619,7619,0,0,PASS,resultados_control.csv vs seguimiento
CELL-2019-3-EducacionSuperior,medidas,cohorte=2019;horizonte=3,EducacionSuperior,9015,9015,0,0,PASS,resultados_control.csv vs seguimiento
ORDER-2019-3,invariantes,cohorte=2019;horizonte=3,Carrera<=Institucion<=EducacionSuperior<=Base,1,1,0,0,PASS,seguimiento
CELL-2019-4-Base,medidas,cohorte=2019;horizonte=4,Base,17822,17822,0,0,PASS,resultados_control.csv vs seguimiento
CELL-2019-4-Carrera,medidas,cohorte=2019;horizonte=4,Carrera,2805,2805,0,0,PASS,resultados_control.csv vs seguimiento
CELL-2019-4-Institucion,medidas,cohorte=2019;horizonte=4,Institucion,3920,3920,0,0,PASS,resultados_control.csv vs seguimiento
CELL-2019-4-EducacionSuperior,medidas,cohorte=2019;horizonte=4,EducacionSuperior,5854,5854,0,0,PASS,resultados_control.csv vs seguimiento
ORDER-2019-4,invariantes,cohorte=2019;horizonte=4,Carrera<=Institucion<=EducacionSuperior<=Base,1,1,0,0,PASS,seguimiento
CELL-2019-5-Base,medidas,cohorte=2019;horizonte=5,Base,17822,17822,0,0,PASS,resultados_control.csv vs seguimiento
CELL-2019-5-Carrera,medidas,cohorte=2019;horizonte=5,Carrera,1382,1382,0,0,PASS,resultados_control.csv vs seguimiento
CELL-2019-5-Institucion,medidas,cohorte=2019;horizonte=5,Institucion,2369,2369,0,0,PASS,resultados_control.csv vs seguimiento
CELL-2019-5-EducacionSuperior,medidas,cohorte=2019;horizonte=5,EducacionSuperior,4488,4488,0,0,PASS,resultados_control.csv vs seguimiento
ORDER-2019-5,invariantes,cohorte=2019;horizonte=5,Carrera<=Institucion<=EducacionSuperior<=Base,1,1,0,0,PASS,seguimiento
CELL-2019-6-Base,medidas,cohorte=2019;horizonte=6,Base,17822,17822,0,0,PASS,resultados_control.csv vs seguimiento
CELL-2019-6-Carrera,medidas,cohorte=2019;horizonte=6,Carrera,413,413,0,0,PASS,resultados_control.csv vs seguimiento
CELL-2019-6-Institucion,medidas,cohorte=2019;horizonte=6,Institucion,1145,1145,0,0,PASS,resultados_control.csv vs seguimiento
CELL-2019-6-EducacionSuperior,medidas,cohorte=2019;horizonte=6,EducacionSuperior,3392,3392,0,0,PASS,resultados_control.csv vs seguimiento
ORDER-2019-6,invariantes,cohorte=2019;horizonte=6,Carrera<=Institucion<=EducacionSuperior<=Base,1,1,0,0,PASS,seguimiento
CELL-2019-7-Base,medidas,cohorte=2019;horizonte=7,Base,17822,17822,0,0,PASS,resultados_control.csv vs seguimiento
CELL-2019-7-Carrera,medidas,cohorte=2019;horizonte=7,Carrera,228,228,0,0,PASS,resultados_control.csv vs seguimiento
CELL-2019-7-Institucion,medidas,cohorte=2019;horizonte=7,Institucion,822,822,0,0,PASS,resultados_control.csv vs seguimiento
CELL-2019-7-EducacionSuperior,medidas,cohorte=2019;horizonte=7,EducacionSuperior,3204,3204,0,0,PASS,resultados_control.csv vs seguimiento
ORDER-2019-7,invariantes,cohorte=2019;horizonte=7,Carrera<=Institucion<=EducacionSuperior<=Base,1,1,0,0,PASS,seguimiento
CELL-2020-1-Base,medidas,cohorte=2020;horizonte=1,Base,16467,16467,0,0,PASS,resultados_control.csv vs seguimiento
CELL-2020-1-Carrera,medidas,cohorte=2020;horizonte=1,Carrera,16467,16467,0,0,PASS,resultados_control.csv vs seguimiento
CELL-2020-1-Institucion,medidas,cohorte=2020;horizonte=1,Institucion,16467,16467,0,0,PASS,resultados_control.csv vs seguimiento
CELL-2020-1-EducacionSuperior,medidas,cohorte=2020;horizonte=1,EducacionSuperior,16467,16467,0,0,PASS,resultados_control.csv vs seguimiento
ORDER-2020-1,invariantes,cohorte=2020;horizonte=1,Carrera<=Institucion<=EducacionSuperior<=Base,1,1,0,0,PASS,seguimiento
CELL-2020-2-Base,medidas,cohorte=2020;horizonte=2,Base,16467,16467,0,0,PASS,resultados_control.csv vs seguimiento
CELL-2020-2-Carrera,medidas,cohorte=2020;horizonte=2,Carrera,10794,10794,0,0,PASS,resultados_control.csv vs seguimiento
CELL-2020-2-Institucion,medidas,cohorte=2020;horizonte=2,Institucion,11038,11038,0,0,PASS,resultados_control.csv vs seguimiento
CELL-2020-2-EducacionSuperior,medidas,cohorte=2020;horizonte=2,EducacionSuperior,11811,11811,0,0,PASS,resultados_control.csv vs seguimiento
ORDER-2020-2,invariantes,cohorte=2020;horizonte=2,Carrera<=Institucion<=EducacionSuperior<=Base,1,1,0,0,PASS,seguimiento
CELL-2020-3-Base,medidas,cohorte=2020;horizonte=3,Base,16467,16467,0,0,PASS,resultados_control.csv vs seguimiento
CELL-2020-3-Carrera,medidas,cohorte=2020;horizonte=3,Carrera,6499,6499,0,0,PASS,resultados_control.csv vs seguimiento
CELL-2020-3-Institucion,medidas,cohorte=2020;horizonte=3,Institucion,7174,7174,0,0,PASS,resultados_control.csv vs seguimiento
CELL-2020-3-EducacionSuperior,medidas,cohorte=2020;horizonte=3,EducacionSuperior,8456,8456,0,0,PASS,resultados_control.csv vs seguimiento
ORDER-2020-3,invariantes,cohorte=2020;horizonte=3,Carrera<=Institucion<=EducacionSuperior<=Base,1,1,0,0,PASS,seguimiento
CELL-2020-4-Base,medidas,cohorte=2020;horizonte=4,Base,16467,16467,0,0,PASS,resultados_control.csv vs seguimiento
CELL-2020-4-Carrera,medidas,cohorte=2020;horizonte=4,Carrera,3266,3266,0,0,PASS,resultados_control.csv vs seguimiento
CELL-2020-4-Institucion,medidas,cohorte=2020;horizonte=4,Institucion,4232,4232,0,0,PASS,resultados_control.csv vs seguimiento
CELL-2020-4-EducacionSuperior,medidas,cohorte=2020;horizonte=4,EducacionSuperior,5927,5927,0,0,PASS,resultados_control.csv vs seguimiento
ORDER-2020-4,invariantes,cohorte=2020;horizonte=4,Carrera<=Institucion<=EducacionSuperior<=Base,1,1,0,0,PASS,seguimiento
CELL-2020-5-Base,medidas,cohorte=2020;horizonte=5,Base,16467,16467,0,0,PASS,resultados_control.csv vs seguimiento
CELL-2020-5-Carrera,medidas,cohorte=2020;horizonte=5,Carrera,1399,1399,0,0,PASS,resultados_control.csv vs seguimiento
CELL-2020-5-Institucion,medidas,cohorte=2020;horizonte=5,Institucion,2378,2378,0,0,PASS,resultados_control.csv vs seguimiento
CELL-2020-5-EducacionSuperior,medidas,cohorte=2020;horizonte=5,EducacionSuperior,4426,4426,0,0,PASS,resultados_control.csv vs seguimiento
ORDER-2020-5,invariantes,cohorte=2020;horizonte=5,Carrera<=Institucion<=EducacionSuperior<=Base,1,1,0,0,PASS,seguimiento
CELL-2020-6-Base,medidas,cohorte=2020;horizonte=6,Base,16467,16467,0,0,PASS,resultados_control.csv vs seguimiento
CELL-2020-6-Carrera,medidas,cohorte=2020;horizonte=6,Carrera,485,485,0,0,PASS,resultados_control.csv vs seguimiento
CELL-2020-6-Institucion,medidas,cohorte=2020;horizonte=6,Institucion,1207,1207,0,0,PASS,resultados_control.csv vs seguimiento
CELL-2020-6-EducacionSuperior,medidas,cohorte=2020;horizonte=6,EducacionSuperior,3500,3500,0,0,PASS,resultados_control.csv vs seguimiento
ORDER-2020-6,invariantes,cohorte=2020;horizonte=6,Carrera<=Institucion<=EducacionSuperior<=Base,1,1,0,0,PASS,seguimiento
CELL-2021-1-Base,medidas,cohorte=2021;horizonte=1,Base,24932,24932,0,0,PASS,resultados_control.csv vs seguimiento
CELL-2021-1-Carrera,medidas,cohorte=2021;horizonte=1,Carrera,24932,24932,0,0,PASS,resultados_control.csv vs seguimiento
CELL-2021-1-Institucion,medidas,cohorte=2021;horizonte=1,Institucion,24932,24932,0,0,PASS,resultados_control.csv vs seguimiento
CELL-2021-1-EducacionSuperior,medidas,cohorte=2021;horizonte=1,EducacionSuperior,24932,24932,0,0,PASS,resultados_control.csv vs seguimiento
ORDER-2021-1,invariantes,cohorte=2021;horizonte=1,Carrera<=Institucion<=EducacionSuperior<=Base,1,1,0,0,PASS,seguimiento
CELL-2021-2-Base,medidas,cohorte=2021;horizonte=2,Base,24932,24932,0,0,PASS,resultados_control.csv vs seguimiento
CELL-2021-2-Carrera,medidas,cohorte=2021;horizonte=2,Carrera,16097,16097,0,0,PASS,resultados_control.csv vs seguimiento
CELL-2021-2-Institucion,medidas,cohorte=2021;horizonte=2,Institucion,16452,16452,0,0,PASS,resultados_control.csv vs seguimiento
CELL-2021-2-EducacionSuperior,medidas,cohorte=2021;horizonte=2,EducacionSuperior,17394,17394,0,0,PASS,resultados_control.csv vs seguimiento
ORDER-2021-2,invariantes,cohorte=2021;horizonte=2,Carrera<=Institucion<=EducacionSuperior<=Base,1,1,0,0,PASS,seguimiento
CELL-2021-3-Base,medidas,cohorte=2021;horizonte=3,Base,24932,24932,0,0,PASS,resultados_control.csv vs seguimiento
CELL-2021-3-Carrera,medidas,cohorte=2021;horizonte=3,Carrera,11656,11656,0,0,PASS,resultados_control.csv vs seguimiento
CELL-2021-3-Institucion,medidas,cohorte=2021;horizonte=3,Institucion,12415,12415,0,0,PASS,resultados_control.csv vs seguimiento
CELL-2021-3-EducacionSuperior,medidas,cohorte=2021;horizonte=3,EducacionSuperior,14025,14025,0,0,PASS,resultados_control.csv vs seguimiento
ORDER-2021-3,invariantes,cohorte=2021;horizonte=3,Carrera<=Institucion<=EducacionSuperior<=Base,1,1,0,0,PASS,seguimiento
CELL-2021-4-Base,medidas,cohorte=2021;horizonte=4,Base,24932,24932,0,0,PASS,resultados_control.csv vs seguimiento
CELL-2021-4-Carrera,medidas,cohorte=2021;horizonte=4,Carrera,4320,4320,0,0,PASS,resultados_control.csv vs seguimiento
CELL-2021-4-Institucion,medidas,cohorte=2021;horizonte=4,Institucion,5596,5596,0,0,PASS,resultados_control.csv vs seguimiento
CELL-2021-4-EducacionSuperior,medidas,cohorte=2021;horizonte=4,EducacionSuperior,8016,8016,0,0,PASS,resultados_control.csv vs seguimiento
ORDER-2021-4,invariantes,cohorte=2021;horizonte=4,Carrera<=Institucion<=EducacionSuperior<=Base,1,1,0,0,PASS,seguimiento
CELL-2021-5-Base,medidas,cohorte=2021;horizonte=5,Base,24932,24932,0,0,PASS,resultados_control.csv vs seguimiento
CELL-2021-5-Carrera,medidas,cohorte=2021;horizonte=5,Carrera,1958,1958,0,0,PASS,resultados_control.csv vs seguimiento
CELL-2021-5-Institucion,medidas,cohorte=2021;horizonte=5,Institucion,3355,3355,0,0,PASS,resultados_control.csv vs seguimiento
CELL-2021-5-EducacionSuperior,medidas,cohorte=2021;horizonte=5,EducacionSuperior,6392,6392,0,0,PASS,resultados_control.csv vs seguimiento
ORDER-2021-5,invariantes,cohorte=2021;horizonte=5,Carrera<=Institucion<=EducacionSuperior<=Base,1,1,0,0,PASS,seguimiento
CELL-2022-1-Base,medidas,cohorte=2022;horizonte=1,Base,32143,32143,0,0,PASS,resultados_control.csv vs seguimiento
CELL-2022-1-Carrera,medidas,cohorte=2022;horizonte=1,Carrera,32143,32143,0,0,PASS,resultados_control.csv vs seguimiento
CELL-2022-1-Institucion,medidas,cohorte=2022;horizonte=1,Institucion,32143,32143,0,0,PASS,resultados_control.csv vs seguimiento
CELL-2022-1-EducacionSuperior,medidas,cohorte=2022;horizonte=1,EducacionSuperior,32143,32143,0,0,PASS,resultados_control.csv vs seguimiento
ORDER-2022-1,invariantes,cohorte=2022;horizonte=1,Carrera<=Institucion<=EducacionSuperior<=Base,1,1,0,0,PASS,seguimiento
CELL-2022-2-Base,medidas,cohorte=2022;horizonte=2,Base,32143,32143,0,0,PASS,resultados_control.csv vs seguimiento
CELL-2022-2-Carrera,medidas,cohorte=2022;horizonte=2,Carrera,20142,20142,0,0,PASS,resultados_control.csv vs seguimiento
CELL-2022-2-Institucion,medidas,cohorte=2022;horizonte=2,Institucion,20555,20555,0,0,PASS,resultados_control.csv vs seguimiento
CELL-2022-2-EducacionSuperior,medidas,cohorte=2022;horizonte=2,EducacionSuperior,22103,22103,0,0,PASS,resultados_control.csv vs seguimiento
ORDER-2022-2,invariantes,cohorte=2022;horizonte=2,Carrera<=Institucion<=EducacionSuperior<=Base,1,1,0,0,PASS,seguimiento
CELL-2022-3-Base,medidas,cohorte=2022;horizonte=3,Base,32143,32143,0,0,PASS,resultados_control.csv vs seguimiento
CELL-2022-3-Carrera,medidas,cohorte=2022;horizonte=3,Carrera,11806,11806,0,0,PASS,resultados_control.csv vs seguimiento
CELL-2022-3-Institucion,medidas,cohorte=2022;horizonte=3,Institucion,12893,12893,0,0,PASS,resultados_control.csv vs seguimiento
CELL-2022-3-EducacionSuperior,medidas,cohorte=2022;horizonte=3,EducacionSuperior,15590,15590,0,0,PASS,resultados_control.csv vs seguimiento
ORDER-2022-3,invariantes,cohorte=2022;horizonte=3,Carrera<=Institucion<=EducacionSuperior<=Base,1,1,0,0,PASS,seguimiento
CELL-2022-4-Base,medidas,cohorte=2022;horizonte=4,Base,32143,32143,0,0,PASS,resultados_control.csv vs seguimiento
CELL-2022-4-Carrera,medidas,cohorte=2022;horizonte=4,Carrera,5713,5713,0,0,PASS,resultados_control.csv vs seguimiento
CELL-2022-4-Institucion,medidas,cohorte=2022;horizonte=4,Institucion,7201,7201,0,0,PASS,resultados_control.csv vs seguimiento
CELL-2022-4-EducacionSuperior,medidas,cohorte=2022;horizonte=4,EducacionSuperior,11007,11007,0,0,PASS,resultados_control.csv vs seguimiento
ORDER-2022-4,invariantes,cohorte=2022;horizonte=4,Carrera<=Institucion<=EducacionSuperior<=Base,1,1,0,0,PASS,seguimiento
CELL-2023-1-Base,medidas,cohorte=2023;horizonte=1,Base,39218,39218,0,0,PASS,resultados_control.csv vs seguimiento
CELL-2023-1-Carrera,medidas,cohorte=2023;horizonte=1,Carrera,39218,39218,0,0,PASS,resultados_control.csv vs seguimiento
CELL-2023-1-Institucion,medidas,cohorte=2023;horizonte=1,Institucion,39218,39218,0,0,PASS,resultados_control.csv vs seguimiento
CELL-2023-1-EducacionSuperior,medidas,cohorte=2023;horizonte=1,EducacionSuperior,39218,39218,0,0,PASS,resultados_control.csv vs seguimiento
ORDER-2023-1,invariantes,cohorte=2023;horizonte=1,Carrera<=Institucion<=EducacionSuperior<=Base,1,1,0,0,PASS,seguimiento
CELL-2023-2-Base,medidas,cohorte=2023;horizonte=2,Base,39218,39218,0,0,PASS,resultados_control.csv vs seguimiento
CELL-2023-2-Carrera,medidas,cohorte=2023;horizonte=2,Carrera,24297,24297,0,0,PASS,resultados_control.csv vs seguimiento
CELL-2023-2-Institucion,medidas,cohorte=2023;horizonte=2,Institucion,25113,25113,0,0,PASS,resultados_control.csv vs seguimiento
CELL-2023-2-EducacionSuperior,medidas,cohorte=2023;horizonte=2,EducacionSuperior,27139,27139,0,0,PASS,resultados_control.csv vs seguimiento
ORDER-2023-2,invariantes,cohorte=2023;horizonte=2,Carrera<=Institucion<=EducacionSuperior<=Base,1,1,0,0,PASS,seguimiento
CELL-2023-3-Base,medidas,cohorte=2023;horizonte=3,Base,39218,39218,0,0,PASS,resultados_control.csv vs seguimiento
CELL-2023-3-Carrera,medidas,cohorte=2023;horizonte=3,Carrera,15032,15032,0,0,PASS,resultados_control.csv vs seguimiento
CELL-2023-3-Institucion,medidas,cohorte=2023;horizonte=3,Institucion,16398,16398,0,0,PASS,resultados_control.csv vs seguimiento
CELL-2023-3-EducacionSuperior,medidas,cohorte=2023;horizonte=3,EducacionSuperior,19836,19836,0,0,PASS,resultados_control.csv vs seguimiento
ORDER-2023-3,invariantes,cohorte=2023;horizonte=3,Carrera<=Institucion<=EducacionSuperior<=Base,1,1,0,0,PASS,seguimiento
CELL-2024-1-Base,medidas,cohorte=2024;horizonte=1,Base,41056,41056,0,0,PASS,resultados_control.csv vs seguimiento
CELL-2024-1-Carrera,medidas,cohorte=2024;horizonte=1,Carrera,41056,41056,0,0,PASS,resultados_control.csv vs seguimiento
CELL-2024-1-Institucion,medidas,cohorte=2024;horizonte=1,Institucion,41056,41056,0,0,PASS,resultados_control.csv vs seguimiento
CELL-2024-1-EducacionSuperior,medidas,cohorte=2024;horizonte=1,EducacionSuperior,41056,41056,0,0,PASS,resultados_control.csv vs seguimiento
ORDER-2024-1,invariantes,cohorte=2024;horizonte=1,Carrera<=Institucion<=EducacionSuperior<=Base,1,1,0,0,PASS,seguimiento
CELL-2024-2-Base,medidas,cohorte=2024;horizonte=2,Base,41056,41056,0,0,PASS,resultados_control.csv vs seguimiento
CELL-2024-2-Carrera,medidas,cohorte=2024;horizonte=2,Carrera,26470,26470,0,0,PASS,resultados_control.csv vs seguimiento
CELL-2024-2-Institucion,medidas,cohorte=2024;horizonte=2,Institucion,27111,27111,0,0,PASS,resultados_control.csv vs seguimiento
CELL-2024-2-EducacionSuperior,medidas,cohorte=2024;horizonte=2,EducacionSuperior,29383,29383,0,0,PASS,resultados_control.csv vs seguimiento
ORDER-2024-2,invariantes,cohorte=2024;horizonte=2,Carrera<=Institucion<=EducacionSuperior<=Base,1,1,0,0,PASS,seguimiento
CELL-2025-1-Base,medidas,cohorte=2025;horizonte=1,Base,50233,50233,0,0,PASS,resultados_control.csv vs seguimiento
CELL-2025-1-Carrera,medidas,cohorte=2025;horizonte=1,Carrera,50233,50233,0,0,PASS,resultados_control.csv vs seguimiento
CELL-2025-1-Institucion,medidas,cohorte=2025;horizonte=1,Institucion,50233,50233,0,0,PASS,resultados_control.csv vs seguimiento
CELL-2025-1-EducacionSuperior,medidas,cohorte=2025;horizonte=1,EducacionSuperior,50233,50233,0,0,PASS,resultados_control.csv vs seguimiento
ORDER-2025-1,invariantes,cohorte=2025;horizonte=1,Carrera<=Institucion<=EducacionSuperior<=Base,1,1,0,0,PASS,seguimiento
DIM-TipoInstitucion-2011-1-Base,dimensiones,dimension=TipoInstitucion;cohorte=2011;horizonte=1,Base,3641,3641,0,0,PASS,seguimiento JOIN programas
DIM-TipoInstitucion-2011-1-Carrera,dimensiones,dimension=TipoInstitucion;cohorte=2011;horizonte=1,Carrera,3641,3641,0,0,PASS,seguimiento JOIN programas
DIM-TipoInstitucion-2011-1-Institucion,dimensiones,dimension=TipoInstitucion;cohorte=2011;horizonte=1,Institucion,3641,3641,0,0,PASS,seguimiento JOIN programas
DIM-TipoInstitucion-2011-1-EducacionSuperior,dimensiones,dimension=TipoInstitucion;cohorte=2011;horizonte=1,EducacionSuperior,3641,3641,0,0,PASS,seguimiento JOIN programas
DIM-TipoInstitucion-2011-2-Base,dimensiones,dimension=TipoInstitucion;cohorte=2011;horizonte=2,Base,3641,3641,0,0,PASS,seguimiento JOIN programas
DIM-TipoInstitucion-2011-2-Carrera,dimensiones,dimension=TipoInstitucion;cohorte=2011;horizonte=2,Carrera,2162,2162,0,0,PASS,seguimiento JOIN programas
DIM-TipoInstitucion-2011-2-Institucion,dimensiones,dimension=TipoInstitucion;cohorte=2011;horizonte=2,Institucion,2248,2248,0,0,PASS,seguimiento JOIN programas
DIM-TipoInstitucion-2011-2-EducacionSuperior,dimensiones,dimension=TipoInstitucion;cohorte=2011;horizonte=2,EducacionSuperior,2446,2446,0,0,PASS,seguimiento JOIN programas
DIM-TipoInstitucion-2011-3-Base,dimensiones,dimension=TipoInstitucion;cohorte=2011;horizonte=3,Base,3641,3641,0,0,PASS,seguimiento JOIN programas
DIM-TipoInstitucion-2011-3-Carrera,dimensiones,dimension=TipoInstitucion;cohorte=2011;horizonte=3,Carrera,1395,1395,0,0,PASS,seguimiento JOIN programas
DIM-TipoInstitucion-2011-3-Institucion,dimensiones,dimension=TipoInstitucion;cohorte=2011;horizonte=3,Institucion,1770,1770,0,0,PASS,seguimiento JOIN programas
DIM-TipoInstitucion-2011-3-EducacionSuperior,dimensiones,dimension=TipoInstitucion;cohorte=2011;horizonte=3,EducacionSuperior,2159,2159,0,0,PASS,seguimiento JOIN programas
DIM-TipoInstitucion-2011-4-Base,dimensiones,dimension=TipoInstitucion;cohorte=2011;horizonte=4,Base,3641,3641,0,0,PASS,seguimiento JOIN programas
DIM-TipoInstitucion-2011-4-Carrera,dimensiones,dimension=TipoInstitucion;cohorte=2011;horizonte=4,Carrera,486,486,0,0,PASS,seguimiento JOIN programas
DIM-TipoInstitucion-2011-4-Institucion,dimensiones,dimension=TipoInstitucion;cohorte=2011;horizonte=4,Institucion,803,803,0,0,PASS,seguimiento JOIN programas
DIM-TipoInstitucion-2011-4-EducacionSuperior,dimensiones,dimension=TipoInstitucion;cohorte=2011;horizonte=4,EducacionSuperior,1367,1367,0,0,PASS,seguimiento JOIN programas
DIM-TipoInstitucion-2011-5-Base,dimensiones,dimension=TipoInstitucion;cohorte=2011;horizonte=5,Base,3641,3641,0,0,PASS,seguimiento JOIN programas
DIM-TipoInstitucion-2011-5-Carrera,dimensiones,dimension=TipoInstitucion;cohorte=2011;horizonte=5,Carrera,198,198,0,0,PASS,seguimiento JOIN programas
DIM-TipoInstitucion-2011-5-Institucion,dimensiones,dimension=TipoInstitucion;cohorte=2011;horizonte=5,Institucion,380,380,0,0,PASS,seguimiento JOIN programas
DIM-TipoInstitucion-2011-5-EducacionSuperior,dimensiones,dimension=TipoInstitucion;cohorte=2011;horizonte=5,EducacionSuperior,978,978,0,0,PASS,seguimiento JOIN programas
DIM-TipoInstitucion-2011-6-Base,dimensiones,dimension=TipoInstitucion;cohorte=2011;horizonte=6,Base,3641,3641,0,0,PASS,seguimiento JOIN programas
DIM-TipoInstitucion-2011-6-Carrera,dimensiones,dimension=TipoInstitucion;cohorte=2011;horizonte=6,Carrera,87,87,0,0,PASS,seguimiento JOIN programas
DIM-TipoInstitucion-2011-6-Institucion,dimensiones,dimension=TipoInstitucion;cohorte=2011;horizonte=6,Institucion,211,211,0,0,PASS,seguimiento JOIN programas
DIM-TipoInstitucion-2011-6-EducacionSuperior,dimensiones,dimension=TipoInstitucion;cohorte=2011;horizonte=6,EducacionSuperior,805,805,0,0,PASS,seguimiento JOIN programas
DIM-TipoInstitucion-2011-7-Base,dimensiones,dimension=TipoInstitucion;cohorte=2011;horizonte=7,Base,3641,3641,0,0,PASS,seguimiento JOIN programas
DIM-TipoInstitucion-2011-7-Carrera,dimensiones,dimension=TipoInstitucion;cohorte=2011;horizonte=7,Carrera,43,43,0,0,PASS,seguimiento JOIN programas
DIM-TipoInstitucion-2011-7-Institucion,dimensiones,dimension=TipoInstitucion;cohorte=2011;horizonte=7,Institucion,135,135,0,0,PASS,seguimiento JOIN programas
DIM-TipoInstitucion-2011-7-EducacionSuperior,dimensiones,dimension=TipoInstitucion;cohorte=2011;horizonte=7,EducacionSuperior,653,653,0,0,PASS,seguimiento JOIN programas
DIM-TipoInstitucion-2011-8-Base,dimensiones,dimension=TipoInstitucion;cohorte=2011;horizonte=8,Base,3641,3641,0,0,PASS,seguimiento JOIN programas
DIM-TipoInstitucion-2011-8-Carrera,dimensiones,dimension=TipoInstitucion;cohorte=2011;horizonte=8,Carrera,25,25,0,0,PASS,seguimiento JOIN programas
DIM-TipoInstitucion-2011-8-Institucion,dimensiones,dimension=TipoInstitucion;cohorte=2011;horizonte=8,Institucion,80,80,0,0,PASS,seguimiento JOIN programas
DIM-TipoInstitucion-2011-8-EducacionSuperior,dimensiones,dimension=TipoInstitucion;cohorte=2011;horizonte=8,EducacionSuperior,525,525,0,0,PASS,seguimiento JOIN programas
DIM-TipoInstitucion-2011-9-Base,dimensiones,dimension=TipoInstitucion;cohorte=2011;horizonte=9,Base,3641,3641,0,0,PASS,seguimiento JOIN programas
DIM-TipoInstitucion-2011-9-Carrera,dimensiones,dimension=TipoInstitucion;cohorte=2011;horizonte=9,Carrera,17,17,0,0,PASS,seguimiento JOIN programas
DIM-TipoInstitucion-2011-9-Institucion,dimensiones,dimension=TipoInstitucion;cohorte=2011;horizonte=9,Institucion,54,54,0,0,PASS,seguimiento JOIN programas
DIM-TipoInstitucion-2011-9-EducacionSuperior,dimensiones,dimension=TipoInstitucion;cohorte=2011;horizonte=9,EducacionSuperior,472,472,0,0,PASS,seguimiento JOIN programas
DIM-TipoInstitucion-2011-10-Base,dimensiones,dimension=TipoInstitucion;cohorte=2011;horizonte=10,Base,3641,3641,0,0,PASS,seguimiento JOIN programas
DIM-TipoInstitucion-2011-10-Carrera,dimensiones,dimension=TipoInstitucion;cohorte=2011;horizonte=10,Carrera,12,12,0,0,PASS,seguimiento JOIN programas
DIM-TipoInstitucion-2011-10-Institucion,dimensiones,dimension=TipoInstitucion;cohorte=2011;horizonte=10,Institucion,49,49,0,0,PASS,seguimiento JOIN programas
DIM-TipoInstitucion-2011-10-EducacionSuperior,dimensiones,dimension=TipoInstitucion;cohorte=2011;horizonte=10,EducacionSuperior,413,413,0,0,PASS,seguimiento JOIN programas
DIM-TipoInstitucion-2011-11-Base,dimensiones,dimension=TipoInstitucion;cohorte=2011;horizonte=11,Base,3641,3641,0,0,PASS,seguimiento JOIN programas
DIM-TipoInstitucion-2011-11-Carrera,dimensiones,dimension=TipoInstitucion;cohorte=2011;horizonte=11,Carrera,7,7,0,0,PASS,seguimiento JOIN programas
DIM-TipoInstitucion-2011-11-Institucion,dimensiones,dimension=TipoInstitucion;cohorte=2011;horizonte=11,Institucion,38,38,0,0,PASS,seguimiento JOIN programas
DIM-TipoInstitucion-2011-11-EducacionSuperior,dimensiones,dimension=TipoInstitucion;cohorte=2011;horizonte=11,EducacionSuperior,441,441,0,0,PASS,seguimiento JOIN programas
DIM-TipoInstitucion-2011-12-Base,dimensiones,dimension=TipoInstitucion;cohorte=2011;horizonte=12,Base,3641,3641,0,0,PASS,seguimiento JOIN programas
DIM-TipoInstitucion-2011-12-Carrera,dimensiones,dimension=TipoInstitucion;cohorte=2011;horizonte=12,Carrera,8,8,0,0,PASS,seguimiento JOIN programas
DIM-TipoInstitucion-2011-12-Institucion,dimensiones,dimension=TipoInstitucion;cohorte=2011;horizonte=12,Institucion,45,45,0,0,PASS,seguimiento JOIN programas
DIM-TipoInstitucion-2011-12-EducacionSuperior,dimensiones,dimension=TipoInstitucion;cohorte=2011;horizonte=12,EducacionSuperior,436,436,0,0,PASS,seguimiento JOIN programas
DIM-TipoInstitucion-2011-13-Base,dimensiones,dimension=TipoInstitucion;cohorte=2011;horizonte=13,Base,3641,3641,0,0,PASS,seguimiento JOIN programas
DIM-TipoInstitucion-2011-13-Carrera,dimensiones,dimension=TipoInstitucion;cohorte=2011;horizonte=13,Carrera,4,4,0,0,PASS,seguimiento JOIN programas
DIM-TipoInstitucion-2011-13-Institucion,dimensiones,dimension=TipoInstitucion;cohorte=2011;horizonte=13,Institucion,38,38,0,0,PASS,seguimiento JOIN programas
DIM-TipoInstitucion-2011-13-EducacionSuperior,dimensiones,dimension=TipoInstitucion;cohorte=2011;horizonte=13,EducacionSuperior,409,409,0,0,PASS,seguimiento JOIN programas
DIM-TipoInstitucion-2011-14-Base,dimensiones,dimension=TipoInstitucion;cohorte=2011;horizonte=14,Base,3641,3641,0,0,PASS,seguimiento JOIN programas
DIM-TipoInstitucion-2011-14-Carrera,dimensiones,dimension=TipoInstitucion;cohorte=2011;horizonte=14,Carrera,2,2,0,0,PASS,seguimiento JOIN programas
DIM-TipoInstitucion-2011-14-Institucion,dimensiones,dimension=TipoInstitucion;cohorte=2011;horizonte=14,Institucion,30,30,0,0,PASS,seguimiento JOIN programas
DIM-TipoInstitucion-2011-14-EducacionSuperior,dimensiones,dimension=TipoInstitucion;cohorte=2011;horizonte=14,EducacionSuperior,359,359,0,0,PASS,seguimiento JOIN programas
DIM-TipoInstitucion-2011-15-Base,dimensiones,dimension=TipoInstitucion;cohorte=2011;horizonte=15,Base,3641,3641,0,0,PASS,seguimiento JOIN programas
DIM-TipoInstitucion-2011-15-Carrera,dimensiones,dimension=TipoInstitucion;cohorte=2011;horizonte=15,Carrera,1,1,0,0,PASS,seguimiento JOIN programas
DIM-TipoInstitucion-2011-15-Institucion,dimensiones,dimension=TipoInstitucion;cohorte=2011;horizonte=15,Institucion,22,22,0,0,PASS,seguimiento JOIN programas
DIM-TipoInstitucion-2011-15-EducacionSuperior,dimensiones,dimension=TipoInstitucion;cohorte=2011;horizonte=15,EducacionSuperior,356,356,0,0,PASS,seguimiento JOIN programas
DIM-TipoInstitucion-2012-1-Base,dimensiones,dimension=TipoInstitucion;cohorte=2012;horizonte=1,Base,5183,5183,0,0,PASS,seguimiento JOIN programas
DIM-TipoInstitucion-2012-1-Carrera,dimensiones,dimension=TipoInstitucion;cohorte=2012;horizonte=1,Carrera,5183,5183,0,0,PASS,seguimiento JOIN programas
DIM-TipoInstitucion-2012-1-Institucion,dimensiones,dimension=TipoInstitucion;cohorte=2012;horizonte=1,Institucion,5183,5183,0,0,PASS,seguimiento JOIN programas
DIM-TipoInstitucion-2012-1-EducacionSuperior,dimensiones,dimension=TipoInstitucion;cohorte=2012;horizonte=1,EducacionSuperior,5183,5183,0,0,PASS,seguimiento JOIN programas
DIM-TipoInstitucion-2012-2-Base,dimensiones,dimension=TipoInstitucion;cohorte=2012;horizonte=2,Base,5183,5183,0,0,PASS,seguimiento JOIN programas
DIM-TipoInstitucion-2012-2-Carrera,dimensiones,dimension=TipoInstitucion;cohorte=2012;horizonte=2,Carrera,2805,2805,0,0,PASS,seguimiento JOIN programas
DIM-TipoInstitucion-2012-2-Institucion,dimensiones,dimension=TipoInstitucion;cohorte=2012;horizonte=2,Institucion,3233,3233,0,0,PASS,seguimiento JOIN programas
DIM-TipoInstitucion-2012-2-EducacionSuperior,dimensiones,dimension=TipoInstitucion;cohorte=2012;horizonte=2,EducacionSuperior,3524,3524,0,0,PASS,seguimiento JOIN programas
DIM-TipoInstitucion-2012-3-Base,dimensiones,dimension=TipoInstitucion;cohorte=2012;horizonte=3,Base,5183,5183,0,0,PASS,seguimiento JOIN programas
DIM-TipoInstitucion-2012-3-Carrera,dimensiones,dimension=TipoInstitucion;cohorte=2012;horizonte=3,Carrera,2225,2225,0,0,PASS,seguimiento JOIN programas
DIM-TipoInstitucion-2012-3-Institucion,dimensiones,dimension=TipoInstitucion;cohorte=2012;horizonte=3,Institucion,2661,2661,0,0,PASS,seguimiento JOIN programas
DIM-TipoInstitucion-2012-3-EducacionSuperior,dimensiones,dimension=TipoInstitucion;cohorte=2012;horizonte=3,EducacionSuperior,3172,3172,0,0,PASS,seguimiento JOIN programas
DIM-TipoInstitucion-2012-4-Base,dimensiones,dimension=TipoInstitucion;cohorte=2012;horizonte=4,Base,5183,5183,0,0,PASS,seguimiento JOIN programas
DIM-TipoInstitucion-2012-4-Carrera,dimensiones,dimension=TipoInstitucion;cohorte=2012;horizonte=4,Carrera,855,855,0,0,PASS,seguimiento JOIN programas
DIM-TipoInstitucion-2012-4-Institucion,dimensiones,dimension=TipoInstitucion;cohorte=2012;horizonte=4,Institucion,1406,1406,0,0,PASS,seguimiento JOIN programas
DIM-TipoInstitucion-2012-4-EducacionSuperior,dimensiones,dimension=TipoInstitucion;cohorte=2012;horizonte=4,EducacionSuperior,2116,2116,0,0,PASS,seguimiento JOIN programas
DIM-TipoInstitucion-2012-5-Base,dimensiones,dimension=TipoInstitucion;cohorte=2012;horizonte=5,Base,5183,5183,0,0,PASS,seguimiento JOIN programas
DIM-TipoInstitucion-2012-5-Carrera,dimensiones,dimension=TipoInstitucion;cohorte=2012;horizonte=5,Carrera,321,321,0,0,PASS,seguimiento JOIN programas
DIM-TipoInstitucion-2012-5-Institucion,dimensiones,dimension=TipoInstitucion;cohorte=2012;horizonte=5,Institucion,670,670,0,0,PASS,seguimiento JOIN programas
DIM-TipoInstitucion-2012-5-EducacionSuperior,dimensiones,dimension=TipoInstitucion;cohorte=2012;horizonte=5,EducacionSuperior,1439,1439,0,0,PASS,seguimiento JOIN programas
DIM-TipoInstitucion-2012-6-Base,dimensiones,dimension=TipoInstitucion;cohorte=2012;horizonte=6,Base,5183,5183,0,0,PASS,seguimiento JOIN programas
DIM-TipoInstitucion-2012-6-Carrera,dimensiones,dimension=TipoInstitucion;cohorte=2012;horizonte=6,Carrera,98,98,0,0,PASS,seguimiento JOIN programas
DIM-TipoInstitucion-2012-6-Institucion,dimensiones,dimension=TipoInstitucion;cohorte=2012;horizonte=6,Institucion,316,316,0,0,PASS,seguimiento JOIN programas
DIM-TipoInstitucion-2012-6-EducacionSuperior,dimensiones,dimension=TipoInstitucion;cohorte=2012;horizonte=6,EducacionSuperior,1050,1050,0,0,PASS,seguimiento JOIN programas
DIM-TipoInstitucion-2012-7-Base,dimensiones,dimension=TipoInstitucion;cohorte=2012;horizonte=7,Base,5183,5183,0,0,PASS,seguimiento JOIN programas
DIM-TipoInstitucion-2012-7-Carrera,dimensiones,dimension=TipoInstitucion;cohorte=2012;horizonte=7,Carrera,52,52,0,0,PASS,seguimiento JOIN programas
DIM-TipoInstitucion-2012-7-Institucion,dimensiones,dimension=TipoInstitucion;cohorte=2012;horizonte=7,Institucion,183,183,0,0,PASS,seguimiento JOIN programas
DIM-TipoInstitucion-2012-7-EducacionSuperior,dimensiones,dimension=TipoInstitucion;cohorte=2012;horizonte=7,EducacionSuperior,825,825,0,0,PASS,seguimiento JOIN programas
DIM-TipoInstitucion-2012-8-Base,dimensiones,dimension=TipoInstitucion;cohorte=2012;horizonte=8,Base,5183,5183,0,0,PASS,seguimiento JOIN programas
DIM-TipoInstitucion-2012-8-Carrera,dimensiones,dimension=TipoInstitucion;cohorte=2012;horizonte=8,Carrera,32,32,0,0,PASS,seguimiento JOIN programas
DIM-TipoInstitucion-2012-8-Institucion,dimensiones,dimension=TipoInstitucion;cohorte=2012;horizonte=8,Institucion,132,132,0,0,PASS,seguimiento JOIN programas
DIM-TipoInstitucion-2012-8-EducacionSuperior,dimensiones,dimension=TipoInstitucion;cohorte=2012;horizonte=8,EducacionSuperior,693,693,0,0,PASS,seguimiento JOIN programas
DIM-TipoInstitucion-2012-9-Base,dimensiones,dimension=TipoInstitucion;cohorte=2012;horizonte=9,Base,5183,5183,0,0,PASS,seguimiento JOIN programas
DIM-TipoInstitucion-2012-9-Carrera,dimensiones,dimension=TipoInstitucion;cohorte=2012;horizonte=9,Carrera,20,20,0,0,PASS,seguimiento JOIN programas
DIM-TipoInstitucion-2012-9-Institucion,dimensiones,dimension=TipoInstitucion;cohorte=2012;horizonte=9,Institucion,82,82,0,0,PASS,seguimiento JOIN programas
DIM-TipoInstitucion-2012-9-EducacionSuperior,dimensiones,dimension=TipoInstitucion;cohorte=2012;horizonte=9,EducacionSuperior,579,579,0,0,PASS,seguimiento JOIN programas
DIM-TipoInstitucion-2012-10-Base,dimensiones,dimension=TipoInstitucion;cohorte=2012;horizonte=10,Base,5183,5183,0,0,PASS,seguimiento JOIN programas
DIM-TipoInstitucion-2012-10-Carrera,dimensiones,dimension=TipoInstitucion;cohorte=2012;horizonte=10,Carrera,13,13,0,0,PASS,seguimiento JOIN programas
DIM-TipoInstitucion-2012-10-Institucion,dimensiones,dimension=TipoInstitucion;cohorte=2012;horizonte=10,Institucion,93,93,0,0,PASS,seguimiento JOIN programas
DIM-TipoInstitucion-2012-10-EducacionSuperior,dimensiones,dimension=TipoInstitucion;cohorte=2012;horizonte=10,EducacionSuperior,629,629,0,0,PASS,seguimiento JOIN programas
DIM-TipoInstitucion-2012-11-Base,dimensiones,dimension=TipoInstitucion;cohorte=2012;horizonte=11,Base,5183,5183,0,0,PASS,seguimiento JOIN programas
DIM-TipoInstitucion-2012-11-Carrera,dimensiones,dimension=TipoInstitucion;cohorte=2012;horizonte=11,Carrera,15,15,0,0,PASS,seguimiento JOIN programas
DIM-TipoInstitucion-2012-11-Institucion,dimensiones,dimension=TipoInstitucion;cohorte=2012;horizonte=11,Institucion,79,79,0,0,PASS,seguimiento JOIN programas
DIM-TipoInstitucion-2012-11-EducacionSuperior,dimensiones,dimension=TipoInstitucion;cohorte=2012;horizonte=11,EducacionSuperior,631,631,0,0,PASS,seguimiento JOIN programas
DIM-TipoInstitucion-2012-12-Base,dimensiones,dimension=TipoInstitucion;cohorte=2012;horizonte=12,Base,5183,5183,0,0,PASS,seguimiento JOIN programas
DIM-TipoInstitucion-2012-12-Carrera,dimensiones,dimension=TipoInstitucion;cohorte=2012;horizonte=12,Carrera,13,13,0,0,PASS,seguimiento JOIN programas
DIM-TipoInstitucion-2012-12-Institucion,dimensiones,dimension=TipoInstitucion;cohorte=2012;horizonte=12,Institucion,73,73,0,0,PASS,seguimiento JOIN programas
DIM-TipoInstitucion-2012-12-EducacionSuperior,dimensiones,dimension=TipoInstitucion;cohorte=2012;horizonte=12,EducacionSuperior,590,590,0,0,PASS,seguimiento JOIN programas
DIM-TipoInstitucion-2012-13-Base,dimensiones,dimension=TipoInstitucion;cohorte=2012;horizonte=13,Base,5183,5183,0,0,PASS,seguimiento JOIN programas
DIM-TipoInstitucion-2012-13-Carrera,dimensiones,dimension=TipoInstitucion;cohorte=2012;horizonte=13,Carrera,9,9,0,0,PASS,seguimiento JOIN programas
DIM-TipoInstitucion-2012-13-Institucion,dimensiones,dimension=TipoInstitucion;cohorte=2012;horizonte=13,Institucion,54,54,0,0,PASS,seguimiento JOIN programas
DIM-TipoInstitucion-2012-13-EducacionSuperior,dimensiones,dimension=TipoInstitucion;cohorte=2012;horizonte=13,EducacionSuperior,568,568,0,0,PASS,seguimiento JOIN programas
DIM-TipoInstitucion-2012-14-Base,dimensiones,dimension=TipoInstitucion;cohorte=2012;horizonte=14,Base,5183,5183,0,0,PASS,seguimiento JOIN programas
DIM-TipoInstitucion-2012-14-Carrera,dimensiones,dimension=TipoInstitucion;cohorte=2012;horizonte=14,Carrera,2,2,0,0,PASS,seguimiento JOIN programas
DIM-TipoInstitucion-2012-14-Institucion,dimensiones,dimension=TipoInstitucion;cohorte=2012;horizonte=14,Institucion,43,43,0,0,PASS,seguimiento JOIN programas
DIM-TipoInstitucion-2012-14-EducacionSuperior,dimensiones,dimension=TipoInstitucion;cohorte=2012;horizonte=14,EducacionSuperior,554,554,0,0,PASS,seguimiento JOIN programas
DIM-TipoInstitucion-2013-1-Base,dimensiones,dimension=TipoInstitucion;cohorte=2013;horizonte=1,Base,8312,8312,0,0,PASS,seguimiento JOIN programas
DIM-TipoInstitucion-2013-1-Carrera,dimensiones,dimension=TipoInstitucion;cohorte=2013;horizonte=1,Carrera,8312,8312,0,0,PASS,seguimiento JOIN programas
DIM-TipoInstitucion-2013-1-Institucion,dimensiones,dimension=TipoInstitucion;cohorte=2013;horizonte=1,Institucion,8312,8312,0,0,PASS,seguimiento JOIN programas
DIM-TipoInstitucion-2013-1-EducacionSuperior,dimensiones,dimension=TipoInstitucion;cohorte=2013;horizonte=1,EducacionSuperior,8312,8312,0,0,PASS,seguimiento JOIN programas
DIM-TipoInstitucion-2013-2-Base,dimensiones,dimension=TipoInstitucion;cohorte=2013;horizonte=2,Base,8312,8312,0,0,PASS,seguimiento JOIN programas
DIM-TipoInstitucion-2013-2-Carrera,dimensiones,dimension=TipoInstitucion;cohorte=2013;horizonte=2,Carrera,4210,4210,0,0,PASS,seguimiento JOIN programas
DIM-TipoInstitucion-2013-2-Institucion,dimensiones,dimension=TipoInstitucion;cohorte=2013;horizonte=2,Institucion,5178,5178,0,0,PASS,seguimiento JOIN programas
DIM-TipoInstitucion-2013-2-EducacionSuperior,dimensiones,dimension=TipoInstitucion;cohorte=2013;horizonte=2,EducacionSuperior,5626,5626,0,0,PASS,seguimiento JOIN programas
DIM-TipoInstitucion-2013-3-Base,dimensiones,dimension=TipoInstitucion;cohorte=2013;horizonte=3,Base,8312,8312,0,0,PASS,seguimiento JOIN programas
DIM-TipoInstitucion-2013-3-Carrera,dimensiones,dimension=TipoInstitucion;cohorte=2013;horizonte=3,Carrera,2951,2951,0,0,PASS,seguimiento JOIN programas
DIM-TipoInstitucion-2013-3-Institucion,dimensiones,dimension=TipoInstitucion;cohorte=2013;horizonte=3,Institucion,3942,3942,0,0,PASS,seguimiento JOIN programas
DIM-TipoInstitucion-2013-3-EducacionSuperior,dimensiones,dimension=TipoInstitucion;cohorte=2013;horizonte=3,EducacionSuperior,4760,4760,0,0,PASS,seguimiento JOIN programas
DIM-TipoInstitucion-2013-4-Base,dimensiones,dimension=TipoInstitucion;cohorte=2013;horizonte=4,Base,8312,8312,0,0,PASS,seguimiento JOIN programas
DIM-TipoInstitucion-2013-4-Carrera,dimensiones,dimension=TipoInstitucion;cohorte=2013;horizonte=4,Carrera,1086,1086,0,0,PASS,seguimiento JOIN programas
DIM-TipoInstitucion-2013-4-Institucion,dimensiones,dimension=TipoInstitucion;cohorte=2013;horizonte=4,Institucion,2044,2044,0,0,PASS,seguimiento JOIN programas
DIM-TipoInstitucion-2013-4-EducacionSuperior,dimensiones,dimension=TipoInstitucion;cohorte=2013;horizonte=4,EducacionSuperior,3144,3144,0,0,PASS,seguimiento JOIN programas
DIM-TipoInstitucion-2013-5-Base,dimensiones,dimension=TipoInstitucion;cohorte=2013;horizonte=5,Base,8312,8312,0,0,PASS,seguimiento JOIN programas
DIM-TipoInstitucion-2013-5-Carrera,dimensiones,dimension=TipoInstitucion;cohorte=2013;horizonte=5,Carrera,397,397,0,0,PASS,seguimiento JOIN programas
DIM-TipoInstitucion-2013-5-Institucion,dimensiones,dimension=TipoInstitucion;cohorte=2013;horizonte=5,Institucion,977,977,0,0,PASS,seguimiento JOIN programas
DIM-TipoInstitucion-2013-5-EducacionSuperior,dimensiones,dimension=TipoInstitucion;cohorte=2013;horizonte=5,EducacionSuperior,2062,2062,0,0,PASS,seguimiento JOIN programas
DIM-TipoInstitucion-2013-6-Base,dimensiones,dimension=TipoInstitucion;cohorte=2013;horizonte=6,Base,8312,8312,0,0,PASS,seguimiento JOIN programas
DIM-TipoInstitucion-2013-6-Carrera,dimensiones,dimension=TipoInstitucion;cohorte=2013;horizonte=6,Carrera,147,147,0,0,PASS,seguimiento JOIN programas
DIM-TipoInstitucion-2013-6-Institucion,dimensiones,dimension=TipoInstitucion;cohorte=2013;horizonte=6,Institucion,460,460,0,0,PASS,seguimiento JOIN programas
DIM-TipoInstitucion-2013-6-EducacionSuperior,dimensiones,dimension=TipoInstitucion;cohorte=2013;horizonte=6,EducacionSuperior,1482,1482,0,0,PASS,seguimiento JOIN programas
DIM-TipoInstitucion-2013-7-Base,dimensiones,dimension=TipoInstitucion;cohorte=2013;horizonte=7,Base,8312,8312,0,0,PASS,seguimiento JOIN programas
DIM-TipoInstitucion-2013-7-Carrera,dimensiones,dimension=TipoInstitucion;cohorte=2013;horizonte=7,Carrera,61,61,0,0,PASS,seguimiento JOIN programas
DIM-TipoInstitucion-2013-7-Institucion,dimensiones,dimension=TipoInstitucion;cohorte=2013;horizonte=7,Institucion,296,296,0,0,PASS,seguimiento JOIN programas
DIM-TipoInstitucion-2013-7-EducacionSuperior,dimensiones,dimension=TipoInstitucion;cohorte=2013;horizonte=7,EducacionSuperior,1224,1224,0,0,PASS,seguimiento JOIN programas
DIM-TipoInstitucion-2013-8-Base,dimensiones,dimension=TipoInstitucion;cohorte=2013;horizonte=8,Base,8312,8312,0,0,PASS,seguimiento JOIN programas
DIM-TipoInstitucion-2013-8-Carrera,dimensiones,dimension=TipoInstitucion;cohorte=2013;horizonte=8,Carrera,38,38,0,0,PASS,seguimiento JOIN programas
DIM-TipoInstitucion-2013-8-Institucion,dimensiones,dimension=TipoInstitucion;cohorte=2013;horizonte=8,Institucion,204,204,0,0,PASS,seguimiento JOIN programas
DIM-TipoInstitucion-2013-8-EducacionSuperior,dimensiones,dimension=TipoInstitucion;cohorte=2013;horizonte=8,EducacionSuperior,1036,1036,0,0,PASS,seguimiento JOIN programas
DIM-TipoInstitucion-2013-9-Base,dimensiones,dimension=TipoInstitucion;cohorte=2013;horizonte=9,Base,8312,8312,0,0,PASS,seguimiento JOIN programas
DIM-TipoInstitucion-2013-9-Carrera,dimensiones,dimension=TipoInstitucion;cohorte=2013;horizonte=9,Carrera,33,33,0,0,PASS,seguimiento JOIN programas
DIM-TipoInstitucion-2013-9-Institucion,dimensiones,dimension=TipoInstitucion;cohorte=2013;horizonte=9,Institucion,151,151,0,0,PASS,seguimiento JOIN programas
DIM-TipoInstitucion-2013-9-EducacionSuperior,dimensiones,dimension=TipoInstitucion;cohorte=2013;horizonte=9,EducacionSuperior,1106,1106,0,0,PASS,seguimiento JOIN programas
DIM-TipoInstitucion-2013-10-Base,dimensiones,dimension=TipoInstitucion;cohorte=2013;horizonte=10,Base,8312,8312,0,0,PASS,seguimiento JOIN programas
DIM-TipoInstitucion-2013-10-Carrera,dimensiones,dimension=TipoInstitucion;cohorte=2013;horizonte=10,Carrera,27,27,0,0,PASS,seguimiento JOIN programas
DIM-TipoInstitucion-2013-10-Institucion,dimensiones,dimension=TipoInstitucion;cohorte=2013;horizonte=10,Institucion,127,127,0,0,PASS,seguimiento JOIN programas
DIM-TipoInstitucion-2013-10-EducacionSuperior,dimensiones,dimension=TipoInstitucion;cohorte=2013;horizonte=10,EducacionSuperior,1028,1028,0,0,PASS,seguimiento JOIN programas
DIM-TipoInstitucion-2013-11-Base,dimensiones,dimension=TipoInstitucion;cohorte=2013;horizonte=11,Base,8312,8312,0,0,PASS,seguimiento JOIN programas
DIM-TipoInstitucion-2013-11-Carrera,dimensiones,dimension=TipoInstitucion;cohorte=2013;horizonte=11,Carrera,23,23,0,0,PASS,seguimiento JOIN programas
DIM-TipoInstitucion-2013-11-Institucion,dimensiones,dimension=TipoInstitucion;cohorte=2013;horizonte=11,Institucion,127,127,0,0,PASS,seguimiento JOIN programas
DIM-TipoInstitucion-2013-11-EducacionSuperior,dimensiones,dimension=TipoInstitucion;cohorte=2013;horizonte=11,EducacionSuperior,990,990,0,0,PASS,seguimiento JOIN programas
DIM-TipoInstitucion-2013-12-Base,dimensiones,dimension=TipoInstitucion;cohorte=2013;horizonte=12,Base,8312,8312,0,0,PASS,seguimiento JOIN programas
DIM-TipoInstitucion-2013-12-Carrera,dimensiones,dimension=TipoInstitucion;cohorte=2013;horizonte=12,Carrera,17,17,0,0,PASS,seguimiento JOIN programas
DIM-TipoInstitucion-2013-12-Institucion,dimensiones,dimension=TipoInstitucion;cohorte=2013;horizonte=12,Institucion,90,90,0,0,PASS,seguimiento JOIN programas
DIM-TipoInstitucion-2013-12-EducacionSuperior,dimensiones,dimension=TipoInstitucion;cohorte=2013;horizonte=12,EducacionSuperior,909,909,0,0,PASS,seguimiento JOIN programas
DIM-TipoInstitucion-2013-13-Base,dimensiones,dimension=TipoInstitucion;cohorte=2013;horizonte=13,Base,8312,8312,0,0,PASS,seguimiento JOIN programas
DIM-TipoInstitucion-2013-13-Carrera,dimensiones,dimension=TipoInstitucion;cohorte=2013;horizonte=13,Carrera,10,10,0,0,PASS,seguimiento JOIN programas
DIM-TipoInstitucion-2013-13-Institucion,dimensiones,dimension=TipoInstitucion;cohorte=2013;horizonte=13,Institucion,68,68,0,0,PASS,seguimiento JOIN programas
DIM-TipoInstitucion-2013-13-EducacionSuperior,dimensiones,dimension=TipoInstitucion;cohorte=2013;horizonte=13,EducacionSuperior,902,902,0,0,PASS,seguimiento JOIN programas
DIM-TipoInstitucion-2014-1-Base,dimensiones,dimension=TipoInstitucion;cohorte=2014;horizonte=1,Base,11812,11812,0,0,PASS,seguimiento JOIN programas
DIM-TipoInstitucion-2014-1-Carrera,dimensiones,dimension=TipoInstitucion;cohorte=2014;horizonte=1,Carrera,11812,11812,0,0,PASS,seguimiento JOIN programas
DIM-TipoInstitucion-2014-1-Institucion,dimensiones,dimension=TipoInstitucion;cohorte=2014;horizonte=1,Institucion,11812,11812,0,0,PASS,seguimiento JOIN programas
DIM-TipoInstitucion-2014-1-EducacionSuperior,dimensiones,dimension=TipoInstitucion;cohorte=2014;horizonte=1,EducacionSuperior,11812,11812,0,0,PASS,seguimiento JOIN programas
DIM-TipoInstitucion-2014-2-Base,dimensiones,dimension=TipoInstitucion;cohorte=2014;horizonte=2,Base,11812,11812,0,0,PASS,seguimiento JOIN programas
DIM-TipoInstitucion-2014-2-Carrera,dimensiones,dimension=TipoInstitucion;cohorte=2014;horizonte=2,Carrera,6721,6721,0,0,PASS,seguimiento JOIN programas
DIM-TipoInstitucion-2014-2-Institucion,dimensiones,dimension=TipoInstitucion;cohorte=2014;horizonte=2,Institucion,7042,7042,0,0,PASS,seguimiento JOIN programas
DIM-TipoInstitucion-2014-2-EducacionSuperior,dimensiones,dimension=TipoInstitucion;cohorte=2014;horizonte=2,EducacionSuperior,7667,7667,0,0,PASS,seguimiento JOIN programas
DIM-TipoInstitucion-2014-3-Base,dimensiones,dimension=TipoInstitucion;cohorte=2014;horizonte=3,Base,11812,11812,0,0,PASS,seguimiento JOIN programas
DIM-TipoInstitucion-2014-3-Carrera,dimensiones,dimension=TipoInstitucion;cohorte=2014;horizonte=3,Carrera,4187,4187,0,0,PASS,seguimiento JOIN programas
DIM-TipoInstitucion-2014-3-Institucion,dimensiones,dimension=TipoInstitucion;cohorte=2014;horizonte=3,Institucion,4966,4966,0,0,PASS,seguimiento JOIN programas
DIM-TipoInstitucion-2014-3-EducacionSuperior,dimensiones,dimension=TipoInstitucion;cohorte=2014;horizonte=3,EducacionSuperior,6085,6085,0,0,PASS,seguimiento JOIN programas
DIM-TipoInstitucion-2014-4-Base,dimensiones,dimension=TipoInstitucion;cohorte=2014;horizonte=4,Base,11812,11812,0,0,PASS,seguimiento JOIN programas
DIM-TipoInstitucion-2014-4-Carrera,dimensiones,dimension=TipoInstitucion;cohorte=2014;horizonte=4,Carrera,1299,1299,0,0,PASS,seguimiento JOIN programas
DIM-TipoInstitucion-2014-4-Institucion,dimensiones,dimension=TipoInstitucion;cohorte=2014;horizonte=4,Institucion,2440,2440,0,0,PASS,seguimiento JOIN programas
DIM-TipoInstitucion-2014-4-EducacionSuperior,dimensiones,dimension=TipoInstitucion;cohorte=2014;horizonte=4,EducacionSuperior,3896,3896,0,0,PASS,seguimiento JOIN programas
DIM-TipoInstitucion-2014-5-Base,dimensiones,dimension=TipoInstitucion;cohorte=2014;horizonte=5,Base,11812,11812,0,0,PASS,seguimiento JOIN programas
DIM-TipoInstitucion-2014-5-Carrera,dimensiones,dimension=TipoInstitucion;cohorte=2014;horizonte=5,Carrera,548,548,0,0,PASS,seguimiento JOIN programas
DIM-TipoInstitucion-2014-5-Institucion,dimensiones,dimension=TipoInstitucion;cohorte=2014;horizonte=5,Institucion,1211,1211,0,0,PASS,seguimiento JOIN programas
DIM-TipoInstitucion-2014-5-EducacionSuperior,dimensiones,dimension=TipoInstitucion;cohorte=2014;horizonte=5,EducacionSuperior,2583,2583,0,0,PASS,seguimiento JOIN programas
DIM-TipoInstitucion-2014-6-Base,dimensiones,dimension=TipoInstitucion;cohorte=2014;horizonte=6,Base,11812,11812,0,0,PASS,seguimiento JOIN programas
DIM-TipoInstitucion-2014-6-Carrera,dimensiones,dimension=TipoInstitucion;cohorte=2014;horizonte=6,Carrera,206,206,0,0,PASS,seguimiento JOIN programas
DIM-TipoInstitucion-2014-6-Institucion,dimensiones,dimension=TipoInstitucion;cohorte=2014;horizonte=6,Institucion,570,570,0,0,PASS,seguimiento JOIN programas
DIM-TipoInstitucion-2014-6-EducacionSuperior,dimensiones,dimension=TipoInstitucion;cohorte=2014;horizonte=6,EducacionSuperior,1911,1911,0,0,PASS,seguimiento JOIN programas
DIM-TipoInstitucion-2014-7-Base,dimensiones,dimension=TipoInstitucion;cohorte=2014;horizonte=7,Base,11812,11812,0,0,PASS,seguimiento JOIN programas
DIM-TipoInstitucion-2014-7-Carrera,dimensiones,dimension=TipoInstitucion;cohorte=2014;horizonte=7,Carrera,81,81,0,0,PASS,seguimiento JOIN programas
DIM-TipoInstitucion-2014-7-Institucion,dimensiones,dimension=TipoInstitucion;cohorte=2014;horizonte=7,Institucion,291,291,0,0,PASS,seguimiento JOIN programas
DIM-TipoInstitucion-2014-7-EducacionSuperior,dimensiones,dimension=TipoInstitucion;cohorte=2014;horizonte=7,EducacionSuperior,1500,1500,0,0,PASS,seguimiento JOIN programas
DIM-TipoInstitucion-2014-8-Base,dimensiones,dimension=TipoInstitucion;cohorte=2014;horizonte=8,Base,11812,11812,0,0,PASS,seguimiento JOIN programas
DIM-TipoInstitucion-2014-8-Carrera,dimensiones,dimension=TipoInstitucion;cohorte=2014;horizonte=8,Carrera,67,67,0,0,PASS,seguimiento JOIN programas
DIM-TipoInstitucion-2014-8-Institucion,dimensiones,dimension=TipoInstitucion;cohorte=2014;horizonte=8,Institucion,256,256,0,0,PASS,seguimiento JOIN programas
DIM-TipoInstitucion-2014-8-EducacionSuperior,dimensiones,dimension=TipoInstitucion;cohorte=2014;horizonte=8,EducacionSuperior,1638,1638,0,0,PASS,seguimiento JOIN programas
DIM-TipoInstitucion-2014-9-Base,dimensiones,dimension=TipoInstitucion;cohorte=2014;horizonte=9,Base,11812,11812,0,0,PASS,seguimiento JOIN programas
DIM-TipoInstitucion-2014-9-Carrera,dimensiones,dimension=TipoInstitucion;cohorte=2014;horizonte=9,Carrera,39,39,0,0,PASS,seguimiento JOIN programas
DIM-TipoInstitucion-2014-9-Institucion,dimensiones,dimension=TipoInstitucion;cohorte=2014;horizonte=9,Institucion,222,222,0,0,PASS,seguimiento JOIN programas
DIM-TipoInstitucion-2014-9-EducacionSuperior,dimensiones,dimension=TipoInstitucion;cohorte=2014;horizonte=9,EducacionSuperior,1565,1565,0,0,PASS,seguimiento JOIN programas
DIM-TipoInstitucion-2014-10-Base,dimensiones,dimension=TipoInstitucion;cohorte=2014;horizonte=10,Base,11812,11812,0,0,PASS,seguimiento JOIN programas
DIM-TipoInstitucion-2014-10-Carrera,dimensiones,dimension=TipoInstitucion;cohorte=2014;horizonte=10,Carrera,32,32,0,0,PASS,seguimiento JOIN programas
DIM-TipoInstitucion-2014-10-Institucion,dimensiones,dimension=TipoInstitucion;cohorte=2014;horizonte=10,Institucion,213,213,0,0,PASS,seguimiento JOIN programas
DIM-TipoInstitucion-2014-10-EducacionSuperior,dimensiones,dimension=TipoInstitucion;cohorte=2014;horizonte=10,EducacionSuperior,1458,1458,0,0,PASS,seguimiento JOIN programas
DIM-TipoInstitucion-2014-11-Base,dimensiones,dimension=TipoInstitucion;cohorte=2014;horizonte=11,Base,11812,11812,0,0,PASS,seguimiento JOIN programas
DIM-TipoInstitucion-2014-11-Carrera,dimensiones,dimension=TipoInstitucion;cohorte=2014;horizonte=11,Carrera,28,28,0,0,PASS,seguimiento JOIN programas
DIM-TipoInstitucion-2014-11-Institucion,dimensiones,dimension=TipoInstitucion;cohorte=2014;horizonte=11,Institucion,176,176,0,0,PASS,seguimiento JOIN programas
DIM-TipoInstitucion-2014-11-EducacionSuperior,dimensiones,dimension=TipoInstitucion;cohorte=2014;horizonte=11,EducacionSuperior,1413,1413,0,0,PASS,seguimiento JOIN programas
DIM-TipoInstitucion-2014-12-Base,dimensiones,dimension=TipoInstitucion;cohorte=2014;horizonte=12,Base,11812,11812,0,0,PASS,seguimiento JOIN programas
DIM-TipoInstitucion-2014-12-Carrera,dimensiones,dimension=TipoInstitucion;cohorte=2014;horizonte=12,Carrera,16,16,0,0,PASS,seguimiento JOIN programas
DIM-TipoInstitucion-2014-12-Institucion,dimensiones,dimension=TipoInstitucion;cohorte=2014;horizonte=12,Institucion,135,135,0,0,PASS,seguimiento JOIN programas
DIM-TipoInstitucion-2014-12-EducacionSuperior,dimensiones,dimension=TipoInstitucion;cohorte=2014;horizonte=12,EducacionSuperior,1371,1371,0,0,PASS,seguimiento JOIN programas
DIM-TipoInstitucion-2015-1-Base,dimensiones,dimension=TipoInstitucion;cohorte=2015;horizonte=1,Base,11982,11982,0,0,PASS,seguimiento JOIN programas
DIM-TipoInstitucion-2015-1-Carrera,dimensiones,dimension=TipoInstitucion;cohorte=2015;horizonte=1,Carrera,11982,11982,0,0,PASS,seguimiento JOIN programas
DIM-TipoInstitucion-2015-1-Institucion,dimensiones,dimension=TipoInstitucion;cohorte=2015;horizonte=1,Institucion,11982,11982,0,0,PASS,seguimiento JOIN programas
DIM-TipoInstitucion-2015-1-EducacionSuperior,dimensiones,dimension=TipoInstitucion;cohorte=2015;horizonte=1,EducacionSuperior,11982,11982,0,0,PASS,seguimiento JOIN programas
DIM-TipoInstitucion-2015-2-Base,dimensiones,dimension=TipoInstitucion;cohorte=2015;horizonte=2,Base,11982,11982,0,0,PASS,seguimiento JOIN programas
DIM-TipoInstitucion-2015-2-Carrera,dimensiones,dimension=TipoInstitucion;cohorte=2015;horizonte=2,Carrera,6678,6678,0,0,PASS,seguimiento JOIN programas
DIM-TipoInstitucion-2015-2-Institucion,dimensiones,dimension=TipoInstitucion;cohorte=2015;horizonte=2,Institucion,7008,7008,0,0,PASS,seguimiento JOIN programas
DIM-TipoInstitucion-2015-2-EducacionSuperior,dimensiones,dimension=TipoInstitucion;cohorte=2015;horizonte=2,EducacionSuperior,7651,7651,0,0,PASS,seguimiento JOIN programas
DIM-TipoInstitucion-2015-3-Base,dimensiones,dimension=TipoInstitucion;cohorte=2015;horizonte=3,Base,11982,11982,0,0,PASS,seguimiento JOIN programas
DIM-TipoInstitucion-2015-3-Carrera,dimensiones,dimension=TipoInstitucion;cohorte=2015;horizonte=3,Carrera,4485,4485,0,0,PASS,seguimiento JOIN programas
DIM-TipoInstitucion-2015-3-Institucion,dimensiones,dimension=TipoInstitucion;cohorte=2015;horizonte=3,Institucion,5245,5245,0,0,PASS,seguimiento JOIN programas
DIM-TipoInstitucion-2015-3-EducacionSuperior,dimensiones,dimension=TipoInstitucion;cohorte=2015;horizonte=3,EducacionSuperior,6407,6407,0,0,PASS,seguimiento JOIN programas
DIM-TipoInstitucion-2015-4-Base,dimensiones,dimension=TipoInstitucion;cohorte=2015;horizonte=4,Base,11982,11982,0,0,PASS,seguimiento JOIN programas
DIM-TipoInstitucion-2015-4-Carrera,dimensiones,dimension=TipoInstitucion;cohorte=2015;horizonte=4,Carrera,1565,1565,0,0,PASS,seguimiento JOIN programas
DIM-TipoInstitucion-2015-4-Institucion,dimensiones,dimension=TipoInstitucion;cohorte=2015;horizonte=4,Institucion,2642,2642,0,0,PASS,seguimiento JOIN programas
DIM-TipoInstitucion-2015-4-EducacionSuperior,dimensiones,dimension=TipoInstitucion;cohorte=2015;horizonte=4,EducacionSuperior,4165,4165,0,0,PASS,seguimiento JOIN programas
DIM-TipoInstitucion-2015-5-Base,dimensiones,dimension=TipoInstitucion;cohorte=2015;horizonte=5,Base,11982,11982,0,0,PASS,seguimiento JOIN programas
DIM-TipoInstitucion-2015-5-Carrera,dimensiones,dimension=TipoInstitucion;cohorte=2015;horizonte=5,Carrera,592,592,0,0,PASS,seguimiento JOIN programas
DIM-TipoInstitucion-2015-5-Institucion,dimensiones,dimension=TipoInstitucion;cohorte=2015;horizonte=5,Institucion,1206,1206,0,0,PASS,seguimiento JOIN programas
DIM-TipoInstitucion-2015-5-EducacionSuperior,dimensiones,dimension=TipoInstitucion;cohorte=2015;horizonte=5,EducacionSuperior,2701,2701,0,0,PASS,seguimiento JOIN programas
DIM-TipoInstitucion-2015-6-Base,dimensiones,dimension=TipoInstitucion;cohorte=2015;horizonte=6,Base,11982,11982,0,0,PASS,seguimiento JOIN programas
DIM-TipoInstitucion-2015-6-Carrera,dimensiones,dimension=TipoInstitucion;cohorte=2015;horizonte=6,Carrera,152,152,0,0,PASS,seguimiento JOIN programas
DIM-TipoInstitucion-2015-6-Institucion,dimensiones,dimension=TipoInstitucion;cohorte=2015;horizonte=6,Institucion,499,499,0,0,PASS,seguimiento JOIN programas
DIM-TipoInstitucion-2015-6-EducacionSuperior,dimensiones,dimension=TipoInstitucion;cohorte=2015;horizonte=6,EducacionSuperior,1880,1880,0,0,PASS,seguimiento JOIN programas
DIM-TipoInstitucion-2015-7-Base,dimensiones,dimension=TipoInstitucion;cohorte=2015;horizonte=7,Base,11982,11982,0,0,PASS,seguimiento JOIN programas
DIM-TipoInstitucion-2015-7-Carrera,dimensiones,dimension=TipoInstitucion;cohorte=2015;horizonte=7,Carrera,109,109,0,0,PASS,seguimiento JOIN programas
DIM-TipoInstitucion-2015-7-Institucion,dimensiones,dimension=TipoInstitucion;cohorte=2015;horizonte=7,Institucion,400,400,0,0,PASS,seguimiento JOIN programas
DIM-TipoInstitucion-2015-7-EducacionSuperior,dimensiones,dimension=TipoInstitucion;cohorte=2015;horizonte=7,EducacionSuperior,1913,1913,0,0,PASS,seguimiento JOIN programas
DIM-TipoInstitucion-2015-8-Base,dimensiones,dimension=TipoInstitucion;cohorte=2015;horizonte=8,Base,11982,11982,0,0,PASS,seguimiento JOIN programas
DIM-TipoInstitucion-2015-8-Carrera,dimensiones,dimension=TipoInstitucion;cohorte=2015;horizonte=8,Carrera,90,90,0,0,PASS,seguimiento JOIN programas
DIM-TipoInstitucion-2015-8-Institucion,dimensiones,dimension=TipoInstitucion;cohorte=2015;horizonte=8,Institucion,315,315,0,0,PASS,seguimiento JOIN programas
DIM-TipoInstitucion-2015-8-EducacionSuperior,dimensiones,dimension=TipoInstitucion;cohorte=2015;horizonte=8,EducacionSuperior,1791,1791,0,0,PASS,seguimiento JOIN programas
DIM-TipoInstitucion-2015-9-Base,dimensiones,dimension=TipoInstitucion;cohorte=2015;horizonte=9,Base,11982,11982,0,0,PASS,seguimiento JOIN programas
DIM-TipoInstitucion-2015-9-Carrera,dimensiones,dimension=TipoInstitucion;cohorte=2015;horizonte=9,Carrera,68,68,0,0,PASS,seguimiento JOIN programas
DIM-TipoInstitucion-2015-9-Institucion,dimensiones,dimension=TipoInstitucion;cohorte=2015;horizonte=9,Institucion,258,258,0,0,PASS,seguimiento JOIN programas
DIM-TipoInstitucion-2015-9-EducacionSuperior,dimensiones,dimension=TipoInstitucion;cohorte=2015;horizonte=9,EducacionSuperior,1671,1671,0,0,PASS,seguimiento JOIN programas
DIM-TipoInstitucion-2015-10-Base,dimensiones,dimension=TipoInstitucion;cohorte=2015;horizonte=10,Base,11982,11982,0,0,PASS,seguimiento JOIN programas
DIM-TipoInstitucion-2015-10-Carrera,dimensiones,dimension=TipoInstitucion;cohorte=2015;horizonte=10,Carrera,41,41,0,0,PASS,seguimiento JOIN programas
DIM-TipoInstitucion-2015-10-Institucion,dimensiones,dimension=TipoInstitucion;cohorte=2015;horizonte=10,Institucion,199,199,0,0,PASS,seguimiento JOIN programas
DIM-TipoInstitucion-2015-10-EducacionSuperior,dimensiones,dimension=TipoInstitucion;cohorte=2015;horizonte=10,EducacionSuperior,1541,1541,0,0,PASS,seguimiento JOIN programas
DIM-TipoInstitucion-2015-11-Base,dimensiones,dimension=TipoInstitucion;cohorte=2015;horizonte=11,Base,11982,11982,0,0,PASS,seguimiento JOIN programas
DIM-TipoInstitucion-2015-11-Carrera,dimensiones,dimension=TipoInstitucion;cohorte=2015;horizonte=11,Carrera,25,25,0,0,PASS,seguimiento JOIN programas
DIM-TipoInstitucion-2015-11-Institucion,dimensiones,dimension=TipoInstitucion;cohorte=2015;horizonte=11,Institucion,170,170,0,0,PASS,seguimiento JOIN programas
DIM-TipoInstitucion-2015-11-EducacionSuperior,dimensiones,dimension=TipoInstitucion;cohorte=2015;horizonte=11,EducacionSuperior,1474,1474,0,0,PASS,seguimiento JOIN programas
DIM-TipoInstitucion-2016-1-Base,dimensiones,dimension=TipoInstitucion;cohorte=2016;horizonte=1,Base,13664,13664,0,0,PASS,seguimiento JOIN programas
DIM-TipoInstitucion-2016-1-Carrera,dimensiones,dimension=TipoInstitucion;cohorte=2016;horizonte=1,Carrera,13664,13664,0,0,PASS,seguimiento JOIN programas
DIM-TipoInstitucion-2016-1-Institucion,dimensiones,dimension=TipoInstitucion;cohorte=2016;horizonte=1,Institucion,13664,13664,0,0,PASS,seguimiento JOIN programas
DIM-TipoInstitucion-2016-1-EducacionSuperior,dimensiones,dimension=TipoInstitucion;cohorte=2016;horizonte=1,EducacionSuperior,13664,13664,0,0,PASS,seguimiento JOIN programas
DIM-TipoInstitucion-2016-2-Base,dimensiones,dimension=TipoInstitucion;cohorte=2016;horizonte=2,Base,13664,13664,0,0,PASS,seguimiento JOIN programas
DIM-TipoInstitucion-2016-2-Carrera,dimensiones,dimension=TipoInstitucion;cohorte=2016;horizonte=2,Carrera,7905,7905,0,0,PASS,seguimiento JOIN programas
DIM-TipoInstitucion-2016-2-Institucion,dimensiones,dimension=TipoInstitucion;cohorte=2016;horizonte=2,Institucion,8304,8304,0,0,PASS,seguimiento JOIN programas
DIM-TipoInstitucion-2016-2-EducacionSuperior,dimensiones,dimension=TipoInstitucion;cohorte=2016;horizonte=2,EducacionSuperior,8896,8896,0,0,PASS,seguimiento JOIN programas
DIM-TipoInstitucion-2016-3-Base,dimensiones,dimension=TipoInstitucion;cohorte=2016;horizonte=3,Base,13664,13664,0,0,PASS,seguimiento JOIN programas
DIM-TipoInstitucion-2016-3-Carrera,dimensiones,dimension=TipoInstitucion;cohorte=2016;horizonte=3,Carrera,4462,4462,0,0,PASS,seguimiento JOIN programas
DIM-TipoInstitucion-2016-3-Institucion,dimensiones,dimension=TipoInstitucion;cohorte=2016;horizonte=3,Institucion,5563,5563,0,0,PASS,seguimiento JOIN programas
DIM-TipoInstitucion-2016-3-EducacionSuperior,dimensiones,dimension=TipoInstitucion;cohorte=2016;horizonte=3,EducacionSuperior,6669,6669,0,0,PASS,seguimiento JOIN programas
DIM-TipoInstitucion-2016-4-Base,dimensiones,dimension=TipoInstitucion;cohorte=2016;horizonte=4,Base,13664,13664,0,0,PASS,seguimiento JOIN programas
DIM-TipoInstitucion-2016-4-Carrera,dimensiones,dimension=TipoInstitucion;cohorte=2016;horizonte=4,Carrera,2245,2245,0,0,PASS,seguimiento JOIN programas
DIM-TipoInstitucion-2016-4-Institucion,dimensiones,dimension=TipoInstitucion;cohorte=2016;horizonte=4,Institucion,3383,3383,0,0,PASS,seguimiento JOIN programas
DIM-TipoInstitucion-2016-4-EducacionSuperior,dimensiones,dimension=TipoInstitucion;cohorte=2016;horizonte=4,EducacionSuperior,4733,4733,0,0,PASS,seguimiento JOIN programas
DIM-TipoInstitucion-2016-5-Base,dimensiones,dimension=TipoInstitucion;cohorte=2016;horizonte=5,Base,13664,13664,0,0,PASS,seguimiento JOIN programas
DIM-TipoInstitucion-2016-5-Carrera,dimensiones,dimension=TipoInstitucion;cohorte=2016;horizonte=5,Carrera,606,606,0,0,PASS,seguimiento JOIN programas
DIM-TipoInstitucion-2016-5-Institucion,dimensiones,dimension=TipoInstitucion;cohorte=2016;horizonte=5,Institucion,1249,1249,0,0,PASS,seguimiento JOIN programas
DIM-TipoInstitucion-2016-5-EducacionSuperior,dimensiones,dimension=TipoInstitucion;cohorte=2016;horizonte=5,EducacionSuperior,2637,2637,0,0,PASS,seguimiento JOIN programas
DIM-TipoInstitucion-2016-6-Base,dimensiones,dimension=TipoInstitucion;cohorte=2016;horizonte=6,Base,13664,13664,0,0,PASS,seguimiento JOIN programas
DIM-TipoInstitucion-2016-6-Carrera,dimensiones,dimension=TipoInstitucion;cohorte=2016;horizonte=6,Carrera,371,371,0,0,PASS,seguimiento JOIN programas
DIM-TipoInstitucion-2016-6-Institucion,dimensiones,dimension=TipoInstitucion;cohorte=2016;horizonte=6,Institucion,850,850,0,0,PASS,seguimiento JOIN programas
DIM-TipoInstitucion-2016-6-EducacionSuperior,dimensiones,dimension=TipoInstitucion;cohorte=2016;horizonte=6,EducacionSuperior,2520,2520,0,0,PASS,seguimiento JOIN programas
DIM-TipoInstitucion-2016-7-Base,dimensiones,dimension=TipoInstitucion;cohorte=2016;horizonte=7,Base,13664,13664,0,0,PASS,seguimiento JOIN programas
DIM-TipoInstitucion-2016-7-Carrera,dimensiones,dimension=TipoInstitucion;cohorte=2016;horizonte=7,Carrera,224,224,0,0,PASS,seguimiento JOIN programas
DIM-TipoInstitucion-2016-7-Institucion,dimensiones,dimension=TipoInstitucion;cohorte=2016;horizonte=7,Institucion,613,613,0,0,PASS,seguimiento JOIN programas
DIM-TipoInstitucion-2016-7-EducacionSuperior,dimensiones,dimension=TipoInstitucion;cohorte=2016;horizonte=7,EducacionSuperior,2259,2259,0,0,PASS,seguimiento JOIN programas
DIM-TipoInstitucion-2016-8-Base,dimensiones,dimension=TipoInstitucion;cohorte=2016;horizonte=8,Base,13664,13664,0,0,PASS,seguimiento JOIN programas
DIM-TipoInstitucion-2016-8-Carrera,dimensiones,dimension=TipoInstitucion;cohorte=2016;horizonte=8,Carrera,140,140,0,0,PASS,seguimiento JOIN programas
DIM-TipoInstitucion-2016-8-Institucion,dimensiones,dimension=TipoInstitucion;cohorte=2016;horizonte=8,Institucion,489,489,0,0,PASS,seguimiento JOIN programas
DIM-TipoInstitucion-2016-8-EducacionSuperior,dimensiones,dimension=TipoInstitucion;cohorte=2016;horizonte=8,EducacionSuperior,2072,2072,0,0,PASS,seguimiento JOIN programas
DIM-TipoInstitucion-2016-9-Base,dimensiones,dimension=TipoInstitucion;cohorte=2016;horizonte=9,Base,13664,13664,0,0,PASS,seguimiento JOIN programas
DIM-TipoInstitucion-2016-9-Carrera,dimensiones,dimension=TipoInstitucion;cohorte=2016;horizonte=9,Carrera,74,74,0,0,PASS,seguimiento JOIN programas
DIM-TipoInstitucion-2016-9-Institucion,dimensiones,dimension=TipoInstitucion;cohorte=2016;horizonte=9,Institucion,344,344,0,0,PASS,seguimiento JOIN programas
DIM-TipoInstitucion-2016-9-EducacionSuperior,dimensiones,dimension=TipoInstitucion;cohorte=2016;horizonte=9,EducacionSuperior,1874,1874,0,0,PASS,seguimiento JOIN programas
DIM-TipoInstitucion-2016-10-Base,dimensiones,dimension=TipoInstitucion;cohorte=2016;horizonte=10,Base,13664,13664,0,0,PASS,seguimiento JOIN programas
DIM-TipoInstitucion-2016-10-Carrera,dimensiones,dimension=TipoInstitucion;cohorte=2016;horizonte=10,Carrera,52,52,0,0,PASS,seguimiento JOIN programas
DIM-TipoInstitucion-2016-10-Institucion,dimensiones,dimension=TipoInstitucion;cohorte=2016;horizonte=10,Institucion,283,283,0,0,PASS,seguimiento JOIN programas
DIM-TipoInstitucion-2016-10-EducacionSuperior,dimensiones,dimension=TipoInstitucion;cohorte=2016;horizonte=10,EducacionSuperior,1894,1894,0,0,PASS,seguimiento JOIN programas
DIM-TipoInstitucion-2017-1-Base,dimensiones,dimension=TipoInstitucion;cohorte=2017;horizonte=1,Base,13882,13882,0,0,PASS,seguimiento JOIN programas
DIM-TipoInstitucion-2017-1-Carrera,dimensiones,dimension=TipoInstitucion;cohorte=2017;horizonte=1,Carrera,13882,13882,0,0,PASS,seguimiento JOIN programas
DIM-TipoInstitucion-2017-1-Institucion,dimensiones,dimension=TipoInstitucion;cohorte=2017;horizonte=1,Institucion,13882,13882,0,0,PASS,seguimiento JOIN programas
DIM-TipoInstitucion-2017-1-EducacionSuperior,dimensiones,dimension=TipoInstitucion;cohorte=2017;horizonte=1,EducacionSuperior,13882,13882,0,0,PASS,seguimiento JOIN programas
DIM-TipoInstitucion-2017-2-Base,dimensiones,dimension=TipoInstitucion;cohorte=2017;horizonte=2,Base,13882,13882,0,0,PASS,seguimiento JOIN programas
DIM-TipoInstitucion-2017-2-Carrera,dimensiones,dimension=TipoInstitucion;cohorte=2017;horizonte=2,Carrera,7545,7545,0,0,PASS,seguimiento JOIN programas
DIM-TipoInstitucion-2017-2-Institucion,dimensiones,dimension=TipoInstitucion;cohorte=2017;horizonte=2,Institucion,7825,7825,0,0,PASS,seguimiento JOIN programas
DIM-TipoInstitucion-2017-2-EducacionSuperior,dimensiones,dimension=TipoInstitucion;cohorte=2017;horizonte=2,EducacionSuperior,8605,8605,0,0,PASS,seguimiento JOIN programas
DIM-TipoInstitucion-2017-3-Base,dimensiones,dimension=TipoInstitucion;cohorte=2017;horizonte=3,Base,13882,13882,0,0,PASS,seguimiento JOIN programas
DIM-TipoInstitucion-2017-3-Carrera,dimensiones,dimension=TipoInstitucion;cohorte=2017;horizonte=3,Carrera,4177,4177,0,0,PASS,seguimiento JOIN programas
DIM-TipoInstitucion-2017-3-Institucion,dimensiones,dimension=TipoInstitucion;cohorte=2017;horizonte=3,Institucion,5000,5000,0,0,PASS,seguimiento JOIN programas
DIM-TipoInstitucion-2017-3-EducacionSuperior,dimensiones,dimension=TipoInstitucion;cohorte=2017;horizonte=3,EducacionSuperior,6217,6217,0,0,PASS,seguimiento JOIN programas
DIM-TipoInstitucion-2017-4-Base,dimensiones,dimension=TipoInstitucion;cohorte=2017;horizonte=4,Base,13882,13882,0,0,PASS,seguimiento JOIN programas
DIM-TipoInstitucion-2017-4-Carrera,dimensiones,dimension=TipoInstitucion;cohorte=2017;horizonte=4,Carrera,1765,1765,0,0,PASS,seguimiento JOIN programas
DIM-TipoInstitucion-2017-4-Institucion,dimensiones,dimension=TipoInstitucion;cohorte=2017;horizonte=4,Institucion,2664,2664,0,0,PASS,seguimiento JOIN programas
DIM-TipoInstitucion-2017-4-EducacionSuperior,dimensiones,dimension=TipoInstitucion;cohorte=2017;horizonte=4,EducacionSuperior,4082,4082,0,0,PASS,seguimiento JOIN programas
DIM-TipoInstitucion-2017-5-Base,dimensiones,dimension=TipoInstitucion;cohorte=2017;horizonte=5,Base,13882,13882,0,0,PASS,seguimiento JOIN programas
DIM-TipoInstitucion-2017-5-Carrera,dimensiones,dimension=TipoInstitucion;cohorte=2017;horizonte=5,Carrera,827,827,0,0,PASS,seguimiento JOIN programas
DIM-TipoInstitucion-2017-5-Institucion,dimensiones,dimension=TipoInstitucion;cohorte=2017;horizonte=5,Institucion,1552,1552,0,0,PASS,seguimiento JOIN programas
DIM-TipoInstitucion-2017-5-EducacionSuperior,dimensiones,dimension=TipoInstitucion;cohorte=2017;horizonte=5,EducacionSuperior,3306,3306,0,0,PASS,seguimiento JOIN programas
DIM-TipoInstitucion-2017-6-Base,dimensiones,dimension=TipoInstitucion;cohorte=2017;horizonte=6,Base,13882,13882,0,0,PASS,seguimiento JOIN programas
DIM-TipoInstitucion-2017-6-Carrera,dimensiones,dimension=TipoInstitucion;cohorte=2017;horizonte=6,Carrera,340,340,0,0,PASS,seguimiento JOIN programas
DIM-TipoInstitucion-2017-6-Institucion,dimensiones,dimension=TipoInstitucion;cohorte=2017;horizonte=6,Institucion,869,869,0,0,PASS,seguimiento JOIN programas
DIM-TipoInstitucion-2017-6-EducacionSuperior,dimensiones,dimension=TipoInstitucion;cohorte=2017;horizonte=6,EducacionSuperior,2741,2741,0,0,PASS,seguimiento JOIN programas
DIM-TipoInstitucion-2017-7-Base,dimensiones,dimension=TipoInstitucion;cohorte=2017;horizonte=7,Base,13882,13882,0,0,PASS,seguimiento JOIN programas
DIM-TipoInstitucion-2017-7-Carrera,dimensiones,dimension=TipoInstitucion;cohorte=2017;horizonte=7,Carrera,215,215,0,0,PASS,seguimiento JOIN programas
DIM-TipoInstitucion-2017-7-Institucion,dimensiones,dimension=TipoInstitucion;cohorte=2017;horizonte=7,Institucion,625,625,0,0,PASS,seguimiento JOIN programas
DIM-TipoInstitucion-2017-7-EducacionSuperior,dimensiones,dimension=TipoInstitucion;cohorte=2017;horizonte=7,EducacionSuperior,2415,2415,0,0,PASS,seguimiento JOIN programas
DIM-TipoInstitucion-2017-8-Base,dimensiones,dimension=TipoInstitucion;cohorte=2017;horizonte=8,Base,13882,13882,0,0,PASS,seguimiento JOIN programas
DIM-TipoInstitucion-2017-8-Carrera,dimensiones,dimension=TipoInstitucion;cohorte=2017;horizonte=8,Carrera,109,109,0,0,PASS,seguimiento JOIN programas
DIM-TipoInstitucion-2017-8-Institucion,dimensiones,dimension=TipoInstitucion;cohorte=2017;horizonte=8,Institucion,424,424,0,0,PASS,seguimiento JOIN programas
DIM-TipoInstitucion-2017-8-EducacionSuperior,dimensiones,dimension=TipoInstitucion;cohorte=2017;horizonte=8,EducacionSuperior,2185,2185,0,0,PASS,seguimiento JOIN programas
DIM-TipoInstitucion-2017-9-Base,dimensiones,dimension=TipoInstitucion;cohorte=2017;horizonte=9,Base,13882,13882,0,0,PASS,seguimiento JOIN programas
DIM-TipoInstitucion-2017-9-Carrera,dimensiones,dimension=TipoInstitucion;cohorte=2017;horizonte=9,Carrera,71,71,0,0,PASS,seguimiento JOIN programas
DIM-TipoInstitucion-2017-9-Institucion,dimensiones,dimension=TipoInstitucion;cohorte=2017;horizonte=9,Institucion,339,339,0,0,PASS,seguimiento JOIN programas
DIM-TipoInstitucion-2017-9-EducacionSuperior,dimensiones,dimension=TipoInstitucion;cohorte=2017;horizonte=9,EducacionSuperior,2176,2176,0,0,PASS,seguimiento JOIN programas
DIM-TipoInstitucion-2018-1-Base,dimensiones,dimension=TipoInstitucion;cohorte=2018;horizonte=1,Base,17130,17130,0,0,PASS,seguimiento JOIN programas
DIM-TipoInstitucion-2018-1-Carrera,dimensiones,dimension=TipoInstitucion;cohorte=2018;horizonte=1,Carrera,17130,17130,0,0,PASS,seguimiento JOIN programas
DIM-TipoInstitucion-2018-1-Institucion,dimensiones,dimension=TipoInstitucion;cohorte=2018;horizonte=1,Institucion,17130,17130,0,0,PASS,seguimiento JOIN programas
DIM-TipoInstitucion-2018-1-EducacionSuperior,dimensiones,dimension=TipoInstitucion;cohorte=2018;horizonte=1,EducacionSuperior,17130,17130,0,0,PASS,seguimiento JOIN programas
DIM-TipoInstitucion-2018-2-Base,dimensiones,dimension=TipoInstitucion;cohorte=2018;horizonte=2,Base,17130,17130,0,0,PASS,seguimiento JOIN programas
DIM-TipoInstitucion-2018-2-Carrera,dimensiones,dimension=TipoInstitucion;cohorte=2018;horizonte=2,Carrera,10087,10087,0,0,PASS,seguimiento JOIN programas
DIM-TipoInstitucion-2018-2-Institucion,dimensiones,dimension=TipoInstitucion;cohorte=2018;horizonte=2,Institucion,10328,10328,0,0,PASS,seguimiento JOIN programas
DIM-TipoInstitucion-2018-2-EducacionSuperior,dimensiones,dimension=TipoInstitucion;cohorte=2018;horizonte=2,EducacionSuperior,11041,11041,0,0,PASS,seguimiento JOIN programas
DIM-TipoInstitucion-2018-3-Base,dimensiones,dimension=TipoInstitucion;cohorte=2018;horizonte=3,Base,17130,17130,0,0,PASS,seguimiento JOIN programas
DIM-TipoInstitucion-2018-3-Carrera,dimensiones,dimension=TipoInstitucion;cohorte=2018;horizonte=3,Carrera,5901,5901,0,0,PASS,seguimiento JOIN programas
DIM-TipoInstitucion-2018-3-Institucion,dimensiones,dimension=TipoInstitucion;cohorte=2018;horizonte=3,Institucion,6597,6597,0,0,PASS,seguimiento JOIN programas
DIM-TipoInstitucion-2018-3-EducacionSuperior,dimensiones,dimension=TipoInstitucion;cohorte=2018;horizonte=3,EducacionSuperior,7863,7863,0,0,PASS,seguimiento JOIN programas
DIM-TipoInstitucion-2018-4-Base,dimensiones,dimension=TipoInstitucion;cohorte=2018;horizonte=4,Base,17130,17130,0,0,PASS,seguimiento JOIN programas
DIM-TipoInstitucion-2018-4-Carrera,dimensiones,dimension=TipoInstitucion;cohorte=2018;horizonte=4,Carrera,2568,2568,0,0,PASS,seguimiento JOIN programas
DIM-TipoInstitucion-2018-4-Institucion,dimensiones,dimension=TipoInstitucion;cohorte=2018;horizonte=4,Institucion,3617,3617,0,0,PASS,seguimiento JOIN programas
DIM-TipoInstitucion-2018-4-EducacionSuperior,dimensiones,dimension=TipoInstitucion;cohorte=2018;horizonte=4,EducacionSuperior,5556,5556,0,0,PASS,seguimiento JOIN programas
DIM-TipoInstitucion-2018-5-Base,dimensiones,dimension=TipoInstitucion;cohorte=2018;horizonte=5,Base,17130,17130,0,0,PASS,seguimiento JOIN programas
DIM-TipoInstitucion-2018-5-Carrera,dimensiones,dimension=TipoInstitucion;cohorte=2018;horizonte=5,Carrera,1069,1069,0,0,PASS,seguimiento JOIN programas
DIM-TipoInstitucion-2018-5-Institucion,dimensiones,dimension=TipoInstitucion;cohorte=2018;horizonte=5,Institucion,1925,1925,0,0,PASS,seguimiento JOIN programas
DIM-TipoInstitucion-2018-5-EducacionSuperior,dimensiones,dimension=TipoInstitucion;cohorte=2018;horizonte=5,EducacionSuperior,4054,4054,0,0,PASS,seguimiento JOIN programas
DIM-TipoInstitucion-2018-6-Base,dimensiones,dimension=TipoInstitucion;cohorte=2018;horizonte=6,Base,17130,17130,0,0,PASS,seguimiento JOIN programas
DIM-TipoInstitucion-2018-6-Carrera,dimensiones,dimension=TipoInstitucion;cohorte=2018;horizonte=6,Carrera,478,478,0,0,PASS,seguimiento JOIN programas
DIM-TipoInstitucion-2018-6-Institucion,dimensiones,dimension=TipoInstitucion;cohorte=2018;horizonte=6,Institucion,1138,1138,0,0,PASS,seguimiento JOIN programas
DIM-TipoInstitucion-2018-6-EducacionSuperior,dimensiones,dimension=TipoInstitucion;cohorte=2018;horizonte=6,EducacionSuperior,3275,3275,0,0,PASS,seguimiento JOIN programas
DIM-TipoInstitucion-2018-7-Base,dimensiones,dimension=TipoInstitucion;cohorte=2018;horizonte=7,Base,17130,17130,0,0,PASS,seguimiento JOIN programas
DIM-TipoInstitucion-2018-7-Carrera,dimensiones,dimension=TipoInstitucion;cohorte=2018;horizonte=7,Carrera,213,213,0,0,PASS,seguimiento JOIN programas
DIM-TipoInstitucion-2018-7-Institucion,dimensiones,dimension=TipoInstitucion;cohorte=2018;horizonte=7,Institucion,711,711,0,0,PASS,seguimiento JOIN programas
DIM-TipoInstitucion-2018-7-EducacionSuperior,dimensiones,dimension=TipoInstitucion;cohorte=2018;horizonte=7,EducacionSuperior,2867,2867,0,0,PASS,seguimiento JOIN programas
DIM-TipoInstitucion-2018-8-Base,dimensiones,dimension=TipoInstitucion;cohorte=2018;horizonte=8,Base,17130,17130,0,0,PASS,seguimiento JOIN programas
DIM-TipoInstitucion-2018-8-Carrera,dimensiones,dimension=TipoInstitucion;cohorte=2018;horizonte=8,Carrera,150,150,0,0,PASS,seguimiento JOIN programas
DIM-TipoInstitucion-2018-8-Institucion,dimensiones,dimension=TipoInstitucion;cohorte=2018;horizonte=8,Institucion,594,594,0,0,PASS,seguimiento JOIN programas
DIM-TipoInstitucion-2018-8-EducacionSuperior,dimensiones,dimension=TipoInstitucion;cohorte=2018;horizonte=8,EducacionSuperior,2828,2828,0,0,PASS,seguimiento JOIN programas
DIM-TipoInstitucion-2019-1-Base,dimensiones,dimension=TipoInstitucion;cohorte=2019;horizonte=1,Base,17822,17822,0,0,PASS,seguimiento JOIN programas
DIM-TipoInstitucion-2019-1-Carrera,dimensiones,dimension=TipoInstitucion;cohorte=2019;horizonte=1,Carrera,17822,17822,0,0,PASS,seguimiento JOIN programas
DIM-TipoInstitucion-2019-1-Institucion,dimensiones,dimension=TipoInstitucion;cohorte=2019;horizonte=1,Institucion,17822,17822,0,0,PASS,seguimiento JOIN programas
DIM-TipoInstitucion-2019-1-EducacionSuperior,dimensiones,dimension=TipoInstitucion;cohorte=2019;horizonte=1,EducacionSuperior,17822,17822,0,0,PASS,seguimiento JOIN programas
DIM-TipoInstitucion-2019-2-Base,dimensiones,dimension=TipoInstitucion;cohorte=2019;horizonte=2,Base,17822,17822,0,0,PASS,seguimiento JOIN programas
DIM-TipoInstitucion-2019-2-Carrera,dimensiones,dimension=TipoInstitucion;cohorte=2019;horizonte=2,Carrera,10419,10419,0,0,PASS,seguimiento JOIN programas
DIM-TipoInstitucion-2019-2-Institucion,dimensiones,dimension=TipoInstitucion;cohorte=2019;horizonte=2,Institucion,10661,10661,0,0,PASS,seguimiento JOIN programas
DIM-TipoInstitucion-2019-2-EducacionSuperior,dimensiones,dimension=TipoInstitucion;cohorte=2019;horizonte=2,EducacionSuperior,11365,11365,0,0,PASS,seguimiento JOIN programas
DIM-TipoInstitucion-2019-3-Base,dimensiones,dimension=TipoInstitucion;cohorte=2019;horizonte=3,Base,17822,17822,0,0,PASS,seguimiento JOIN programas
DIM-TipoInstitucion-2019-3-Carrera,dimensiones,dimension=TipoInstitucion;cohorte=2019;horizonte=3,Carrera,6830,6830,0,0,PASS,seguimiento JOIN programas
DIM-TipoInstitucion-2019-3-Institucion,dimensiones,dimension=TipoInstitucion;cohorte=2019;horizonte=3,Institucion,7619,7619,0,0,PASS,seguimiento JOIN programas
DIM-TipoInstitucion-2019-3-EducacionSuperior,dimensiones,dimension=TipoInstitucion;cohorte=2019;horizonte=3,EducacionSuperior,9015,9015,0,0,PASS,seguimiento JOIN programas
DIM-TipoInstitucion-2019-4-Base,dimensiones,dimension=TipoInstitucion;cohorte=2019;horizonte=4,Base,17822,17822,0,0,PASS,seguimiento JOIN programas
DIM-TipoInstitucion-2019-4-Carrera,dimensiones,dimension=TipoInstitucion;cohorte=2019;horizonte=4,Carrera,2805,2805,0,0,PASS,seguimiento JOIN programas
DIM-TipoInstitucion-2019-4-Institucion,dimensiones,dimension=TipoInstitucion;cohorte=2019;horizonte=4,Institucion,3920,3920,0,0,PASS,seguimiento JOIN programas
DIM-TipoInstitucion-2019-4-EducacionSuperior,dimensiones,dimension=TipoInstitucion;cohorte=2019;horizonte=4,EducacionSuperior,5854,5854,0,0,PASS,seguimiento JOIN programas
DIM-TipoInstitucion-2019-5-Base,dimensiones,dimension=TipoInstitucion;cohorte=2019;horizonte=5,Base,17822,17822,0,0,PASS,seguimiento JOIN programas
DIM-TipoInstitucion-2019-5-Carrera,dimensiones,dimension=TipoInstitucion;cohorte=2019;horizonte=5,Carrera,1382,1382,0,0,PASS,seguimiento JOIN programas
DIM-TipoInstitucion-2019-5-Institucion,dimensiones,dimension=TipoInstitucion;cohorte=2019;horizonte=5,Institucion,2369,2369,0,0,PASS,seguimiento JOIN programas
DIM-TipoInstitucion-2019-5-EducacionSuperior,dimensiones,dimension=TipoInstitucion;cohorte=2019;horizonte=5,EducacionSuperior,4488,4488,0,0,PASS,seguimiento JOIN programas
DIM-TipoInstitucion-2019-6-Base,dimensiones,dimension=TipoInstitucion;cohorte=2019;horizonte=6,Base,17822,17822,0,0,PASS,seguimiento JOIN programas
DIM-TipoInstitucion-2019-6-Carrera,dimensiones,dimension=TipoInstitucion;cohorte=2019;horizonte=6,Carrera,413,413,0,0,PASS,seguimiento JOIN programas
DIM-TipoInstitucion-2019-6-Institucion,dimensiones,dimension=TipoInstitucion;cohorte=2019;horizonte=6,Institucion,1145,1145,0,0,PASS,seguimiento JOIN programas
DIM-TipoInstitucion-2019-6-EducacionSuperior,dimensiones,dimension=TipoInstitucion;cohorte=2019;horizonte=6,EducacionSuperior,3392,3392,0,0,PASS,seguimiento JOIN programas
DIM-TipoInstitucion-2019-7-Base,dimensiones,dimension=TipoInstitucion;cohorte=2019;horizonte=7,Base,17822,17822,0,0,PASS,seguimiento JOIN programas
DIM-TipoInstitucion-2019-7-Carrera,dimensiones,dimension=TipoInstitucion;cohorte=2019;horizonte=7,Carrera,228,228,0,0,PASS,seguimiento JOIN programas
DIM-TipoInstitucion-2019-7-Institucion,dimensiones,dimension=TipoInstitucion;cohorte=2019;horizonte=7,Institucion,822,822,0,0,PASS,seguimiento JOIN programas
DIM-TipoInstitucion-2019-7-EducacionSuperior,dimensiones,dimension=TipoInstitucion;cohorte=2019;horizonte=7,EducacionSuperior,3204,3204,0,0,PASS,seguimiento JOIN programas
DIM-TipoInstitucion-2020-1-Base,dimensiones,dimension=TipoInstitucion;cohorte=2020;horizonte=1,Base,16467,16467,0,0,PASS,seguimiento JOIN programas
DIM-TipoInstitucion-2020-1-Carrera,dimensiones,dimension=TipoInstitucion;cohorte=2020;horizonte=1,Carrera,16467,16467,0,0,PASS,seguimiento JOIN programas
DIM-TipoInstitucion-2020-1-Institucion,dimensiones,dimension=TipoInstitucion;cohorte=2020;horizonte=1,Institucion,16467,16467,0,0,PASS,seguimiento JOIN programas
DIM-TipoInstitucion-2020-1-EducacionSuperior,dimensiones,dimension=TipoInstitucion;cohorte=2020;horizonte=1,EducacionSuperior,16467,16467,0,0,PASS,seguimiento JOIN programas
DIM-TipoInstitucion-2020-2-Base,dimensiones,dimension=TipoInstitucion;cohorte=2020;horizonte=2,Base,16467,16467,0,0,PASS,seguimiento JOIN programas
DIM-TipoInstitucion-2020-2-Carrera,dimensiones,dimension=TipoInstitucion;cohorte=2020;horizonte=2,Carrera,10794,10794,0,0,PASS,seguimiento JOIN programas
DIM-TipoInstitucion-2020-2-Institucion,dimensiones,dimension=TipoInstitucion;cohorte=2020;horizonte=2,Institucion,11038,11038,0,0,PASS,seguimiento JOIN programas
DIM-TipoInstitucion-2020-2-EducacionSuperior,dimensiones,dimension=TipoInstitucion;cohorte=2020;horizonte=2,EducacionSuperior,11811,11811,0,0,PASS,seguimiento JOIN programas
DIM-TipoInstitucion-2020-3-Base,dimensiones,dimension=TipoInstitucion;cohorte=2020;horizonte=3,Base,16467,16467,0,0,PASS,seguimiento JOIN programas
DIM-TipoInstitucion-2020-3-Carrera,dimensiones,dimension=TipoInstitucion;cohorte=2020;horizonte=3,Carrera,6499,6499,0,0,PASS,seguimiento JOIN programas
DIM-TipoInstitucion-2020-3-Institucion,dimensiones,dimension=TipoInstitucion;cohorte=2020;horizonte=3,Institucion,7174,7174,0,0,PASS,seguimiento JOIN programas
DIM-TipoInstitucion-2020-3-EducacionSuperior,dimensiones,dimension=TipoInstitucion;cohorte=2020;horizonte=3,EducacionSuperior,8456,8456,0,0,PASS,seguimiento JOIN programas
DIM-TipoInstitucion-2020-4-Base,dimensiones,dimension=TipoInstitucion;cohorte=2020;horizonte=4,Base,16467,16467,0,0,PASS,seguimiento JOIN programas
DIM-TipoInstitucion-2020-4-Carrera,dimensiones,dimension=TipoInstitucion;cohorte=2020;horizonte=4,Carrera,3266,3266,0,0,PASS,seguimiento JOIN programas
DIM-TipoInstitucion-2020-4-Institucion,dimensiones,dimension=TipoInstitucion;cohorte=2020;horizonte=4,Institucion,4232,4232,0,0,PASS,seguimiento JOIN programas
DIM-TipoInstitucion-2020-4-EducacionSuperior,dimensiones,dimension=TipoInstitucion;cohorte=2020;horizonte=4,EducacionSuperior,5927,5927,0,0,PASS,seguimiento JOIN programas
DIM-TipoInstitucion-2020-5-Base,dimensiones,dimension=TipoInstitucion;cohorte=2020;horizonte=5,Base,16467,16467,0,0,PASS,seguimiento JOIN programas
DIM-TipoInstitucion-2020-5-Carrera,dimensiones,dimension=TipoInstitucion;cohorte=2020;horizonte=5,Carrera,1399,1399,0,0,PASS,seguimiento JOIN programas
DIM-TipoInstitucion-2020-5-Institucion,dimensiones,dimension=TipoInstitucion;cohorte=2020;horizonte=5,Institucion,2378,2378,0,0,PASS,seguimiento JOIN programas
DIM-TipoInstitucion-2020-5-EducacionSuperior,dimensiones,dimension=TipoInstitucion;cohorte=2020;horizonte=5,EducacionSuperior,4426,4426,0,0,PASS,seguimiento JOIN programas
DIM-TipoInstitucion-2020-6-Base,dimensiones,dimension=TipoInstitucion;cohorte=2020;horizonte=6,Base,16467,16467,0,0,PASS,seguimiento JOIN programas
DIM-TipoInstitucion-2020-6-Carrera,dimensiones,dimension=TipoInstitucion;cohorte=2020;horizonte=6,Carrera,485,485,0,0,PASS,seguimiento JOIN programas
DIM-TipoInstitucion-2020-6-Institucion,dimensiones,dimension=TipoInstitucion;cohorte=2020;horizonte=6,Institucion,1207,1207,0,0,PASS,seguimiento JOIN programas
DIM-TipoInstitucion-2020-6-EducacionSuperior,dimensiones,dimension=TipoInstitucion;cohorte=2020;horizonte=6,EducacionSuperior,3500,3500,0,0,PASS,seguimiento JOIN programas
DIM-TipoInstitucion-2021-1-Base,dimensiones,dimension=TipoInstitucion;cohorte=2021;horizonte=1,Base,24932,24932,0,0,PASS,seguimiento JOIN programas
DIM-TipoInstitucion-2021-1-Carrera,dimensiones,dimension=TipoInstitucion;cohorte=2021;horizonte=1,Carrera,24932,24932,0,0,PASS,seguimiento JOIN programas
DIM-TipoInstitucion-2021-1-Institucion,dimensiones,dimension=TipoInstitucion;cohorte=2021;horizonte=1,Institucion,24932,24932,0,0,PASS,seguimiento JOIN programas
DIM-TipoInstitucion-2021-1-EducacionSuperior,dimensiones,dimension=TipoInstitucion;cohorte=2021;horizonte=1,EducacionSuperior,24932,24932,0,0,PASS,seguimiento JOIN programas
DIM-TipoInstitucion-2021-2-Base,dimensiones,dimension=TipoInstitucion;cohorte=2021;horizonte=2,Base,24932,24932,0,0,PASS,seguimiento JOIN programas
DIM-TipoInstitucion-2021-2-Carrera,dimensiones,dimension=TipoInstitucion;cohorte=2021;horizonte=2,Carrera,16097,16097,0,0,PASS,seguimiento JOIN programas
DIM-TipoInstitucion-2021-2-Institucion,dimensiones,dimension=TipoInstitucion;cohorte=2021;horizonte=2,Institucion,16452,16452,0,0,PASS,seguimiento JOIN programas
DIM-TipoInstitucion-2021-2-EducacionSuperior,dimensiones,dimension=TipoInstitucion;cohorte=2021;horizonte=2,EducacionSuperior,17394,17394,0,0,PASS,seguimiento JOIN programas
DIM-TipoInstitucion-2021-3-Base,dimensiones,dimension=TipoInstitucion;cohorte=2021;horizonte=3,Base,24932,24932,0,0,PASS,seguimiento JOIN programas
DIM-TipoInstitucion-2021-3-Carrera,dimensiones,dimension=TipoInstitucion;cohorte=2021;horizonte=3,Carrera,11656,11656,0,0,PASS,seguimiento JOIN programas
DIM-TipoInstitucion-2021-3-Institucion,dimensiones,dimension=TipoInstitucion;cohorte=2021;horizonte=3,Institucion,12415,12415,0,0,PASS,seguimiento JOIN programas
DIM-TipoInstitucion-2021-3-EducacionSuperior,dimensiones,dimension=TipoInstitucion;cohorte=2021;horizonte=3,EducacionSuperior,14025,14025,0,0,PASS,seguimiento JOIN programas
DIM-TipoInstitucion-2021-4-Base,dimensiones,dimension=TipoInstitucion;cohorte=2021;horizonte=4,Base,24932,24932,0,0,PASS,seguimiento JOIN programas
DIM-TipoInstitucion-2021-4-Carrera,dimensiones,dimension=TipoInstitucion;cohorte=2021;horizonte=4,Carrera,4320,4320,0,0,PASS,seguimiento JOIN programas
DIM-TipoInstitucion-2021-4-Institucion,dimensiones,dimension=TipoInstitucion;cohorte=2021;horizonte=4,Institucion,5596,5596,0,0,PASS,seguimiento JOIN programas
DIM-TipoInstitucion-2021-4-EducacionSuperior,dimensiones,dimension=TipoInstitucion;cohorte=2021;horizonte=4,EducacionSuperior,8016,8016,0,0,PASS,seguimiento JOIN programas
DIM-TipoInstitucion-2021-5-Base,dimensiones,dimension=TipoInstitucion;cohorte=2021;horizonte=5,Base,24932,24932,0,0,PASS,seguimiento JOIN programas
DIM-TipoInstitucion-2021-5-Carrera,dimensiones,dimension=TipoInstitucion;cohorte=2021;horizonte=5,Carrera,1958,1958,0,0,PASS,seguimiento JOIN programas
DIM-TipoInstitucion-2021-5-Institucion,dimensiones,dimension=TipoInstitucion;cohorte=2021;horizonte=5,Institucion,3355,3355,0,0,PASS,seguimiento JOIN programas
DIM-TipoInstitucion-2021-5-EducacionSuperior,dimensiones,dimension=TipoInstitucion;cohorte=2021;horizonte=5,EducacionSuperior,6392,6392,0,0,PASS,seguimiento JOIN programas
DIM-TipoInstitucion-2022-1-Base,dimensiones,dimension=TipoInstitucion;cohorte=2022;horizonte=1,Base,32143,32143,0,0,PASS,seguimiento JOIN programas
DIM-TipoInstitucion-2022-1-Carrera,dimensiones,dimension=TipoInstitucion;cohorte=2022;horizonte=1,Carrera,32143,32143,0,0,PASS,seguimiento JOIN programas
DIM-TipoInstitucion-2022-1-Institucion,dimensiones,dimension=TipoInstitucion;cohorte=2022;horizonte=1,Institucion,32143,32143,0,0,PASS,seguimiento JOIN programas
DIM-TipoInstitucion-2022-1-EducacionSuperior,dimensiones,dimension=TipoInstitucion;cohorte=2022;horizonte=1,EducacionSuperior,32143,32143,0,0,PASS,seguimiento JOIN programas
DIM-TipoInstitucion-2022-2-Base,dimensiones,dimension=TipoInstitucion;cohorte=2022;horizonte=2,Base,32143,32143,0,0,PASS,seguimiento JOIN programas
DIM-TipoInstitucion-2022-2-Carrera,dimensiones,dimension=TipoInstitucion;cohorte=2022;horizonte=2,Carrera,20142,20142,0,0,PASS,seguimiento JOIN programas
DIM-TipoInstitucion-2022-2-Institucion,dimensiones,dimension=TipoInstitucion;cohorte=2022;horizonte=2,Institucion,20555,20555,0,0,PASS,seguimiento JOIN programas
DIM-TipoInstitucion-2022-2-EducacionSuperior,dimensiones,dimension=TipoInstitucion;cohorte=2022;horizonte=2,EducacionSuperior,22103,22103,0,0,PASS,seguimiento JOIN programas
DIM-TipoInstitucion-2022-3-Base,dimensiones,dimension=TipoInstitucion;cohorte=2022;horizonte=3,Base,32143,32143,0,0,PASS,seguimiento JOIN programas
DIM-TipoInstitucion-2022-3-Carrera,dimensiones,dimension=TipoInstitucion;cohorte=2022;horizonte=3,Carrera,11806,11806,0,0,PASS,seguimiento JOIN programas
DIM-TipoInstitucion-2022-3-Institucion,dimensiones,dimension=TipoInstitucion;cohorte=2022;horizonte=3,Institucion,12893,12893,0,0,PASS,seguimiento JOIN programas
DIM-TipoInstitucion-2022-3-EducacionSuperior,dimensiones,dimension=TipoInstitucion;cohorte=2022;horizonte=3,EducacionSuperior,15590,15590,0,0,PASS,seguimiento JOIN programas
DIM-TipoInstitucion-2022-4-Base,dimensiones,dimension=TipoInstitucion;cohorte=2022;horizonte=4,Base,32143,32143,0,0,PASS,seguimiento JOIN programas
DIM-TipoInstitucion-2022-4-Carrera,dimensiones,dimension=TipoInstitucion;cohorte=2022;horizonte=4,Carrera,5713,5713,0,0,PASS,seguimiento JOIN programas
DIM-TipoInstitucion-2022-4-Institucion,dimensiones,dimension=TipoInstitucion;cohorte=2022;horizonte=4,Institucion,7201,7201,0,0,PASS,seguimiento JOIN programas
DIM-TipoInstitucion-2022-4-EducacionSuperior,dimensiones,dimension=TipoInstitucion;cohorte=2022;horizonte=4,EducacionSuperior,11007,11007,0,0,PASS,seguimiento JOIN programas
DIM-TipoInstitucion-2023-1-Base,dimensiones,dimension=TipoInstitucion;cohorte=2023;horizonte=1,Base,39218,39218,0,0,PASS,seguimiento JOIN programas
DIM-TipoInstitucion-2023-1-Carrera,dimensiones,dimension=TipoInstitucion;cohorte=2023;horizonte=1,Carrera,39218,39218,0,0,PASS,seguimiento JOIN programas
DIM-TipoInstitucion-2023-1-Institucion,dimensiones,dimension=TipoInstitucion;cohorte=2023;horizonte=1,Institucion,39218,39218,0,0,PASS,seguimiento JOIN programas
DIM-TipoInstitucion-2023-1-EducacionSuperior,dimensiones,dimension=TipoInstitucion;cohorte=2023;horizonte=1,EducacionSuperior,39218,39218,0,0,PASS,seguimiento JOIN programas
DIM-TipoInstitucion-2023-2-Base,dimensiones,dimension=TipoInstitucion;cohorte=2023;horizonte=2,Base,39218,39218,0,0,PASS,seguimiento JOIN programas
DIM-TipoInstitucion-2023-2-Carrera,dimensiones,dimension=TipoInstitucion;cohorte=2023;horizonte=2,Carrera,24297,24297,0,0,PASS,seguimiento JOIN programas
DIM-TipoInstitucion-2023-2-Institucion,dimensiones,dimension=TipoInstitucion;cohorte=2023;horizonte=2,Institucion,25113,25113,0,0,PASS,seguimiento JOIN programas
DIM-TipoInstitucion-2023-2-EducacionSuperior,dimensiones,dimension=TipoInstitucion;cohorte=2023;horizonte=2,EducacionSuperior,27139,27139,0,0,PASS,seguimiento JOIN programas
DIM-TipoInstitucion-2023-3-Base,dimensiones,dimension=TipoInstitucion;cohorte=2023;horizonte=3,Base,39218,39218,0,0,PASS,seguimiento JOIN programas
DIM-TipoInstitucion-2023-3-Carrera,dimensiones,dimension=TipoInstitucion;cohorte=2023;horizonte=3,Carrera,15032,15032,0,0,PASS,seguimiento JOIN programas
DIM-TipoInstitucion-2023-3-Institucion,dimensiones,dimension=TipoInstitucion;cohorte=2023;horizonte=3,Institucion,16398,16398,0,0,PASS,seguimiento JOIN programas
DIM-TipoInstitucion-2023-3-EducacionSuperior,dimensiones,dimension=TipoInstitucion;cohorte=2023;horizonte=3,EducacionSuperior,19836,19836,0,0,PASS,seguimiento JOIN programas
DIM-TipoInstitucion-2024-1-Base,dimensiones,dimension=TipoInstitucion;cohorte=2024;horizonte=1,Base,41056,41056,0,0,PASS,seguimiento JOIN programas
DIM-TipoInstitucion-2024-1-Carrera,dimensiones,dimension=TipoInstitucion;cohorte=2024;horizonte=1,Carrera,41056,41056,0,0,PASS,seguimiento JOIN programas
DIM-TipoInstitucion-2024-1-Institucion,dimensiones,dimension=TipoInstitucion;cohorte=2024;horizonte=1,Institucion,41056,41056,0,0,PASS,seguimiento JOIN programas
DIM-TipoInstitucion-2024-1-EducacionSuperior,dimensiones,dimension=TipoInstitucion;cohorte=2024;horizonte=1,EducacionSuperior,41056,41056,0,0,PASS,seguimiento JOIN programas
DIM-TipoInstitucion-2024-2-Base,dimensiones,dimension=TipoInstitucion;cohorte=2024;horizonte=2,Base,41056,41056,0,0,PASS,seguimiento JOIN programas
DIM-TipoInstitucion-2024-2-Carrera,dimensiones,dimension=TipoInstitucion;cohorte=2024;horizonte=2,Carrera,26470,26470,0,0,PASS,seguimiento JOIN programas
DIM-TipoInstitucion-2024-2-Institucion,dimensiones,dimension=TipoInstitucion;cohorte=2024;horizonte=2,Institucion,27111,27111,0,0,PASS,seguimiento JOIN programas
DIM-TipoInstitucion-2024-2-EducacionSuperior,dimensiones,dimension=TipoInstitucion;cohorte=2024;horizonte=2,EducacionSuperior,29383,29383,0,0,PASS,seguimiento JOIN programas
DIM-TipoInstitucion-2025-1-Base,dimensiones,dimension=TipoInstitucion;cohorte=2025;horizonte=1,Base,50233,50233,0,0,PASS,seguimiento JOIN programas
DIM-TipoInstitucion-2025-1-Carrera,dimensiones,dimension=TipoInstitucion;cohorte=2025;horizonte=1,Carrera,50233,50233,0,0,PASS,seguimiento JOIN programas
DIM-TipoInstitucion-2025-1-Institucion,dimensiones,dimension=TipoInstitucion;cohorte=2025;horizonte=1,Institucion,50233,50233,0,0,PASS,seguimiento JOIN programas
DIM-TipoInstitucion-2025-1-EducacionSuperior,dimensiones,dimension=TipoInstitucion;cohorte=2025;horizonte=1,EducacionSuperior,50233,50233,0,0,PASS,seguimiento JOIN programas
DIM-Institucion-2011-1-Base,dimensiones,dimension=Institucion;cohorte=2011;horizonte=1,Base,3641,3641,0,0,PASS,seguimiento JOIN programas
DIM-Institucion-2011-1-Carrera,dimensiones,dimension=Institucion;cohorte=2011;horizonte=1,Carrera,3641,3641,0,0,PASS,seguimiento JOIN programas
DIM-Institucion-2011-1-Institucion,dimensiones,dimension=Institucion;cohorte=2011;horizonte=1,Institucion,3641,3641,0,0,PASS,seguimiento JOIN programas
DIM-Institucion-2011-1-EducacionSuperior,dimensiones,dimension=Institucion;cohorte=2011;horizonte=1,EducacionSuperior,3641,3641,0,0,PASS,seguimiento JOIN programas
DIM-Institucion-2011-2-Base,dimensiones,dimension=Institucion;cohorte=2011;horizonte=2,Base,3641,3641,0,0,PASS,seguimiento JOIN programas
DIM-Institucion-2011-2-Carrera,dimensiones,dimension=Institucion;cohorte=2011;horizonte=2,Carrera,2162,2162,0,0,PASS,seguimiento JOIN programas
DIM-Institucion-2011-2-Institucion,dimensiones,dimension=Institucion;cohorte=2011;horizonte=2,Institucion,2248,2248,0,0,PASS,seguimiento JOIN programas
DIM-Institucion-2011-2-EducacionSuperior,dimensiones,dimension=Institucion;cohorte=2011;horizonte=2,EducacionSuperior,2446,2446,0,0,PASS,seguimiento JOIN programas
DIM-Institucion-2011-3-Base,dimensiones,dimension=Institucion;cohorte=2011;horizonte=3,Base,3641,3641,0,0,PASS,seguimiento JOIN programas
DIM-Institucion-2011-3-Carrera,dimensiones,dimension=Institucion;cohorte=2011;horizonte=3,Carrera,1395,1395,0,0,PASS,seguimiento JOIN programas
DIM-Institucion-2011-3-Institucion,dimensiones,dimension=Institucion;cohorte=2011;horizonte=3,Institucion,1770,1770,0,0,PASS,seguimiento JOIN programas
DIM-Institucion-2011-3-EducacionSuperior,dimensiones,dimension=Institucion;cohorte=2011;horizonte=3,EducacionSuperior,2159,2159,0,0,PASS,seguimiento JOIN programas
DIM-Institucion-2011-4-Base,dimensiones,dimension=Institucion;cohorte=2011;horizonte=4,Base,3641,3641,0,0,PASS,seguimiento JOIN programas
DIM-Institucion-2011-4-Carrera,dimensiones,dimension=Institucion;cohorte=2011;horizonte=4,Carrera,486,486,0,0,PASS,seguimiento JOIN programas
DIM-Institucion-2011-4-Institucion,dimensiones,dimension=Institucion;cohorte=2011;horizonte=4,Institucion,803,803,0,0,PASS,seguimiento JOIN programas
DIM-Institucion-2011-4-EducacionSuperior,dimensiones,dimension=Institucion;cohorte=2011;horizonte=4,EducacionSuperior,1367,1367,0,0,PASS,seguimiento JOIN programas
DIM-Institucion-2011-5-Base,dimensiones,dimension=Institucion;cohorte=2011;horizonte=5,Base,3641,3641,0,0,PASS,seguimiento JOIN programas
DIM-Institucion-2011-5-Carrera,dimensiones,dimension=Institucion;cohorte=2011;horizonte=5,Carrera,198,198,0,0,PASS,seguimiento JOIN programas
DIM-Institucion-2011-5-Institucion,dimensiones,dimension=Institucion;cohorte=2011;horizonte=5,Institucion,380,380,0,0,PASS,seguimiento JOIN programas
DIM-Institucion-2011-5-EducacionSuperior,dimensiones,dimension=Institucion;cohorte=2011;horizonte=5,EducacionSuperior,978,978,0,0,PASS,seguimiento JOIN programas
DIM-Institucion-2011-6-Base,dimensiones,dimension=Institucion;cohorte=2011;horizonte=6,Base,3641,3641,0,0,PASS,seguimiento JOIN programas
DIM-Institucion-2011-6-Carrera,dimensiones,dimension=Institucion;cohorte=2011;horizonte=6,Carrera,87,87,0,0,PASS,seguimiento JOIN programas
DIM-Institucion-2011-6-Institucion,dimensiones,dimension=Institucion;cohorte=2011;horizonte=6,Institucion,211,211,0,0,PASS,seguimiento JOIN programas
DIM-Institucion-2011-6-EducacionSuperior,dimensiones,dimension=Institucion;cohorte=2011;horizonte=6,EducacionSuperior,805,805,0,0,PASS,seguimiento JOIN programas
DIM-Institucion-2011-7-Base,dimensiones,dimension=Institucion;cohorte=2011;horizonte=7,Base,3641,3641,0,0,PASS,seguimiento JOIN programas
DIM-Institucion-2011-7-Carrera,dimensiones,dimension=Institucion;cohorte=2011;horizonte=7,Carrera,43,43,0,0,PASS,seguimiento JOIN programas
DIM-Institucion-2011-7-Institucion,dimensiones,dimension=Institucion;cohorte=2011;horizonte=7,Institucion,135,135,0,0,PASS,seguimiento JOIN programas
DIM-Institucion-2011-7-EducacionSuperior,dimensiones,dimension=Institucion;cohorte=2011;horizonte=7,EducacionSuperior,653,653,0,0,PASS,seguimiento JOIN programas
DIM-Institucion-2011-8-Base,dimensiones,dimension=Institucion;cohorte=2011;horizonte=8,Base,3641,3641,0,0,PASS,seguimiento JOIN programas
DIM-Institucion-2011-8-Carrera,dimensiones,dimension=Institucion;cohorte=2011;horizonte=8,Carrera,25,25,0,0,PASS,seguimiento JOIN programas
DIM-Institucion-2011-8-Institucion,dimensiones,dimension=Institucion;cohorte=2011;horizonte=8,Institucion,80,80,0,0,PASS,seguimiento JOIN programas
DIM-Institucion-2011-8-EducacionSuperior,dimensiones,dimension=Institucion;cohorte=2011;horizonte=8,EducacionSuperior,525,525,0,0,PASS,seguimiento JOIN programas
DIM-Institucion-2011-9-Base,dimensiones,dimension=Institucion;cohorte=2011;horizonte=9,Base,3641,3641,0,0,PASS,seguimiento JOIN programas
DIM-Institucion-2011-9-Carrera,dimensiones,dimension=Institucion;cohorte=2011;horizonte=9,Carrera,17,17,0,0,PASS,seguimiento JOIN programas
DIM-Institucion-2011-9-Institucion,dimensiones,dimension=Institucion;cohorte=2011;horizonte=9,Institucion,54,54,0,0,PASS,seguimiento JOIN programas
DIM-Institucion-2011-9-EducacionSuperior,dimensiones,dimension=Institucion;cohorte=2011;horizonte=9,EducacionSuperior,472,472,0,0,PASS,seguimiento JOIN programas
DIM-Institucion-2011-10-Base,dimensiones,dimension=Institucion;cohorte=2011;horizonte=10,Base,3641,3641,0,0,PASS,seguimiento JOIN programas
DIM-Institucion-2011-10-Carrera,dimensiones,dimension=Institucion;cohorte=2011;horizonte=10,Carrera,12,12,0,0,PASS,seguimiento JOIN programas
DIM-Institucion-2011-10-Institucion,dimensiones,dimension=Institucion;cohorte=2011;horizonte=10,Institucion,49,49,0,0,PASS,seguimiento JOIN programas
DIM-Institucion-2011-10-EducacionSuperior,dimensiones,dimension=Institucion;cohorte=2011;horizonte=10,EducacionSuperior,413,413,0,0,PASS,seguimiento JOIN programas
DIM-Institucion-2011-11-Base,dimensiones,dimension=Institucion;cohorte=2011;horizonte=11,Base,3641,3641,0,0,PASS,seguimiento JOIN programas
DIM-Institucion-2011-11-Carrera,dimensiones,dimension=Institucion;cohorte=2011;horizonte=11,Carrera,7,7,0,0,PASS,seguimiento JOIN programas
DIM-Institucion-2011-11-Institucion,dimensiones,dimension=Institucion;cohorte=2011;horizonte=11,Institucion,38,38,0,0,PASS,seguimiento JOIN programas
DIM-Institucion-2011-11-EducacionSuperior,dimensiones,dimension=Institucion;cohorte=2011;horizonte=11,EducacionSuperior,441,441,0,0,PASS,seguimiento JOIN programas
DIM-Institucion-2011-12-Base,dimensiones,dimension=Institucion;cohorte=2011;horizonte=12,Base,3641,3641,0,0,PASS,seguimiento JOIN programas
DIM-Institucion-2011-12-Carrera,dimensiones,dimension=Institucion;cohorte=2011;horizonte=12,Carrera,8,8,0,0,PASS,seguimiento JOIN programas
DIM-Institucion-2011-12-Institucion,dimensiones,dimension=Institucion;cohorte=2011;horizonte=12,Institucion,45,45,0,0,PASS,seguimiento JOIN programas
DIM-Institucion-2011-12-EducacionSuperior,dimensiones,dimension=Institucion;cohorte=2011;horizonte=12,EducacionSuperior,436,436,0,0,PASS,seguimiento JOIN programas
DIM-Institucion-2011-13-Base,dimensiones,dimension=Institucion;cohorte=2011;horizonte=13,Base,3641,3641,0,0,PASS,seguimiento JOIN programas
DIM-Institucion-2011-13-Carrera,dimensiones,dimension=Institucion;cohorte=2011;horizonte=13,Carrera,4,4,0,0,PASS,seguimiento JOIN programas
DIM-Institucion-2011-13-Institucion,dimensiones,dimension=Institucion;cohorte=2011;horizonte=13,Institucion,38,38,0,0,PASS,seguimiento JOIN programas
DIM-Institucion-2011-13-EducacionSuperior,dimensiones,dimension=Institucion;cohorte=2011;horizonte=13,EducacionSuperior,409,409,0,0,PASS,seguimiento JOIN programas
DIM-Institucion-2011-14-Base,dimensiones,dimension=Institucion;cohorte=2011;horizonte=14,Base,3641,3641,0,0,PASS,seguimiento JOIN programas
DIM-Institucion-2011-14-Carrera,dimensiones,dimension=Institucion;cohorte=2011;horizonte=14,Carrera,2,2,0,0,PASS,seguimiento JOIN programas
DIM-Institucion-2011-14-Institucion,dimensiones,dimension=Institucion;cohorte=2011;horizonte=14,Institucion,30,30,0,0,PASS,seguimiento JOIN programas
DIM-Institucion-2011-14-EducacionSuperior,dimensiones,dimension=Institucion;cohorte=2011;horizonte=14,EducacionSuperior,359,359,0,0,PASS,seguimiento JOIN programas
DIM-Institucion-2011-15-Base,dimensiones,dimension=Institucion;cohorte=2011;horizonte=15,Base,3641,3641,0,0,PASS,seguimiento JOIN programas
DIM-Institucion-2011-15-Carrera,dimensiones,dimension=Institucion;cohorte=2011;horizonte=15,Carrera,1,1,0,0,PASS,seguimiento JOIN programas
DIM-Institucion-2011-15-Institucion,dimensiones,dimension=Institucion;cohorte=2011;horizonte=15,Institucion,22,22,0,0,PASS,seguimiento JOIN programas
DIM-Institucion-2011-15-EducacionSuperior,dimensiones,dimension=Institucion;cohorte=2011;horizonte=15,EducacionSuperior,356,356,0,0,PASS,seguimiento JOIN programas
DIM-Institucion-2012-1-Base,dimensiones,dimension=Institucion;cohorte=2012;horizonte=1,Base,5183,5183,0,0,PASS,seguimiento JOIN programas
DIM-Institucion-2012-1-Carrera,dimensiones,dimension=Institucion;cohorte=2012;horizonte=1,Carrera,5183,5183,0,0,PASS,seguimiento JOIN programas
DIM-Institucion-2012-1-Institucion,dimensiones,dimension=Institucion;cohorte=2012;horizonte=1,Institucion,5183,5183,0,0,PASS,seguimiento JOIN programas
DIM-Institucion-2012-1-EducacionSuperior,dimensiones,dimension=Institucion;cohorte=2012;horizonte=1,EducacionSuperior,5183,5183,0,0,PASS,seguimiento JOIN programas
DIM-Institucion-2012-2-Base,dimensiones,dimension=Institucion;cohorte=2012;horizonte=2,Base,5183,5183,0,0,PASS,seguimiento JOIN programas
DIM-Institucion-2012-2-Carrera,dimensiones,dimension=Institucion;cohorte=2012;horizonte=2,Carrera,2805,2805,0,0,PASS,seguimiento JOIN programas
DIM-Institucion-2012-2-Institucion,dimensiones,dimension=Institucion;cohorte=2012;horizonte=2,Institucion,3233,3233,0,0,PASS,seguimiento JOIN programas
DIM-Institucion-2012-2-EducacionSuperior,dimensiones,dimension=Institucion;cohorte=2012;horizonte=2,EducacionSuperior,3524,3524,0,0,PASS,seguimiento JOIN programas
DIM-Institucion-2012-3-Base,dimensiones,dimension=Institucion;cohorte=2012;horizonte=3,Base,5183,5183,0,0,PASS,seguimiento JOIN programas
DIM-Institucion-2012-3-Carrera,dimensiones,dimension=Institucion;cohorte=2012;horizonte=3,Carrera,2225,2225,0,0,PASS,seguimiento JOIN programas
DIM-Institucion-2012-3-Institucion,dimensiones,dimension=Institucion;cohorte=2012;horizonte=3,Institucion,2661,2661,0,0,PASS,seguimiento JOIN programas
DIM-Institucion-2012-3-EducacionSuperior,dimensiones,dimension=Institucion;cohorte=2012;horizonte=3,EducacionSuperior,3172,3172,0,0,PASS,seguimiento JOIN programas
DIM-Institucion-2012-4-Base,dimensiones,dimension=Institucion;cohorte=2012;horizonte=4,Base,5183,5183,0,0,PASS,seguimiento JOIN programas
DIM-Institucion-2012-4-Carrera,dimensiones,dimension=Institucion;cohorte=2012;horizonte=4,Carrera,855,855,0,0,PASS,seguimiento JOIN programas
DIM-Institucion-2012-4-Institucion,dimensiones,dimension=Institucion;cohorte=2012;horizonte=4,Institucion,1406,1406,0,0,PASS,seguimiento JOIN programas
DIM-Institucion-2012-4-EducacionSuperior,dimensiones,dimension=Institucion;cohorte=2012;horizonte=4,EducacionSuperior,2116,2116,0,0,PASS,seguimiento JOIN programas
DIM-Institucion-2012-5-Base,dimensiones,dimension=Institucion;cohorte=2012;horizonte=5,Base,5183,5183,0,0,PASS,seguimiento JOIN programas
DIM-Institucion-2012-5-Carrera,dimensiones,dimension=Institucion;cohorte=2012;horizonte=5,Carrera,321,321,0,0,PASS,seguimiento JOIN programas
DIM-Institucion-2012-5-Institucion,dimensiones,dimension=Institucion;cohorte=2012;horizonte=5,Institucion,670,670,0,0,PASS,seguimiento JOIN programas
DIM-Institucion-2012-5-EducacionSuperior,dimensiones,dimension=Institucion;cohorte=2012;horizonte=5,EducacionSuperior,1439,1439,0,0,PASS,seguimiento JOIN programas
DIM-Institucion-2012-6-Base,dimensiones,dimension=Institucion;cohorte=2012;horizonte=6,Base,5183,5183,0,0,PASS,seguimiento JOIN programas
DIM-Institucion-2012-6-Carrera,dimensiones,dimension=Institucion;cohorte=2012;horizonte=6,Carrera,98,98,0,0,PASS,seguimiento JOIN programas
DIM-Institucion-2012-6-Institucion,dimensiones,dimension=Institucion;cohorte=2012;horizonte=6,Institucion,316,316,0,0,PASS,seguimiento JOIN programas
DIM-Institucion-2012-6-EducacionSuperior,dimensiones,dimension=Institucion;cohorte=2012;horizonte=6,EducacionSuperior,1050,1050,0,0,PASS,seguimiento JOIN programas
DIM-Institucion-2012-7-Base,dimensiones,dimension=Institucion;cohorte=2012;horizonte=7,Base,5183,5183,0,0,PASS,seguimiento JOIN programas
DIM-Institucion-2012-7-Carrera,dimensiones,dimension=Institucion;cohorte=2012;horizonte=7,Carrera,52,52,0,0,PASS,seguimiento JOIN programas
DIM-Institucion-2012-7-Institucion,dimensiones,dimension=Institucion;cohorte=2012;horizonte=7,Institucion,183,183,0,0,PASS,seguimiento JOIN programas
DIM-Institucion-2012-7-EducacionSuperior,dimensiones,dimension=Institucion;cohorte=2012;horizonte=7,EducacionSuperior,825,825,0,0,PASS,seguimiento JOIN programas
DIM-Institucion-2012-8-Base,dimensiones,dimension=Institucion;cohorte=2012;horizonte=8,Base,5183,5183,0,0,PASS,seguimiento JOIN programas
DIM-Institucion-2012-8-Carrera,dimensiones,dimension=Institucion;cohorte=2012;horizonte=8,Carrera,32,32,0,0,PASS,seguimiento JOIN programas
DIM-Institucion-2012-8-Institucion,dimensiones,dimension=Institucion;cohorte=2012;horizonte=8,Institucion,132,132,0,0,PASS,seguimiento JOIN programas
DIM-Institucion-2012-8-EducacionSuperior,dimensiones,dimension=Institucion;cohorte=2012;horizonte=8,EducacionSuperior,693,693,0,0,PASS,seguimiento JOIN programas
DIM-Institucion-2012-9-Base,dimensiones,dimension=Institucion;cohorte=2012;horizonte=9,Base,5183,5183,0,0,PASS,seguimiento JOIN programas
DIM-Institucion-2012-9-Carrera,dimensiones,dimension=Institucion;cohorte=2012;horizonte=9,Carrera,20,20,0,0,PASS,seguimiento JOIN programas
DIM-Institucion-2012-9-Institucion,dimensiones,dimension=Institucion;cohorte=2012;horizonte=9,Institucion,82,82,0,0,PASS,seguimiento JOIN programas
DIM-Institucion-2012-9-EducacionSuperior,dimensiones,dimension=Institucion;cohorte=2012;horizonte=9,EducacionSuperior,579,579,0,0,PASS,seguimiento JOIN programas
DIM-Institucion-2012-10-Base,dimensiones,dimension=Institucion;cohorte=2012;horizonte=10,Base,5183,5183,0,0,PASS,seguimiento JOIN programas
DIM-Institucion-2012-10-Carrera,dimensiones,dimension=Institucion;cohorte=2012;horizonte=10,Carrera,13,13,0,0,PASS,seguimiento JOIN programas
DIM-Institucion-2012-10-Institucion,dimensiones,dimension=Institucion;cohorte=2012;horizonte=10,Institucion,93,93,0,0,PASS,seguimiento JOIN programas
DIM-Institucion-2012-10-EducacionSuperior,dimensiones,dimension=Institucion;cohorte=2012;horizonte=10,EducacionSuperior,629,629,0,0,PASS,seguimiento JOIN programas
DIM-Institucion-2012-11-Base,dimensiones,dimension=Institucion;cohorte=2012;horizonte=11,Base,5183,5183,0,0,PASS,seguimiento JOIN programas
DIM-Institucion-2012-11-Carrera,dimensiones,dimension=Institucion;cohorte=2012;horizonte=11,Carrera,15,15,0,0,PASS,seguimiento JOIN programas
DIM-Institucion-2012-11-Institucion,dimensiones,dimension=Institucion;cohorte=2012;horizonte=11,Institucion,79,79,0,0,PASS,seguimiento JOIN programas
DIM-Institucion-2012-11-EducacionSuperior,dimensiones,dimension=Institucion;cohorte=2012;horizonte=11,EducacionSuperior,631,631,0,0,PASS,seguimiento JOIN programas
DIM-Institucion-2012-12-Base,dimensiones,dimension=Institucion;cohorte=2012;horizonte=12,Base,5183,5183,0,0,PASS,seguimiento JOIN programas
DIM-Institucion-2012-12-Carrera,dimensiones,dimension=Institucion;cohorte=2012;horizonte=12,Carrera,13,13,0,0,PASS,seguimiento JOIN programas
DIM-Institucion-2012-12-Institucion,dimensiones,dimension=Institucion;cohorte=2012;horizonte=12,Institucion,73,73,0,0,PASS,seguimiento JOIN programas
DIM-Institucion-2012-12-EducacionSuperior,dimensiones,dimension=Institucion;cohorte=2012;horizonte=12,EducacionSuperior,590,590,0,0,PASS,seguimiento JOIN programas
DIM-Institucion-2012-13-Base,dimensiones,dimension=Institucion;cohorte=2012;horizonte=13,Base,5183,5183,0,0,PASS,seguimiento JOIN programas
DIM-Institucion-2012-13-Carrera,dimensiones,dimension=Institucion;cohorte=2012;horizonte=13,Carrera,9,9,0,0,PASS,seguimiento JOIN programas
DIM-Institucion-2012-13-Institucion,dimensiones,dimension=Institucion;cohorte=2012;horizonte=13,Institucion,54,54,0,0,PASS,seguimiento JOIN programas
DIM-Institucion-2012-13-EducacionSuperior,dimensiones,dimension=Institucion;cohorte=2012;horizonte=13,EducacionSuperior,568,568,0,0,PASS,seguimiento JOIN programas
DIM-Institucion-2012-14-Base,dimensiones,dimension=Institucion;cohorte=2012;horizonte=14,Base,5183,5183,0,0,PASS,seguimiento JOIN programas
DIM-Institucion-2012-14-Carrera,dimensiones,dimension=Institucion;cohorte=2012;horizonte=14,Carrera,2,2,0,0,PASS,seguimiento JOIN programas
DIM-Institucion-2012-14-Institucion,dimensiones,dimension=Institucion;cohorte=2012;horizonte=14,Institucion,43,43,0,0,PASS,seguimiento JOIN programas
DIM-Institucion-2012-14-EducacionSuperior,dimensiones,dimension=Institucion;cohorte=2012;horizonte=14,EducacionSuperior,554,554,0,0,PASS,seguimiento JOIN programas
DIM-Institucion-2013-1-Base,dimensiones,dimension=Institucion;cohorte=2013;horizonte=1,Base,8312,8312,0,0,PASS,seguimiento JOIN programas
DIM-Institucion-2013-1-Carrera,dimensiones,dimension=Institucion;cohorte=2013;horizonte=1,Carrera,8312,8312,0,0,PASS,seguimiento JOIN programas
DIM-Institucion-2013-1-Institucion,dimensiones,dimension=Institucion;cohorte=2013;horizonte=1,Institucion,8312,8312,0,0,PASS,seguimiento JOIN programas
DIM-Institucion-2013-1-EducacionSuperior,dimensiones,dimension=Institucion;cohorte=2013;horizonte=1,EducacionSuperior,8312,8312,0,0,PASS,seguimiento JOIN programas
DIM-Institucion-2013-2-Base,dimensiones,dimension=Institucion;cohorte=2013;horizonte=2,Base,8312,8312,0,0,PASS,seguimiento JOIN programas
DIM-Institucion-2013-2-Carrera,dimensiones,dimension=Institucion;cohorte=2013;horizonte=2,Carrera,4210,4210,0,0,PASS,seguimiento JOIN programas
DIM-Institucion-2013-2-Institucion,dimensiones,dimension=Institucion;cohorte=2013;horizonte=2,Institucion,5178,5178,0,0,PASS,seguimiento JOIN programas
DIM-Institucion-2013-2-EducacionSuperior,dimensiones,dimension=Institucion;cohorte=2013;horizonte=2,EducacionSuperior,5626,5626,0,0,PASS,seguimiento JOIN programas
DIM-Institucion-2013-3-Base,dimensiones,dimension=Institucion;cohorte=2013;horizonte=3,Base,8312,8312,0,0,PASS,seguimiento JOIN programas
DIM-Institucion-2013-3-Carrera,dimensiones,dimension=Institucion;cohorte=2013;horizonte=3,Carrera,2951,2951,0,0,PASS,seguimiento JOIN programas
DIM-Institucion-2013-3-Institucion,dimensiones,dimension=Institucion;cohorte=2013;horizonte=3,Institucion,3942,3942,0,0,PASS,seguimiento JOIN programas
DIM-Institucion-2013-3-EducacionSuperior,dimensiones,dimension=Institucion;cohorte=2013;horizonte=3,EducacionSuperior,4760,4760,0,0,PASS,seguimiento JOIN programas
DIM-Institucion-2013-4-Base,dimensiones,dimension=Institucion;cohorte=2013;horizonte=4,Base,8312,8312,0,0,PASS,seguimiento JOIN programas
DIM-Institucion-2013-4-Carrera,dimensiones,dimension=Institucion;cohorte=2013;horizonte=4,Carrera,1086,1086,0,0,PASS,seguimiento JOIN programas
DIM-Institucion-2013-4-Institucion,dimensiones,dimension=Institucion;cohorte=2013;horizonte=4,Institucion,2044,2044,0,0,PASS,seguimiento JOIN programas
DIM-Institucion-2013-4-EducacionSuperior,dimensiones,dimension=Institucion;cohorte=2013;horizonte=4,EducacionSuperior,3144,3144,0,0,PASS,seguimiento JOIN programas
DIM-Institucion-2013-5-Base,dimensiones,dimension=Institucion;cohorte=2013;horizonte=5,Base,8312,8312,0,0,PASS,seguimiento JOIN programas
DIM-Institucion-2013-5-Carrera,dimensiones,dimension=Institucion;cohorte=2013;horizonte=5,Carrera,397,397,0,0,PASS,seguimiento JOIN programas
DIM-Institucion-2013-5-Institucion,dimensiones,dimension=Institucion;cohorte=2013;horizonte=5,Institucion,977,977,0,0,PASS,seguimiento JOIN programas
DIM-Institucion-2013-5-EducacionSuperior,dimensiones,dimension=Institucion;cohorte=2013;horizonte=5,EducacionSuperior,2062,2062,0,0,PASS,seguimiento JOIN programas
DIM-Institucion-2013-6-Base,dimensiones,dimension=Institucion;cohorte=2013;horizonte=6,Base,8312,8312,0,0,PASS,seguimiento JOIN programas
DIM-Institucion-2013-6-Carrera,dimensiones,dimension=Institucion;cohorte=2013;horizonte=6,Carrera,147,147,0,0,PASS,seguimiento JOIN programas
DIM-Institucion-2013-6-Institucion,dimensiones,dimension=Institucion;cohorte=2013;horizonte=6,Institucion,460,460,0,0,PASS,seguimiento JOIN programas
DIM-Institucion-2013-6-EducacionSuperior,dimensiones,dimension=Institucion;cohorte=2013;horizonte=6,EducacionSuperior,1482,1482,0,0,PASS,seguimiento JOIN programas
DIM-Institucion-2013-7-Base,dimensiones,dimension=Institucion;cohorte=2013;horizonte=7,Base,8312,8312,0,0,PASS,seguimiento JOIN programas
DIM-Institucion-2013-7-Carrera,dimensiones,dimension=Institucion;cohorte=2013;horizonte=7,Carrera,61,61,0,0,PASS,seguimiento JOIN programas
DIM-Institucion-2013-7-Institucion,dimensiones,dimension=Institucion;cohorte=2013;horizonte=7,Institucion,296,296,0,0,PASS,seguimiento JOIN programas
DIM-Institucion-2013-7-EducacionSuperior,dimensiones,dimension=Institucion;cohorte=2013;horizonte=7,EducacionSuperior,1224,1224,0,0,PASS,seguimiento JOIN programas
DIM-Institucion-2013-8-Base,dimensiones,dimension=Institucion;cohorte=2013;horizonte=8,Base,8312,8312,0,0,PASS,seguimiento JOIN programas
DIM-Institucion-2013-8-Carrera,dimensiones,dimension=Institucion;cohorte=2013;horizonte=8,Carrera,38,38,0,0,PASS,seguimiento JOIN programas
DIM-Institucion-2013-8-Institucion,dimensiones,dimension=Institucion;cohorte=2013;horizonte=8,Institucion,204,204,0,0,PASS,seguimiento JOIN programas
DIM-Institucion-2013-8-EducacionSuperior,dimensiones,dimension=Institucion;cohorte=2013;horizonte=8,EducacionSuperior,1036,1036,0,0,PASS,seguimiento JOIN programas
DIM-Institucion-2013-9-Base,dimensiones,dimension=Institucion;cohorte=2013;horizonte=9,Base,8312,8312,0,0,PASS,seguimiento JOIN programas
DIM-Institucion-2013-9-Carrera,dimensiones,dimension=Institucion;cohorte=2013;horizonte=9,Carrera,33,33,0,0,PASS,seguimiento JOIN programas
DIM-Institucion-2013-9-Institucion,dimensiones,dimension=Institucion;cohorte=2013;horizonte=9,Institucion,151,151,0,0,PASS,seguimiento JOIN programas
DIM-Institucion-2013-9-EducacionSuperior,dimensiones,dimension=Institucion;cohorte=2013;horizonte=9,EducacionSuperior,1106,1106,0,0,PASS,seguimiento JOIN programas
DIM-Institucion-2013-10-Base,dimensiones,dimension=Institucion;cohorte=2013;horizonte=10,Base,8312,8312,0,0,PASS,seguimiento JOIN programas
DIM-Institucion-2013-10-Carrera,dimensiones,dimension=Institucion;cohorte=2013;horizonte=10,Carrera,27,27,0,0,PASS,seguimiento JOIN programas
DIM-Institucion-2013-10-Institucion,dimensiones,dimension=Institucion;cohorte=2013;horizonte=10,Institucion,127,127,0,0,PASS,seguimiento JOIN programas
DIM-Institucion-2013-10-EducacionSuperior,dimensiones,dimension=Institucion;cohorte=2013;horizonte=10,EducacionSuperior,1028,1028,0,0,PASS,seguimiento JOIN programas
DIM-Institucion-2013-11-Base,dimensiones,dimension=Institucion;cohorte=2013;horizonte=11,Base,8312,8312,0,0,PASS,seguimiento JOIN programas
DIM-Institucion-2013-11-Carrera,dimensiones,dimension=Institucion;cohorte=2013;horizonte=11,Carrera,23,23,0,0,PASS,seguimiento JOIN programas
DIM-Institucion-2013-11-Institucion,dimensiones,dimension=Institucion;cohorte=2013;horizonte=11,Institucion,127,127,0,0,PASS,seguimiento JOIN programas
DIM-Institucion-2013-11-EducacionSuperior,dimensiones,dimension=Institucion;cohorte=2013;horizonte=11,EducacionSuperior,990,990,0,0,PASS,seguimiento JOIN programas
DIM-Institucion-2013-12-Base,dimensiones,dimension=Institucion;cohorte=2013;horizonte=12,Base,8312,8312,0,0,PASS,seguimiento JOIN programas
DIM-Institucion-2013-12-Carrera,dimensiones,dimension=Institucion;cohorte=2013;horizonte=12,Carrera,17,17,0,0,PASS,seguimiento JOIN programas
DIM-Institucion-2013-12-Institucion,dimensiones,dimension=Institucion;cohorte=2013;horizonte=12,Institucion,90,90,0,0,PASS,seguimiento JOIN programas
DIM-Institucion-2013-12-EducacionSuperior,dimensiones,dimension=Institucion;cohorte=2013;horizonte=12,EducacionSuperior,909,909,0,0,PASS,seguimiento JOIN programas
DIM-Institucion-2013-13-Base,dimensiones,dimension=Institucion;cohorte=2013;horizonte=13,Base,8312,8312,0,0,PASS,seguimiento JOIN programas
DIM-Institucion-2013-13-Carrera,dimensiones,dimension=Institucion;cohorte=2013;horizonte=13,Carrera,10,10,0,0,PASS,seguimiento JOIN programas
DIM-Institucion-2013-13-Institucion,dimensiones,dimension=Institucion;cohorte=2013;horizonte=13,Institucion,68,68,0,0,PASS,seguimiento JOIN programas
DIM-Institucion-2013-13-EducacionSuperior,dimensiones,dimension=Institucion;cohorte=2013;horizonte=13,EducacionSuperior,902,902,0,0,PASS,seguimiento JOIN programas
DIM-Institucion-2014-1-Base,dimensiones,dimension=Institucion;cohorte=2014;horizonte=1,Base,11812,11812,0,0,PASS,seguimiento JOIN programas
DIM-Institucion-2014-1-Carrera,dimensiones,dimension=Institucion;cohorte=2014;horizonte=1,Carrera,11812,11812,0,0,PASS,seguimiento JOIN programas
DIM-Institucion-2014-1-Institucion,dimensiones,dimension=Institucion;cohorte=2014;horizonte=1,Institucion,11812,11812,0,0,PASS,seguimiento JOIN programas
DIM-Institucion-2014-1-EducacionSuperior,dimensiones,dimension=Institucion;cohorte=2014;horizonte=1,EducacionSuperior,11812,11812,0,0,PASS,seguimiento JOIN programas
DIM-Institucion-2014-2-Base,dimensiones,dimension=Institucion;cohorte=2014;horizonte=2,Base,11812,11812,0,0,PASS,seguimiento JOIN programas
DIM-Institucion-2014-2-Carrera,dimensiones,dimension=Institucion;cohorte=2014;horizonte=2,Carrera,6721,6721,0,0,PASS,seguimiento JOIN programas
DIM-Institucion-2014-2-Institucion,dimensiones,dimension=Institucion;cohorte=2014;horizonte=2,Institucion,7042,7042,0,0,PASS,seguimiento JOIN programas
DIM-Institucion-2014-2-EducacionSuperior,dimensiones,dimension=Institucion;cohorte=2014;horizonte=2,EducacionSuperior,7667,7667,0,0,PASS,seguimiento JOIN programas
DIM-Institucion-2014-3-Base,dimensiones,dimension=Institucion;cohorte=2014;horizonte=3,Base,11812,11812,0,0,PASS,seguimiento JOIN programas
DIM-Institucion-2014-3-Carrera,dimensiones,dimension=Institucion;cohorte=2014;horizonte=3,Carrera,4187,4187,0,0,PASS,seguimiento JOIN programas
DIM-Institucion-2014-3-Institucion,dimensiones,dimension=Institucion;cohorte=2014;horizonte=3,Institucion,4966,4966,0,0,PASS,seguimiento JOIN programas
DIM-Institucion-2014-3-EducacionSuperior,dimensiones,dimension=Institucion;cohorte=2014;horizonte=3,EducacionSuperior,6085,6085,0,0,PASS,seguimiento JOIN programas
DIM-Institucion-2014-4-Base,dimensiones,dimension=Institucion;cohorte=2014;horizonte=4,Base,11812,11812,0,0,PASS,seguimiento JOIN programas
DIM-Institucion-2014-4-Carrera,dimensiones,dimension=Institucion;cohorte=2014;horizonte=4,Carrera,1299,1299,0,0,PASS,seguimiento JOIN programas
DIM-Institucion-2014-4-Institucion,dimensiones,dimension=Institucion;cohorte=2014;horizonte=4,Institucion,2440,2440,0,0,PASS,seguimiento JOIN programas
DIM-Institucion-2014-4-EducacionSuperior,dimensiones,dimension=Institucion;cohorte=2014;horizonte=4,EducacionSuperior,3896,3896,0,0,PASS,seguimiento JOIN programas
DIM-Institucion-2014-5-Base,dimensiones,dimension=Institucion;cohorte=2014;horizonte=5,Base,11812,11812,0,0,PASS,seguimiento JOIN programas
DIM-Institucion-2014-5-Carrera,dimensiones,dimension=Institucion;cohorte=2014;horizonte=5,Carrera,548,548,0,0,PASS,seguimiento JOIN programas
DIM-Institucion-2014-5-Institucion,dimensiones,dimension=Institucion;cohorte=2014;horizonte=5,Institucion,1211,1211,0,0,PASS,seguimiento JOIN programas
DIM-Institucion-2014-5-EducacionSuperior,dimensiones,dimension=Institucion;cohorte=2014;horizonte=5,EducacionSuperior,2583,2583,0,0,PASS,seguimiento JOIN programas
DIM-Institucion-2014-6-Base,dimensiones,dimension=Institucion;cohorte=2014;horizonte=6,Base,11812,11812,0,0,PASS,seguimiento JOIN programas
DIM-Institucion-2014-6-Carrera,dimensiones,dimension=Institucion;cohorte=2014;horizonte=6,Carrera,206,206,0,0,PASS,seguimiento JOIN programas
DIM-Institucion-2014-6-Institucion,dimensiones,dimension=Institucion;cohorte=2014;horizonte=6,Institucion,570,570,0,0,PASS,seguimiento JOIN programas
DIM-Institucion-2014-6-EducacionSuperior,dimensiones,dimension=Institucion;cohorte=2014;horizonte=6,EducacionSuperior,1911,1911,0,0,PASS,seguimiento JOIN programas
DIM-Institucion-2014-7-Base,dimensiones,dimension=Institucion;cohorte=2014;horizonte=7,Base,11812,11812,0,0,PASS,seguimiento JOIN programas
DIM-Institucion-2014-7-Carrera,dimensiones,dimension=Institucion;cohorte=2014;horizonte=7,Carrera,81,81,0,0,PASS,seguimiento JOIN programas
DIM-Institucion-2014-7-Institucion,dimensiones,dimension=Institucion;cohorte=2014;horizonte=7,Institucion,291,291,0,0,PASS,seguimiento JOIN programas
DIM-Institucion-2014-7-EducacionSuperior,dimensiones,dimension=Institucion;cohorte=2014;horizonte=7,EducacionSuperior,1500,1500,0,0,PASS,seguimiento JOIN programas
DIM-Institucion-2014-8-Base,dimensiones,dimension=Institucion;cohorte=2014;horizonte=8,Base,11812,11812,0,0,PASS,seguimiento JOIN programas
DIM-Institucion-2014-8-Carrera,dimensiones,dimension=Institucion;cohorte=2014;horizonte=8,Carrera,67,67,0,0,PASS,seguimiento JOIN programas
DIM-Institucion-2014-8-Institucion,dimensiones,dimension=Institucion;cohorte=2014;horizonte=8,Institucion,256,256,0,0,PASS,seguimiento JOIN programas
DIM-Institucion-2014-8-EducacionSuperior,dimensiones,dimension=Institucion;cohorte=2014;horizonte=8,EducacionSuperior,1638,1638,0,0,PASS,seguimiento JOIN programas
DIM-Institucion-2014-9-Base,dimensiones,dimension=Institucion;cohorte=2014;horizonte=9,Base,11812,11812,0,0,PASS,seguimiento JOIN programas
DIM-Institucion-2014-9-Carrera,dimensiones,dimension=Institucion;cohorte=2014;horizonte=9,Carrera,39,39,0,0,PASS,seguimiento JOIN programas
DIM-Institucion-2014-9-Institucion,dimensiones,dimension=Institucion;cohorte=2014;horizonte=9,Institucion,222,222,0,0,PASS,seguimiento JOIN programas
DIM-Institucion-2014-9-EducacionSuperior,dimensiones,dimension=Institucion;cohorte=2014;horizonte=9,EducacionSuperior,1565,1565,0,0,PASS,seguimiento JOIN programas
DIM-Institucion-2014-10-Base,dimensiones,dimension=Institucion;cohorte=2014;horizonte=10,Base,11812,11812,0,0,PASS,seguimiento JOIN programas
DIM-Institucion-2014-10-Carrera,dimensiones,dimension=Institucion;cohorte=2014;horizonte=10,Carrera,32,32,0,0,PASS,seguimiento JOIN programas
DIM-Institucion-2014-10-Institucion,dimensiones,dimension=Institucion;cohorte=2014;horizonte=10,Institucion,213,213,0,0,PASS,seguimiento JOIN programas
DIM-Institucion-2014-10-EducacionSuperior,dimensiones,dimension=Institucion;cohorte=2014;horizonte=10,EducacionSuperior,1458,1458,0,0,PASS,seguimiento JOIN programas
DIM-Institucion-2014-11-Base,dimensiones,dimension=Institucion;cohorte=2014;horizonte=11,Base,11812,11812,0,0,PASS,seguimiento JOIN programas
DIM-Institucion-2014-11-Carrera,dimensiones,dimension=Institucion;cohorte=2014;horizonte=11,Carrera,28,28,0,0,PASS,seguimiento JOIN programas
DIM-Institucion-2014-11-Institucion,dimensiones,dimension=Institucion;cohorte=2014;horizonte=11,Institucion,176,176,0,0,PASS,seguimiento JOIN programas
DIM-Institucion-2014-11-EducacionSuperior,dimensiones,dimension=Institucion;cohorte=2014;horizonte=11,EducacionSuperior,1413,1413,0,0,PASS,seguimiento JOIN programas
DIM-Institucion-2014-12-Base,dimensiones,dimension=Institucion;cohorte=2014;horizonte=12,Base,11812,11812,0,0,PASS,seguimiento JOIN programas
DIM-Institucion-2014-12-Carrera,dimensiones,dimension=Institucion;cohorte=2014;horizonte=12,Carrera,16,16,0,0,PASS,seguimiento JOIN programas
DIM-Institucion-2014-12-Institucion,dimensiones,dimension=Institucion;cohorte=2014;horizonte=12,Institucion,135,135,0,0,PASS,seguimiento JOIN programas
DIM-Institucion-2014-12-EducacionSuperior,dimensiones,dimension=Institucion;cohorte=2014;horizonte=12,EducacionSuperior,1371,1371,0,0,PASS,seguimiento JOIN programas
DIM-Institucion-2015-1-Base,dimensiones,dimension=Institucion;cohorte=2015;horizonte=1,Base,11982,11982,0,0,PASS,seguimiento JOIN programas
DIM-Institucion-2015-1-Carrera,dimensiones,dimension=Institucion;cohorte=2015;horizonte=1,Carrera,11982,11982,0,0,PASS,seguimiento JOIN programas
DIM-Institucion-2015-1-Institucion,dimensiones,dimension=Institucion;cohorte=2015;horizonte=1,Institucion,11982,11982,0,0,PASS,seguimiento JOIN programas
DIM-Institucion-2015-1-EducacionSuperior,dimensiones,dimension=Institucion;cohorte=2015;horizonte=1,EducacionSuperior,11982,11982,0,0,PASS,seguimiento JOIN programas
DIM-Institucion-2015-2-Base,dimensiones,dimension=Institucion;cohorte=2015;horizonte=2,Base,11982,11982,0,0,PASS,seguimiento JOIN programas
DIM-Institucion-2015-2-Carrera,dimensiones,dimension=Institucion;cohorte=2015;horizonte=2,Carrera,6678,6678,0,0,PASS,seguimiento JOIN programas
DIM-Institucion-2015-2-Institucion,dimensiones,dimension=Institucion;cohorte=2015;horizonte=2,Institucion,7008,7008,0,0,PASS,seguimiento JOIN programas
DIM-Institucion-2015-2-EducacionSuperior,dimensiones,dimension=Institucion;cohorte=2015;horizonte=2,EducacionSuperior,7651,7651,0,0,PASS,seguimiento JOIN programas
DIM-Institucion-2015-3-Base,dimensiones,dimension=Institucion;cohorte=2015;horizonte=3,Base,11982,11982,0,0,PASS,seguimiento JOIN programas
DIM-Institucion-2015-3-Carrera,dimensiones,dimension=Institucion;cohorte=2015;horizonte=3,Carrera,4485,4485,0,0,PASS,seguimiento JOIN programas
DIM-Institucion-2015-3-Institucion,dimensiones,dimension=Institucion;cohorte=2015;horizonte=3,Institucion,5245,5245,0,0,PASS,seguimiento JOIN programas
DIM-Institucion-2015-3-EducacionSuperior,dimensiones,dimension=Institucion;cohorte=2015;horizonte=3,EducacionSuperior,6407,6407,0,0,PASS,seguimiento JOIN programas
DIM-Institucion-2015-4-Base,dimensiones,dimension=Institucion;cohorte=2015;horizonte=4,Base,11982,11982,0,0,PASS,seguimiento JOIN programas
DIM-Institucion-2015-4-Carrera,dimensiones,dimension=Institucion;cohorte=2015;horizonte=4,Carrera,1565,1565,0,0,PASS,seguimiento JOIN programas
DIM-Institucion-2015-4-Institucion,dimensiones,dimension=Institucion;cohorte=2015;horizonte=4,Institucion,2642,2642,0,0,PASS,seguimiento JOIN programas
DIM-Institucion-2015-4-EducacionSuperior,dimensiones,dimension=Institucion;cohorte=2015;horizonte=4,EducacionSuperior,4165,4165,0,0,PASS,seguimiento JOIN programas
DIM-Institucion-2015-5-Base,dimensiones,dimension=Institucion;cohorte=2015;horizonte=5,Base,11982,11982,0,0,PASS,seguimiento JOIN programas
DIM-Institucion-2015-5-Carrera,dimensiones,dimension=Institucion;cohorte=2015;horizonte=5,Carrera,592,592,0,0,PASS,seguimiento JOIN programas
DIM-Institucion-2015-5-Institucion,dimensiones,dimension=Institucion;cohorte=2015;horizonte=5,Institucion,1206,1206,0,0,PASS,seguimiento JOIN programas
DIM-Institucion-2015-5-EducacionSuperior,dimensiones,dimension=Institucion;cohorte=2015;horizonte=5,EducacionSuperior,2701,2701,0,0,PASS,seguimiento JOIN programas
DIM-Institucion-2015-6-Base,dimensiones,dimension=Institucion;cohorte=2015;horizonte=6,Base,11982,11982,0,0,PASS,seguimiento JOIN programas
DIM-Institucion-2015-6-Carrera,dimensiones,dimension=Institucion;cohorte=2015;horizonte=6,Carrera,152,152,0,0,PASS,seguimiento JOIN programas
DIM-Institucion-2015-6-Institucion,dimensiones,dimension=Institucion;cohorte=2015;horizonte=6,Institucion,499,499,0,0,PASS,seguimiento JOIN programas
DIM-Institucion-2015-6-EducacionSuperior,dimensiones,dimension=Institucion;cohorte=2015;horizonte=6,EducacionSuperior,1880,1880,0,0,PASS,seguimiento JOIN programas
DIM-Institucion-2015-7-Base,dimensiones,dimension=Institucion;cohorte=2015;horizonte=7,Base,11982,11982,0,0,PASS,seguimiento JOIN programas
DIM-Institucion-2015-7-Carrera,dimensiones,dimension=Institucion;cohorte=2015;horizonte=7,Carrera,109,109,0,0,PASS,seguimiento JOIN programas
DIM-Institucion-2015-7-Institucion,dimensiones,dimension=Institucion;cohorte=2015;horizonte=7,Institucion,400,400,0,0,PASS,seguimiento JOIN programas
DIM-Institucion-2015-7-EducacionSuperior,dimensiones,dimension=Institucion;cohorte=2015;horizonte=7,EducacionSuperior,1913,1913,0,0,PASS,seguimiento JOIN programas
DIM-Institucion-2015-8-Base,dimensiones,dimension=Institucion;cohorte=2015;horizonte=8,Base,11982,11982,0,0,PASS,seguimiento JOIN programas
DIM-Institucion-2015-8-Carrera,dimensiones,dimension=Institucion;cohorte=2015;horizonte=8,Carrera,90,90,0,0,PASS,seguimiento JOIN programas
DIM-Institucion-2015-8-Institucion,dimensiones,dimension=Institucion;cohorte=2015;horizonte=8,Institucion,315,315,0,0,PASS,seguimiento JOIN programas
DIM-Institucion-2015-8-EducacionSuperior,dimensiones,dimension=Institucion;cohorte=2015;horizonte=8,EducacionSuperior,1791,1791,0,0,PASS,seguimiento JOIN programas
DIM-Institucion-2015-9-Base,dimensiones,dimension=Institucion;cohorte=2015;horizonte=9,Base,11982,11982,0,0,PASS,seguimiento JOIN programas
DIM-Institucion-2015-9-Carrera,dimensiones,dimension=Institucion;cohorte=2015;horizonte=9,Carrera,68,68,0,0,PASS,seguimiento JOIN programas
DIM-Institucion-2015-9-Institucion,dimensiones,dimension=Institucion;cohorte=2015;horizonte=9,Institucion,258,258,0,0,PASS,seguimiento JOIN programas
DIM-Institucion-2015-9-EducacionSuperior,dimensiones,dimension=Institucion;cohorte=2015;horizonte=9,EducacionSuperior,1671,1671,0,0,PASS,seguimiento JOIN programas
DIM-Institucion-2015-10-Base,dimensiones,dimension=Institucion;cohorte=2015;horizonte=10,Base,11982,11982,0,0,PASS,seguimiento JOIN programas
DIM-Institucion-2015-10-Carrera,dimensiones,dimension=Institucion;cohorte=2015;horizonte=10,Carrera,41,41,0,0,PASS,seguimiento JOIN programas
DIM-Institucion-2015-10-Institucion,dimensiones,dimension=Institucion;cohorte=2015;horizonte=10,Institucion,199,199,0,0,PASS,seguimiento JOIN programas
DIM-Institucion-2015-10-EducacionSuperior,dimensiones,dimension=Institucion;cohorte=2015;horizonte=10,EducacionSuperior,1541,1541,0,0,PASS,seguimiento JOIN programas
DIM-Institucion-2015-11-Base,dimensiones,dimension=Institucion;cohorte=2015;horizonte=11,Base,11982,11982,0,0,PASS,seguimiento JOIN programas
DIM-Institucion-2015-11-Carrera,dimensiones,dimension=Institucion;cohorte=2015;horizonte=11,Carrera,25,25,0,0,PASS,seguimiento JOIN programas
DIM-Institucion-2015-11-Institucion,dimensiones,dimension=Institucion;cohorte=2015;horizonte=11,Institucion,170,170,0,0,PASS,seguimiento JOIN programas
DIM-Institucion-2015-11-EducacionSuperior,dimensiones,dimension=Institucion;cohorte=2015;horizonte=11,EducacionSuperior,1474,1474,0,0,PASS,seguimiento JOIN programas
DIM-Institucion-2016-1-Base,dimensiones,dimension=Institucion;cohorte=2016;horizonte=1,Base,13664,13664,0,0,PASS,seguimiento JOIN programas
DIM-Institucion-2016-1-Carrera,dimensiones,dimension=Institucion;cohorte=2016;horizonte=1,Carrera,13664,13664,0,0,PASS,seguimiento JOIN programas
DIM-Institucion-2016-1-Institucion,dimensiones,dimension=Institucion;cohorte=2016;horizonte=1,Institucion,13664,13664,0,0,PASS,seguimiento JOIN programas
DIM-Institucion-2016-1-EducacionSuperior,dimensiones,dimension=Institucion;cohorte=2016;horizonte=1,EducacionSuperior,13664,13664,0,0,PASS,seguimiento JOIN programas
DIM-Institucion-2016-2-Base,dimensiones,dimension=Institucion;cohorte=2016;horizonte=2,Base,13664,13664,0,0,PASS,seguimiento JOIN programas
DIM-Institucion-2016-2-Carrera,dimensiones,dimension=Institucion;cohorte=2016;horizonte=2,Carrera,7905,7905,0,0,PASS,seguimiento JOIN programas
DIM-Institucion-2016-2-Institucion,dimensiones,dimension=Institucion;cohorte=2016;horizonte=2,Institucion,8304,8304,0,0,PASS,seguimiento JOIN programas
DIM-Institucion-2016-2-EducacionSuperior,dimensiones,dimension=Institucion;cohorte=2016;horizonte=2,EducacionSuperior,8896,8896,0,0,PASS,seguimiento JOIN programas
DIM-Institucion-2016-3-Base,dimensiones,dimension=Institucion;cohorte=2016;horizonte=3,Base,13664,13664,0,0,PASS,seguimiento JOIN programas
DIM-Institucion-2016-3-Carrera,dimensiones,dimension=Institucion;cohorte=2016;horizonte=3,Carrera,4462,4462,0,0,PASS,seguimiento JOIN programas
DIM-Institucion-2016-3-Institucion,dimensiones,dimension=Institucion;cohorte=2016;horizonte=3,Institucion,5563,5563,0,0,PASS,seguimiento JOIN programas
DIM-Institucion-2016-3-EducacionSuperior,dimensiones,dimension=Institucion;cohorte=2016;horizonte=3,EducacionSuperior,6669,6669,0,0,PASS,seguimiento JOIN programas
DIM-Institucion-2016-4-Base,dimensiones,dimension=Institucion;cohorte=2016;horizonte=4,Base,13664,13664,0,0,PASS,seguimiento JOIN programas
DIM-Institucion-2016-4-Carrera,dimensiones,dimension=Institucion;cohorte=2016;horizonte=4,Carrera,2245,2245,0,0,PASS,seguimiento JOIN programas
DIM-Institucion-2016-4-Institucion,dimensiones,dimension=Institucion;cohorte=2016;horizonte=4,Institucion,3383,3383,0,0,PASS,seguimiento JOIN programas
DIM-Institucion-2016-4-EducacionSuperior,dimensiones,dimension=Institucion;cohorte=2016;horizonte=4,EducacionSuperior,4733,4733,0,0,PASS,seguimiento JOIN programas
DIM-Institucion-2016-5-Base,dimensiones,dimension=Institucion;cohorte=2016;horizonte=5,Base,13664,13664,0,0,PASS,seguimiento JOIN programas
DIM-Institucion-2016-5-Carrera,dimensiones,dimension=Institucion;cohorte=2016;horizonte=5,Carrera,606,606,0,0,PASS,seguimiento JOIN programas
DIM-Institucion-2016-5-Institucion,dimensiones,dimension=Institucion;cohorte=2016;horizonte=5,Institucion,1249,1249,0,0,PASS,seguimiento JOIN programas
DIM-Institucion-2016-5-EducacionSuperior,dimensiones,dimension=Institucion;cohorte=2016;horizonte=5,EducacionSuperior,2637,2637,0,0,PASS,seguimiento JOIN programas
DIM-Institucion-2016-6-Base,dimensiones,dimension=Institucion;cohorte=2016;horizonte=6,Base,13664,13664,0,0,PASS,seguimiento JOIN programas
DIM-Institucion-2016-6-Carrera,dimensiones,dimension=Institucion;cohorte=2016;horizonte=6,Carrera,371,371,0,0,PASS,seguimiento JOIN programas
DIM-Institucion-2016-6-Institucion,dimensiones,dimension=Institucion;cohorte=2016;horizonte=6,Institucion,850,850,0,0,PASS,seguimiento JOIN programas
DIM-Institucion-2016-6-EducacionSuperior,dimensiones,dimension=Institucion;cohorte=2016;horizonte=6,EducacionSuperior,2520,2520,0,0,PASS,seguimiento JOIN programas
DIM-Institucion-2016-7-Base,dimensiones,dimension=Institucion;cohorte=2016;horizonte=7,Base,13664,13664,0,0,PASS,seguimiento JOIN programas
DIM-Institucion-2016-7-Carrera,dimensiones,dimension=Institucion;cohorte=2016;horizonte=7,Carrera,224,224,0,0,PASS,seguimiento JOIN programas
DIM-Institucion-2016-7-Institucion,dimensiones,dimension=Institucion;cohorte=2016;horizonte=7,Institucion,613,613,0,0,PASS,seguimiento JOIN programas
DIM-Institucion-2016-7-EducacionSuperior,dimensiones,dimension=Institucion;cohorte=2016;horizonte=7,EducacionSuperior,2259,2259,0,0,PASS,seguimiento JOIN programas
DIM-Institucion-2016-8-Base,dimensiones,dimension=Institucion;cohorte=2016;horizonte=8,Base,13664,13664,0,0,PASS,seguimiento JOIN programas
DIM-Institucion-2016-8-Carrera,dimensiones,dimension=Institucion;cohorte=2016;horizonte=8,Carrera,140,140,0,0,PASS,seguimiento JOIN programas
DIM-Institucion-2016-8-Institucion,dimensiones,dimension=Institucion;cohorte=2016;horizonte=8,Institucion,489,489,0,0,PASS,seguimiento JOIN programas
DIM-Institucion-2016-8-EducacionSuperior,dimensiones,dimension=Institucion;cohorte=2016;horizonte=8,EducacionSuperior,2072,2072,0,0,PASS,seguimiento JOIN programas
DIM-Institucion-2016-9-Base,dimensiones,dimension=Institucion;cohorte=2016;horizonte=9,Base,13664,13664,0,0,PASS,seguimiento JOIN programas
DIM-Institucion-2016-9-Carrera,dimensiones,dimension=Institucion;cohorte=2016;horizonte=9,Carrera,74,74,0,0,PASS,seguimiento JOIN programas
DIM-Institucion-2016-9-Institucion,dimensiones,dimension=Institucion;cohorte=2016;horizonte=9,Institucion,344,344,0,0,PASS,seguimiento JOIN programas
DIM-Institucion-2016-9-EducacionSuperior,dimensiones,dimension=Institucion;cohorte=2016;horizonte=9,EducacionSuperior,1874,1874,0,0,PASS,seguimiento JOIN programas
DIM-Institucion-2016-10-Base,dimensiones,dimension=Institucion;cohorte=2016;horizonte=10,Base,13664,13664,0,0,PASS,seguimiento JOIN programas
DIM-Institucion-2016-10-Carrera,dimensiones,dimension=Institucion;cohorte=2016;horizonte=10,Carrera,52,52,0,0,PASS,seguimiento JOIN programas
DIM-Institucion-2016-10-Institucion,dimensiones,dimension=Institucion;cohorte=2016;horizonte=10,Institucion,283,283,0,0,PASS,seguimiento JOIN programas
DIM-Institucion-2016-10-EducacionSuperior,dimensiones,dimension=Institucion;cohorte=2016;horizonte=10,EducacionSuperior,1894,1894,0,0,PASS,seguimiento JOIN programas
DIM-Institucion-2017-1-Base,dimensiones,dimension=Institucion;cohorte=2017;horizonte=1,Base,13882,13882,0,0,PASS,seguimiento JOIN programas
DIM-Institucion-2017-1-Carrera,dimensiones,dimension=Institucion;cohorte=2017;horizonte=1,Carrera,13882,13882,0,0,PASS,seguimiento JOIN programas
DIM-Institucion-2017-1-Institucion,dimensiones,dimension=Institucion;cohorte=2017;horizonte=1,Institucion,13882,13882,0,0,PASS,seguimiento JOIN programas
DIM-Institucion-2017-1-EducacionSuperior,dimensiones,dimension=Institucion;cohorte=2017;horizonte=1,EducacionSuperior,13882,13882,0,0,PASS,seguimiento JOIN programas
DIM-Institucion-2017-2-Base,dimensiones,dimension=Institucion;cohorte=2017;horizonte=2,Base,13882,13882,0,0,PASS,seguimiento JOIN programas
DIM-Institucion-2017-2-Carrera,dimensiones,dimension=Institucion;cohorte=2017;horizonte=2,Carrera,7545,7545,0,0,PASS,seguimiento JOIN programas
DIM-Institucion-2017-2-Institucion,dimensiones,dimension=Institucion;cohorte=2017;horizonte=2,Institucion,7825,7825,0,0,PASS,seguimiento JOIN programas
DIM-Institucion-2017-2-EducacionSuperior,dimensiones,dimension=Institucion;cohorte=2017;horizonte=2,EducacionSuperior,8605,8605,0,0,PASS,seguimiento JOIN programas
DIM-Institucion-2017-3-Base,dimensiones,dimension=Institucion;cohorte=2017;horizonte=3,Base,13882,13882,0,0,PASS,seguimiento JOIN programas
DIM-Institucion-2017-3-Carrera,dimensiones,dimension=Institucion;cohorte=2017;horizonte=3,Carrera,4177,4177,0,0,PASS,seguimiento JOIN programas
DIM-Institucion-2017-3-Institucion,dimensiones,dimension=Institucion;cohorte=2017;horizonte=3,Institucion,5000,5000,0,0,PASS,seguimiento JOIN programas
DIM-Institucion-2017-3-EducacionSuperior,dimensiones,dimension=Institucion;cohorte=2017;horizonte=3,EducacionSuperior,6217,6217,0,0,PASS,seguimiento JOIN programas
DIM-Institucion-2017-4-Base,dimensiones,dimension=Institucion;cohorte=2017;horizonte=4,Base,13882,13882,0,0,PASS,seguimiento JOIN programas
DIM-Institucion-2017-4-Carrera,dimensiones,dimension=Institucion;cohorte=2017;horizonte=4,Carrera,1765,1765,0,0,PASS,seguimiento JOIN programas
DIM-Institucion-2017-4-Institucion,dimensiones,dimension=Institucion;cohorte=2017;horizonte=4,Institucion,2664,2664,0,0,PASS,seguimiento JOIN programas
DIM-Institucion-2017-4-EducacionSuperior,dimensiones,dimension=Institucion;cohorte=2017;horizonte=4,EducacionSuperior,4082,4082,0,0,PASS,seguimiento JOIN programas
DIM-Institucion-2017-5-Base,dimensiones,dimension=Institucion;cohorte=2017;horizonte=5,Base,13882,13882,0,0,PASS,seguimiento JOIN programas
DIM-Institucion-2017-5-Carrera,dimensiones,dimension=Institucion;cohorte=2017;horizonte=5,Carrera,827,827,0,0,PASS,seguimiento JOIN programas
DIM-Institucion-2017-5-Institucion,dimensiones,dimension=Institucion;cohorte=2017;horizonte=5,Institucion,1552,1552,0,0,PASS,seguimiento JOIN programas
DIM-Institucion-2017-5-EducacionSuperior,dimensiones,dimension=Institucion;cohorte=2017;horizonte=5,EducacionSuperior,3306,3306,0,0,PASS,seguimiento JOIN programas
DIM-Institucion-2017-6-Base,dimensiones,dimension=Institucion;cohorte=2017;horizonte=6,Base,13882,13882,0,0,PASS,seguimiento JOIN programas
DIM-Institucion-2017-6-Carrera,dimensiones,dimension=Institucion;cohorte=2017;horizonte=6,Carrera,340,340,0,0,PASS,seguimiento JOIN programas
DIM-Institucion-2017-6-Institucion,dimensiones,dimension=Institucion;cohorte=2017;horizonte=6,Institucion,869,869,0,0,PASS,seguimiento JOIN programas
DIM-Institucion-2017-6-EducacionSuperior,dimensiones,dimension=Institucion;cohorte=2017;horizonte=6,EducacionSuperior,2741,2741,0,0,PASS,seguimiento JOIN programas
DIM-Institucion-2017-7-Base,dimensiones,dimension=Institucion;cohorte=2017;horizonte=7,Base,13882,13882,0,0,PASS,seguimiento JOIN programas
DIM-Institucion-2017-7-Carrera,dimensiones,dimension=Institucion;cohorte=2017;horizonte=7,Carrera,215,215,0,0,PASS,seguimiento JOIN programas
DIM-Institucion-2017-7-Institucion,dimensiones,dimension=Institucion;cohorte=2017;horizonte=7,Institucion,625,625,0,0,PASS,seguimiento JOIN programas
DIM-Institucion-2017-7-EducacionSuperior,dimensiones,dimension=Institucion;cohorte=2017;horizonte=7,EducacionSuperior,2415,2415,0,0,PASS,seguimiento JOIN programas
DIM-Institucion-2017-8-Base,dimensiones,dimension=Institucion;cohorte=2017;horizonte=8,Base,13882,13882,0,0,PASS,seguimiento JOIN programas
DIM-Institucion-2017-8-Carrera,dimensiones,dimension=Institucion;cohorte=2017;horizonte=8,Carrera,109,109,0,0,PASS,seguimiento JOIN programas
DIM-Institucion-2017-8-Institucion,dimensiones,dimension=Institucion;cohorte=2017;horizonte=8,Institucion,424,424,0,0,PASS,seguimiento JOIN programas
DIM-Institucion-2017-8-EducacionSuperior,dimensiones,dimension=Institucion;cohorte=2017;horizonte=8,EducacionSuperior,2185,2185,0,0,PASS,seguimiento JOIN programas
DIM-Institucion-2017-9-Base,dimensiones,dimension=Institucion;cohorte=2017;horizonte=9,Base,13882,13882,0,0,PASS,seguimiento JOIN programas
DIM-Institucion-2017-9-Carrera,dimensiones,dimension=Institucion;cohorte=2017;horizonte=9,Carrera,71,71,0,0,PASS,seguimiento JOIN programas
DIM-Institucion-2017-9-Institucion,dimensiones,dimension=Institucion;cohorte=2017;horizonte=9,Institucion,339,339,0,0,PASS,seguimiento JOIN programas
DIM-Institucion-2017-9-EducacionSuperior,dimensiones,dimension=Institucion;cohorte=2017;horizonte=9,EducacionSuperior,2176,2176,0,0,PASS,seguimiento JOIN programas
DIM-Institucion-2018-1-Base,dimensiones,dimension=Institucion;cohorte=2018;horizonte=1,Base,17130,17130,0,0,PASS,seguimiento JOIN programas
DIM-Institucion-2018-1-Carrera,dimensiones,dimension=Institucion;cohorte=2018;horizonte=1,Carrera,17130,17130,0,0,PASS,seguimiento JOIN programas
DIM-Institucion-2018-1-Institucion,dimensiones,dimension=Institucion;cohorte=2018;horizonte=1,Institucion,17130,17130,0,0,PASS,seguimiento JOIN programas
DIM-Institucion-2018-1-EducacionSuperior,dimensiones,dimension=Institucion;cohorte=2018;horizonte=1,EducacionSuperior,17130,17130,0,0,PASS,seguimiento JOIN programas
DIM-Institucion-2018-2-Base,dimensiones,dimension=Institucion;cohorte=2018;horizonte=2,Base,17130,17130,0,0,PASS,seguimiento JOIN programas
DIM-Institucion-2018-2-Carrera,dimensiones,dimension=Institucion;cohorte=2018;horizonte=2,Carrera,10087,10087,0,0,PASS,seguimiento JOIN programas
DIM-Institucion-2018-2-Institucion,dimensiones,dimension=Institucion;cohorte=2018;horizonte=2,Institucion,10328,10328,0,0,PASS,seguimiento JOIN programas
DIM-Institucion-2018-2-EducacionSuperior,dimensiones,dimension=Institucion;cohorte=2018;horizonte=2,EducacionSuperior,11041,11041,0,0,PASS,seguimiento JOIN programas
DIM-Institucion-2018-3-Base,dimensiones,dimension=Institucion;cohorte=2018;horizonte=3,Base,17130,17130,0,0,PASS,seguimiento JOIN programas
DIM-Institucion-2018-3-Carrera,dimensiones,dimension=Institucion;cohorte=2018;horizonte=3,Carrera,5901,5901,0,0,PASS,seguimiento JOIN programas
DIM-Institucion-2018-3-Institucion,dimensiones,dimension=Institucion;cohorte=2018;horizonte=3,Institucion,6597,6597,0,0,PASS,seguimiento JOIN programas
DIM-Institucion-2018-3-EducacionSuperior,dimensiones,dimension=Institucion;cohorte=2018;horizonte=3,EducacionSuperior,7863,7863,0,0,PASS,seguimiento JOIN programas
DIM-Institucion-2018-4-Base,dimensiones,dimension=Institucion;cohorte=2018;horizonte=4,Base,17130,17130,0,0,PASS,seguimiento JOIN programas
DIM-Institucion-2018-4-Carrera,dimensiones,dimension=Institucion;cohorte=2018;horizonte=4,Carrera,2568,2568,0,0,PASS,seguimiento JOIN programas
DIM-Institucion-2018-4-Institucion,dimensiones,dimension=Institucion;cohorte=2018;horizonte=4,Institucion,3617,3617,0,0,PASS,seguimiento JOIN programas
DIM-Institucion-2018-4-EducacionSuperior,dimensiones,dimension=Institucion;cohorte=2018;horizonte=4,EducacionSuperior,5556,5556,0,0,PASS,seguimiento JOIN programas
DIM-Institucion-2018-5-Base,dimensiones,dimension=Institucion;cohorte=2018;horizonte=5,Base,17130,17130,0,0,PASS,seguimiento JOIN programas
DIM-Institucion-2018-5-Carrera,dimensiones,dimension=Institucion;cohorte=2018;horizonte=5,Carrera,1069,1069,0,0,PASS,seguimiento JOIN programas
DIM-Institucion-2018-5-Institucion,dimensiones,dimension=Institucion;cohorte=2018;horizonte=5,Institucion,1925,1925,0,0,PASS,seguimiento JOIN programas
DIM-Institucion-2018-5-EducacionSuperior,dimensiones,dimension=Institucion;cohorte=2018;horizonte=5,EducacionSuperior,4054,4054,0,0,PASS,seguimiento JOIN programas
DIM-Institucion-2018-6-Base,dimensiones,dimension=Institucion;cohorte=2018;horizonte=6,Base,17130,17130,0,0,PASS,seguimiento JOIN programas
DIM-Institucion-2018-6-Carrera,dimensiones,dimension=Institucion;cohorte=2018;horizonte=6,Carrera,478,478,0,0,PASS,seguimiento JOIN programas
DIM-Institucion-2018-6-Institucion,dimensiones,dimension=Institucion;cohorte=2018;horizonte=6,Institucion,1138,1138,0,0,PASS,seguimiento JOIN programas
DIM-Institucion-2018-6-EducacionSuperior,dimensiones,dimension=Institucion;cohorte=2018;horizonte=6,EducacionSuperior,3275,3275,0,0,PASS,seguimiento JOIN programas
DIM-Institucion-2018-7-Base,dimensiones,dimension=Institucion;cohorte=2018;horizonte=7,Base,17130,17130,0,0,PASS,seguimiento JOIN programas
DIM-Institucion-2018-7-Carrera,dimensiones,dimension=Institucion;cohorte=2018;horizonte=7,Carrera,213,213,0,0,PASS,seguimiento JOIN programas
DIM-Institucion-2018-7-Institucion,dimensiones,dimension=Institucion;cohorte=2018;horizonte=7,Institucion,711,711,0,0,PASS,seguimiento JOIN programas
DIM-Institucion-2018-7-EducacionSuperior,dimensiones,dimension=Institucion;cohorte=2018;horizonte=7,EducacionSuperior,2867,2867,0,0,PASS,seguimiento JOIN programas
DIM-Institucion-2018-8-Base,dimensiones,dimension=Institucion;cohorte=2018;horizonte=8,Base,17130,17130,0,0,PASS,seguimiento JOIN programas
DIM-Institucion-2018-8-Carrera,dimensiones,dimension=Institucion;cohorte=2018;horizonte=8,Carrera,150,150,0,0,PASS,seguimiento JOIN programas
DIM-Institucion-2018-8-Institucion,dimensiones,dimension=Institucion;cohorte=2018;horizonte=8,Institucion,594,594,0,0,PASS,seguimiento JOIN programas
DIM-Institucion-2018-8-EducacionSuperior,dimensiones,dimension=Institucion;cohorte=2018;horizonte=8,EducacionSuperior,2828,2828,0,0,PASS,seguimiento JOIN programas
DIM-Institucion-2019-1-Base,dimensiones,dimension=Institucion;cohorte=2019;horizonte=1,Base,17822,17822,0,0,PASS,seguimiento JOIN programas
DIM-Institucion-2019-1-Carrera,dimensiones,dimension=Institucion;cohorte=2019;horizonte=1,Carrera,17822,17822,0,0,PASS,seguimiento JOIN programas
DIM-Institucion-2019-1-Institucion,dimensiones,dimension=Institucion;cohorte=2019;horizonte=1,Institucion,17822,17822,0,0,PASS,seguimiento JOIN programas
DIM-Institucion-2019-1-EducacionSuperior,dimensiones,dimension=Institucion;cohorte=2019;horizonte=1,EducacionSuperior,17822,17822,0,0,PASS,seguimiento JOIN programas
DIM-Institucion-2019-2-Base,dimensiones,dimension=Institucion;cohorte=2019;horizonte=2,Base,17822,17822,0,0,PASS,seguimiento JOIN programas
DIM-Institucion-2019-2-Carrera,dimensiones,dimension=Institucion;cohorte=2019;horizonte=2,Carrera,10419,10419,0,0,PASS,seguimiento JOIN programas
DIM-Institucion-2019-2-Institucion,dimensiones,dimension=Institucion;cohorte=2019;horizonte=2,Institucion,10661,10661,0,0,PASS,seguimiento JOIN programas
DIM-Institucion-2019-2-EducacionSuperior,dimensiones,dimension=Institucion;cohorte=2019;horizonte=2,EducacionSuperior,11365,11365,0,0,PASS,seguimiento JOIN programas
DIM-Institucion-2019-3-Base,dimensiones,dimension=Institucion;cohorte=2019;horizonte=3,Base,17822,17822,0,0,PASS,seguimiento JOIN programas
DIM-Institucion-2019-3-Carrera,dimensiones,dimension=Institucion;cohorte=2019;horizonte=3,Carrera,6830,6830,0,0,PASS,seguimiento JOIN programas
DIM-Institucion-2019-3-Institucion,dimensiones,dimension=Institucion;cohorte=2019;horizonte=3,Institucion,7619,7619,0,0,PASS,seguimiento JOIN programas
DIM-Institucion-2019-3-EducacionSuperior,dimensiones,dimension=Institucion;cohorte=2019;horizonte=3,EducacionSuperior,9015,9015,0,0,PASS,seguimiento JOIN programas
DIM-Institucion-2019-4-Base,dimensiones,dimension=Institucion;cohorte=2019;horizonte=4,Base,17822,17822,0,0,PASS,seguimiento JOIN programas
DIM-Institucion-2019-4-Carrera,dimensiones,dimension=Institucion;cohorte=2019;horizonte=4,Carrera,2805,2805,0,0,PASS,seguimiento JOIN programas
DIM-Institucion-2019-4-Institucion,dimensiones,dimension=Institucion;cohorte=2019;horizonte=4,Institucion,3920,3920,0,0,PASS,seguimiento JOIN programas
DIM-Institucion-2019-4-EducacionSuperior,dimensiones,dimension=Institucion;cohorte=2019;horizonte=4,EducacionSuperior,5854,5854,0,0,PASS,seguimiento JOIN programas
DIM-Institucion-2019-5-Base,dimensiones,dimension=Institucion;cohorte=2019;horizonte=5,Base,17822,17822,0,0,PASS,seguimiento JOIN programas
DIM-Institucion-2019-5-Carrera,dimensiones,dimension=Institucion;cohorte=2019;horizonte=5,Carrera,1382,1382,0,0,PASS,seguimiento JOIN programas
DIM-Institucion-2019-5-Institucion,dimensiones,dimension=Institucion;cohorte=2019;horizonte=5,Institucion,2369,2369,0,0,PASS,seguimiento JOIN programas
DIM-Institucion-2019-5-EducacionSuperior,dimensiones,dimension=Institucion;cohorte=2019;horizonte=5,EducacionSuperior,4488,4488,0,0,PASS,seguimiento JOIN programas
DIM-Institucion-2019-6-Base,dimensiones,dimension=Institucion;cohorte=2019;horizonte=6,Base,17822,17822,0,0,PASS,seguimiento JOIN programas
DIM-Institucion-2019-6-Carrera,dimensiones,dimension=Institucion;cohorte=2019;horizonte=6,Carrera,413,413,0,0,PASS,seguimiento JOIN programas
DIM-Institucion-2019-6-Institucion,dimensiones,dimension=Institucion;cohorte=2019;horizonte=6,Institucion,1145,1145,0,0,PASS,seguimiento JOIN programas
DIM-Institucion-2019-6-EducacionSuperior,dimensiones,dimension=Institucion;cohorte=2019;horizonte=6,EducacionSuperior,3392,3392,0,0,PASS,seguimiento JOIN programas
DIM-Institucion-2019-7-Base,dimensiones,dimension=Institucion;cohorte=2019;horizonte=7,Base,17822,17822,0,0,PASS,seguimiento JOIN programas
DIM-Institucion-2019-7-Carrera,dimensiones,dimension=Institucion;cohorte=2019;horizonte=7,Carrera,228,228,0,0,PASS,seguimiento JOIN programas
DIM-Institucion-2019-7-Institucion,dimensiones,dimension=Institucion;cohorte=2019;horizonte=7,Institucion,822,822,0,0,PASS,seguimiento JOIN programas
DIM-Institucion-2019-7-EducacionSuperior,dimensiones,dimension=Institucion;cohorte=2019;horizonte=7,EducacionSuperior,3204,3204,0,0,PASS,seguimiento JOIN programas
DIM-Institucion-2020-1-Base,dimensiones,dimension=Institucion;cohorte=2020;horizonte=1,Base,16467,16467,0,0,PASS,seguimiento JOIN programas
DIM-Institucion-2020-1-Carrera,dimensiones,dimension=Institucion;cohorte=2020;horizonte=1,Carrera,16467,16467,0,0,PASS,seguimiento JOIN programas
DIM-Institucion-2020-1-Institucion,dimensiones,dimension=Institucion;cohorte=2020;horizonte=1,Institucion,16467,16467,0,0,PASS,seguimiento JOIN programas
DIM-Institucion-2020-1-EducacionSuperior,dimensiones,dimension=Institucion;cohorte=2020;horizonte=1,EducacionSuperior,16467,16467,0,0,PASS,seguimiento JOIN programas
DIM-Institucion-2020-2-Base,dimensiones,dimension=Institucion;cohorte=2020;horizonte=2,Base,16467,16467,0,0,PASS,seguimiento JOIN programas
DIM-Institucion-2020-2-Carrera,dimensiones,dimension=Institucion;cohorte=2020;horizonte=2,Carrera,10794,10794,0,0,PASS,seguimiento JOIN programas
DIM-Institucion-2020-2-Institucion,dimensiones,dimension=Institucion;cohorte=2020;horizonte=2,Institucion,11038,11038,0,0,PASS,seguimiento JOIN programas
DIM-Institucion-2020-2-EducacionSuperior,dimensiones,dimension=Institucion;cohorte=2020;horizonte=2,EducacionSuperior,11811,11811,0,0,PASS,seguimiento JOIN programas
DIM-Institucion-2020-3-Base,dimensiones,dimension=Institucion;cohorte=2020;horizonte=3,Base,16467,16467,0,0,PASS,seguimiento JOIN programas
DIM-Institucion-2020-3-Carrera,dimensiones,dimension=Institucion;cohorte=2020;horizonte=3,Carrera,6499,6499,0,0,PASS,seguimiento JOIN programas
DIM-Institucion-2020-3-Institucion,dimensiones,dimension=Institucion;cohorte=2020;horizonte=3,Institucion,7174,7174,0,0,PASS,seguimiento JOIN programas
DIM-Institucion-2020-3-EducacionSuperior,dimensiones,dimension=Institucion;cohorte=2020;horizonte=3,EducacionSuperior,8456,8456,0,0,PASS,seguimiento JOIN programas
DIM-Institucion-2020-4-Base,dimensiones,dimension=Institucion;cohorte=2020;horizonte=4,Base,16467,16467,0,0,PASS,seguimiento JOIN programas
DIM-Institucion-2020-4-Carrera,dimensiones,dimension=Institucion;cohorte=2020;horizonte=4,Carrera,3266,3266,0,0,PASS,seguimiento JOIN programas
DIM-Institucion-2020-4-Institucion,dimensiones,dimension=Institucion;cohorte=2020;horizonte=4,Institucion,4232,4232,0,0,PASS,seguimiento JOIN programas
DIM-Institucion-2020-4-EducacionSuperior,dimensiones,dimension=Institucion;cohorte=2020;horizonte=4,EducacionSuperior,5927,5927,0,0,PASS,seguimiento JOIN programas
DIM-Institucion-2020-5-Base,dimensiones,dimension=Institucion;cohorte=2020;horizonte=5,Base,16467,16467,0,0,PASS,seguimiento JOIN programas
DIM-Institucion-2020-5-Carrera,dimensiones,dimension=Institucion;cohorte=2020;horizonte=5,Carrera,1399,1399,0,0,PASS,seguimiento JOIN programas
DIM-Institucion-2020-5-Institucion,dimensiones,dimension=Institucion;cohorte=2020;horizonte=5,Institucion,2378,2378,0,0,PASS,seguimiento JOIN programas
DIM-Institucion-2020-5-EducacionSuperior,dimensiones,dimension=Institucion;cohorte=2020;horizonte=5,EducacionSuperior,4426,4426,0,0,PASS,seguimiento JOIN programas
DIM-Institucion-2020-6-Base,dimensiones,dimension=Institucion;cohorte=2020;horizonte=6,Base,16467,16467,0,0,PASS,seguimiento JOIN programas
DIM-Institucion-2020-6-Carrera,dimensiones,dimension=Institucion;cohorte=2020;horizonte=6,Carrera,485,485,0,0,PASS,seguimiento JOIN programas
DIM-Institucion-2020-6-Institucion,dimensiones,dimension=Institucion;cohorte=2020;horizonte=6,Institucion,1207,1207,0,0,PASS,seguimiento JOIN programas
DIM-Institucion-2020-6-EducacionSuperior,dimensiones,dimension=Institucion;cohorte=2020;horizonte=6,EducacionSuperior,3500,3500,0,0,PASS,seguimiento JOIN programas
DIM-Institucion-2021-1-Base,dimensiones,dimension=Institucion;cohorte=2021;horizonte=1,Base,24932,24932,0,0,PASS,seguimiento JOIN programas
DIM-Institucion-2021-1-Carrera,dimensiones,dimension=Institucion;cohorte=2021;horizonte=1,Carrera,24932,24932,0,0,PASS,seguimiento JOIN programas
DIM-Institucion-2021-1-Institucion,dimensiones,dimension=Institucion;cohorte=2021;horizonte=1,Institucion,24932,24932,0,0,PASS,seguimiento JOIN programas
DIM-Institucion-2021-1-EducacionSuperior,dimensiones,dimension=Institucion;cohorte=2021;horizonte=1,EducacionSuperior,24932,24932,0,0,PASS,seguimiento JOIN programas
DIM-Institucion-2021-2-Base,dimensiones,dimension=Institucion;cohorte=2021;horizonte=2,Base,24932,24932,0,0,PASS,seguimiento JOIN programas
DIM-Institucion-2021-2-Carrera,dimensiones,dimension=Institucion;cohorte=2021;horizonte=2,Carrera,16097,16097,0,0,PASS,seguimiento JOIN programas
DIM-Institucion-2021-2-Institucion,dimensiones,dimension=Institucion;cohorte=2021;horizonte=2,Institucion,16452,16452,0,0,PASS,seguimiento JOIN programas
DIM-Institucion-2021-2-EducacionSuperior,dimensiones,dimension=Institucion;cohorte=2021;horizonte=2,EducacionSuperior,17394,17394,0,0,PASS,seguimiento JOIN programas
DIM-Institucion-2021-3-Base,dimensiones,dimension=Institucion;cohorte=2021;horizonte=3,Base,24932,24932,0,0,PASS,seguimiento JOIN programas
DIM-Institucion-2021-3-Carrera,dimensiones,dimension=Institucion;cohorte=2021;horizonte=3,Carrera,11656,11656,0,0,PASS,seguimiento JOIN programas
DIM-Institucion-2021-3-Institucion,dimensiones,dimension=Institucion;cohorte=2021;horizonte=3,Institucion,12415,12415,0,0,PASS,seguimiento JOIN programas
DIM-Institucion-2021-3-EducacionSuperior,dimensiones,dimension=Institucion;cohorte=2021;horizonte=3,EducacionSuperior,14025,14025,0,0,PASS,seguimiento JOIN programas
DIM-Institucion-2021-4-Base,dimensiones,dimension=Institucion;cohorte=2021;horizonte=4,Base,24932,24932,0,0,PASS,seguimiento JOIN programas
DIM-Institucion-2021-4-Carrera,dimensiones,dimension=Institucion;cohorte=2021;horizonte=4,Carrera,4320,4320,0,0,PASS,seguimiento JOIN programas
DIM-Institucion-2021-4-Institucion,dimensiones,dimension=Institucion;cohorte=2021;horizonte=4,Institucion,5596,5596,0,0,PASS,seguimiento JOIN programas
DIM-Institucion-2021-4-EducacionSuperior,dimensiones,dimension=Institucion;cohorte=2021;horizonte=4,EducacionSuperior,8016,8016,0,0,PASS,seguimiento JOIN programas
DIM-Institucion-2021-5-Base,dimensiones,dimension=Institucion;cohorte=2021;horizonte=5,Base,24932,24932,0,0,PASS,seguimiento JOIN programas
DIM-Institucion-2021-5-Carrera,dimensiones,dimension=Institucion;cohorte=2021;horizonte=5,Carrera,1958,1958,0,0,PASS,seguimiento JOIN programas
DIM-Institucion-2021-5-Institucion,dimensiones,dimension=Institucion;cohorte=2021;horizonte=5,Institucion,3355,3355,0,0,PASS,seguimiento JOIN programas
DIM-Institucion-2021-5-EducacionSuperior,dimensiones,dimension=Institucion;cohorte=2021;horizonte=5,EducacionSuperior,6392,6392,0,0,PASS,seguimiento JOIN programas
DIM-Institucion-2022-1-Base,dimensiones,dimension=Institucion;cohorte=2022;horizonte=1,Base,32143,32143,0,0,PASS,seguimiento JOIN programas
DIM-Institucion-2022-1-Carrera,dimensiones,dimension=Institucion;cohorte=2022;horizonte=1,Carrera,32143,32143,0,0,PASS,seguimiento JOIN programas
DIM-Institucion-2022-1-Institucion,dimensiones,dimension=Institucion;cohorte=2022;horizonte=1,Institucion,32143,32143,0,0,PASS,seguimiento JOIN programas
DIM-Institucion-2022-1-EducacionSuperior,dimensiones,dimension=Institucion;cohorte=2022;horizonte=1,EducacionSuperior,32143,32143,0,0,PASS,seguimiento JOIN programas
DIM-Institucion-2022-2-Base,dimensiones,dimension=Institucion;cohorte=2022;horizonte=2,Base,32143,32143,0,0,PASS,seguimiento JOIN programas
DIM-Institucion-2022-2-Carrera,dimensiones,dimension=Institucion;cohorte=2022;horizonte=2,Carrera,20142,20142,0,0,PASS,seguimiento JOIN programas
DIM-Institucion-2022-2-Institucion,dimensiones,dimension=Institucion;cohorte=2022;horizonte=2,Institucion,20555,20555,0,0,PASS,seguimiento JOIN programas
DIM-Institucion-2022-2-EducacionSuperior,dimensiones,dimension=Institucion;cohorte=2022;horizonte=2,EducacionSuperior,22103,22103,0,0,PASS,seguimiento JOIN programas
DIM-Institucion-2022-3-Base,dimensiones,dimension=Institucion;cohorte=2022;horizonte=3,Base,32143,32143,0,0,PASS,seguimiento JOIN programas
DIM-Institucion-2022-3-Carrera,dimensiones,dimension=Institucion;cohorte=2022;horizonte=3,Carrera,11806,11806,0,0,PASS,seguimiento JOIN programas
DIM-Institucion-2022-3-Institucion,dimensiones,dimension=Institucion;cohorte=2022;horizonte=3,Institucion,12893,12893,0,0,PASS,seguimiento JOIN programas
DIM-Institucion-2022-3-EducacionSuperior,dimensiones,dimension=Institucion;cohorte=2022;horizonte=3,EducacionSuperior,15590,15590,0,0,PASS,seguimiento JOIN programas
DIM-Institucion-2022-4-Base,dimensiones,dimension=Institucion;cohorte=2022;horizonte=4,Base,32143,32143,0,0,PASS,seguimiento JOIN programas
DIM-Institucion-2022-4-Carrera,dimensiones,dimension=Institucion;cohorte=2022;horizonte=4,Carrera,5713,5713,0,0,PASS,seguimiento JOIN programas
DIM-Institucion-2022-4-Institucion,dimensiones,dimension=Institucion;cohorte=2022;horizonte=4,Institucion,7201,7201,0,0,PASS,seguimiento JOIN programas
DIM-Institucion-2022-4-EducacionSuperior,dimensiones,dimension=Institucion;cohorte=2022;horizonte=4,EducacionSuperior,11007,11007,0,0,PASS,seguimiento JOIN programas
DIM-Institucion-2023-1-Base,dimensiones,dimension=Institucion;cohorte=2023;horizonte=1,Base,39218,39218,0,0,PASS,seguimiento JOIN programas
DIM-Institucion-2023-1-Carrera,dimensiones,dimension=Institucion;cohorte=2023;horizonte=1,Carrera,39218,39218,0,0,PASS,seguimiento JOIN programas
DIM-Institucion-2023-1-Institucion,dimensiones,dimension=Institucion;cohorte=2023;horizonte=1,Institucion,39218,39218,0,0,PASS,seguimiento JOIN programas
DIM-Institucion-2023-1-EducacionSuperior,dimensiones,dimension=Institucion;cohorte=2023;horizonte=1,EducacionSuperior,39218,39218,0,0,PASS,seguimiento JOIN programas
DIM-Institucion-2023-2-Base,dimensiones,dimension=Institucion;cohorte=2023;horizonte=2,Base,39218,39218,0,0,PASS,seguimiento JOIN programas
DIM-Institucion-2023-2-Carrera,dimensiones,dimension=Institucion;cohorte=2023;horizonte=2,Carrera,24297,24297,0,0,PASS,seguimiento JOIN programas
DIM-Institucion-2023-2-Institucion,dimensiones,dimension=Institucion;cohorte=2023;horizonte=2,Institucion,25113,25113,0,0,PASS,seguimiento JOIN programas
DIM-Institucion-2023-2-EducacionSuperior,dimensiones,dimension=Institucion;cohorte=2023;horizonte=2,EducacionSuperior,27139,27139,0,0,PASS,seguimiento JOIN programas
DIM-Institucion-2023-3-Base,dimensiones,dimension=Institucion;cohorte=2023;horizonte=3,Base,39218,39218,0,0,PASS,seguimiento JOIN programas
DIM-Institucion-2023-3-Carrera,dimensiones,dimension=Institucion;cohorte=2023;horizonte=3,Carrera,15032,15032,0,0,PASS,seguimiento JOIN programas
DIM-Institucion-2023-3-Institucion,dimensiones,dimension=Institucion;cohorte=2023;horizonte=3,Institucion,16398,16398,0,0,PASS,seguimiento JOIN programas
DIM-Institucion-2023-3-EducacionSuperior,dimensiones,dimension=Institucion;cohorte=2023;horizonte=3,EducacionSuperior,19836,19836,0,0,PASS,seguimiento JOIN programas
DIM-Institucion-2024-1-Base,dimensiones,dimension=Institucion;cohorte=2024;horizonte=1,Base,41056,41056,0,0,PASS,seguimiento JOIN programas
DIM-Institucion-2024-1-Carrera,dimensiones,dimension=Institucion;cohorte=2024;horizonte=1,Carrera,41056,41056,0,0,PASS,seguimiento JOIN programas
DIM-Institucion-2024-1-Institucion,dimensiones,dimension=Institucion;cohorte=2024;horizonte=1,Institucion,41056,41056,0,0,PASS,seguimiento JOIN programas
DIM-Institucion-2024-1-EducacionSuperior,dimensiones,dimension=Institucion;cohorte=2024;horizonte=1,EducacionSuperior,41056,41056,0,0,PASS,seguimiento JOIN programas
DIM-Institucion-2024-2-Base,dimensiones,dimension=Institucion;cohorte=2024;horizonte=2,Base,41056,41056,0,0,PASS,seguimiento JOIN programas
DIM-Institucion-2024-2-Carrera,dimensiones,dimension=Institucion;cohorte=2024;horizonte=2,Carrera,26470,26470,0,0,PASS,seguimiento JOIN programas
DIM-Institucion-2024-2-Institucion,dimensiones,dimension=Institucion;cohorte=2024;horizonte=2,Institucion,27111,27111,0,0,PASS,seguimiento JOIN programas
DIM-Institucion-2024-2-EducacionSuperior,dimensiones,dimension=Institucion;cohorte=2024;horizonte=2,EducacionSuperior,29383,29383,0,0,PASS,seguimiento JOIN programas
DIM-Institucion-2025-1-Base,dimensiones,dimension=Institucion;cohorte=2025;horizonte=1,Base,50233,50233,0,0,PASS,seguimiento JOIN programas
DIM-Institucion-2025-1-Carrera,dimensiones,dimension=Institucion;cohorte=2025;horizonte=1,Carrera,50233,50233,0,0,PASS,seguimiento JOIN programas
DIM-Institucion-2025-1-Institucion,dimensiones,dimension=Institucion;cohorte=2025;horizonte=1,Institucion,50233,50233,0,0,PASS,seguimiento JOIN programas
DIM-Institucion-2025-1-EducacionSuperior,dimensiones,dimension=Institucion;cohorte=2025;horizonte=1,EducacionSuperior,50233,50233,0,0,PASS,seguimiento JOIN programas
DIM-Carrera-2011-1-Base,dimensiones,dimension=Carrera;cohorte=2011;horizonte=1,Base,3641,3641,0,0,PASS,seguimiento JOIN programas
DIM-Carrera-2011-1-Carrera,dimensiones,dimension=Carrera;cohorte=2011;horizonte=1,Carrera,3641,3641,0,0,PASS,seguimiento JOIN programas
DIM-Carrera-2011-1-Institucion,dimensiones,dimension=Carrera;cohorte=2011;horizonte=1,Institucion,3641,3641,0,0,PASS,seguimiento JOIN programas
DIM-Carrera-2011-1-EducacionSuperior,dimensiones,dimension=Carrera;cohorte=2011;horizonte=1,EducacionSuperior,3641,3641,0,0,PASS,seguimiento JOIN programas
DIM-Carrera-2011-2-Base,dimensiones,dimension=Carrera;cohorte=2011;horizonte=2,Base,3641,3641,0,0,PASS,seguimiento JOIN programas
DIM-Carrera-2011-2-Carrera,dimensiones,dimension=Carrera;cohorte=2011;horizonte=2,Carrera,2162,2162,0,0,PASS,seguimiento JOIN programas
DIM-Carrera-2011-2-Institucion,dimensiones,dimension=Carrera;cohorte=2011;horizonte=2,Institucion,2248,2248,0,0,PASS,seguimiento JOIN programas
DIM-Carrera-2011-2-EducacionSuperior,dimensiones,dimension=Carrera;cohorte=2011;horizonte=2,EducacionSuperior,2446,2446,0,0,PASS,seguimiento JOIN programas
DIM-Carrera-2011-3-Base,dimensiones,dimension=Carrera;cohorte=2011;horizonte=3,Base,3641,3641,0,0,PASS,seguimiento JOIN programas
DIM-Carrera-2011-3-Carrera,dimensiones,dimension=Carrera;cohorte=2011;horizonte=3,Carrera,1395,1395,0,0,PASS,seguimiento JOIN programas
DIM-Carrera-2011-3-Institucion,dimensiones,dimension=Carrera;cohorte=2011;horizonte=3,Institucion,1770,1770,0,0,PASS,seguimiento JOIN programas
DIM-Carrera-2011-3-EducacionSuperior,dimensiones,dimension=Carrera;cohorte=2011;horizonte=3,EducacionSuperior,2159,2159,0,0,PASS,seguimiento JOIN programas
DIM-Carrera-2011-4-Base,dimensiones,dimension=Carrera;cohorte=2011;horizonte=4,Base,3641,3641,0,0,PASS,seguimiento JOIN programas
DIM-Carrera-2011-4-Carrera,dimensiones,dimension=Carrera;cohorte=2011;horizonte=4,Carrera,486,486,0,0,PASS,seguimiento JOIN programas
DIM-Carrera-2011-4-Institucion,dimensiones,dimension=Carrera;cohorte=2011;horizonte=4,Institucion,803,803,0,0,PASS,seguimiento JOIN programas
DIM-Carrera-2011-4-EducacionSuperior,dimensiones,dimension=Carrera;cohorte=2011;horizonte=4,EducacionSuperior,1367,1367,0,0,PASS,seguimiento JOIN programas
DIM-Carrera-2011-5-Base,dimensiones,dimension=Carrera;cohorte=2011;horizonte=5,Base,3641,3641,0,0,PASS,seguimiento JOIN programas
DIM-Carrera-2011-5-Carrera,dimensiones,dimension=Carrera;cohorte=2011;horizonte=5,Carrera,198,198,0,0,PASS,seguimiento JOIN programas
DIM-Carrera-2011-5-Institucion,dimensiones,dimension=Carrera;cohorte=2011;horizonte=5,Institucion,380,380,0,0,PASS,seguimiento JOIN programas
DIM-Carrera-2011-5-EducacionSuperior,dimensiones,dimension=Carrera;cohorte=2011;horizonte=5,EducacionSuperior,978,978,0,0,PASS,seguimiento JOIN programas
DIM-Carrera-2011-6-Base,dimensiones,dimension=Carrera;cohorte=2011;horizonte=6,Base,3641,3641,0,0,PASS,seguimiento JOIN programas
DIM-Carrera-2011-6-Carrera,dimensiones,dimension=Carrera;cohorte=2011;horizonte=6,Carrera,87,87,0,0,PASS,seguimiento JOIN programas
DIM-Carrera-2011-6-Institucion,dimensiones,dimension=Carrera;cohorte=2011;horizonte=6,Institucion,211,211,0,0,PASS,seguimiento JOIN programas
DIM-Carrera-2011-6-EducacionSuperior,dimensiones,dimension=Carrera;cohorte=2011;horizonte=6,EducacionSuperior,805,805,0,0,PASS,seguimiento JOIN programas
DIM-Carrera-2011-7-Base,dimensiones,dimension=Carrera;cohorte=2011;horizonte=7,Base,3641,3641,0,0,PASS,seguimiento JOIN programas
DIM-Carrera-2011-7-Carrera,dimensiones,dimension=Carrera;cohorte=2011;horizonte=7,Carrera,43,43,0,0,PASS,seguimiento JOIN programas
DIM-Carrera-2011-7-Institucion,dimensiones,dimension=Carrera;cohorte=2011;horizonte=7,Institucion,135,135,0,0,PASS,seguimiento JOIN programas
DIM-Carrera-2011-7-EducacionSuperior,dimensiones,dimension=Carrera;cohorte=2011;horizonte=7,EducacionSuperior,653,653,0,0,PASS,seguimiento JOIN programas
DIM-Carrera-2011-8-Base,dimensiones,dimension=Carrera;cohorte=2011;horizonte=8,Base,3641,3641,0,0,PASS,seguimiento JOIN programas
DIM-Carrera-2011-8-Carrera,dimensiones,dimension=Carrera;cohorte=2011;horizonte=8,Carrera,25,25,0,0,PASS,seguimiento JOIN programas
DIM-Carrera-2011-8-Institucion,dimensiones,dimension=Carrera;cohorte=2011;horizonte=8,Institucion,80,80,0,0,PASS,seguimiento JOIN programas
DIM-Carrera-2011-8-EducacionSuperior,dimensiones,dimension=Carrera;cohorte=2011;horizonte=8,EducacionSuperior,525,525,0,0,PASS,seguimiento JOIN programas
DIM-Carrera-2011-9-Base,dimensiones,dimension=Carrera;cohorte=2011;horizonte=9,Base,3641,3641,0,0,PASS,seguimiento JOIN programas
DIM-Carrera-2011-9-Carrera,dimensiones,dimension=Carrera;cohorte=2011;horizonte=9,Carrera,17,17,0,0,PASS,seguimiento JOIN programas
DIM-Carrera-2011-9-Institucion,dimensiones,dimension=Carrera;cohorte=2011;horizonte=9,Institucion,54,54,0,0,PASS,seguimiento JOIN programas
DIM-Carrera-2011-9-EducacionSuperior,dimensiones,dimension=Carrera;cohorte=2011;horizonte=9,EducacionSuperior,472,472,0,0,PASS,seguimiento JOIN programas
DIM-Carrera-2011-10-Base,dimensiones,dimension=Carrera;cohorte=2011;horizonte=10,Base,3641,3641,0,0,PASS,seguimiento JOIN programas
DIM-Carrera-2011-10-Carrera,dimensiones,dimension=Carrera;cohorte=2011;horizonte=10,Carrera,12,12,0,0,PASS,seguimiento JOIN programas
DIM-Carrera-2011-10-Institucion,dimensiones,dimension=Carrera;cohorte=2011;horizonte=10,Institucion,49,49,0,0,PASS,seguimiento JOIN programas
DIM-Carrera-2011-10-EducacionSuperior,dimensiones,dimension=Carrera;cohorte=2011;horizonte=10,EducacionSuperior,413,413,0,0,PASS,seguimiento JOIN programas
DIM-Carrera-2011-11-Base,dimensiones,dimension=Carrera;cohorte=2011;horizonte=11,Base,3641,3641,0,0,PASS,seguimiento JOIN programas
DIM-Carrera-2011-11-Carrera,dimensiones,dimension=Carrera;cohorte=2011;horizonte=11,Carrera,7,7,0,0,PASS,seguimiento JOIN programas
DIM-Carrera-2011-11-Institucion,dimensiones,dimension=Carrera;cohorte=2011;horizonte=11,Institucion,38,38,0,0,PASS,seguimiento JOIN programas
DIM-Carrera-2011-11-EducacionSuperior,dimensiones,dimension=Carrera;cohorte=2011;horizonte=11,EducacionSuperior,441,441,0,0,PASS,seguimiento JOIN programas
DIM-Carrera-2011-12-Base,dimensiones,dimension=Carrera;cohorte=2011;horizonte=12,Base,3641,3641,0,0,PASS,seguimiento JOIN programas
DIM-Carrera-2011-12-Carrera,dimensiones,dimension=Carrera;cohorte=2011;horizonte=12,Carrera,8,8,0,0,PASS,seguimiento JOIN programas
DIM-Carrera-2011-12-Institucion,dimensiones,dimension=Carrera;cohorte=2011;horizonte=12,Institucion,45,45,0,0,PASS,seguimiento JOIN programas
DIM-Carrera-2011-12-EducacionSuperior,dimensiones,dimension=Carrera;cohorte=2011;horizonte=12,EducacionSuperior,436,436,0,0,PASS,seguimiento JOIN programas
DIM-Carrera-2011-13-Base,dimensiones,dimension=Carrera;cohorte=2011;horizonte=13,Base,3641,3641,0,0,PASS,seguimiento JOIN programas
DIM-Carrera-2011-13-Carrera,dimensiones,dimension=Carrera;cohorte=2011;horizonte=13,Carrera,4,4,0,0,PASS,seguimiento JOIN programas
DIM-Carrera-2011-13-Institucion,dimensiones,dimension=Carrera;cohorte=2011;horizonte=13,Institucion,38,38,0,0,PASS,seguimiento JOIN programas
DIM-Carrera-2011-13-EducacionSuperior,dimensiones,dimension=Carrera;cohorte=2011;horizonte=13,EducacionSuperior,409,409,0,0,PASS,seguimiento JOIN programas
DIM-Carrera-2011-14-Base,dimensiones,dimension=Carrera;cohorte=2011;horizonte=14,Base,3641,3641,0,0,PASS,seguimiento JOIN programas
DIM-Carrera-2011-14-Carrera,dimensiones,dimension=Carrera;cohorte=2011;horizonte=14,Carrera,2,2,0,0,PASS,seguimiento JOIN programas
DIM-Carrera-2011-14-Institucion,dimensiones,dimension=Carrera;cohorte=2011;horizonte=14,Institucion,30,30,0,0,PASS,seguimiento JOIN programas
DIM-Carrera-2011-14-EducacionSuperior,dimensiones,dimension=Carrera;cohorte=2011;horizonte=14,EducacionSuperior,359,359,0,0,PASS,seguimiento JOIN programas
DIM-Carrera-2011-15-Base,dimensiones,dimension=Carrera;cohorte=2011;horizonte=15,Base,3641,3641,0,0,PASS,seguimiento JOIN programas
DIM-Carrera-2011-15-Carrera,dimensiones,dimension=Carrera;cohorte=2011;horizonte=15,Carrera,1,1,0,0,PASS,seguimiento JOIN programas
DIM-Carrera-2011-15-Institucion,dimensiones,dimension=Carrera;cohorte=2011;horizonte=15,Institucion,22,22,0,0,PASS,seguimiento JOIN programas
DIM-Carrera-2011-15-EducacionSuperior,dimensiones,dimension=Carrera;cohorte=2011;horizonte=15,EducacionSuperior,356,356,0,0,PASS,seguimiento JOIN programas
DIM-Carrera-2012-1-Base,dimensiones,dimension=Carrera;cohorte=2012;horizonte=1,Base,5183,5183,0,0,PASS,seguimiento JOIN programas
DIM-Carrera-2012-1-Carrera,dimensiones,dimension=Carrera;cohorte=2012;horizonte=1,Carrera,5183,5183,0,0,PASS,seguimiento JOIN programas
DIM-Carrera-2012-1-Institucion,dimensiones,dimension=Carrera;cohorte=2012;horizonte=1,Institucion,5183,5183,0,0,PASS,seguimiento JOIN programas
DIM-Carrera-2012-1-EducacionSuperior,dimensiones,dimension=Carrera;cohorte=2012;horizonte=1,EducacionSuperior,5183,5183,0,0,PASS,seguimiento JOIN programas
DIM-Carrera-2012-2-Base,dimensiones,dimension=Carrera;cohorte=2012;horizonte=2,Base,5183,5183,0,0,PASS,seguimiento JOIN programas
DIM-Carrera-2012-2-Carrera,dimensiones,dimension=Carrera;cohorte=2012;horizonte=2,Carrera,2805,2805,0,0,PASS,seguimiento JOIN programas
DIM-Carrera-2012-2-Institucion,dimensiones,dimension=Carrera;cohorte=2012;horizonte=2,Institucion,3233,3233,0,0,PASS,seguimiento JOIN programas
DIM-Carrera-2012-2-EducacionSuperior,dimensiones,dimension=Carrera;cohorte=2012;horizonte=2,EducacionSuperior,3524,3524,0,0,PASS,seguimiento JOIN programas
DIM-Carrera-2012-3-Base,dimensiones,dimension=Carrera;cohorte=2012;horizonte=3,Base,5183,5183,0,0,PASS,seguimiento JOIN programas
DIM-Carrera-2012-3-Carrera,dimensiones,dimension=Carrera;cohorte=2012;horizonte=3,Carrera,2225,2225,0,0,PASS,seguimiento JOIN programas
DIM-Carrera-2012-3-Institucion,dimensiones,dimension=Carrera;cohorte=2012;horizonte=3,Institucion,2661,2661,0,0,PASS,seguimiento JOIN programas
DIM-Carrera-2012-3-EducacionSuperior,dimensiones,dimension=Carrera;cohorte=2012;horizonte=3,EducacionSuperior,3172,3172,0,0,PASS,seguimiento JOIN programas
DIM-Carrera-2012-4-Base,dimensiones,dimension=Carrera;cohorte=2012;horizonte=4,Base,5183,5183,0,0,PASS,seguimiento JOIN programas
DIM-Carrera-2012-4-Carrera,dimensiones,dimension=Carrera;cohorte=2012;horizonte=4,Carrera,855,855,0,0,PASS,seguimiento JOIN programas
DIM-Carrera-2012-4-Institucion,dimensiones,dimension=Carrera;cohorte=2012;horizonte=4,Institucion,1406,1406,0,0,PASS,seguimiento JOIN programas
DIM-Carrera-2012-4-EducacionSuperior,dimensiones,dimension=Carrera;cohorte=2012;horizonte=4,EducacionSuperior,2116,2116,0,0,PASS,seguimiento JOIN programas
DIM-Carrera-2012-5-Base,dimensiones,dimension=Carrera;cohorte=2012;horizonte=5,Base,5183,5183,0,0,PASS,seguimiento JOIN programas
DIM-Carrera-2012-5-Carrera,dimensiones,dimension=Carrera;cohorte=2012;horizonte=5,Carrera,321,321,0,0,PASS,seguimiento JOIN programas
DIM-Carrera-2012-5-Institucion,dimensiones,dimension=Carrera;cohorte=2012;horizonte=5,Institucion,670,670,0,0,PASS,seguimiento JOIN programas
DIM-Carrera-2012-5-EducacionSuperior,dimensiones,dimension=Carrera;cohorte=2012;horizonte=5,EducacionSuperior,1439,1439,0,0,PASS,seguimiento JOIN programas
DIM-Carrera-2012-6-Base,dimensiones,dimension=Carrera;cohorte=2012;horizonte=6,Base,5183,5183,0,0,PASS,seguimiento JOIN programas
DIM-Carrera-2012-6-Carrera,dimensiones,dimension=Carrera;cohorte=2012;horizonte=6,Carrera,98,98,0,0,PASS,seguimiento JOIN programas
DIM-Carrera-2012-6-Institucion,dimensiones,dimension=Carrera;cohorte=2012;horizonte=6,Institucion,316,316,0,0,PASS,seguimiento JOIN programas
DIM-Carrera-2012-6-EducacionSuperior,dimensiones,dimension=Carrera;cohorte=2012;horizonte=6,EducacionSuperior,1050,1050,0,0,PASS,seguimiento JOIN programas
DIM-Carrera-2012-7-Base,dimensiones,dimension=Carrera;cohorte=2012;horizonte=7,Base,5183,5183,0,0,PASS,seguimiento JOIN programas
DIM-Carrera-2012-7-Carrera,dimensiones,dimension=Carrera;cohorte=2012;horizonte=7,Carrera,52,52,0,0,PASS,seguimiento JOIN programas
DIM-Carrera-2012-7-Institucion,dimensiones,dimension=Carrera;cohorte=2012;horizonte=7,Institucion,183,183,0,0,PASS,seguimiento JOIN programas
DIM-Carrera-2012-7-EducacionSuperior,dimensiones,dimension=Carrera;cohorte=2012;horizonte=7,EducacionSuperior,825,825,0,0,PASS,seguimiento JOIN programas
DIM-Carrera-2012-8-Base,dimensiones,dimension=Carrera;cohorte=2012;horizonte=8,Base,5183,5183,0,0,PASS,seguimiento JOIN programas
DIM-Carrera-2012-8-Carrera,dimensiones,dimension=Carrera;cohorte=2012;horizonte=8,Carrera,32,32,0,0,PASS,seguimiento JOIN programas
DIM-Carrera-2012-8-Institucion,dimensiones,dimension=Carrera;cohorte=2012;horizonte=8,Institucion,132,132,0,0,PASS,seguimiento JOIN programas
DIM-Carrera-2012-8-EducacionSuperior,dimensiones,dimension=Carrera;cohorte=2012;horizonte=8,EducacionSuperior,693,693,0,0,PASS,seguimiento JOIN programas
DIM-Carrera-2012-9-Base,dimensiones,dimension=Carrera;cohorte=2012;horizonte=9,Base,5183,5183,0,0,PASS,seguimiento JOIN programas
DIM-Carrera-2012-9-Carrera,dimensiones,dimension=Carrera;cohorte=2012;horizonte=9,Carrera,20,20,0,0,PASS,seguimiento JOIN programas
DIM-Carrera-2012-9-Institucion,dimensiones,dimension=Carrera;cohorte=2012;horizonte=9,Institucion,82,82,0,0,PASS,seguimiento JOIN programas
DIM-Carrera-2012-9-EducacionSuperior,dimensiones,dimension=Carrera;cohorte=2012;horizonte=9,EducacionSuperior,579,579,0,0,PASS,seguimiento JOIN programas
DIM-Carrera-2012-10-Base,dimensiones,dimension=Carrera;cohorte=2012;horizonte=10,Base,5183,5183,0,0,PASS,seguimiento JOIN programas
DIM-Carrera-2012-10-Carrera,dimensiones,dimension=Carrera;cohorte=2012;horizonte=10,Carrera,13,13,0,0,PASS,seguimiento JOIN programas
DIM-Carrera-2012-10-Institucion,dimensiones,dimension=Carrera;cohorte=2012;horizonte=10,Institucion,93,93,0,0,PASS,seguimiento JOIN programas
DIM-Carrera-2012-10-EducacionSuperior,dimensiones,dimension=Carrera;cohorte=2012;horizonte=10,EducacionSuperior,629,629,0,0,PASS,seguimiento JOIN programas
DIM-Carrera-2012-11-Base,dimensiones,dimension=Carrera;cohorte=2012;horizonte=11,Base,5183,5183,0,0,PASS,seguimiento JOIN programas
DIM-Carrera-2012-11-Carrera,dimensiones,dimension=Carrera;cohorte=2012;horizonte=11,Carrera,15,15,0,0,PASS,seguimiento JOIN programas
DIM-Carrera-2012-11-Institucion,dimensiones,dimension=Carrera;cohorte=2012;horizonte=11,Institucion,79,79,0,0,PASS,seguimiento JOIN programas
DIM-Carrera-2012-11-EducacionSuperior,dimensiones,dimension=Carrera;cohorte=2012;horizonte=11,EducacionSuperior,631,631,0,0,PASS,seguimiento JOIN programas
DIM-Carrera-2012-12-Base,dimensiones,dimension=Carrera;cohorte=2012;horizonte=12,Base,5183,5183,0,0,PASS,seguimiento JOIN programas
DIM-Carrera-2012-12-Carrera,dimensiones,dimension=Carrera;cohorte=2012;horizonte=12,Carrera,13,13,0,0,PASS,seguimiento JOIN programas
DIM-Carrera-2012-12-Institucion,dimensiones,dimension=Carrera;cohorte=2012;horizonte=12,Institucion,73,73,0,0,PASS,seguimiento JOIN programas
DIM-Carrera-2012-12-EducacionSuperior,dimensiones,dimension=Carrera;cohorte=2012;horizonte=12,EducacionSuperior,590,590,0,0,PASS,seguimiento JOIN programas
DIM-Carrera-2012-13-Base,dimensiones,dimension=Carrera;cohorte=2012;horizonte=13,Base,5183,5183,0,0,PASS,seguimiento JOIN programas
DIM-Carrera-2012-13-Carrera,dimensiones,dimension=Carrera;cohorte=2012;horizonte=13,Carrera,9,9,0,0,PASS,seguimiento JOIN programas
DIM-Carrera-2012-13-Institucion,dimensiones,dimension=Carrera;cohorte=2012;horizonte=13,Institucion,54,54,0,0,PASS,seguimiento JOIN programas
DIM-Carrera-2012-13-EducacionSuperior,dimensiones,dimension=Carrera;cohorte=2012;horizonte=13,EducacionSuperior,568,568,0,0,PASS,seguimiento JOIN programas
DIM-Carrera-2012-14-Base,dimensiones,dimension=Carrera;cohorte=2012;horizonte=14,Base,5183,5183,0,0,PASS,seguimiento JOIN programas
DIM-Carrera-2012-14-Carrera,dimensiones,dimension=Carrera;cohorte=2012;horizonte=14,Carrera,2,2,0,0,PASS,seguimiento JOIN programas
DIM-Carrera-2012-14-Institucion,dimensiones,dimension=Carrera;cohorte=2012;horizonte=14,Institucion,43,43,0,0,PASS,seguimiento JOIN programas
DIM-Carrera-2012-14-EducacionSuperior,dimensiones,dimension=Carrera;cohorte=2012;horizonte=14,EducacionSuperior,554,554,0,0,PASS,seguimiento JOIN programas
DIM-Carrera-2013-1-Base,dimensiones,dimension=Carrera;cohorte=2013;horizonte=1,Base,8312,8312,0,0,PASS,seguimiento JOIN programas
DIM-Carrera-2013-1-Carrera,dimensiones,dimension=Carrera;cohorte=2013;horizonte=1,Carrera,8312,8312,0,0,PASS,seguimiento JOIN programas
DIM-Carrera-2013-1-Institucion,dimensiones,dimension=Carrera;cohorte=2013;horizonte=1,Institucion,8312,8312,0,0,PASS,seguimiento JOIN programas
DIM-Carrera-2013-1-EducacionSuperior,dimensiones,dimension=Carrera;cohorte=2013;horizonte=1,EducacionSuperior,8312,8312,0,0,PASS,seguimiento JOIN programas
DIM-Carrera-2013-2-Base,dimensiones,dimension=Carrera;cohorte=2013;horizonte=2,Base,8312,8312,0,0,PASS,seguimiento JOIN programas
DIM-Carrera-2013-2-Carrera,dimensiones,dimension=Carrera;cohorte=2013;horizonte=2,Carrera,4210,4210,0,0,PASS,seguimiento JOIN programas
DIM-Carrera-2013-2-Institucion,dimensiones,dimension=Carrera;cohorte=2013;horizonte=2,Institucion,5178,5178,0,0,PASS,seguimiento JOIN programas
DIM-Carrera-2013-2-EducacionSuperior,dimensiones,dimension=Carrera;cohorte=2013;horizonte=2,EducacionSuperior,5626,5626,0,0,PASS,seguimiento JOIN programas
DIM-Carrera-2013-3-Base,dimensiones,dimension=Carrera;cohorte=2013;horizonte=3,Base,8312,8312,0,0,PASS,seguimiento JOIN programas
DIM-Carrera-2013-3-Carrera,dimensiones,dimension=Carrera;cohorte=2013;horizonte=3,Carrera,2951,2951,0,0,PASS,seguimiento JOIN programas
DIM-Carrera-2013-3-Institucion,dimensiones,dimension=Carrera;cohorte=2013;horizonte=3,Institucion,3942,3942,0,0,PASS,seguimiento JOIN programas
DIM-Carrera-2013-3-EducacionSuperior,dimensiones,dimension=Carrera;cohorte=2013;horizonte=3,EducacionSuperior,4760,4760,0,0,PASS,seguimiento JOIN programas
DIM-Carrera-2013-4-Base,dimensiones,dimension=Carrera;cohorte=2013;horizonte=4,Base,8312,8312,0,0,PASS,seguimiento JOIN programas
DIM-Carrera-2013-4-Carrera,dimensiones,dimension=Carrera;cohorte=2013;horizonte=4,Carrera,1086,1086,0,0,PASS,seguimiento JOIN programas
DIM-Carrera-2013-4-Institucion,dimensiones,dimension=Carrera;cohorte=2013;horizonte=4,Institucion,2044,2044,0,0,PASS,seguimiento JOIN programas
DIM-Carrera-2013-4-EducacionSuperior,dimensiones,dimension=Carrera;cohorte=2013;horizonte=4,EducacionSuperior,3144,3144,0,0,PASS,seguimiento JOIN programas
DIM-Carrera-2013-5-Base,dimensiones,dimension=Carrera;cohorte=2013;horizonte=5,Base,8312,8312,0,0,PASS,seguimiento JOIN programas
DIM-Carrera-2013-5-Carrera,dimensiones,dimension=Carrera;cohorte=2013;horizonte=5,Carrera,397,397,0,0,PASS,seguimiento JOIN programas
DIM-Carrera-2013-5-Institucion,dimensiones,dimension=Carrera;cohorte=2013;horizonte=5,Institucion,977,977,0,0,PASS,seguimiento JOIN programas
DIM-Carrera-2013-5-EducacionSuperior,dimensiones,dimension=Carrera;cohorte=2013;horizonte=5,EducacionSuperior,2062,2062,0,0,PASS,seguimiento JOIN programas
DIM-Carrera-2013-6-Base,dimensiones,dimension=Carrera;cohorte=2013;horizonte=6,Base,8312,8312,0,0,PASS,seguimiento JOIN programas
DIM-Carrera-2013-6-Carrera,dimensiones,dimension=Carrera;cohorte=2013;horizonte=6,Carrera,147,147,0,0,PASS,seguimiento JOIN programas
DIM-Carrera-2013-6-Institucion,dimensiones,dimension=Carrera;cohorte=2013;horizonte=6,Institucion,460,460,0,0,PASS,seguimiento JOIN programas
DIM-Carrera-2013-6-EducacionSuperior,dimensiones,dimension=Carrera;cohorte=2013;horizonte=6,EducacionSuperior,1482,1482,0,0,PASS,seguimiento JOIN programas
DIM-Carrera-2013-7-Base,dimensiones,dimension=Carrera;cohorte=2013;horizonte=7,Base,8312,8312,0,0,PASS,seguimiento JOIN programas
DIM-Carrera-2013-7-Carrera,dimensiones,dimension=Carrera;cohorte=2013;horizonte=7,Carrera,61,61,0,0,PASS,seguimiento JOIN programas
DIM-Carrera-2013-7-Institucion,dimensiones,dimension=Carrera;cohorte=2013;horizonte=7,Institucion,296,296,0,0,PASS,seguimiento JOIN programas
DIM-Carrera-2013-7-EducacionSuperior,dimensiones,dimension=Carrera;cohorte=2013;horizonte=7,EducacionSuperior,1224,1224,0,0,PASS,seguimiento JOIN programas
DIM-Carrera-2013-8-Base,dimensiones,dimension=Carrera;cohorte=2013;horizonte=8,Base,8312,8312,0,0,PASS,seguimiento JOIN programas
DIM-Carrera-2013-8-Carrera,dimensiones,dimension=Carrera;cohorte=2013;horizonte=8,Carrera,38,38,0,0,PASS,seguimiento JOIN programas
DIM-Carrera-2013-8-Institucion,dimensiones,dimension=Carrera;cohorte=2013;horizonte=8,Institucion,204,204,0,0,PASS,seguimiento JOIN programas
DIM-Carrera-2013-8-EducacionSuperior,dimensiones,dimension=Carrera;cohorte=2013;horizonte=8,EducacionSuperior,1036,1036,0,0,PASS,seguimiento JOIN programas
DIM-Carrera-2013-9-Base,dimensiones,dimension=Carrera;cohorte=2013;horizonte=9,Base,8312,8312,0,0,PASS,seguimiento JOIN programas
DIM-Carrera-2013-9-Carrera,dimensiones,dimension=Carrera;cohorte=2013;horizonte=9,Carrera,33,33,0,0,PASS,seguimiento JOIN programas
DIM-Carrera-2013-9-Institucion,dimensiones,dimension=Carrera;cohorte=2013;horizonte=9,Institucion,151,151,0,0,PASS,seguimiento JOIN programas
DIM-Carrera-2013-9-EducacionSuperior,dimensiones,dimension=Carrera;cohorte=2013;horizonte=9,EducacionSuperior,1106,1106,0,0,PASS,seguimiento JOIN programas
DIM-Carrera-2013-10-Base,dimensiones,dimension=Carrera;cohorte=2013;horizonte=10,Base,8312,8312,0,0,PASS,seguimiento JOIN programas
DIM-Carrera-2013-10-Carrera,dimensiones,dimension=Carrera;cohorte=2013;horizonte=10,Carrera,27,27,0,0,PASS,seguimiento JOIN programas
DIM-Carrera-2013-10-Institucion,dimensiones,dimension=Carrera;cohorte=2013;horizonte=10,Institucion,127,127,0,0,PASS,seguimiento JOIN programas
DIM-Carrera-2013-10-EducacionSuperior,dimensiones,dimension=Carrera;cohorte=2013;horizonte=10,EducacionSuperior,1028,1028,0,0,PASS,seguimiento JOIN programas
DIM-Carrera-2013-11-Base,dimensiones,dimension=Carrera;cohorte=2013;horizonte=11,Base,8312,8312,0,0,PASS,seguimiento JOIN programas
DIM-Carrera-2013-11-Carrera,dimensiones,dimension=Carrera;cohorte=2013;horizonte=11,Carrera,23,23,0,0,PASS,seguimiento JOIN programas
DIM-Carrera-2013-11-Institucion,dimensiones,dimension=Carrera;cohorte=2013;horizonte=11,Institucion,127,127,0,0,PASS,seguimiento JOIN programas
DIM-Carrera-2013-11-EducacionSuperior,dimensiones,dimension=Carrera;cohorte=2013;horizonte=11,EducacionSuperior,990,990,0,0,PASS,seguimiento JOIN programas
DIM-Carrera-2013-12-Base,dimensiones,dimension=Carrera;cohorte=2013;horizonte=12,Base,8312,8312,0,0,PASS,seguimiento JOIN programas
DIM-Carrera-2013-12-Carrera,dimensiones,dimension=Carrera;cohorte=2013;horizonte=12,Carrera,17,17,0,0,PASS,seguimiento JOIN programas
DIM-Carrera-2013-12-Institucion,dimensiones,dimension=Carrera;cohorte=2013;horizonte=12,Institucion,90,90,0,0,PASS,seguimiento JOIN programas
DIM-Carrera-2013-12-EducacionSuperior,dimensiones,dimension=Carrera;cohorte=2013;horizonte=12,EducacionSuperior,909,909,0,0,PASS,seguimiento JOIN programas
DIM-Carrera-2013-13-Base,dimensiones,dimension=Carrera;cohorte=2013;horizonte=13,Base,8312,8312,0,0,PASS,seguimiento JOIN programas
DIM-Carrera-2013-13-Carrera,dimensiones,dimension=Carrera;cohorte=2013;horizonte=13,Carrera,10,10,0,0,PASS,seguimiento JOIN programas
DIM-Carrera-2013-13-Institucion,dimensiones,dimension=Carrera;cohorte=2013;horizonte=13,Institucion,68,68,0,0,PASS,seguimiento JOIN programas
DIM-Carrera-2013-13-EducacionSuperior,dimensiones,dimension=Carrera;cohorte=2013;horizonte=13,EducacionSuperior,902,902,0,0,PASS,seguimiento JOIN programas
DIM-Carrera-2014-1-Base,dimensiones,dimension=Carrera;cohorte=2014;horizonte=1,Base,11812,11812,0,0,PASS,seguimiento JOIN programas
DIM-Carrera-2014-1-Carrera,dimensiones,dimension=Carrera;cohorte=2014;horizonte=1,Carrera,11812,11812,0,0,PASS,seguimiento JOIN programas
DIM-Carrera-2014-1-Institucion,dimensiones,dimension=Carrera;cohorte=2014;horizonte=1,Institucion,11812,11812,0,0,PASS,seguimiento JOIN programas
DIM-Carrera-2014-1-EducacionSuperior,dimensiones,dimension=Carrera;cohorte=2014;horizonte=1,EducacionSuperior,11812,11812,0,0,PASS,seguimiento JOIN programas
DIM-Carrera-2014-2-Base,dimensiones,dimension=Carrera;cohorte=2014;horizonte=2,Base,11812,11812,0,0,PASS,seguimiento JOIN programas
DIM-Carrera-2014-2-Carrera,dimensiones,dimension=Carrera;cohorte=2014;horizonte=2,Carrera,6721,6721,0,0,PASS,seguimiento JOIN programas
DIM-Carrera-2014-2-Institucion,dimensiones,dimension=Carrera;cohorte=2014;horizonte=2,Institucion,7042,7042,0,0,PASS,seguimiento JOIN programas
DIM-Carrera-2014-2-EducacionSuperior,dimensiones,dimension=Carrera;cohorte=2014;horizonte=2,EducacionSuperior,7667,7667,0,0,PASS,seguimiento JOIN programas
DIM-Carrera-2014-3-Base,dimensiones,dimension=Carrera;cohorte=2014;horizonte=3,Base,11812,11812,0,0,PASS,seguimiento JOIN programas
DIM-Carrera-2014-3-Carrera,dimensiones,dimension=Carrera;cohorte=2014;horizonte=3,Carrera,4187,4187,0,0,PASS,seguimiento JOIN programas
DIM-Carrera-2014-3-Institucion,dimensiones,dimension=Carrera;cohorte=2014;horizonte=3,Institucion,4966,4966,0,0,PASS,seguimiento JOIN programas
DIM-Carrera-2014-3-EducacionSuperior,dimensiones,dimension=Carrera;cohorte=2014;horizonte=3,EducacionSuperior,6085,6085,0,0,PASS,seguimiento JOIN programas
DIM-Carrera-2014-4-Base,dimensiones,dimension=Carrera;cohorte=2014;horizonte=4,Base,11812,11812,0,0,PASS,seguimiento JOIN programas
DIM-Carrera-2014-4-Carrera,dimensiones,dimension=Carrera;cohorte=2014;horizonte=4,Carrera,1299,1299,0,0,PASS,seguimiento JOIN programas
DIM-Carrera-2014-4-Institucion,dimensiones,dimension=Carrera;cohorte=2014;horizonte=4,Institucion,2440,2440,0,0,PASS,seguimiento JOIN programas
DIM-Carrera-2014-4-EducacionSuperior,dimensiones,dimension=Carrera;cohorte=2014;horizonte=4,EducacionSuperior,3896,3896,0,0,PASS,seguimiento JOIN programas
DIM-Carrera-2014-5-Base,dimensiones,dimension=Carrera;cohorte=2014;horizonte=5,Base,11812,11812,0,0,PASS,seguimiento JOIN programas
DIM-Carrera-2014-5-Carrera,dimensiones,dimension=Carrera;cohorte=2014;horizonte=5,Carrera,548,548,0,0,PASS,seguimiento JOIN programas
DIM-Carrera-2014-5-Institucion,dimensiones,dimension=Carrera;cohorte=2014;horizonte=5,Institucion,1211,1211,0,0,PASS,seguimiento JOIN programas
DIM-Carrera-2014-5-EducacionSuperior,dimensiones,dimension=Carrera;cohorte=2014;horizonte=5,EducacionSuperior,2583,2583,0,0,PASS,seguimiento JOIN programas
DIM-Carrera-2014-6-Base,dimensiones,dimension=Carrera;cohorte=2014;horizonte=6,Base,11812,11812,0,0,PASS,seguimiento JOIN programas
DIM-Carrera-2014-6-Carrera,dimensiones,dimension=Carrera;cohorte=2014;horizonte=6,Carrera,206,206,0,0,PASS,seguimiento JOIN programas
DIM-Carrera-2014-6-Institucion,dimensiones,dimension=Carrera;cohorte=2014;horizonte=6,Institucion,570,570,0,0,PASS,seguimiento JOIN programas
DIM-Carrera-2014-6-EducacionSuperior,dimensiones,dimension=Carrera;cohorte=2014;horizonte=6,EducacionSuperior,1911,1911,0,0,PASS,seguimiento JOIN programas
DIM-Carrera-2014-7-Base,dimensiones,dimension=Carrera;cohorte=2014;horizonte=7,Base,11812,11812,0,0,PASS,seguimiento JOIN programas
DIM-Carrera-2014-7-Carrera,dimensiones,dimension=Carrera;cohorte=2014;horizonte=7,Carrera,81,81,0,0,PASS,seguimiento JOIN programas
DIM-Carrera-2014-7-Institucion,dimensiones,dimension=Carrera;cohorte=2014;horizonte=7,Institucion,291,291,0,0,PASS,seguimiento JOIN programas
DIM-Carrera-2014-7-EducacionSuperior,dimensiones,dimension=Carrera;cohorte=2014;horizonte=7,EducacionSuperior,1500,1500,0,0,PASS,seguimiento JOIN programas
DIM-Carrera-2014-8-Base,dimensiones,dimension=Carrera;cohorte=2014;horizonte=8,Base,11812,11812,0,0,PASS,seguimiento JOIN programas
DIM-Carrera-2014-8-Carrera,dimensiones,dimension=Carrera;cohorte=2014;horizonte=8,Carrera,67,67,0,0,PASS,seguimiento JOIN programas
DIM-Carrera-2014-8-Institucion,dimensiones,dimension=Carrera;cohorte=2014;horizonte=8,Institucion,256,256,0,0,PASS,seguimiento JOIN programas
DIM-Carrera-2014-8-EducacionSuperior,dimensiones,dimension=Carrera;cohorte=2014;horizonte=8,EducacionSuperior,1638,1638,0,0,PASS,seguimiento JOIN programas
DIM-Carrera-2014-9-Base,dimensiones,dimension=Carrera;cohorte=2014;horizonte=9,Base,11812,11812,0,0,PASS,seguimiento JOIN programas
DIM-Carrera-2014-9-Carrera,dimensiones,dimension=Carrera;cohorte=2014;horizonte=9,Carrera,39,39,0,0,PASS,seguimiento JOIN programas
DIM-Carrera-2014-9-Institucion,dimensiones,dimension=Carrera;cohorte=2014;horizonte=9,Institucion,222,222,0,0,PASS,seguimiento JOIN programas
DIM-Carrera-2014-9-EducacionSuperior,dimensiones,dimension=Carrera;cohorte=2014;horizonte=9,EducacionSuperior,1565,1565,0,0,PASS,seguimiento JOIN programas
DIM-Carrera-2014-10-Base,dimensiones,dimension=Carrera;cohorte=2014;horizonte=10,Base,11812,11812,0,0,PASS,seguimiento JOIN programas
DIM-Carrera-2014-10-Carrera,dimensiones,dimension=Carrera;cohorte=2014;horizonte=10,Carrera,32,32,0,0,PASS,seguimiento JOIN programas
DIM-Carrera-2014-10-Institucion,dimensiones,dimension=Carrera;cohorte=2014;horizonte=10,Institucion,213,213,0,0,PASS,seguimiento JOIN programas
DIM-Carrera-2014-10-EducacionSuperior,dimensiones,dimension=Carrera;cohorte=2014;horizonte=10,EducacionSuperior,1458,1458,0,0,PASS,seguimiento JOIN programas
DIM-Carrera-2014-11-Base,dimensiones,dimension=Carrera;cohorte=2014;horizonte=11,Base,11812,11812,0,0,PASS,seguimiento JOIN programas
DIM-Carrera-2014-11-Carrera,dimensiones,dimension=Carrera;cohorte=2014;horizonte=11,Carrera,28,28,0,0,PASS,seguimiento JOIN programas
DIM-Carrera-2014-11-Institucion,dimensiones,dimension=Carrera;cohorte=2014;horizonte=11,Institucion,176,176,0,0,PASS,seguimiento JOIN programas
DIM-Carrera-2014-11-EducacionSuperior,dimensiones,dimension=Carrera;cohorte=2014;horizonte=11,EducacionSuperior,1413,1413,0,0,PASS,seguimiento JOIN programas
DIM-Carrera-2014-12-Base,dimensiones,dimension=Carrera;cohorte=2014;horizonte=12,Base,11812,11812,0,0,PASS,seguimiento JOIN programas
DIM-Carrera-2014-12-Carrera,dimensiones,dimension=Carrera;cohorte=2014;horizonte=12,Carrera,16,16,0,0,PASS,seguimiento JOIN programas
DIM-Carrera-2014-12-Institucion,dimensiones,dimension=Carrera;cohorte=2014;horizonte=12,Institucion,135,135,0,0,PASS,seguimiento JOIN programas
DIM-Carrera-2014-12-EducacionSuperior,dimensiones,dimension=Carrera;cohorte=2014;horizonte=12,EducacionSuperior,1371,1371,0,0,PASS,seguimiento JOIN programas
DIM-Carrera-2015-1-Base,dimensiones,dimension=Carrera;cohorte=2015;horizonte=1,Base,11982,11982,0,0,PASS,seguimiento JOIN programas
DIM-Carrera-2015-1-Carrera,dimensiones,dimension=Carrera;cohorte=2015;horizonte=1,Carrera,11982,11982,0,0,PASS,seguimiento JOIN programas
DIM-Carrera-2015-1-Institucion,dimensiones,dimension=Carrera;cohorte=2015;horizonte=1,Institucion,11982,11982,0,0,PASS,seguimiento JOIN programas
DIM-Carrera-2015-1-EducacionSuperior,dimensiones,dimension=Carrera;cohorte=2015;horizonte=1,EducacionSuperior,11982,11982,0,0,PASS,seguimiento JOIN programas
DIM-Carrera-2015-2-Base,dimensiones,dimension=Carrera;cohorte=2015;horizonte=2,Base,11982,11982,0,0,PASS,seguimiento JOIN programas
DIM-Carrera-2015-2-Carrera,dimensiones,dimension=Carrera;cohorte=2015;horizonte=2,Carrera,6678,6678,0,0,PASS,seguimiento JOIN programas
DIM-Carrera-2015-2-Institucion,dimensiones,dimension=Carrera;cohorte=2015;horizonte=2,Institucion,7008,7008,0,0,PASS,seguimiento JOIN programas
DIM-Carrera-2015-2-EducacionSuperior,dimensiones,dimension=Carrera;cohorte=2015;horizonte=2,EducacionSuperior,7651,7651,0,0,PASS,seguimiento JOIN programas
DIM-Carrera-2015-3-Base,dimensiones,dimension=Carrera;cohorte=2015;horizonte=3,Base,11982,11982,0,0,PASS,seguimiento JOIN programas
DIM-Carrera-2015-3-Carrera,dimensiones,dimension=Carrera;cohorte=2015;horizonte=3,Carrera,4485,4485,0,0,PASS,seguimiento JOIN programas
DIM-Carrera-2015-3-Institucion,dimensiones,dimension=Carrera;cohorte=2015;horizonte=3,Institucion,5245,5245,0,0,PASS,seguimiento JOIN programas
DIM-Carrera-2015-3-EducacionSuperior,dimensiones,dimension=Carrera;cohorte=2015;horizonte=3,EducacionSuperior,6407,6407,0,0,PASS,seguimiento JOIN programas
DIM-Carrera-2015-4-Base,dimensiones,dimension=Carrera;cohorte=2015;horizonte=4,Base,11982,11982,0,0,PASS,seguimiento JOIN programas
DIM-Carrera-2015-4-Carrera,dimensiones,dimension=Carrera;cohorte=2015;horizonte=4,Carrera,1565,1565,0,0,PASS,seguimiento JOIN programas
DIM-Carrera-2015-4-Institucion,dimensiones,dimension=Carrera;cohorte=2015;horizonte=4,Institucion,2642,2642,0,0,PASS,seguimiento JOIN programas
DIM-Carrera-2015-4-EducacionSuperior,dimensiones,dimension=Carrera;cohorte=2015;horizonte=4,EducacionSuperior,4165,4165,0,0,PASS,seguimiento JOIN programas
DIM-Carrera-2015-5-Base,dimensiones,dimension=Carrera;cohorte=2015;horizonte=5,Base,11982,11982,0,0,PASS,seguimiento JOIN programas
DIM-Carrera-2015-5-Carrera,dimensiones,dimension=Carrera;cohorte=2015;horizonte=5,Carrera,592,592,0,0,PASS,seguimiento JOIN programas
DIM-Carrera-2015-5-Institucion,dimensiones,dimension=Carrera;cohorte=2015;horizonte=5,Institucion,1206,1206,0,0,PASS,seguimiento JOIN programas
DIM-Carrera-2015-5-EducacionSuperior,dimensiones,dimension=Carrera;cohorte=2015;horizonte=5,EducacionSuperior,2701,2701,0,0,PASS,seguimiento JOIN programas
DIM-Carrera-2015-6-Base,dimensiones,dimension=Carrera;cohorte=2015;horizonte=6,Base,11982,11982,0,0,PASS,seguimiento JOIN programas
DIM-Carrera-2015-6-Carrera,dimensiones,dimension=Carrera;cohorte=2015;horizonte=6,Carrera,152,152,0,0,PASS,seguimiento JOIN programas
DIM-Carrera-2015-6-Institucion,dimensiones,dimension=Carrera;cohorte=2015;horizonte=6,Institucion,499,499,0,0,PASS,seguimiento JOIN programas
DIM-Carrera-2015-6-EducacionSuperior,dimensiones,dimension=Carrera;cohorte=2015;horizonte=6,EducacionSuperior,1880,1880,0,0,PASS,seguimiento JOIN programas
DIM-Carrera-2015-7-Base,dimensiones,dimension=Carrera;cohorte=2015;horizonte=7,Base,11982,11982,0,0,PASS,seguimiento JOIN programas
DIM-Carrera-2015-7-Carrera,dimensiones,dimension=Carrera;cohorte=2015;horizonte=7,Carrera,109,109,0,0,PASS,seguimiento JOIN programas
DIM-Carrera-2015-7-Institucion,dimensiones,dimension=Carrera;cohorte=2015;horizonte=7,Institucion,400,400,0,0,PASS,seguimiento JOIN programas
DIM-Carrera-2015-7-EducacionSuperior,dimensiones,dimension=Carrera;cohorte=2015;horizonte=7,EducacionSuperior,1913,1913,0,0,PASS,seguimiento JOIN programas
DIM-Carrera-2015-8-Base,dimensiones,dimension=Carrera;cohorte=2015;horizonte=8,Base,11982,11982,0,0,PASS,seguimiento JOIN programas
DIM-Carrera-2015-8-Carrera,dimensiones,dimension=Carrera;cohorte=2015;horizonte=8,Carrera,90,90,0,0,PASS,seguimiento JOIN programas
DIM-Carrera-2015-8-Institucion,dimensiones,dimension=Carrera;cohorte=2015;horizonte=8,Institucion,315,315,0,0,PASS,seguimiento JOIN programas
DIM-Carrera-2015-8-EducacionSuperior,dimensiones,dimension=Carrera;cohorte=2015;horizonte=8,EducacionSuperior,1791,1791,0,0,PASS,seguimiento JOIN programas
DIM-Carrera-2015-9-Base,dimensiones,dimension=Carrera;cohorte=2015;horizonte=9,Base,11982,11982,0,0,PASS,seguimiento JOIN programas
DIM-Carrera-2015-9-Carrera,dimensiones,dimension=Carrera;cohorte=2015;horizonte=9,Carrera,68,68,0,0,PASS,seguimiento JOIN programas
DIM-Carrera-2015-9-Institucion,dimensiones,dimension=Carrera;cohorte=2015;horizonte=9,Institucion,258,258,0,0,PASS,seguimiento JOIN programas
DIM-Carrera-2015-9-EducacionSuperior,dimensiones,dimension=Carrera;cohorte=2015;horizonte=9,EducacionSuperior,1671,1671,0,0,PASS,seguimiento JOIN programas
DIM-Carrera-2015-10-Base,dimensiones,dimension=Carrera;cohorte=2015;horizonte=10,Base,11982,11982,0,0,PASS,seguimiento JOIN programas
DIM-Carrera-2015-10-Carrera,dimensiones,dimension=Carrera;cohorte=2015;horizonte=10,Carrera,41,41,0,0,PASS,seguimiento JOIN programas
DIM-Carrera-2015-10-Institucion,dimensiones,dimension=Carrera;cohorte=2015;horizonte=10,Institucion,199,199,0,0,PASS,seguimiento JOIN programas
DIM-Carrera-2015-10-EducacionSuperior,dimensiones,dimension=Carrera;cohorte=2015;horizonte=10,EducacionSuperior,1541,1541,0,0,PASS,seguimiento JOIN programas
DIM-Carrera-2015-11-Base,dimensiones,dimension=Carrera;cohorte=2015;horizonte=11,Base,11982,11982,0,0,PASS,seguimiento JOIN programas
DIM-Carrera-2015-11-Carrera,dimensiones,dimension=Carrera;cohorte=2015;horizonte=11,Carrera,25,25,0,0,PASS,seguimiento JOIN programas
DIM-Carrera-2015-11-Institucion,dimensiones,dimension=Carrera;cohorte=2015;horizonte=11,Institucion,170,170,0,0,PASS,seguimiento JOIN programas
DIM-Carrera-2015-11-EducacionSuperior,dimensiones,dimension=Carrera;cohorte=2015;horizonte=11,EducacionSuperior,1474,1474,0,0,PASS,seguimiento JOIN programas
DIM-Carrera-2016-1-Base,dimensiones,dimension=Carrera;cohorte=2016;horizonte=1,Base,13664,13664,0,0,PASS,seguimiento JOIN programas
DIM-Carrera-2016-1-Carrera,dimensiones,dimension=Carrera;cohorte=2016;horizonte=1,Carrera,13664,13664,0,0,PASS,seguimiento JOIN programas
DIM-Carrera-2016-1-Institucion,dimensiones,dimension=Carrera;cohorte=2016;horizonte=1,Institucion,13664,13664,0,0,PASS,seguimiento JOIN programas
DIM-Carrera-2016-1-EducacionSuperior,dimensiones,dimension=Carrera;cohorte=2016;horizonte=1,EducacionSuperior,13664,13664,0,0,PASS,seguimiento JOIN programas
DIM-Carrera-2016-2-Base,dimensiones,dimension=Carrera;cohorte=2016;horizonte=2,Base,13664,13664,0,0,PASS,seguimiento JOIN programas
DIM-Carrera-2016-2-Carrera,dimensiones,dimension=Carrera;cohorte=2016;horizonte=2,Carrera,7905,7905,0,0,PASS,seguimiento JOIN programas
DIM-Carrera-2016-2-Institucion,dimensiones,dimension=Carrera;cohorte=2016;horizonte=2,Institucion,8304,8304,0,0,PASS,seguimiento JOIN programas
DIM-Carrera-2016-2-EducacionSuperior,dimensiones,dimension=Carrera;cohorte=2016;horizonte=2,EducacionSuperior,8896,8896,0,0,PASS,seguimiento JOIN programas
DIM-Carrera-2016-3-Base,dimensiones,dimension=Carrera;cohorte=2016;horizonte=3,Base,13664,13664,0,0,PASS,seguimiento JOIN programas
DIM-Carrera-2016-3-Carrera,dimensiones,dimension=Carrera;cohorte=2016;horizonte=3,Carrera,4462,4462,0,0,PASS,seguimiento JOIN programas
DIM-Carrera-2016-3-Institucion,dimensiones,dimension=Carrera;cohorte=2016;horizonte=3,Institucion,5563,5563,0,0,PASS,seguimiento JOIN programas
DIM-Carrera-2016-3-EducacionSuperior,dimensiones,dimension=Carrera;cohorte=2016;horizonte=3,EducacionSuperior,6669,6669,0,0,PASS,seguimiento JOIN programas
DIM-Carrera-2016-4-Base,dimensiones,dimension=Carrera;cohorte=2016;horizonte=4,Base,13664,13664,0,0,PASS,seguimiento JOIN programas
DIM-Carrera-2016-4-Carrera,dimensiones,dimension=Carrera;cohorte=2016;horizonte=4,Carrera,2245,2245,0,0,PASS,seguimiento JOIN programas
DIM-Carrera-2016-4-Institucion,dimensiones,dimension=Carrera;cohorte=2016;horizonte=4,Institucion,3383,3383,0,0,PASS,seguimiento JOIN programas
DIM-Carrera-2016-4-EducacionSuperior,dimensiones,dimension=Carrera;cohorte=2016;horizonte=4,EducacionSuperior,4733,4733,0,0,PASS,seguimiento JOIN programas
DIM-Carrera-2016-5-Base,dimensiones,dimension=Carrera;cohorte=2016;horizonte=5,Base,13664,13664,0,0,PASS,seguimiento JOIN programas
DIM-Carrera-2016-5-Carrera,dimensiones,dimension=Carrera;cohorte=2016;horizonte=5,Carrera,606,606,0,0,PASS,seguimiento JOIN programas
DIM-Carrera-2016-5-Institucion,dimensiones,dimension=Carrera;cohorte=2016;horizonte=5,Institucion,1249,1249,0,0,PASS,seguimiento JOIN programas
DIM-Carrera-2016-5-EducacionSuperior,dimensiones,dimension=Carrera;cohorte=2016;horizonte=5,EducacionSuperior,2637,2637,0,0,PASS,seguimiento JOIN programas
DIM-Carrera-2016-6-Base,dimensiones,dimension=Carrera;cohorte=2016;horizonte=6,Base,13664,13664,0,0,PASS,seguimiento JOIN programas
DIM-Carrera-2016-6-Carrera,dimensiones,dimension=Carrera;cohorte=2016;horizonte=6,Carrera,371,371,0,0,PASS,seguimiento JOIN programas
DIM-Carrera-2016-6-Institucion,dimensiones,dimension=Carrera;cohorte=2016;horizonte=6,Institucion,850,850,0,0,PASS,seguimiento JOIN programas
DIM-Carrera-2016-6-EducacionSuperior,dimensiones,dimension=Carrera;cohorte=2016;horizonte=6,EducacionSuperior,2520,2520,0,0,PASS,seguimiento JOIN programas
DIM-Carrera-2016-7-Base,dimensiones,dimension=Carrera;cohorte=2016;horizonte=7,Base,13664,13664,0,0,PASS,seguimiento JOIN programas
DIM-Carrera-2016-7-Carrera,dimensiones,dimension=Carrera;cohorte=2016;horizonte=7,Carrera,224,224,0,0,PASS,seguimiento JOIN programas
DIM-Carrera-2016-7-Institucion,dimensiones,dimension=Carrera;cohorte=2016;horizonte=7,Institucion,613,613,0,0,PASS,seguimiento JOIN programas
DIM-Carrera-2016-7-EducacionSuperior,dimensiones,dimension=Carrera;cohorte=2016;horizonte=7,EducacionSuperior,2259,2259,0,0,PASS,seguimiento JOIN programas
DIM-Carrera-2016-8-Base,dimensiones,dimension=Carrera;cohorte=2016;horizonte=8,Base,13664,13664,0,0,PASS,seguimiento JOIN programas
DIM-Carrera-2016-8-Carrera,dimensiones,dimension=Carrera;cohorte=2016;horizonte=8,Carrera,140,140,0,0,PASS,seguimiento JOIN programas
DIM-Carrera-2016-8-Institucion,dimensiones,dimension=Carrera;cohorte=2016;horizonte=8,Institucion,489,489,0,0,PASS,seguimiento JOIN programas
DIM-Carrera-2016-8-EducacionSuperior,dimensiones,dimension=Carrera;cohorte=2016;horizonte=8,EducacionSuperior,2072,2072,0,0,PASS,seguimiento JOIN programas
DIM-Carrera-2016-9-Base,dimensiones,dimension=Carrera;cohorte=2016;horizonte=9,Base,13664,13664,0,0,PASS,seguimiento JOIN programas
DIM-Carrera-2016-9-Carrera,dimensiones,dimension=Carrera;cohorte=2016;horizonte=9,Carrera,74,74,0,0,PASS,seguimiento JOIN programas
DIM-Carrera-2016-9-Institucion,dimensiones,dimension=Carrera;cohorte=2016;horizonte=9,Institucion,344,344,0,0,PASS,seguimiento JOIN programas
DIM-Carrera-2016-9-EducacionSuperior,dimensiones,dimension=Carrera;cohorte=2016;horizonte=9,EducacionSuperior,1874,1874,0,0,PASS,seguimiento JOIN programas
DIM-Carrera-2016-10-Base,dimensiones,dimension=Carrera;cohorte=2016;horizonte=10,Base,13664,13664,0,0,PASS,seguimiento JOIN programas
DIM-Carrera-2016-10-Carrera,dimensiones,dimension=Carrera;cohorte=2016;horizonte=10,Carrera,52,52,0,0,PASS,seguimiento JOIN programas
DIM-Carrera-2016-10-Institucion,dimensiones,dimension=Carrera;cohorte=2016;horizonte=10,Institucion,283,283,0,0,PASS,seguimiento JOIN programas
DIM-Carrera-2016-10-EducacionSuperior,dimensiones,dimension=Carrera;cohorte=2016;horizonte=10,EducacionSuperior,1894,1894,0,0,PASS,seguimiento JOIN programas
DIM-Carrera-2017-1-Base,dimensiones,dimension=Carrera;cohorte=2017;horizonte=1,Base,13882,13882,0,0,PASS,seguimiento JOIN programas
DIM-Carrera-2017-1-Carrera,dimensiones,dimension=Carrera;cohorte=2017;horizonte=1,Carrera,13882,13882,0,0,PASS,seguimiento JOIN programas
DIM-Carrera-2017-1-Institucion,dimensiones,dimension=Carrera;cohorte=2017;horizonte=1,Institucion,13882,13882,0,0,PASS,seguimiento JOIN programas
DIM-Carrera-2017-1-EducacionSuperior,dimensiones,dimension=Carrera;cohorte=2017;horizonte=1,EducacionSuperior,13882,13882,0,0,PASS,seguimiento JOIN programas
DIM-Carrera-2017-2-Base,dimensiones,dimension=Carrera;cohorte=2017;horizonte=2,Base,13882,13882,0,0,PASS,seguimiento JOIN programas
DIM-Carrera-2017-2-Carrera,dimensiones,dimension=Carrera;cohorte=2017;horizonte=2,Carrera,7545,7545,0,0,PASS,seguimiento JOIN programas
DIM-Carrera-2017-2-Institucion,dimensiones,dimension=Carrera;cohorte=2017;horizonte=2,Institucion,7825,7825,0,0,PASS,seguimiento JOIN programas
DIM-Carrera-2017-2-EducacionSuperior,dimensiones,dimension=Carrera;cohorte=2017;horizonte=2,EducacionSuperior,8605,8605,0,0,PASS,seguimiento JOIN programas
DIM-Carrera-2017-3-Base,dimensiones,dimension=Carrera;cohorte=2017;horizonte=3,Base,13882,13882,0,0,PASS,seguimiento JOIN programas
DIM-Carrera-2017-3-Carrera,dimensiones,dimension=Carrera;cohorte=2017;horizonte=3,Carrera,4177,4177,0,0,PASS,seguimiento JOIN programas
DIM-Carrera-2017-3-Institucion,dimensiones,dimension=Carrera;cohorte=2017;horizonte=3,Institucion,5000,5000,0,0,PASS,seguimiento JOIN programas
DIM-Carrera-2017-3-EducacionSuperior,dimensiones,dimension=Carrera;cohorte=2017;horizonte=3,EducacionSuperior,6217,6217,0,0,PASS,seguimiento JOIN programas
DIM-Carrera-2017-4-Base,dimensiones,dimension=Carrera;cohorte=2017;horizonte=4,Base,13882,13882,0,0,PASS,seguimiento JOIN programas
DIM-Carrera-2017-4-Carrera,dimensiones,dimension=Carrera;cohorte=2017;horizonte=4,Carrera,1765,1765,0,0,PASS,seguimiento JOIN programas
DIM-Carrera-2017-4-Institucion,dimensiones,dimension=Carrera;cohorte=2017;horizonte=4,Institucion,2664,2664,0,0,PASS,seguimiento JOIN programas
DIM-Carrera-2017-4-EducacionSuperior,dimensiones,dimension=Carrera;cohorte=2017;horizonte=4,EducacionSuperior,4082,4082,0,0,PASS,seguimiento JOIN programas
DIM-Carrera-2017-5-Base,dimensiones,dimension=Carrera;cohorte=2017;horizonte=5,Base,13882,13882,0,0,PASS,seguimiento JOIN programas
DIM-Carrera-2017-5-Carrera,dimensiones,dimension=Carrera;cohorte=2017;horizonte=5,Carrera,827,827,0,0,PASS,seguimiento JOIN programas
DIM-Carrera-2017-5-Institucion,dimensiones,dimension=Carrera;cohorte=2017;horizonte=5,Institucion,1552,1552,0,0,PASS,seguimiento JOIN programas
DIM-Carrera-2017-5-EducacionSuperior,dimensiones,dimension=Carrera;cohorte=2017;horizonte=5,EducacionSuperior,3306,3306,0,0,PASS,seguimiento JOIN programas
DIM-Carrera-2017-6-Base,dimensiones,dimension=Carrera;cohorte=2017;horizonte=6,Base,13882,13882,0,0,PASS,seguimiento JOIN programas
DIM-Carrera-2017-6-Carrera,dimensiones,dimension=Carrera;cohorte=2017;horizonte=6,Carrera,340,340,0,0,PASS,seguimiento JOIN programas
DIM-Carrera-2017-6-Institucion,dimensiones,dimension=Carrera;cohorte=2017;horizonte=6,Institucion,869,869,0,0,PASS,seguimiento JOIN programas
DIM-Carrera-2017-6-EducacionSuperior,dimensiones,dimension=Carrera;cohorte=2017;horizonte=6,EducacionSuperior,2741,2741,0,0,PASS,seguimiento JOIN programas
DIM-Carrera-2017-7-Base,dimensiones,dimension=Carrera;cohorte=2017;horizonte=7,Base,13882,13882,0,0,PASS,seguimiento JOIN programas
DIM-Carrera-2017-7-Carrera,dimensiones,dimension=Carrera;cohorte=2017;horizonte=7,Carrera,215,215,0,0,PASS,seguimiento JOIN programas
DIM-Carrera-2017-7-Institucion,dimensiones,dimension=Carrera;cohorte=2017;horizonte=7,Institucion,625,625,0,0,PASS,seguimiento JOIN programas
DIM-Carrera-2017-7-EducacionSuperior,dimensiones,dimension=Carrera;cohorte=2017;horizonte=7,EducacionSuperior,2415,2415,0,0,PASS,seguimiento JOIN programas
DIM-Carrera-2017-8-Base,dimensiones,dimension=Carrera;cohorte=2017;horizonte=8,Base,13882,13882,0,0,PASS,seguimiento JOIN programas
DIM-Carrera-2017-8-Carrera,dimensiones,dimension=Carrera;cohorte=2017;horizonte=8,Carrera,109,109,0,0,PASS,seguimiento JOIN programas
DIM-Carrera-2017-8-Institucion,dimensiones,dimension=Carrera;cohorte=2017;horizonte=8,Institucion,424,424,0,0,PASS,seguimiento JOIN programas
DIM-Carrera-2017-8-EducacionSuperior,dimensiones,dimension=Carrera;cohorte=2017;horizonte=8,EducacionSuperior,2185,2185,0,0,PASS,seguimiento JOIN programas
DIM-Carrera-2017-9-Base,dimensiones,dimension=Carrera;cohorte=2017;horizonte=9,Base,13882,13882,0,0,PASS,seguimiento JOIN programas
DIM-Carrera-2017-9-Carrera,dimensiones,dimension=Carrera;cohorte=2017;horizonte=9,Carrera,71,71,0,0,PASS,seguimiento JOIN programas
DIM-Carrera-2017-9-Institucion,dimensiones,dimension=Carrera;cohorte=2017;horizonte=9,Institucion,339,339,0,0,PASS,seguimiento JOIN programas
DIM-Carrera-2017-9-EducacionSuperior,dimensiones,dimension=Carrera;cohorte=2017;horizonte=9,EducacionSuperior,2176,2176,0,0,PASS,seguimiento JOIN programas
DIM-Carrera-2018-1-Base,dimensiones,dimension=Carrera;cohorte=2018;horizonte=1,Base,17130,17130,0,0,PASS,seguimiento JOIN programas
DIM-Carrera-2018-1-Carrera,dimensiones,dimension=Carrera;cohorte=2018;horizonte=1,Carrera,17130,17130,0,0,PASS,seguimiento JOIN programas
DIM-Carrera-2018-1-Institucion,dimensiones,dimension=Carrera;cohorte=2018;horizonte=1,Institucion,17130,17130,0,0,PASS,seguimiento JOIN programas
DIM-Carrera-2018-1-EducacionSuperior,dimensiones,dimension=Carrera;cohorte=2018;horizonte=1,EducacionSuperior,17130,17130,0,0,PASS,seguimiento JOIN programas
DIM-Carrera-2018-2-Base,dimensiones,dimension=Carrera;cohorte=2018;horizonte=2,Base,17130,17130,0,0,PASS,seguimiento JOIN programas
DIM-Carrera-2018-2-Carrera,dimensiones,dimension=Carrera;cohorte=2018;horizonte=2,Carrera,10087,10087,0,0,PASS,seguimiento JOIN programas
DIM-Carrera-2018-2-Institucion,dimensiones,dimension=Carrera;cohorte=2018;horizonte=2,Institucion,10328,10328,0,0,PASS,seguimiento JOIN programas
DIM-Carrera-2018-2-EducacionSuperior,dimensiones,dimension=Carrera;cohorte=2018;horizonte=2,EducacionSuperior,11041,11041,0,0,PASS,seguimiento JOIN programas
DIM-Carrera-2018-3-Base,dimensiones,dimension=Carrera;cohorte=2018;horizonte=3,Base,17130,17130,0,0,PASS,seguimiento JOIN programas
DIM-Carrera-2018-3-Carrera,dimensiones,dimension=Carrera;cohorte=2018;horizonte=3,Carrera,5901,5901,0,0,PASS,seguimiento JOIN programas
DIM-Carrera-2018-3-Institucion,dimensiones,dimension=Carrera;cohorte=2018;horizonte=3,Institucion,6597,6597,0,0,PASS,seguimiento JOIN programas
DIM-Carrera-2018-3-EducacionSuperior,dimensiones,dimension=Carrera;cohorte=2018;horizonte=3,EducacionSuperior,7863,7863,0,0,PASS,seguimiento JOIN programas
DIM-Carrera-2018-4-Base,dimensiones,dimension=Carrera;cohorte=2018;horizonte=4,Base,17130,17130,0,0,PASS,seguimiento JOIN programas
DIM-Carrera-2018-4-Carrera,dimensiones,dimension=Carrera;cohorte=2018;horizonte=4,Carrera,2568,2568,0,0,PASS,seguimiento JOIN programas
DIM-Carrera-2018-4-Institucion,dimensiones,dimension=Carrera;cohorte=2018;horizonte=4,Institucion,3617,3617,0,0,PASS,seguimiento JOIN programas
DIM-Carrera-2018-4-EducacionSuperior,dimensiones,dimension=Carrera;cohorte=2018;horizonte=4,EducacionSuperior,5556,5556,0,0,PASS,seguimiento JOIN programas
DIM-Carrera-2018-5-Base,dimensiones,dimension=Carrera;cohorte=2018;horizonte=5,Base,17130,17130,0,0,PASS,seguimiento JOIN programas
DIM-Carrera-2018-5-Carrera,dimensiones,dimension=Carrera;cohorte=2018;horizonte=5,Carrera,1069,1069,0,0,PASS,seguimiento JOIN programas
DIM-Carrera-2018-5-Institucion,dimensiones,dimension=Carrera;cohorte=2018;horizonte=5,Institucion,1925,1925,0,0,PASS,seguimiento JOIN programas
DIM-Carrera-2018-5-EducacionSuperior,dimensiones,dimension=Carrera;cohorte=2018;horizonte=5,EducacionSuperior,4054,4054,0,0,PASS,seguimiento JOIN programas
DIM-Carrera-2018-6-Base,dimensiones,dimension=Carrera;cohorte=2018;horizonte=6,Base,17130,17130,0,0,PASS,seguimiento JOIN programas
DIM-Carrera-2018-6-Carrera,dimensiones,dimension=Carrera;cohorte=2018;horizonte=6,Carrera,478,478,0,0,PASS,seguimiento JOIN programas
DIM-Carrera-2018-6-Institucion,dimensiones,dimension=Carrera;cohorte=2018;horizonte=6,Institucion,1138,1138,0,0,PASS,seguimiento JOIN programas
DIM-Carrera-2018-6-EducacionSuperior,dimensiones,dimension=Carrera;cohorte=2018;horizonte=6,EducacionSuperior,3275,3275,0,0,PASS,seguimiento JOIN programas
DIM-Carrera-2018-7-Base,dimensiones,dimension=Carrera;cohorte=2018;horizonte=7,Base,17130,17130,0,0,PASS,seguimiento JOIN programas
DIM-Carrera-2018-7-Carrera,dimensiones,dimension=Carrera;cohorte=2018;horizonte=7,Carrera,213,213,0,0,PASS,seguimiento JOIN programas
DIM-Carrera-2018-7-Institucion,dimensiones,dimension=Carrera;cohorte=2018;horizonte=7,Institucion,711,711,0,0,PASS,seguimiento JOIN programas
DIM-Carrera-2018-7-EducacionSuperior,dimensiones,dimension=Carrera;cohorte=2018;horizonte=7,EducacionSuperior,2867,2867,0,0,PASS,seguimiento JOIN programas
DIM-Carrera-2018-8-Base,dimensiones,dimension=Carrera;cohorte=2018;horizonte=8,Base,17130,17130,0,0,PASS,seguimiento JOIN programas
DIM-Carrera-2018-8-Carrera,dimensiones,dimension=Carrera;cohorte=2018;horizonte=8,Carrera,150,150,0,0,PASS,seguimiento JOIN programas
DIM-Carrera-2018-8-Institucion,dimensiones,dimension=Carrera;cohorte=2018;horizonte=8,Institucion,594,594,0,0,PASS,seguimiento JOIN programas
DIM-Carrera-2018-8-EducacionSuperior,dimensiones,dimension=Carrera;cohorte=2018;horizonte=8,EducacionSuperior,2828,2828,0,0,PASS,seguimiento JOIN programas
DIM-Carrera-2019-1-Base,dimensiones,dimension=Carrera;cohorte=2019;horizonte=1,Base,17822,17822,0,0,PASS,seguimiento JOIN programas
DIM-Carrera-2019-1-Carrera,dimensiones,dimension=Carrera;cohorte=2019;horizonte=1,Carrera,17822,17822,0,0,PASS,seguimiento JOIN programas
DIM-Carrera-2019-1-Institucion,dimensiones,dimension=Carrera;cohorte=2019;horizonte=1,Institucion,17822,17822,0,0,PASS,seguimiento JOIN programas
DIM-Carrera-2019-1-EducacionSuperior,dimensiones,dimension=Carrera;cohorte=2019;horizonte=1,EducacionSuperior,17822,17822,0,0,PASS,seguimiento JOIN programas
DIM-Carrera-2019-2-Base,dimensiones,dimension=Carrera;cohorte=2019;horizonte=2,Base,17822,17822,0,0,PASS,seguimiento JOIN programas
DIM-Carrera-2019-2-Carrera,dimensiones,dimension=Carrera;cohorte=2019;horizonte=2,Carrera,10419,10419,0,0,PASS,seguimiento JOIN programas
DIM-Carrera-2019-2-Institucion,dimensiones,dimension=Carrera;cohorte=2019;horizonte=2,Institucion,10661,10661,0,0,PASS,seguimiento JOIN programas
DIM-Carrera-2019-2-EducacionSuperior,dimensiones,dimension=Carrera;cohorte=2019;horizonte=2,EducacionSuperior,11365,11365,0,0,PASS,seguimiento JOIN programas
DIM-Carrera-2019-3-Base,dimensiones,dimension=Carrera;cohorte=2019;horizonte=3,Base,17822,17822,0,0,PASS,seguimiento JOIN programas
DIM-Carrera-2019-3-Carrera,dimensiones,dimension=Carrera;cohorte=2019;horizonte=3,Carrera,6830,6830,0,0,PASS,seguimiento JOIN programas
DIM-Carrera-2019-3-Institucion,dimensiones,dimension=Carrera;cohorte=2019;horizonte=3,Institucion,7619,7619,0,0,PASS,seguimiento JOIN programas
DIM-Carrera-2019-3-EducacionSuperior,dimensiones,dimension=Carrera;cohorte=2019;horizonte=3,EducacionSuperior,9015,9015,0,0,PASS,seguimiento JOIN programas
DIM-Carrera-2019-4-Base,dimensiones,dimension=Carrera;cohorte=2019;horizonte=4,Base,17822,17822,0,0,PASS,seguimiento JOIN programas
DIM-Carrera-2019-4-Carrera,dimensiones,dimension=Carrera;cohorte=2019;horizonte=4,Carrera,2805,2805,0,0,PASS,seguimiento JOIN programas
DIM-Carrera-2019-4-Institucion,dimensiones,dimension=Carrera;cohorte=2019;horizonte=4,Institucion,3920,3920,0,0,PASS,seguimiento JOIN programas
DIM-Carrera-2019-4-EducacionSuperior,dimensiones,dimension=Carrera;cohorte=2019;horizonte=4,EducacionSuperior,5854,5854,0,0,PASS,seguimiento JOIN programas
DIM-Carrera-2019-5-Base,dimensiones,dimension=Carrera;cohorte=2019;horizonte=5,Base,17822,17822,0,0,PASS,seguimiento JOIN programas
DIM-Carrera-2019-5-Carrera,dimensiones,dimension=Carrera;cohorte=2019;horizonte=5,Carrera,1382,1382,0,0,PASS,seguimiento JOIN programas
DIM-Carrera-2019-5-Institucion,dimensiones,dimension=Carrera;cohorte=2019;horizonte=5,Institucion,2369,2369,0,0,PASS,seguimiento JOIN programas
DIM-Carrera-2019-5-EducacionSuperior,dimensiones,dimension=Carrera;cohorte=2019;horizonte=5,EducacionSuperior,4488,4488,0,0,PASS,seguimiento JOIN programas
DIM-Carrera-2019-6-Base,dimensiones,dimension=Carrera;cohorte=2019;horizonte=6,Base,17822,17822,0,0,PASS,seguimiento JOIN programas
DIM-Carrera-2019-6-Carrera,dimensiones,dimension=Carrera;cohorte=2019;horizonte=6,Carrera,413,413,0,0,PASS,seguimiento JOIN programas
DIM-Carrera-2019-6-Institucion,dimensiones,dimension=Carrera;cohorte=2019;horizonte=6,Institucion,1145,1145,0,0,PASS,seguimiento JOIN programas
DIM-Carrera-2019-6-EducacionSuperior,dimensiones,dimension=Carrera;cohorte=2019;horizonte=6,EducacionSuperior,3392,3392,0,0,PASS,seguimiento JOIN programas
DIM-Carrera-2019-7-Base,dimensiones,dimension=Carrera;cohorte=2019;horizonte=7,Base,17822,17822,0,0,PASS,seguimiento JOIN programas
DIM-Carrera-2019-7-Carrera,dimensiones,dimension=Carrera;cohorte=2019;horizonte=7,Carrera,228,228,0,0,PASS,seguimiento JOIN programas
DIM-Carrera-2019-7-Institucion,dimensiones,dimension=Carrera;cohorte=2019;horizonte=7,Institucion,822,822,0,0,PASS,seguimiento JOIN programas
DIM-Carrera-2019-7-EducacionSuperior,dimensiones,dimension=Carrera;cohorte=2019;horizonte=7,EducacionSuperior,3204,3204,0,0,PASS,seguimiento JOIN programas
DIM-Carrera-2020-1-Base,dimensiones,dimension=Carrera;cohorte=2020;horizonte=1,Base,16467,16467,0,0,PASS,seguimiento JOIN programas
DIM-Carrera-2020-1-Carrera,dimensiones,dimension=Carrera;cohorte=2020;horizonte=1,Carrera,16467,16467,0,0,PASS,seguimiento JOIN programas
DIM-Carrera-2020-1-Institucion,dimensiones,dimension=Carrera;cohorte=2020;horizonte=1,Institucion,16467,16467,0,0,PASS,seguimiento JOIN programas
DIM-Carrera-2020-1-EducacionSuperior,dimensiones,dimension=Carrera;cohorte=2020;horizonte=1,EducacionSuperior,16467,16467,0,0,PASS,seguimiento JOIN programas
DIM-Carrera-2020-2-Base,dimensiones,dimension=Carrera;cohorte=2020;horizonte=2,Base,16467,16467,0,0,PASS,seguimiento JOIN programas
DIM-Carrera-2020-2-Carrera,dimensiones,dimension=Carrera;cohorte=2020;horizonte=2,Carrera,10794,10794,0,0,PASS,seguimiento JOIN programas
DIM-Carrera-2020-2-Institucion,dimensiones,dimension=Carrera;cohorte=2020;horizonte=2,Institucion,11038,11038,0,0,PASS,seguimiento JOIN programas
DIM-Carrera-2020-2-EducacionSuperior,dimensiones,dimension=Carrera;cohorte=2020;horizonte=2,EducacionSuperior,11811,11811,0,0,PASS,seguimiento JOIN programas
DIM-Carrera-2020-3-Base,dimensiones,dimension=Carrera;cohorte=2020;horizonte=3,Base,16467,16467,0,0,PASS,seguimiento JOIN programas
DIM-Carrera-2020-3-Carrera,dimensiones,dimension=Carrera;cohorte=2020;horizonte=3,Carrera,6499,6499,0,0,PASS,seguimiento JOIN programas
DIM-Carrera-2020-3-Institucion,dimensiones,dimension=Carrera;cohorte=2020;horizonte=3,Institucion,7174,7174,0,0,PASS,seguimiento JOIN programas
DIM-Carrera-2020-3-EducacionSuperior,dimensiones,dimension=Carrera;cohorte=2020;horizonte=3,EducacionSuperior,8456,8456,0,0,PASS,seguimiento JOIN programas
DIM-Carrera-2020-4-Base,dimensiones,dimension=Carrera;cohorte=2020;horizonte=4,Base,16467,16467,0,0,PASS,seguimiento JOIN programas
DIM-Carrera-2020-4-Carrera,dimensiones,dimension=Carrera;cohorte=2020;horizonte=4,Carrera,3266,3266,0,0,PASS,seguimiento JOIN programas
DIM-Carrera-2020-4-Institucion,dimensiones,dimension=Carrera;cohorte=2020;horizonte=4,Institucion,4232,4232,0,0,PASS,seguimiento JOIN programas
DIM-Carrera-2020-4-EducacionSuperior,dimensiones,dimension=Carrera;cohorte=2020;horizonte=4,EducacionSuperior,5927,5927,0,0,PASS,seguimiento JOIN programas
DIM-Carrera-2020-5-Base,dimensiones,dimension=Carrera;cohorte=2020;horizonte=5,Base,16467,16467,0,0,PASS,seguimiento JOIN programas
DIM-Carrera-2020-5-Carrera,dimensiones,dimension=Carrera;cohorte=2020;horizonte=5,Carrera,1399,1399,0,0,PASS,seguimiento JOIN programas
DIM-Carrera-2020-5-Institucion,dimensiones,dimension=Carrera;cohorte=2020;horizonte=5,Institucion,2378,2378,0,0,PASS,seguimiento JOIN programas
DIM-Carrera-2020-5-EducacionSuperior,dimensiones,dimension=Carrera;cohorte=2020;horizonte=5,EducacionSuperior,4426,4426,0,0,PASS,seguimiento JOIN programas
DIM-Carrera-2020-6-Base,dimensiones,dimension=Carrera;cohorte=2020;horizonte=6,Base,16467,16467,0,0,PASS,seguimiento JOIN programas
DIM-Carrera-2020-6-Carrera,dimensiones,dimension=Carrera;cohorte=2020;horizonte=6,Carrera,485,485,0,0,PASS,seguimiento JOIN programas
DIM-Carrera-2020-6-Institucion,dimensiones,dimension=Carrera;cohorte=2020;horizonte=6,Institucion,1207,1207,0,0,PASS,seguimiento JOIN programas
DIM-Carrera-2020-6-EducacionSuperior,dimensiones,dimension=Carrera;cohorte=2020;horizonte=6,EducacionSuperior,3500,3500,0,0,PASS,seguimiento JOIN programas
DIM-Carrera-2021-1-Base,dimensiones,dimension=Carrera;cohorte=2021;horizonte=1,Base,24932,24932,0,0,PASS,seguimiento JOIN programas
DIM-Carrera-2021-1-Carrera,dimensiones,dimension=Carrera;cohorte=2021;horizonte=1,Carrera,24932,24932,0,0,PASS,seguimiento JOIN programas
DIM-Carrera-2021-1-Institucion,dimensiones,dimension=Carrera;cohorte=2021;horizonte=1,Institucion,24932,24932,0,0,PASS,seguimiento JOIN programas
DIM-Carrera-2021-1-EducacionSuperior,dimensiones,dimension=Carrera;cohorte=2021;horizonte=1,EducacionSuperior,24932,24932,0,0,PASS,seguimiento JOIN programas
DIM-Carrera-2021-2-Base,dimensiones,dimension=Carrera;cohorte=2021;horizonte=2,Base,24932,24932,0,0,PASS,seguimiento JOIN programas
DIM-Carrera-2021-2-Carrera,dimensiones,dimension=Carrera;cohorte=2021;horizonte=2,Carrera,16097,16097,0,0,PASS,seguimiento JOIN programas
DIM-Carrera-2021-2-Institucion,dimensiones,dimension=Carrera;cohorte=2021;horizonte=2,Institucion,16452,16452,0,0,PASS,seguimiento JOIN programas
DIM-Carrera-2021-2-EducacionSuperior,dimensiones,dimension=Carrera;cohorte=2021;horizonte=2,EducacionSuperior,17394,17394,0,0,PASS,seguimiento JOIN programas
DIM-Carrera-2021-3-Base,dimensiones,dimension=Carrera;cohorte=2021;horizonte=3,Base,24932,24932,0,0,PASS,seguimiento JOIN programas
DIM-Carrera-2021-3-Carrera,dimensiones,dimension=Carrera;cohorte=2021;horizonte=3,Carrera,11656,11656,0,0,PASS,seguimiento JOIN programas
DIM-Carrera-2021-3-Institucion,dimensiones,dimension=Carrera;cohorte=2021;horizonte=3,Institucion,12415,12415,0,0,PASS,seguimiento JOIN programas
DIM-Carrera-2021-3-EducacionSuperior,dimensiones,dimension=Carrera;cohorte=2021;horizonte=3,EducacionSuperior,14025,14025,0,0,PASS,seguimiento JOIN programas
DIM-Carrera-2021-4-Base,dimensiones,dimension=Carrera;cohorte=2021;horizonte=4,Base,24932,24932,0,0,PASS,seguimiento JOIN programas
DIM-Carrera-2021-4-Carrera,dimensiones,dimension=Carrera;cohorte=2021;horizonte=4,Carrera,4320,4320,0,0,PASS,seguimiento JOIN programas
DIM-Carrera-2021-4-Institucion,dimensiones,dimension=Carrera;cohorte=2021;horizonte=4,Institucion,5596,5596,0,0,PASS,seguimiento JOIN programas
DIM-Carrera-2021-4-EducacionSuperior,dimensiones,dimension=Carrera;cohorte=2021;horizonte=4,EducacionSuperior,8016,8016,0,0,PASS,seguimiento JOIN programas
DIM-Carrera-2021-5-Base,dimensiones,dimension=Carrera;cohorte=2021;horizonte=5,Base,24932,24932,0,0,PASS,seguimiento JOIN programas
DIM-Carrera-2021-5-Carrera,dimensiones,dimension=Carrera;cohorte=2021;horizonte=5,Carrera,1958,1958,0,0,PASS,seguimiento JOIN programas
DIM-Carrera-2021-5-Institucion,dimensiones,dimension=Carrera;cohorte=2021;horizonte=5,Institucion,3355,3355,0,0,PASS,seguimiento JOIN programas
DIM-Carrera-2021-5-EducacionSuperior,dimensiones,dimension=Carrera;cohorte=2021;horizonte=5,EducacionSuperior,6392,6392,0,0,PASS,seguimiento JOIN programas
DIM-Carrera-2022-1-Base,dimensiones,dimension=Carrera;cohorte=2022;horizonte=1,Base,32143,32143,0,0,PASS,seguimiento JOIN programas
DIM-Carrera-2022-1-Carrera,dimensiones,dimension=Carrera;cohorte=2022;horizonte=1,Carrera,32143,32143,0,0,PASS,seguimiento JOIN programas
DIM-Carrera-2022-1-Institucion,dimensiones,dimension=Carrera;cohorte=2022;horizonte=1,Institucion,32143,32143,0,0,PASS,seguimiento JOIN programas
DIM-Carrera-2022-1-EducacionSuperior,dimensiones,dimension=Carrera;cohorte=2022;horizonte=1,EducacionSuperior,32143,32143,0,0,PASS,seguimiento JOIN programas
DIM-Carrera-2022-2-Base,dimensiones,dimension=Carrera;cohorte=2022;horizonte=2,Base,32143,32143,0,0,PASS,seguimiento JOIN programas
DIM-Carrera-2022-2-Carrera,dimensiones,dimension=Carrera;cohorte=2022;horizonte=2,Carrera,20142,20142,0,0,PASS,seguimiento JOIN programas
DIM-Carrera-2022-2-Institucion,dimensiones,dimension=Carrera;cohorte=2022;horizonte=2,Institucion,20555,20555,0,0,PASS,seguimiento JOIN programas
DIM-Carrera-2022-2-EducacionSuperior,dimensiones,dimension=Carrera;cohorte=2022;horizonte=2,EducacionSuperior,22103,22103,0,0,PASS,seguimiento JOIN programas
DIM-Carrera-2022-3-Base,dimensiones,dimension=Carrera;cohorte=2022;horizonte=3,Base,32143,32143,0,0,PASS,seguimiento JOIN programas
DIM-Carrera-2022-3-Carrera,dimensiones,dimension=Carrera;cohorte=2022;horizonte=3,Carrera,11806,11806,0,0,PASS,seguimiento JOIN programas
DIM-Carrera-2022-3-Institucion,dimensiones,dimension=Carrera;cohorte=2022;horizonte=3,Institucion,12893,12893,0,0,PASS,seguimiento JOIN programas
DIM-Carrera-2022-3-EducacionSuperior,dimensiones,dimension=Carrera;cohorte=2022;horizonte=3,EducacionSuperior,15590,15590,0,0,PASS,seguimiento JOIN programas
DIM-Carrera-2022-4-Base,dimensiones,dimension=Carrera;cohorte=2022;horizonte=4,Base,32143,32143,0,0,PASS,seguimiento JOIN programas
DIM-Carrera-2022-4-Carrera,dimensiones,dimension=Carrera;cohorte=2022;horizonte=4,Carrera,5713,5713,0,0,PASS,seguimiento JOIN programas
DIM-Carrera-2022-4-Institucion,dimensiones,dimension=Carrera;cohorte=2022;horizonte=4,Institucion,7201,7201,0,0,PASS,seguimiento JOIN programas
DIM-Carrera-2022-4-EducacionSuperior,dimensiones,dimension=Carrera;cohorte=2022;horizonte=4,EducacionSuperior,11007,11007,0,0,PASS,seguimiento JOIN programas
DIM-Carrera-2023-1-Base,dimensiones,dimension=Carrera;cohorte=2023;horizonte=1,Base,39218,39218,0,0,PASS,seguimiento JOIN programas
DIM-Carrera-2023-1-Carrera,dimensiones,dimension=Carrera;cohorte=2023;horizonte=1,Carrera,39218,39218,0,0,PASS,seguimiento JOIN programas
DIM-Carrera-2023-1-Institucion,dimensiones,dimension=Carrera;cohorte=2023;horizonte=1,Institucion,39218,39218,0,0,PASS,seguimiento JOIN programas
DIM-Carrera-2023-1-EducacionSuperior,dimensiones,dimension=Carrera;cohorte=2023;horizonte=1,EducacionSuperior,39218,39218,0,0,PASS,seguimiento JOIN programas
DIM-Carrera-2023-2-Base,dimensiones,dimension=Carrera;cohorte=2023;horizonte=2,Base,39218,39218,0,0,PASS,seguimiento JOIN programas
DIM-Carrera-2023-2-Carrera,dimensiones,dimension=Carrera;cohorte=2023;horizonte=2,Carrera,24297,24297,0,0,PASS,seguimiento JOIN programas
DIM-Carrera-2023-2-Institucion,dimensiones,dimension=Carrera;cohorte=2023;horizonte=2,Institucion,25113,25113,0,0,PASS,seguimiento JOIN programas
DIM-Carrera-2023-2-EducacionSuperior,dimensiones,dimension=Carrera;cohorte=2023;horizonte=2,EducacionSuperior,27139,27139,0,0,PASS,seguimiento JOIN programas
DIM-Carrera-2023-3-Base,dimensiones,dimension=Carrera;cohorte=2023;horizonte=3,Base,39218,39218,0,0,PASS,seguimiento JOIN programas
DIM-Carrera-2023-3-Carrera,dimensiones,dimension=Carrera;cohorte=2023;horizonte=3,Carrera,15032,15032,0,0,PASS,seguimiento JOIN programas
DIM-Carrera-2023-3-Institucion,dimensiones,dimension=Carrera;cohorte=2023;horizonte=3,Institucion,16398,16398,0,0,PASS,seguimiento JOIN programas
DIM-Carrera-2023-3-EducacionSuperior,dimensiones,dimension=Carrera;cohorte=2023;horizonte=3,EducacionSuperior,19836,19836,0,0,PASS,seguimiento JOIN programas
DIM-Carrera-2024-1-Base,dimensiones,dimension=Carrera;cohorte=2024;horizonte=1,Base,41056,41056,0,0,PASS,seguimiento JOIN programas
DIM-Carrera-2024-1-Carrera,dimensiones,dimension=Carrera;cohorte=2024;horizonte=1,Carrera,41056,41056,0,0,PASS,seguimiento JOIN programas
DIM-Carrera-2024-1-Institucion,dimensiones,dimension=Carrera;cohorte=2024;horizonte=1,Institucion,41056,41056,0,0,PASS,seguimiento JOIN programas
DIM-Carrera-2024-1-EducacionSuperior,dimensiones,dimension=Carrera;cohorte=2024;horizonte=1,EducacionSuperior,41056,41056,0,0,PASS,seguimiento JOIN programas
DIM-Carrera-2024-2-Base,dimensiones,dimension=Carrera;cohorte=2024;horizonte=2,Base,41056,41056,0,0,PASS,seguimiento JOIN programas
DIM-Carrera-2024-2-Carrera,dimensiones,dimension=Carrera;cohorte=2024;horizonte=2,Carrera,26470,26470,0,0,PASS,seguimiento JOIN programas
DIM-Carrera-2024-2-Institucion,dimensiones,dimension=Carrera;cohorte=2024;horizonte=2,Institucion,27111,27111,0,0,PASS,seguimiento JOIN programas
DIM-Carrera-2024-2-EducacionSuperior,dimensiones,dimension=Carrera;cohorte=2024;horizonte=2,EducacionSuperior,29383,29383,0,0,PASS,seguimiento JOIN programas
DIM-Carrera-2025-1-Base,dimensiones,dimension=Carrera;cohorte=2025;horizonte=1,Base,50233,50233,0,0,PASS,seguimiento JOIN programas
DIM-Carrera-2025-1-Carrera,dimensiones,dimension=Carrera;cohorte=2025;horizonte=1,Carrera,50233,50233,0,0,PASS,seguimiento JOIN programas
DIM-Carrera-2025-1-Institucion,dimensiones,dimension=Carrera;cohorte=2025;horizonte=1,Institucion,50233,50233,0,0,PASS,seguimiento JOIN programas
DIM-Carrera-2025-1-EducacionSuperior,dimensiones,dimension=Carrera;cohorte=2025;horizonte=1,EducacionSuperior,50233,50233,0,0,PASS,seguimiento JOIN programas
DIM-Nivel-2011-1-Base,dimensiones,dimension=Nivel;cohorte=2011;horizonte=1,Base,3641,3641,0,0,PASS,seguimiento JOIN programas
DIM-Nivel-2011-1-Carrera,dimensiones,dimension=Nivel;cohorte=2011;horizonte=1,Carrera,3641,3641,0,0,PASS,seguimiento JOIN programas
DIM-Nivel-2011-1-Institucion,dimensiones,dimension=Nivel;cohorte=2011;horizonte=1,Institucion,3641,3641,0,0,PASS,seguimiento JOIN programas
DIM-Nivel-2011-1-EducacionSuperior,dimensiones,dimension=Nivel;cohorte=2011;horizonte=1,EducacionSuperior,3641,3641,0,0,PASS,seguimiento JOIN programas
DIM-Nivel-2011-2-Base,dimensiones,dimension=Nivel;cohorte=2011;horizonte=2,Base,3641,3641,0,0,PASS,seguimiento JOIN programas
DIM-Nivel-2011-2-Carrera,dimensiones,dimension=Nivel;cohorte=2011;horizonte=2,Carrera,2162,2162,0,0,PASS,seguimiento JOIN programas
DIM-Nivel-2011-2-Institucion,dimensiones,dimension=Nivel;cohorte=2011;horizonte=2,Institucion,2248,2248,0,0,PASS,seguimiento JOIN programas
DIM-Nivel-2011-2-EducacionSuperior,dimensiones,dimension=Nivel;cohorte=2011;horizonte=2,EducacionSuperior,2446,2446,0,0,PASS,seguimiento JOIN programas
DIM-Nivel-2011-3-Base,dimensiones,dimension=Nivel;cohorte=2011;horizonte=3,Base,3641,3641,0,0,PASS,seguimiento JOIN programas
DIM-Nivel-2011-3-Carrera,dimensiones,dimension=Nivel;cohorte=2011;horizonte=3,Carrera,1395,1395,0,0,PASS,seguimiento JOIN programas
DIM-Nivel-2011-3-Institucion,dimensiones,dimension=Nivel;cohorte=2011;horizonte=3,Institucion,1770,1770,0,0,PASS,seguimiento JOIN programas
DIM-Nivel-2011-3-EducacionSuperior,dimensiones,dimension=Nivel;cohorte=2011;horizonte=3,EducacionSuperior,2159,2159,0,0,PASS,seguimiento JOIN programas
DIM-Nivel-2011-4-Base,dimensiones,dimension=Nivel;cohorte=2011;horizonte=4,Base,3641,3641,0,0,PASS,seguimiento JOIN programas
DIM-Nivel-2011-4-Carrera,dimensiones,dimension=Nivel;cohorte=2011;horizonte=4,Carrera,486,486,0,0,PASS,seguimiento JOIN programas
DIM-Nivel-2011-4-Institucion,dimensiones,dimension=Nivel;cohorte=2011;horizonte=4,Institucion,803,803,0,0,PASS,seguimiento JOIN programas
DIM-Nivel-2011-4-EducacionSuperior,dimensiones,dimension=Nivel;cohorte=2011;horizonte=4,EducacionSuperior,1367,1367,0,0,PASS,seguimiento JOIN programas
DIM-Nivel-2011-5-Base,dimensiones,dimension=Nivel;cohorte=2011;horizonte=5,Base,3641,3641,0,0,PASS,seguimiento JOIN programas
DIM-Nivel-2011-5-Carrera,dimensiones,dimension=Nivel;cohorte=2011;horizonte=5,Carrera,198,198,0,0,PASS,seguimiento JOIN programas
DIM-Nivel-2011-5-Institucion,dimensiones,dimension=Nivel;cohorte=2011;horizonte=5,Institucion,380,380,0,0,PASS,seguimiento JOIN programas
DIM-Nivel-2011-5-EducacionSuperior,dimensiones,dimension=Nivel;cohorte=2011;horizonte=5,EducacionSuperior,978,978,0,0,PASS,seguimiento JOIN programas
DIM-Nivel-2011-6-Base,dimensiones,dimension=Nivel;cohorte=2011;horizonte=6,Base,3641,3641,0,0,PASS,seguimiento JOIN programas
DIM-Nivel-2011-6-Carrera,dimensiones,dimension=Nivel;cohorte=2011;horizonte=6,Carrera,87,87,0,0,PASS,seguimiento JOIN programas
DIM-Nivel-2011-6-Institucion,dimensiones,dimension=Nivel;cohorte=2011;horizonte=6,Institucion,211,211,0,0,PASS,seguimiento JOIN programas
DIM-Nivel-2011-6-EducacionSuperior,dimensiones,dimension=Nivel;cohorte=2011;horizonte=6,EducacionSuperior,805,805,0,0,PASS,seguimiento JOIN programas
DIM-Nivel-2011-7-Base,dimensiones,dimension=Nivel;cohorte=2011;horizonte=7,Base,3641,3641,0,0,PASS,seguimiento JOIN programas
DIM-Nivel-2011-7-Carrera,dimensiones,dimension=Nivel;cohorte=2011;horizonte=7,Carrera,43,43,0,0,PASS,seguimiento JOIN programas
DIM-Nivel-2011-7-Institucion,dimensiones,dimension=Nivel;cohorte=2011;horizonte=7,Institucion,135,135,0,0,PASS,seguimiento JOIN programas
DIM-Nivel-2011-7-EducacionSuperior,dimensiones,dimension=Nivel;cohorte=2011;horizonte=7,EducacionSuperior,653,653,0,0,PASS,seguimiento JOIN programas
DIM-Nivel-2011-8-Base,dimensiones,dimension=Nivel;cohorte=2011;horizonte=8,Base,3641,3641,0,0,PASS,seguimiento JOIN programas
DIM-Nivel-2011-8-Carrera,dimensiones,dimension=Nivel;cohorte=2011;horizonte=8,Carrera,25,25,0,0,PASS,seguimiento JOIN programas
DIM-Nivel-2011-8-Institucion,dimensiones,dimension=Nivel;cohorte=2011;horizonte=8,Institucion,80,80,0,0,PASS,seguimiento JOIN programas
DIM-Nivel-2011-8-EducacionSuperior,dimensiones,dimension=Nivel;cohorte=2011;horizonte=8,EducacionSuperior,525,525,0,0,PASS,seguimiento JOIN programas
DIM-Nivel-2011-9-Base,dimensiones,dimension=Nivel;cohorte=2011;horizonte=9,Base,3641,3641,0,0,PASS,seguimiento JOIN programas
DIM-Nivel-2011-9-Carrera,dimensiones,dimension=Nivel;cohorte=2011;horizonte=9,Carrera,17,17,0,0,PASS,seguimiento JOIN programas
DIM-Nivel-2011-9-Institucion,dimensiones,dimension=Nivel;cohorte=2011;horizonte=9,Institucion,54,54,0,0,PASS,seguimiento JOIN programas
DIM-Nivel-2011-9-EducacionSuperior,dimensiones,dimension=Nivel;cohorte=2011;horizonte=9,EducacionSuperior,472,472,0,0,PASS,seguimiento JOIN programas
DIM-Nivel-2011-10-Base,dimensiones,dimension=Nivel;cohorte=2011;horizonte=10,Base,3641,3641,0,0,PASS,seguimiento JOIN programas
DIM-Nivel-2011-10-Carrera,dimensiones,dimension=Nivel;cohorte=2011;horizonte=10,Carrera,12,12,0,0,PASS,seguimiento JOIN programas
DIM-Nivel-2011-10-Institucion,dimensiones,dimension=Nivel;cohorte=2011;horizonte=10,Institucion,49,49,0,0,PASS,seguimiento JOIN programas
DIM-Nivel-2011-10-EducacionSuperior,dimensiones,dimension=Nivel;cohorte=2011;horizonte=10,EducacionSuperior,413,413,0,0,PASS,seguimiento JOIN programas
DIM-Nivel-2011-11-Base,dimensiones,dimension=Nivel;cohorte=2011;horizonte=11,Base,3641,3641,0,0,PASS,seguimiento JOIN programas
DIM-Nivel-2011-11-Carrera,dimensiones,dimension=Nivel;cohorte=2011;horizonte=11,Carrera,7,7,0,0,PASS,seguimiento JOIN programas
DIM-Nivel-2011-11-Institucion,dimensiones,dimension=Nivel;cohorte=2011;horizonte=11,Institucion,38,38,0,0,PASS,seguimiento JOIN programas
DIM-Nivel-2011-11-EducacionSuperior,dimensiones,dimension=Nivel;cohorte=2011;horizonte=11,EducacionSuperior,441,441,0,0,PASS,seguimiento JOIN programas
DIM-Nivel-2011-12-Base,dimensiones,dimension=Nivel;cohorte=2011;horizonte=12,Base,3641,3641,0,0,PASS,seguimiento JOIN programas
DIM-Nivel-2011-12-Carrera,dimensiones,dimension=Nivel;cohorte=2011;horizonte=12,Carrera,8,8,0,0,PASS,seguimiento JOIN programas
DIM-Nivel-2011-12-Institucion,dimensiones,dimension=Nivel;cohorte=2011;horizonte=12,Institucion,45,45,0,0,PASS,seguimiento JOIN programas
DIM-Nivel-2011-12-EducacionSuperior,dimensiones,dimension=Nivel;cohorte=2011;horizonte=12,EducacionSuperior,436,436,0,0,PASS,seguimiento JOIN programas
DIM-Nivel-2011-13-Base,dimensiones,dimension=Nivel;cohorte=2011;horizonte=13,Base,3641,3641,0,0,PASS,seguimiento JOIN programas
DIM-Nivel-2011-13-Carrera,dimensiones,dimension=Nivel;cohorte=2011;horizonte=13,Carrera,4,4,0,0,PASS,seguimiento JOIN programas
DIM-Nivel-2011-13-Institucion,dimensiones,dimension=Nivel;cohorte=2011;horizonte=13,Institucion,38,38,0,0,PASS,seguimiento JOIN programas
DIM-Nivel-2011-13-EducacionSuperior,dimensiones,dimension=Nivel;cohorte=2011;horizonte=13,EducacionSuperior,409,409,0,0,PASS,seguimiento JOIN programas
DIM-Nivel-2011-14-Base,dimensiones,dimension=Nivel;cohorte=2011;horizonte=14,Base,3641,3641,0,0,PASS,seguimiento JOIN programas
DIM-Nivel-2011-14-Carrera,dimensiones,dimension=Nivel;cohorte=2011;horizonte=14,Carrera,2,2,0,0,PASS,seguimiento JOIN programas
DIM-Nivel-2011-14-Institucion,dimensiones,dimension=Nivel;cohorte=2011;horizonte=14,Institucion,30,30,0,0,PASS,seguimiento JOIN programas
DIM-Nivel-2011-14-EducacionSuperior,dimensiones,dimension=Nivel;cohorte=2011;horizonte=14,EducacionSuperior,359,359,0,0,PASS,seguimiento JOIN programas
DIM-Nivel-2011-15-Base,dimensiones,dimension=Nivel;cohorte=2011;horizonte=15,Base,3641,3641,0,0,PASS,seguimiento JOIN programas
DIM-Nivel-2011-15-Carrera,dimensiones,dimension=Nivel;cohorte=2011;horizonte=15,Carrera,1,1,0,0,PASS,seguimiento JOIN programas
DIM-Nivel-2011-15-Institucion,dimensiones,dimension=Nivel;cohorte=2011;horizonte=15,Institucion,22,22,0,0,PASS,seguimiento JOIN programas
DIM-Nivel-2011-15-EducacionSuperior,dimensiones,dimension=Nivel;cohorte=2011;horizonte=15,EducacionSuperior,356,356,0,0,PASS,seguimiento JOIN programas
DIM-Nivel-2012-1-Base,dimensiones,dimension=Nivel;cohorte=2012;horizonte=1,Base,5183,5183,0,0,PASS,seguimiento JOIN programas
DIM-Nivel-2012-1-Carrera,dimensiones,dimension=Nivel;cohorte=2012;horizonte=1,Carrera,5183,5183,0,0,PASS,seguimiento JOIN programas
DIM-Nivel-2012-1-Institucion,dimensiones,dimension=Nivel;cohorte=2012;horizonte=1,Institucion,5183,5183,0,0,PASS,seguimiento JOIN programas
DIM-Nivel-2012-1-EducacionSuperior,dimensiones,dimension=Nivel;cohorte=2012;horizonte=1,EducacionSuperior,5183,5183,0,0,PASS,seguimiento JOIN programas
DIM-Nivel-2012-2-Base,dimensiones,dimension=Nivel;cohorte=2012;horizonte=2,Base,5183,5183,0,0,PASS,seguimiento JOIN programas
DIM-Nivel-2012-2-Carrera,dimensiones,dimension=Nivel;cohorte=2012;horizonte=2,Carrera,2805,2805,0,0,PASS,seguimiento JOIN programas
DIM-Nivel-2012-2-Institucion,dimensiones,dimension=Nivel;cohorte=2012;horizonte=2,Institucion,3233,3233,0,0,PASS,seguimiento JOIN programas
DIM-Nivel-2012-2-EducacionSuperior,dimensiones,dimension=Nivel;cohorte=2012;horizonte=2,EducacionSuperior,3524,3524,0,0,PASS,seguimiento JOIN programas
DIM-Nivel-2012-3-Base,dimensiones,dimension=Nivel;cohorte=2012;horizonte=3,Base,5183,5183,0,0,PASS,seguimiento JOIN programas
DIM-Nivel-2012-3-Carrera,dimensiones,dimension=Nivel;cohorte=2012;horizonte=3,Carrera,2225,2225,0,0,PASS,seguimiento JOIN programas
DIM-Nivel-2012-3-Institucion,dimensiones,dimension=Nivel;cohorte=2012;horizonte=3,Institucion,2661,2661,0,0,PASS,seguimiento JOIN programas
DIM-Nivel-2012-3-EducacionSuperior,dimensiones,dimension=Nivel;cohorte=2012;horizonte=3,EducacionSuperior,3172,3172,0,0,PASS,seguimiento JOIN programas
DIM-Nivel-2012-4-Base,dimensiones,dimension=Nivel;cohorte=2012;horizonte=4,Base,5183,5183,0,0,PASS,seguimiento JOIN programas
DIM-Nivel-2012-4-Carrera,dimensiones,dimension=Nivel;cohorte=2012;horizonte=4,Carrera,855,855,0,0,PASS,seguimiento JOIN programas
DIM-Nivel-2012-4-Institucion,dimensiones,dimension=Nivel;cohorte=2012;horizonte=4,Institucion,1406,1406,0,0,PASS,seguimiento JOIN programas
DIM-Nivel-2012-4-EducacionSuperior,dimensiones,dimension=Nivel;cohorte=2012;horizonte=4,EducacionSuperior,2116,2116,0,0,PASS,seguimiento JOIN programas
DIM-Nivel-2012-5-Base,dimensiones,dimension=Nivel;cohorte=2012;horizonte=5,Base,5183,5183,0,0,PASS,seguimiento JOIN programas
DIM-Nivel-2012-5-Carrera,dimensiones,dimension=Nivel;cohorte=2012;horizonte=5,Carrera,321,321,0,0,PASS,seguimiento JOIN programas
DIM-Nivel-2012-5-Institucion,dimensiones,dimension=Nivel;cohorte=2012;horizonte=5,Institucion,670,670,0,0,PASS,seguimiento JOIN programas
DIM-Nivel-2012-5-EducacionSuperior,dimensiones,dimension=Nivel;cohorte=2012;horizonte=5,EducacionSuperior,1439,1439,0,0,PASS,seguimiento JOIN programas
DIM-Nivel-2012-6-Base,dimensiones,dimension=Nivel;cohorte=2012;horizonte=6,Base,5183,5183,0,0,PASS,seguimiento JOIN programas
DIM-Nivel-2012-6-Carrera,dimensiones,dimension=Nivel;cohorte=2012;horizonte=6,Carrera,98,98,0,0,PASS,seguimiento JOIN programas
DIM-Nivel-2012-6-Institucion,dimensiones,dimension=Nivel;cohorte=2012;horizonte=6,Institucion,316,316,0,0,PASS,seguimiento JOIN programas
DIM-Nivel-2012-6-EducacionSuperior,dimensiones,dimension=Nivel;cohorte=2012;horizonte=6,EducacionSuperior,1050,1050,0,0,PASS,seguimiento JOIN programas
DIM-Nivel-2012-7-Base,dimensiones,dimension=Nivel;cohorte=2012;horizonte=7,Base,5183,5183,0,0,PASS,seguimiento JOIN programas
DIM-Nivel-2012-7-Carrera,dimensiones,dimension=Nivel;cohorte=2012;horizonte=7,Carrera,52,52,0,0,PASS,seguimiento JOIN programas
DIM-Nivel-2012-7-Institucion,dimensiones,dimension=Nivel;cohorte=2012;horizonte=7,Institucion,183,183,0,0,PASS,seguimiento JOIN programas
DIM-Nivel-2012-7-EducacionSuperior,dimensiones,dimension=Nivel;cohorte=2012;horizonte=7,EducacionSuperior,825,825,0,0,PASS,seguimiento JOIN programas
DIM-Nivel-2012-8-Base,dimensiones,dimension=Nivel;cohorte=2012;horizonte=8,Base,5183,5183,0,0,PASS,seguimiento JOIN programas
DIM-Nivel-2012-8-Carrera,dimensiones,dimension=Nivel;cohorte=2012;horizonte=8,Carrera,32,32,0,0,PASS,seguimiento JOIN programas
DIM-Nivel-2012-8-Institucion,dimensiones,dimension=Nivel;cohorte=2012;horizonte=8,Institucion,132,132,0,0,PASS,seguimiento JOIN programas
DIM-Nivel-2012-8-EducacionSuperior,dimensiones,dimension=Nivel;cohorte=2012;horizonte=8,EducacionSuperior,693,693,0,0,PASS,seguimiento JOIN programas
DIM-Nivel-2012-9-Base,dimensiones,dimension=Nivel;cohorte=2012;horizonte=9,Base,5183,5183,0,0,PASS,seguimiento JOIN programas
DIM-Nivel-2012-9-Carrera,dimensiones,dimension=Nivel;cohorte=2012;horizonte=9,Carrera,20,20,0,0,PASS,seguimiento JOIN programas
DIM-Nivel-2012-9-Institucion,dimensiones,dimension=Nivel;cohorte=2012;horizonte=9,Institucion,82,82,0,0,PASS,seguimiento JOIN programas
DIM-Nivel-2012-9-EducacionSuperior,dimensiones,dimension=Nivel;cohorte=2012;horizonte=9,EducacionSuperior,579,579,0,0,PASS,seguimiento JOIN programas
DIM-Nivel-2012-10-Base,dimensiones,dimension=Nivel;cohorte=2012;horizonte=10,Base,5183,5183,0,0,PASS,seguimiento JOIN programas
DIM-Nivel-2012-10-Carrera,dimensiones,dimension=Nivel;cohorte=2012;horizonte=10,Carrera,13,13,0,0,PASS,seguimiento JOIN programas
DIM-Nivel-2012-10-Institucion,dimensiones,dimension=Nivel;cohorte=2012;horizonte=10,Institucion,93,93,0,0,PASS,seguimiento JOIN programas
DIM-Nivel-2012-10-EducacionSuperior,dimensiones,dimension=Nivel;cohorte=2012;horizonte=10,EducacionSuperior,629,629,0,0,PASS,seguimiento JOIN programas
DIM-Nivel-2012-11-Base,dimensiones,dimension=Nivel;cohorte=2012;horizonte=11,Base,5183,5183,0,0,PASS,seguimiento JOIN programas
DIM-Nivel-2012-11-Carrera,dimensiones,dimension=Nivel;cohorte=2012;horizonte=11,Carrera,15,15,0,0,PASS,seguimiento JOIN programas
DIM-Nivel-2012-11-Institucion,dimensiones,dimension=Nivel;cohorte=2012;horizonte=11,Institucion,79,79,0,0,PASS,seguimiento JOIN programas
DIM-Nivel-2012-11-EducacionSuperior,dimensiones,dimension=Nivel;cohorte=2012;horizonte=11,EducacionSuperior,631,631,0,0,PASS,seguimiento JOIN programas
DIM-Nivel-2012-12-Base,dimensiones,dimension=Nivel;cohorte=2012;horizonte=12,Base,5183,5183,0,0,PASS,seguimiento JOIN programas
DIM-Nivel-2012-12-Carrera,dimensiones,dimension=Nivel;cohorte=2012;horizonte=12,Carrera,13,13,0,0,PASS,seguimiento JOIN programas
DIM-Nivel-2012-12-Institucion,dimensiones,dimension=Nivel;cohorte=2012;horizonte=12,Institucion,73,73,0,0,PASS,seguimiento JOIN programas
DIM-Nivel-2012-12-EducacionSuperior,dimensiones,dimension=Nivel;cohorte=2012;horizonte=12,EducacionSuperior,590,590,0,0,PASS,seguimiento JOIN programas
DIM-Nivel-2012-13-Base,dimensiones,dimension=Nivel;cohorte=2012;horizonte=13,Base,5183,5183,0,0,PASS,seguimiento JOIN programas
DIM-Nivel-2012-13-Carrera,dimensiones,dimension=Nivel;cohorte=2012;horizonte=13,Carrera,9,9,0,0,PASS,seguimiento JOIN programas
DIM-Nivel-2012-13-Institucion,dimensiones,dimension=Nivel;cohorte=2012;horizonte=13,Institucion,54,54,0,0,PASS,seguimiento JOIN programas
DIM-Nivel-2012-13-EducacionSuperior,dimensiones,dimension=Nivel;cohorte=2012;horizonte=13,EducacionSuperior,568,568,0,0,PASS,seguimiento JOIN programas
DIM-Nivel-2012-14-Base,dimensiones,dimension=Nivel;cohorte=2012;horizonte=14,Base,5183,5183,0,0,PASS,seguimiento JOIN programas
DIM-Nivel-2012-14-Carrera,dimensiones,dimension=Nivel;cohorte=2012;horizonte=14,Carrera,2,2,0,0,PASS,seguimiento JOIN programas
DIM-Nivel-2012-14-Institucion,dimensiones,dimension=Nivel;cohorte=2012;horizonte=14,Institucion,43,43,0,0,PASS,seguimiento JOIN programas
DIM-Nivel-2012-14-EducacionSuperior,dimensiones,dimension=Nivel;cohorte=2012;horizonte=14,EducacionSuperior,554,554,0,0,PASS,seguimiento JOIN programas
DIM-Nivel-2013-1-Base,dimensiones,dimension=Nivel;cohorte=2013;horizonte=1,Base,8312,8312,0,0,PASS,seguimiento JOIN programas
DIM-Nivel-2013-1-Carrera,dimensiones,dimension=Nivel;cohorte=2013;horizonte=1,Carrera,8312,8312,0,0,PASS,seguimiento JOIN programas
DIM-Nivel-2013-1-Institucion,dimensiones,dimension=Nivel;cohorte=2013;horizonte=1,Institucion,8312,8312,0,0,PASS,seguimiento JOIN programas
DIM-Nivel-2013-1-EducacionSuperior,dimensiones,dimension=Nivel;cohorte=2013;horizonte=1,EducacionSuperior,8312,8312,0,0,PASS,seguimiento JOIN programas
DIM-Nivel-2013-2-Base,dimensiones,dimension=Nivel;cohorte=2013;horizonte=2,Base,8312,8312,0,0,PASS,seguimiento JOIN programas
DIM-Nivel-2013-2-Carrera,dimensiones,dimension=Nivel;cohorte=2013;horizonte=2,Carrera,4210,4210,0,0,PASS,seguimiento JOIN programas
DIM-Nivel-2013-2-Institucion,dimensiones,dimension=Nivel;cohorte=2013;horizonte=2,Institucion,5178,5178,0,0,PASS,seguimiento JOIN programas
DIM-Nivel-2013-2-EducacionSuperior,dimensiones,dimension=Nivel;cohorte=2013;horizonte=2,EducacionSuperior,5626,5626,0,0,PASS,seguimiento JOIN programas
DIM-Nivel-2013-3-Base,dimensiones,dimension=Nivel;cohorte=2013;horizonte=3,Base,8312,8312,0,0,PASS,seguimiento JOIN programas
DIM-Nivel-2013-3-Carrera,dimensiones,dimension=Nivel;cohorte=2013;horizonte=3,Carrera,2951,2951,0,0,PASS,seguimiento JOIN programas
DIM-Nivel-2013-3-Institucion,dimensiones,dimension=Nivel;cohorte=2013;horizonte=3,Institucion,3942,3942,0,0,PASS,seguimiento JOIN programas
DIM-Nivel-2013-3-EducacionSuperior,dimensiones,dimension=Nivel;cohorte=2013;horizonte=3,EducacionSuperior,4760,4760,0,0,PASS,seguimiento JOIN programas
DIM-Nivel-2013-4-Base,dimensiones,dimension=Nivel;cohorte=2013;horizonte=4,Base,8312,8312,0,0,PASS,seguimiento JOIN programas
DIM-Nivel-2013-4-Carrera,dimensiones,dimension=Nivel;cohorte=2013;horizonte=4,Carrera,1086,1086,0,0,PASS,seguimiento JOIN programas
DIM-Nivel-2013-4-Institucion,dimensiones,dimension=Nivel;cohorte=2013;horizonte=4,Institucion,2044,2044,0,0,PASS,seguimiento JOIN programas
DIM-Nivel-2013-4-EducacionSuperior,dimensiones,dimension=Nivel;cohorte=2013;horizonte=4,EducacionSuperior,3144,3144,0,0,PASS,seguimiento JOIN programas
DIM-Nivel-2013-5-Base,dimensiones,dimension=Nivel;cohorte=2013;horizonte=5,Base,8312,8312,0,0,PASS,seguimiento JOIN programas
DIM-Nivel-2013-5-Carrera,dimensiones,dimension=Nivel;cohorte=2013;horizonte=5,Carrera,397,397,0,0,PASS,seguimiento JOIN programas
DIM-Nivel-2013-5-Institucion,dimensiones,dimension=Nivel;cohorte=2013;horizonte=5,Institucion,977,977,0,0,PASS,seguimiento JOIN programas
DIM-Nivel-2013-5-EducacionSuperior,dimensiones,dimension=Nivel;cohorte=2013;horizonte=5,EducacionSuperior,2062,2062,0,0,PASS,seguimiento JOIN programas
DIM-Nivel-2013-6-Base,dimensiones,dimension=Nivel;cohorte=2013;horizonte=6,Base,8312,8312,0,0,PASS,seguimiento JOIN programas
DIM-Nivel-2013-6-Carrera,dimensiones,dimension=Nivel;cohorte=2013;horizonte=6,Carrera,147,147,0,0,PASS,seguimiento JOIN programas
DIM-Nivel-2013-6-Institucion,dimensiones,dimension=Nivel;cohorte=2013;horizonte=6,Institucion,460,460,0,0,PASS,seguimiento JOIN programas
DIM-Nivel-2013-6-EducacionSuperior,dimensiones,dimension=Nivel;cohorte=2013;horizonte=6,EducacionSuperior,1482,1482,0,0,PASS,seguimiento JOIN programas
DIM-Nivel-2013-7-Base,dimensiones,dimension=Nivel;cohorte=2013;horizonte=7,Base,8312,8312,0,0,PASS,seguimiento JOIN programas
DIM-Nivel-2013-7-Carrera,dimensiones,dimension=Nivel;cohorte=2013;horizonte=7,Carrera,61,61,0,0,PASS,seguimiento JOIN programas
DIM-Nivel-2013-7-Institucion,dimensiones,dimension=Nivel;cohorte=2013;horizonte=7,Institucion,296,296,0,0,PASS,seguimiento JOIN programas
DIM-Nivel-2013-7-EducacionSuperior,dimensiones,dimension=Nivel;cohorte=2013;horizonte=7,EducacionSuperior,1224,1224,0,0,PASS,seguimiento JOIN programas
DIM-Nivel-2013-8-Base,dimensiones,dimension=Nivel;cohorte=2013;horizonte=8,Base,8312,8312,0,0,PASS,seguimiento JOIN programas
DIM-Nivel-2013-8-Carrera,dimensiones,dimension=Nivel;cohorte=2013;horizonte=8,Carrera,38,38,0,0,PASS,seguimiento JOIN programas
DIM-Nivel-2013-8-Institucion,dimensiones,dimension=Nivel;cohorte=2013;horizonte=8,Institucion,204,204,0,0,PASS,seguimiento JOIN programas
DIM-Nivel-2013-8-EducacionSuperior,dimensiones,dimension=Nivel;cohorte=2013;horizonte=8,EducacionSuperior,1036,1036,0,0,PASS,seguimiento JOIN programas
DIM-Nivel-2013-9-Base,dimensiones,dimension=Nivel;cohorte=2013;horizonte=9,Base,8312,8312,0,0,PASS,seguimiento JOIN programas
DIM-Nivel-2013-9-Carrera,dimensiones,dimension=Nivel;cohorte=2013;horizonte=9,Carrera,33,33,0,0,PASS,seguimiento JOIN programas
DIM-Nivel-2013-9-Institucion,dimensiones,dimension=Nivel;cohorte=2013;horizonte=9,Institucion,151,151,0,0,PASS,seguimiento JOIN programas
DIM-Nivel-2013-9-EducacionSuperior,dimensiones,dimension=Nivel;cohorte=2013;horizonte=9,EducacionSuperior,1106,1106,0,0,PASS,seguimiento JOIN programas
DIM-Nivel-2013-10-Base,dimensiones,dimension=Nivel;cohorte=2013;horizonte=10,Base,8312,8312,0,0,PASS,seguimiento JOIN programas
DIM-Nivel-2013-10-Carrera,dimensiones,dimension=Nivel;cohorte=2013;horizonte=10,Carrera,27,27,0,0,PASS,seguimiento JOIN programas
DIM-Nivel-2013-10-Institucion,dimensiones,dimension=Nivel;cohorte=2013;horizonte=10,Institucion,127,127,0,0,PASS,seguimiento JOIN programas
DIM-Nivel-2013-10-EducacionSuperior,dimensiones,dimension=Nivel;cohorte=2013;horizonte=10,EducacionSuperior,1028,1028,0,0,PASS,seguimiento JOIN programas
DIM-Nivel-2013-11-Base,dimensiones,dimension=Nivel;cohorte=2013;horizonte=11,Base,8312,8312,0,0,PASS,seguimiento JOIN programas
DIM-Nivel-2013-11-Carrera,dimensiones,dimension=Nivel;cohorte=2013;horizonte=11,Carrera,23,23,0,0,PASS,seguimiento JOIN programas
DIM-Nivel-2013-11-Institucion,dimensiones,dimension=Nivel;cohorte=2013;horizonte=11,Institucion,127,127,0,0,PASS,seguimiento JOIN programas
DIM-Nivel-2013-11-EducacionSuperior,dimensiones,dimension=Nivel;cohorte=2013;horizonte=11,EducacionSuperior,990,990,0,0,PASS,seguimiento JOIN programas
DIM-Nivel-2013-12-Base,dimensiones,dimension=Nivel;cohorte=2013;horizonte=12,Base,8312,8312,0,0,PASS,seguimiento JOIN programas
DIM-Nivel-2013-12-Carrera,dimensiones,dimension=Nivel;cohorte=2013;horizonte=12,Carrera,17,17,0,0,PASS,seguimiento JOIN programas
DIM-Nivel-2013-12-Institucion,dimensiones,dimension=Nivel;cohorte=2013;horizonte=12,Institucion,90,90,0,0,PASS,seguimiento JOIN programas
DIM-Nivel-2013-12-EducacionSuperior,dimensiones,dimension=Nivel;cohorte=2013;horizonte=12,EducacionSuperior,909,909,0,0,PASS,seguimiento JOIN programas
DIM-Nivel-2013-13-Base,dimensiones,dimension=Nivel;cohorte=2013;horizonte=13,Base,8312,8312,0,0,PASS,seguimiento JOIN programas
DIM-Nivel-2013-13-Carrera,dimensiones,dimension=Nivel;cohorte=2013;horizonte=13,Carrera,10,10,0,0,PASS,seguimiento JOIN programas
DIM-Nivel-2013-13-Institucion,dimensiones,dimension=Nivel;cohorte=2013;horizonte=13,Institucion,68,68,0,0,PASS,seguimiento JOIN programas
DIM-Nivel-2013-13-EducacionSuperior,dimensiones,dimension=Nivel;cohorte=2013;horizonte=13,EducacionSuperior,902,902,0,0,PASS,seguimiento JOIN programas
DIM-Nivel-2014-1-Base,dimensiones,dimension=Nivel;cohorte=2014;horizonte=1,Base,11812,11812,0,0,PASS,seguimiento JOIN programas
DIM-Nivel-2014-1-Carrera,dimensiones,dimension=Nivel;cohorte=2014;horizonte=1,Carrera,11812,11812,0,0,PASS,seguimiento JOIN programas
DIM-Nivel-2014-1-Institucion,dimensiones,dimension=Nivel;cohorte=2014;horizonte=1,Institucion,11812,11812,0,0,PASS,seguimiento JOIN programas
DIM-Nivel-2014-1-EducacionSuperior,dimensiones,dimension=Nivel;cohorte=2014;horizonte=1,EducacionSuperior,11812,11812,0,0,PASS,seguimiento JOIN programas
DIM-Nivel-2014-2-Base,dimensiones,dimension=Nivel;cohorte=2014;horizonte=2,Base,11812,11812,0,0,PASS,seguimiento JOIN programas
DIM-Nivel-2014-2-Carrera,dimensiones,dimension=Nivel;cohorte=2014;horizonte=2,Carrera,6721,6721,0,0,PASS,seguimiento JOIN programas
DIM-Nivel-2014-2-Institucion,dimensiones,dimension=Nivel;cohorte=2014;horizonte=2,Institucion,7042,7042,0,0,PASS,seguimiento JOIN programas
DIM-Nivel-2014-2-EducacionSuperior,dimensiones,dimension=Nivel;cohorte=2014;horizonte=2,EducacionSuperior,7667,7667,0,0,PASS,seguimiento JOIN programas
DIM-Nivel-2014-3-Base,dimensiones,dimension=Nivel;cohorte=2014;horizonte=3,Base,11812,11812,0,0,PASS,seguimiento JOIN programas
DIM-Nivel-2014-3-Carrera,dimensiones,dimension=Nivel;cohorte=2014;horizonte=3,Carrera,4187,4187,0,0,PASS,seguimiento JOIN programas
DIM-Nivel-2014-3-Institucion,dimensiones,dimension=Nivel;cohorte=2014;horizonte=3,Institucion,4966,4966,0,0,PASS,seguimiento JOIN programas
DIM-Nivel-2014-3-EducacionSuperior,dimensiones,dimension=Nivel;cohorte=2014;horizonte=3,EducacionSuperior,6085,6085,0,0,PASS,seguimiento JOIN programas
DIM-Nivel-2014-4-Base,dimensiones,dimension=Nivel;cohorte=2014;horizonte=4,Base,11812,11812,0,0,PASS,seguimiento JOIN programas
DIM-Nivel-2014-4-Carrera,dimensiones,dimension=Nivel;cohorte=2014;horizonte=4,Carrera,1299,1299,0,0,PASS,seguimiento JOIN programas
DIM-Nivel-2014-4-Institucion,dimensiones,dimension=Nivel;cohorte=2014;horizonte=4,Institucion,2440,2440,0,0,PASS,seguimiento JOIN programas
DIM-Nivel-2014-4-EducacionSuperior,dimensiones,dimension=Nivel;cohorte=2014;horizonte=4,EducacionSuperior,3896,3896,0,0,PASS,seguimiento JOIN programas
DIM-Nivel-2014-5-Base,dimensiones,dimension=Nivel;cohorte=2014;horizonte=5,Base,11812,11812,0,0,PASS,seguimiento JOIN programas
DIM-Nivel-2014-5-Carrera,dimensiones,dimension=Nivel;cohorte=2014;horizonte=5,Carrera,548,548,0,0,PASS,seguimiento JOIN programas
DIM-Nivel-2014-5-Institucion,dimensiones,dimension=Nivel;cohorte=2014;horizonte=5,Institucion,1211,1211,0,0,PASS,seguimiento JOIN programas
DIM-Nivel-2014-5-EducacionSuperior,dimensiones,dimension=Nivel;cohorte=2014;horizonte=5,EducacionSuperior,2583,2583,0,0,PASS,seguimiento JOIN programas
DIM-Nivel-2014-6-Base,dimensiones,dimension=Nivel;cohorte=2014;horizonte=6,Base,11812,11812,0,0,PASS,seguimiento JOIN programas
DIM-Nivel-2014-6-Carrera,dimensiones,dimension=Nivel;cohorte=2014;horizonte=6,Carrera,206,206,0,0,PASS,seguimiento JOIN programas
DIM-Nivel-2014-6-Institucion,dimensiones,dimension=Nivel;cohorte=2014;horizonte=6,Institucion,570,570,0,0,PASS,seguimiento JOIN programas
DIM-Nivel-2014-6-EducacionSuperior,dimensiones,dimension=Nivel;cohorte=2014;horizonte=6,EducacionSuperior,1911,1911,0,0,PASS,seguimiento JOIN programas
DIM-Nivel-2014-7-Base,dimensiones,dimension=Nivel;cohorte=2014;horizonte=7,Base,11812,11812,0,0,PASS,seguimiento JOIN programas
DIM-Nivel-2014-7-Carrera,dimensiones,dimension=Nivel;cohorte=2014;horizonte=7,Carrera,81,81,0,0,PASS,seguimiento JOIN programas
DIM-Nivel-2014-7-Institucion,dimensiones,dimension=Nivel;cohorte=2014;horizonte=7,Institucion,291,291,0,0,PASS,seguimiento JOIN programas
DIM-Nivel-2014-7-EducacionSuperior,dimensiones,dimension=Nivel;cohorte=2014;horizonte=7,EducacionSuperior,1500,1500,0,0,PASS,seguimiento JOIN programas
DIM-Nivel-2014-8-Base,dimensiones,dimension=Nivel;cohorte=2014;horizonte=8,Base,11812,11812,0,0,PASS,seguimiento JOIN programas
DIM-Nivel-2014-8-Carrera,dimensiones,dimension=Nivel;cohorte=2014;horizonte=8,Carrera,67,67,0,0,PASS,seguimiento JOIN programas
DIM-Nivel-2014-8-Institucion,dimensiones,dimension=Nivel;cohorte=2014;horizonte=8,Institucion,256,256,0,0,PASS,seguimiento JOIN programas
DIM-Nivel-2014-8-EducacionSuperior,dimensiones,dimension=Nivel;cohorte=2014;horizonte=8,EducacionSuperior,1638,1638,0,0,PASS,seguimiento JOIN programas
DIM-Nivel-2014-9-Base,dimensiones,dimension=Nivel;cohorte=2014;horizonte=9,Base,11812,11812,0,0,PASS,seguimiento JOIN programas
DIM-Nivel-2014-9-Carrera,dimensiones,dimension=Nivel;cohorte=2014;horizonte=9,Carrera,39,39,0,0,PASS,seguimiento JOIN programas
DIM-Nivel-2014-9-Institucion,dimensiones,dimension=Nivel;cohorte=2014;horizonte=9,Institucion,222,222,0,0,PASS,seguimiento JOIN programas
DIM-Nivel-2014-9-EducacionSuperior,dimensiones,dimension=Nivel;cohorte=2014;horizonte=9,EducacionSuperior,1565,1565,0,0,PASS,seguimiento JOIN programas
DIM-Nivel-2014-10-Base,dimensiones,dimension=Nivel;cohorte=2014;horizonte=10,Base,11812,11812,0,0,PASS,seguimiento JOIN programas
DIM-Nivel-2014-10-Carrera,dimensiones,dimension=Nivel;cohorte=2014;horizonte=10,Carrera,32,32,0,0,PASS,seguimiento JOIN programas
DIM-Nivel-2014-10-Institucion,dimensiones,dimension=Nivel;cohorte=2014;horizonte=10,Institucion,213,213,0,0,PASS,seguimiento JOIN programas
DIM-Nivel-2014-10-EducacionSuperior,dimensiones,dimension=Nivel;cohorte=2014;horizonte=10,EducacionSuperior,1458,1458,0,0,PASS,seguimiento JOIN programas
DIM-Nivel-2014-11-Base,dimensiones,dimension=Nivel;cohorte=2014;horizonte=11,Base,11812,11812,0,0,PASS,seguimiento JOIN programas
DIM-Nivel-2014-11-Carrera,dimensiones,dimension=Nivel;cohorte=2014;horizonte=11,Carrera,28,28,0,0,PASS,seguimiento JOIN programas
DIM-Nivel-2014-11-Institucion,dimensiones,dimension=Nivel;cohorte=2014;horizonte=11,Institucion,176,176,0,0,PASS,seguimiento JOIN programas
DIM-Nivel-2014-11-EducacionSuperior,dimensiones,dimension=Nivel;cohorte=2014;horizonte=11,EducacionSuperior,1413,1413,0,0,PASS,seguimiento JOIN programas
DIM-Nivel-2014-12-Base,dimensiones,dimension=Nivel;cohorte=2014;horizonte=12,Base,11812,11812,0,0,PASS,seguimiento JOIN programas
DIM-Nivel-2014-12-Carrera,dimensiones,dimension=Nivel;cohorte=2014;horizonte=12,Carrera,16,16,0,0,PASS,seguimiento JOIN programas
DIM-Nivel-2014-12-Institucion,dimensiones,dimension=Nivel;cohorte=2014;horizonte=12,Institucion,135,135,0,0,PASS,seguimiento JOIN programas
DIM-Nivel-2014-12-EducacionSuperior,dimensiones,dimension=Nivel;cohorte=2014;horizonte=12,EducacionSuperior,1371,1371,0,0,PASS,seguimiento JOIN programas
DIM-Nivel-2015-1-Base,dimensiones,dimension=Nivel;cohorte=2015;horizonte=1,Base,11982,11982,0,0,PASS,seguimiento JOIN programas
DIM-Nivel-2015-1-Carrera,dimensiones,dimension=Nivel;cohorte=2015;horizonte=1,Carrera,11982,11982,0,0,PASS,seguimiento JOIN programas
DIM-Nivel-2015-1-Institucion,dimensiones,dimension=Nivel;cohorte=2015;horizonte=1,Institucion,11982,11982,0,0,PASS,seguimiento JOIN programas
DIM-Nivel-2015-1-EducacionSuperior,dimensiones,dimension=Nivel;cohorte=2015;horizonte=1,EducacionSuperior,11982,11982,0,0,PASS,seguimiento JOIN programas
DIM-Nivel-2015-2-Base,dimensiones,dimension=Nivel;cohorte=2015;horizonte=2,Base,11982,11982,0,0,PASS,seguimiento JOIN programas
DIM-Nivel-2015-2-Carrera,dimensiones,dimension=Nivel;cohorte=2015;horizonte=2,Carrera,6678,6678,0,0,PASS,seguimiento JOIN programas
DIM-Nivel-2015-2-Institucion,dimensiones,dimension=Nivel;cohorte=2015;horizonte=2,Institucion,7008,7008,0,0,PASS,seguimiento JOIN programas
DIM-Nivel-2015-2-EducacionSuperior,dimensiones,dimension=Nivel;cohorte=2015;horizonte=2,EducacionSuperior,7651,7651,0,0,PASS,seguimiento JOIN programas
DIM-Nivel-2015-3-Base,dimensiones,dimension=Nivel;cohorte=2015;horizonte=3,Base,11982,11982,0,0,PASS,seguimiento JOIN programas
DIM-Nivel-2015-3-Carrera,dimensiones,dimension=Nivel;cohorte=2015;horizonte=3,Carrera,4485,4485,0,0,PASS,seguimiento JOIN programas
DIM-Nivel-2015-3-Institucion,dimensiones,dimension=Nivel;cohorte=2015;horizonte=3,Institucion,5245,5245,0,0,PASS,seguimiento JOIN programas
DIM-Nivel-2015-3-EducacionSuperior,dimensiones,dimension=Nivel;cohorte=2015;horizonte=3,EducacionSuperior,6407,6407,0,0,PASS,seguimiento JOIN programas
DIM-Nivel-2015-4-Base,dimensiones,dimension=Nivel;cohorte=2015;horizonte=4,Base,11982,11982,0,0,PASS,seguimiento JOIN programas
DIM-Nivel-2015-4-Carrera,dimensiones,dimension=Nivel;cohorte=2015;horizonte=4,Carrera,1565,1565,0,0,PASS,seguimiento JOIN programas
DIM-Nivel-2015-4-Institucion,dimensiones,dimension=Nivel;cohorte=2015;horizonte=4,Institucion,2642,2642,0,0,PASS,seguimiento JOIN programas
DIM-Nivel-2015-4-EducacionSuperior,dimensiones,dimension=Nivel;cohorte=2015;horizonte=4,EducacionSuperior,4165,4165,0,0,PASS,seguimiento JOIN programas
DIM-Nivel-2015-5-Base,dimensiones,dimension=Nivel;cohorte=2015;horizonte=5,Base,11982,11982,0,0,PASS,seguimiento JOIN programas
DIM-Nivel-2015-5-Carrera,dimensiones,dimension=Nivel;cohorte=2015;horizonte=5,Carrera,592,592,0,0,PASS,seguimiento JOIN programas
DIM-Nivel-2015-5-Institucion,dimensiones,dimension=Nivel;cohorte=2015;horizonte=5,Institucion,1206,1206,0,0,PASS,seguimiento JOIN programas
DIM-Nivel-2015-5-EducacionSuperior,dimensiones,dimension=Nivel;cohorte=2015;horizonte=5,EducacionSuperior,2701,2701,0,0,PASS,seguimiento JOIN programas
DIM-Nivel-2015-6-Base,dimensiones,dimension=Nivel;cohorte=2015;horizonte=6,Base,11982,11982,0,0,PASS,seguimiento JOIN programas
DIM-Nivel-2015-6-Carrera,dimensiones,dimension=Nivel;cohorte=2015;horizonte=6,Carrera,152,152,0,0,PASS,seguimiento JOIN programas
DIM-Nivel-2015-6-Institucion,dimensiones,dimension=Nivel;cohorte=2015;horizonte=6,Institucion,499,499,0,0,PASS,seguimiento JOIN programas
DIM-Nivel-2015-6-EducacionSuperior,dimensiones,dimension=Nivel;cohorte=2015;horizonte=6,EducacionSuperior,1880,1880,0,0,PASS,seguimiento JOIN programas
DIM-Nivel-2015-7-Base,dimensiones,dimension=Nivel;cohorte=2015;horizonte=7,Base,11982,11982,0,0,PASS,seguimiento JOIN programas
DIM-Nivel-2015-7-Carrera,dimensiones,dimension=Nivel;cohorte=2015;horizonte=7,Carrera,109,109,0,0,PASS,seguimiento JOIN programas
DIM-Nivel-2015-7-Institucion,dimensiones,dimension=Nivel;cohorte=2015;horizonte=7,Institucion,400,400,0,0,PASS,seguimiento JOIN programas
DIM-Nivel-2015-7-EducacionSuperior,dimensiones,dimension=Nivel;cohorte=2015;horizonte=7,EducacionSuperior,1913,1913,0,0,PASS,seguimiento JOIN programas
DIM-Nivel-2015-8-Base,dimensiones,dimension=Nivel;cohorte=2015;horizonte=8,Base,11982,11982,0,0,PASS,seguimiento JOIN programas
DIM-Nivel-2015-8-Carrera,dimensiones,dimension=Nivel;cohorte=2015;horizonte=8,Carrera,90,90,0,0,PASS,seguimiento JOIN programas
DIM-Nivel-2015-8-Institucion,dimensiones,dimension=Nivel;cohorte=2015;horizonte=8,Institucion,315,315,0,0,PASS,seguimiento JOIN programas
DIM-Nivel-2015-8-EducacionSuperior,dimensiones,dimension=Nivel;cohorte=2015;horizonte=8,EducacionSuperior,1791,1791,0,0,PASS,seguimiento JOIN programas
DIM-Nivel-2015-9-Base,dimensiones,dimension=Nivel;cohorte=2015;horizonte=9,Base,11982,11982,0,0,PASS,seguimiento JOIN programas
DIM-Nivel-2015-9-Carrera,dimensiones,dimension=Nivel;cohorte=2015;horizonte=9,Carrera,68,68,0,0,PASS,seguimiento JOIN programas
DIM-Nivel-2015-9-Institucion,dimensiones,dimension=Nivel;cohorte=2015;horizonte=9,Institucion,258,258,0,0,PASS,seguimiento JOIN programas
DIM-Nivel-2015-9-EducacionSuperior,dimensiones,dimension=Nivel;cohorte=2015;horizonte=9,EducacionSuperior,1671,1671,0,0,PASS,seguimiento JOIN programas
DIM-Nivel-2015-10-Base,dimensiones,dimension=Nivel;cohorte=2015;horizonte=10,Base,11982,11982,0,0,PASS,seguimiento JOIN programas
DIM-Nivel-2015-10-Carrera,dimensiones,dimension=Nivel;cohorte=2015;horizonte=10,Carrera,41,41,0,0,PASS,seguimiento JOIN programas
DIM-Nivel-2015-10-Institucion,dimensiones,dimension=Nivel;cohorte=2015;horizonte=10,Institucion,199,199,0,0,PASS,seguimiento JOIN programas
DIM-Nivel-2015-10-EducacionSuperior,dimensiones,dimension=Nivel;cohorte=2015;horizonte=10,EducacionSuperior,1541,1541,0,0,PASS,seguimiento JOIN programas
DIM-Nivel-2015-11-Base,dimensiones,dimension=Nivel;cohorte=2015;horizonte=11,Base,11982,11982,0,0,PASS,seguimiento JOIN programas
DIM-Nivel-2015-11-Carrera,dimensiones,dimension=Nivel;cohorte=2015;horizonte=11,Carrera,25,25,0,0,PASS,seguimiento JOIN programas
DIM-Nivel-2015-11-Institucion,dimensiones,dimension=Nivel;cohorte=2015;horizonte=11,Institucion,170,170,0,0,PASS,seguimiento JOIN programas
DIM-Nivel-2015-11-EducacionSuperior,dimensiones,dimension=Nivel;cohorte=2015;horizonte=11,EducacionSuperior,1474,1474,0,0,PASS,seguimiento JOIN programas
DIM-Nivel-2016-1-Base,dimensiones,dimension=Nivel;cohorte=2016;horizonte=1,Base,13664,13664,0,0,PASS,seguimiento JOIN programas
DIM-Nivel-2016-1-Carrera,dimensiones,dimension=Nivel;cohorte=2016;horizonte=1,Carrera,13664,13664,0,0,PASS,seguimiento JOIN programas
DIM-Nivel-2016-1-Institucion,dimensiones,dimension=Nivel;cohorte=2016;horizonte=1,Institucion,13664,13664,0,0,PASS,seguimiento JOIN programas
DIM-Nivel-2016-1-EducacionSuperior,dimensiones,dimension=Nivel;cohorte=2016;horizonte=1,EducacionSuperior,13664,13664,0,0,PASS,seguimiento JOIN programas
DIM-Nivel-2016-2-Base,dimensiones,dimension=Nivel;cohorte=2016;horizonte=2,Base,13664,13664,0,0,PASS,seguimiento JOIN programas
DIM-Nivel-2016-2-Carrera,dimensiones,dimension=Nivel;cohorte=2016;horizonte=2,Carrera,7905,7905,0,0,PASS,seguimiento JOIN programas
DIM-Nivel-2016-2-Institucion,dimensiones,dimension=Nivel;cohorte=2016;horizonte=2,Institucion,8304,8304,0,0,PASS,seguimiento JOIN programas
DIM-Nivel-2016-2-EducacionSuperior,dimensiones,dimension=Nivel;cohorte=2016;horizonte=2,EducacionSuperior,8896,8896,0,0,PASS,seguimiento JOIN programas
DIM-Nivel-2016-3-Base,dimensiones,dimension=Nivel;cohorte=2016;horizonte=3,Base,13664,13664,0,0,PASS,seguimiento JOIN programas
DIM-Nivel-2016-3-Carrera,dimensiones,dimension=Nivel;cohorte=2016;horizonte=3,Carrera,4462,4462,0,0,PASS,seguimiento JOIN programas
DIM-Nivel-2016-3-Institucion,dimensiones,dimension=Nivel;cohorte=2016;horizonte=3,Institucion,5563,5563,0,0,PASS,seguimiento JOIN programas
DIM-Nivel-2016-3-EducacionSuperior,dimensiones,dimension=Nivel;cohorte=2016;horizonte=3,EducacionSuperior,6669,6669,0,0,PASS,seguimiento JOIN programas
DIM-Nivel-2016-4-Base,dimensiones,dimension=Nivel;cohorte=2016;horizonte=4,Base,13664,13664,0,0,PASS,seguimiento JOIN programas
DIM-Nivel-2016-4-Carrera,dimensiones,dimension=Nivel;cohorte=2016;horizonte=4,Carrera,2245,2245,0,0,PASS,seguimiento JOIN programas
DIM-Nivel-2016-4-Institucion,dimensiones,dimension=Nivel;cohorte=2016;horizonte=4,Institucion,3383,3383,0,0,PASS,seguimiento JOIN programas
DIM-Nivel-2016-4-EducacionSuperior,dimensiones,dimension=Nivel;cohorte=2016;horizonte=4,EducacionSuperior,4733,4733,0,0,PASS,seguimiento JOIN programas
DIM-Nivel-2016-5-Base,dimensiones,dimension=Nivel;cohorte=2016;horizonte=5,Base,13664,13664,0,0,PASS,seguimiento JOIN programas
DIM-Nivel-2016-5-Carrera,dimensiones,dimension=Nivel;cohorte=2016;horizonte=5,Carrera,606,606,0,0,PASS,seguimiento JOIN programas
DIM-Nivel-2016-5-Institucion,dimensiones,dimension=Nivel;cohorte=2016;horizonte=5,Institucion,1249,1249,0,0,PASS,seguimiento JOIN programas
DIM-Nivel-2016-5-EducacionSuperior,dimensiones,dimension=Nivel;cohorte=2016;horizonte=5,EducacionSuperior,2637,2637,0,0,PASS,seguimiento JOIN programas
DIM-Nivel-2016-6-Base,dimensiones,dimension=Nivel;cohorte=2016;horizonte=6,Base,13664,13664,0,0,PASS,seguimiento JOIN programas
DIM-Nivel-2016-6-Carrera,dimensiones,dimension=Nivel;cohorte=2016;horizonte=6,Carrera,371,371,0,0,PASS,seguimiento JOIN programas
DIM-Nivel-2016-6-Institucion,dimensiones,dimension=Nivel;cohorte=2016;horizonte=6,Institucion,850,850,0,0,PASS,seguimiento JOIN programas
DIM-Nivel-2016-6-EducacionSuperior,dimensiones,dimension=Nivel;cohorte=2016;horizonte=6,EducacionSuperior,2520,2520,0,0,PASS,seguimiento JOIN programas
DIM-Nivel-2016-7-Base,dimensiones,dimension=Nivel;cohorte=2016;horizonte=7,Base,13664,13664,0,0,PASS,seguimiento JOIN programas
DIM-Nivel-2016-7-Carrera,dimensiones,dimension=Nivel;cohorte=2016;horizonte=7,Carrera,224,224,0,0,PASS,seguimiento JOIN programas
DIM-Nivel-2016-7-Institucion,dimensiones,dimension=Nivel;cohorte=2016;horizonte=7,Institucion,613,613,0,0,PASS,seguimiento JOIN programas
DIM-Nivel-2016-7-EducacionSuperior,dimensiones,dimension=Nivel;cohorte=2016;horizonte=7,EducacionSuperior,2259,2259,0,0,PASS,seguimiento JOIN programas
DIM-Nivel-2016-8-Base,dimensiones,dimension=Nivel;cohorte=2016;horizonte=8,Base,13664,13664,0,0,PASS,seguimiento JOIN programas
DIM-Nivel-2016-8-Carrera,dimensiones,dimension=Nivel;cohorte=2016;horizonte=8,Carrera,140,140,0,0,PASS,seguimiento JOIN programas
DIM-Nivel-2016-8-Institucion,dimensiones,dimension=Nivel;cohorte=2016;horizonte=8,Institucion,489,489,0,0,PASS,seguimiento JOIN programas
DIM-Nivel-2016-8-EducacionSuperior,dimensiones,dimension=Nivel;cohorte=2016;horizonte=8,EducacionSuperior,2072,2072,0,0,PASS,seguimiento JOIN programas
DIM-Nivel-2016-9-Base,dimensiones,dimension=Nivel;cohorte=2016;horizonte=9,Base,13664,13664,0,0,PASS,seguimiento JOIN programas
DIM-Nivel-2016-9-Carrera,dimensiones,dimension=Nivel;cohorte=2016;horizonte=9,Carrera,74,74,0,0,PASS,seguimiento JOIN programas
DIM-Nivel-2016-9-Institucion,dimensiones,dimension=Nivel;cohorte=2016;horizonte=9,Institucion,344,344,0,0,PASS,seguimiento JOIN programas
DIM-Nivel-2016-9-EducacionSuperior,dimensiones,dimension=Nivel;cohorte=2016;horizonte=9,EducacionSuperior,1874,1874,0,0,PASS,seguimiento JOIN programas
DIM-Nivel-2016-10-Base,dimensiones,dimension=Nivel;cohorte=2016;horizonte=10,Base,13664,13664,0,0,PASS,seguimiento JOIN programas
DIM-Nivel-2016-10-Carrera,dimensiones,dimension=Nivel;cohorte=2016;horizonte=10,Carrera,52,52,0,0,PASS,seguimiento JOIN programas
DIM-Nivel-2016-10-Institucion,dimensiones,dimension=Nivel;cohorte=2016;horizonte=10,Institucion,283,283,0,0,PASS,seguimiento JOIN programas
DIM-Nivel-2016-10-EducacionSuperior,dimensiones,dimension=Nivel;cohorte=2016;horizonte=10,EducacionSuperior,1894,1894,0,0,PASS,seguimiento JOIN programas
DIM-Nivel-2017-1-Base,dimensiones,dimension=Nivel;cohorte=2017;horizonte=1,Base,13882,13882,0,0,PASS,seguimiento JOIN programas
DIM-Nivel-2017-1-Carrera,dimensiones,dimension=Nivel;cohorte=2017;horizonte=1,Carrera,13882,13882,0,0,PASS,seguimiento JOIN programas
DIM-Nivel-2017-1-Institucion,dimensiones,dimension=Nivel;cohorte=2017;horizonte=1,Institucion,13882,13882,0,0,PASS,seguimiento JOIN programas
DIM-Nivel-2017-1-EducacionSuperior,dimensiones,dimension=Nivel;cohorte=2017;horizonte=1,EducacionSuperior,13882,13882,0,0,PASS,seguimiento JOIN programas
DIM-Nivel-2017-2-Base,dimensiones,dimension=Nivel;cohorte=2017;horizonte=2,Base,13882,13882,0,0,PASS,seguimiento JOIN programas
DIM-Nivel-2017-2-Carrera,dimensiones,dimension=Nivel;cohorte=2017;horizonte=2,Carrera,7545,7545,0,0,PASS,seguimiento JOIN programas
DIM-Nivel-2017-2-Institucion,dimensiones,dimension=Nivel;cohorte=2017;horizonte=2,Institucion,7825,7825,0,0,PASS,seguimiento JOIN programas
DIM-Nivel-2017-2-EducacionSuperior,dimensiones,dimension=Nivel;cohorte=2017;horizonte=2,EducacionSuperior,8605,8605,0,0,PASS,seguimiento JOIN programas
DIM-Nivel-2017-3-Base,dimensiones,dimension=Nivel;cohorte=2017;horizonte=3,Base,13882,13882,0,0,PASS,seguimiento JOIN programas
DIM-Nivel-2017-3-Carrera,dimensiones,dimension=Nivel;cohorte=2017;horizonte=3,Carrera,4177,4177,0,0,PASS,seguimiento JOIN programas
DIM-Nivel-2017-3-Institucion,dimensiones,dimension=Nivel;cohorte=2017;horizonte=3,Institucion,5000,5000,0,0,PASS,seguimiento JOIN programas
DIM-Nivel-2017-3-EducacionSuperior,dimensiones,dimension=Nivel;cohorte=2017;horizonte=3,EducacionSuperior,6217,6217,0,0,PASS,seguimiento JOIN programas
DIM-Nivel-2017-4-Base,dimensiones,dimension=Nivel;cohorte=2017;horizonte=4,Base,13882,13882,0,0,PASS,seguimiento JOIN programas
DIM-Nivel-2017-4-Carrera,dimensiones,dimension=Nivel;cohorte=2017;horizonte=4,Carrera,1765,1765,0,0,PASS,seguimiento JOIN programas
DIM-Nivel-2017-4-Institucion,dimensiones,dimension=Nivel;cohorte=2017;horizonte=4,Institucion,2664,2664,0,0,PASS,seguimiento JOIN programas
DIM-Nivel-2017-4-EducacionSuperior,dimensiones,dimension=Nivel;cohorte=2017;horizonte=4,EducacionSuperior,4082,4082,0,0,PASS,seguimiento JOIN programas
DIM-Nivel-2017-5-Base,dimensiones,dimension=Nivel;cohorte=2017;horizonte=5,Base,13882,13882,0,0,PASS,seguimiento JOIN programas
DIM-Nivel-2017-5-Carrera,dimensiones,dimension=Nivel;cohorte=2017;horizonte=5,Carrera,827,827,0,0,PASS,seguimiento JOIN programas
DIM-Nivel-2017-5-Institucion,dimensiones,dimension=Nivel;cohorte=2017;horizonte=5,Institucion,1552,1552,0,0,PASS,seguimiento JOIN programas
DIM-Nivel-2017-5-EducacionSuperior,dimensiones,dimension=Nivel;cohorte=2017;horizonte=5,EducacionSuperior,3306,3306,0,0,PASS,seguimiento JOIN programas
DIM-Nivel-2017-6-Base,dimensiones,dimension=Nivel;cohorte=2017;horizonte=6,Base,13882,13882,0,0,PASS,seguimiento JOIN programas
DIM-Nivel-2017-6-Carrera,dimensiones,dimension=Nivel;cohorte=2017;horizonte=6,Carrera,340,340,0,0,PASS,seguimiento JOIN programas
DIM-Nivel-2017-6-Institucion,dimensiones,dimension=Nivel;cohorte=2017;horizonte=6,Institucion,869,869,0,0,PASS,seguimiento JOIN programas
DIM-Nivel-2017-6-EducacionSuperior,dimensiones,dimension=Nivel;cohorte=2017;horizonte=6,EducacionSuperior,2741,2741,0,0,PASS,seguimiento JOIN programas
DIM-Nivel-2017-7-Base,dimensiones,dimension=Nivel;cohorte=2017;horizonte=7,Base,13882,13882,0,0,PASS,seguimiento JOIN programas
DIM-Nivel-2017-7-Carrera,dimensiones,dimension=Nivel;cohorte=2017;horizonte=7,Carrera,215,215,0,0,PASS,seguimiento JOIN programas
DIM-Nivel-2017-7-Institucion,dimensiones,dimension=Nivel;cohorte=2017;horizonte=7,Institucion,625,625,0,0,PASS,seguimiento JOIN programas
DIM-Nivel-2017-7-EducacionSuperior,dimensiones,dimension=Nivel;cohorte=2017;horizonte=7,EducacionSuperior,2415,2415,0,0,PASS,seguimiento JOIN programas
DIM-Nivel-2017-8-Base,dimensiones,dimension=Nivel;cohorte=2017;horizonte=8,Base,13882,13882,0,0,PASS,seguimiento JOIN programas
DIM-Nivel-2017-8-Carrera,dimensiones,dimension=Nivel;cohorte=2017;horizonte=8,Carrera,109,109,0,0,PASS,seguimiento JOIN programas
DIM-Nivel-2017-8-Institucion,dimensiones,dimension=Nivel;cohorte=2017;horizonte=8,Institucion,424,424,0,0,PASS,seguimiento JOIN programas
DIM-Nivel-2017-8-EducacionSuperior,dimensiones,dimension=Nivel;cohorte=2017;horizonte=8,EducacionSuperior,2185,2185,0,0,PASS,seguimiento JOIN programas
DIM-Nivel-2017-9-Base,dimensiones,dimension=Nivel;cohorte=2017;horizonte=9,Base,13882,13882,0,0,PASS,seguimiento JOIN programas
DIM-Nivel-2017-9-Carrera,dimensiones,dimension=Nivel;cohorte=2017;horizonte=9,Carrera,71,71,0,0,PASS,seguimiento JOIN programas
DIM-Nivel-2017-9-Institucion,dimensiones,dimension=Nivel;cohorte=2017;horizonte=9,Institucion,339,339,0,0,PASS,seguimiento JOIN programas
DIM-Nivel-2017-9-EducacionSuperior,dimensiones,dimension=Nivel;cohorte=2017;horizonte=9,EducacionSuperior,2176,2176,0,0,PASS,seguimiento JOIN programas
DIM-Nivel-2018-1-Base,dimensiones,dimension=Nivel;cohorte=2018;horizonte=1,Base,17130,17130,0,0,PASS,seguimiento JOIN programas
DIM-Nivel-2018-1-Carrera,dimensiones,dimension=Nivel;cohorte=2018;horizonte=1,Carrera,17130,17130,0,0,PASS,seguimiento JOIN programas
DIM-Nivel-2018-1-Institucion,dimensiones,dimension=Nivel;cohorte=2018;horizonte=1,Institucion,17130,17130,0,0,PASS,seguimiento JOIN programas
DIM-Nivel-2018-1-EducacionSuperior,dimensiones,dimension=Nivel;cohorte=2018;horizonte=1,EducacionSuperior,17130,17130,0,0,PASS,seguimiento JOIN programas
DIM-Nivel-2018-2-Base,dimensiones,dimension=Nivel;cohorte=2018;horizonte=2,Base,17130,17130,0,0,PASS,seguimiento JOIN programas
DIM-Nivel-2018-2-Carrera,dimensiones,dimension=Nivel;cohorte=2018;horizonte=2,Carrera,10087,10087,0,0,PASS,seguimiento JOIN programas
DIM-Nivel-2018-2-Institucion,dimensiones,dimension=Nivel;cohorte=2018;horizonte=2,Institucion,10328,10328,0,0,PASS,seguimiento JOIN programas
DIM-Nivel-2018-2-EducacionSuperior,dimensiones,dimension=Nivel;cohorte=2018;horizonte=2,EducacionSuperior,11041,11041,0,0,PASS,seguimiento JOIN programas
DIM-Nivel-2018-3-Base,dimensiones,dimension=Nivel;cohorte=2018;horizonte=3,Base,17130,17130,0,0,PASS,seguimiento JOIN programas
DIM-Nivel-2018-3-Carrera,dimensiones,dimension=Nivel;cohorte=2018;horizonte=3,Carrera,5901,5901,0,0,PASS,seguimiento JOIN programas
DIM-Nivel-2018-3-Institucion,dimensiones,dimension=Nivel;cohorte=2018;horizonte=3,Institucion,6597,6597,0,0,PASS,seguimiento JOIN programas
DIM-Nivel-2018-3-EducacionSuperior,dimensiones,dimension=Nivel;cohorte=2018;horizonte=3,EducacionSuperior,7863,7863,0,0,PASS,seguimiento JOIN programas
DIM-Nivel-2018-4-Base,dimensiones,dimension=Nivel;cohorte=2018;horizonte=4,Base,17130,17130,0,0,PASS,seguimiento JOIN programas
DIM-Nivel-2018-4-Carrera,dimensiones,dimension=Nivel;cohorte=2018;horizonte=4,Carrera,2568,2568,0,0,PASS,seguimiento JOIN programas
DIM-Nivel-2018-4-Institucion,dimensiones,dimension=Nivel;cohorte=2018;horizonte=4,Institucion,3617,3617,0,0,PASS,seguimiento JOIN programas
DIM-Nivel-2018-4-EducacionSuperior,dimensiones,dimension=Nivel;cohorte=2018;horizonte=4,EducacionSuperior,5556,5556,0,0,PASS,seguimiento JOIN programas
DIM-Nivel-2018-5-Base,dimensiones,dimension=Nivel;cohorte=2018;horizonte=5,Base,17130,17130,0,0,PASS,seguimiento JOIN programas
DIM-Nivel-2018-5-Carrera,dimensiones,dimension=Nivel;cohorte=2018;horizonte=5,Carrera,1069,1069,0,0,PASS,seguimiento JOIN programas
DIM-Nivel-2018-5-Institucion,dimensiones,dimension=Nivel;cohorte=2018;horizonte=5,Institucion,1925,1925,0,0,PASS,seguimiento JOIN programas
DIM-Nivel-2018-5-EducacionSuperior,dimensiones,dimension=Nivel;cohorte=2018;horizonte=5,EducacionSuperior,4054,4054,0,0,PASS,seguimiento JOIN programas
DIM-Nivel-2018-6-Base,dimensiones,dimension=Nivel;cohorte=2018;horizonte=6,Base,17130,17130,0,0,PASS,seguimiento JOIN programas
DIM-Nivel-2018-6-Carrera,dimensiones,dimension=Nivel;cohorte=2018;horizonte=6,Carrera,478,478,0,0,PASS,seguimiento JOIN programas
DIM-Nivel-2018-6-Institucion,dimensiones,dimension=Nivel;cohorte=2018;horizonte=6,Institucion,1138,1138,0,0,PASS,seguimiento JOIN programas
DIM-Nivel-2018-6-EducacionSuperior,dimensiones,dimension=Nivel;cohorte=2018;horizonte=6,EducacionSuperior,3275,3275,0,0,PASS,seguimiento JOIN programas
DIM-Nivel-2018-7-Base,dimensiones,dimension=Nivel;cohorte=2018;horizonte=7,Base,17130,17130,0,0,PASS,seguimiento JOIN programas
DIM-Nivel-2018-7-Carrera,dimensiones,dimension=Nivel;cohorte=2018;horizonte=7,Carrera,213,213,0,0,PASS,seguimiento JOIN programas
DIM-Nivel-2018-7-Institucion,dimensiones,dimension=Nivel;cohorte=2018;horizonte=7,Institucion,711,711,0,0,PASS,seguimiento JOIN programas
DIM-Nivel-2018-7-EducacionSuperior,dimensiones,dimension=Nivel;cohorte=2018;horizonte=7,EducacionSuperior,2867,2867,0,0,PASS,seguimiento JOIN programas
DIM-Nivel-2018-8-Base,dimensiones,dimension=Nivel;cohorte=2018;horizonte=8,Base,17130,17130,0,0,PASS,seguimiento JOIN programas
DIM-Nivel-2018-8-Carrera,dimensiones,dimension=Nivel;cohorte=2018;horizonte=8,Carrera,150,150,0,0,PASS,seguimiento JOIN programas
DIM-Nivel-2018-8-Institucion,dimensiones,dimension=Nivel;cohorte=2018;horizonte=8,Institucion,594,594,0,0,PASS,seguimiento JOIN programas
DIM-Nivel-2018-8-EducacionSuperior,dimensiones,dimension=Nivel;cohorte=2018;horizonte=8,EducacionSuperior,2828,2828,0,0,PASS,seguimiento JOIN programas
DIM-Nivel-2019-1-Base,dimensiones,dimension=Nivel;cohorte=2019;horizonte=1,Base,17822,17822,0,0,PASS,seguimiento JOIN programas
DIM-Nivel-2019-1-Carrera,dimensiones,dimension=Nivel;cohorte=2019;horizonte=1,Carrera,17822,17822,0,0,PASS,seguimiento JOIN programas
DIM-Nivel-2019-1-Institucion,dimensiones,dimension=Nivel;cohorte=2019;horizonte=1,Institucion,17822,17822,0,0,PASS,seguimiento JOIN programas
DIM-Nivel-2019-1-EducacionSuperior,dimensiones,dimension=Nivel;cohorte=2019;horizonte=1,EducacionSuperior,17822,17822,0,0,PASS,seguimiento JOIN programas
DIM-Nivel-2019-2-Base,dimensiones,dimension=Nivel;cohorte=2019;horizonte=2,Base,17822,17822,0,0,PASS,seguimiento JOIN programas
DIM-Nivel-2019-2-Carrera,dimensiones,dimension=Nivel;cohorte=2019;horizonte=2,Carrera,10419,10419,0,0,PASS,seguimiento JOIN programas
DIM-Nivel-2019-2-Institucion,dimensiones,dimension=Nivel;cohorte=2019;horizonte=2,Institucion,10661,10661,0,0,PASS,seguimiento JOIN programas
DIM-Nivel-2019-2-EducacionSuperior,dimensiones,dimension=Nivel;cohorte=2019;horizonte=2,EducacionSuperior,11365,11365,0,0,PASS,seguimiento JOIN programas
DIM-Nivel-2019-3-Base,dimensiones,dimension=Nivel;cohorte=2019;horizonte=3,Base,17822,17822,0,0,PASS,seguimiento JOIN programas
DIM-Nivel-2019-3-Carrera,dimensiones,dimension=Nivel;cohorte=2019;horizonte=3,Carrera,6830,6830,0,0,PASS,seguimiento JOIN programas
DIM-Nivel-2019-3-Institucion,dimensiones,dimension=Nivel;cohorte=2019;horizonte=3,Institucion,7619,7619,0,0,PASS,seguimiento JOIN programas
DIM-Nivel-2019-3-EducacionSuperior,dimensiones,dimension=Nivel;cohorte=2019;horizonte=3,EducacionSuperior,9015,9015,0,0,PASS,seguimiento JOIN programas
DIM-Nivel-2019-4-Base,dimensiones,dimension=Nivel;cohorte=2019;horizonte=4,Base,17822,17822,0,0,PASS,seguimiento JOIN programas
DIM-Nivel-2019-4-Carrera,dimensiones,dimension=Nivel;cohorte=2019;horizonte=4,Carrera,2805,2805,0,0,PASS,seguimiento JOIN programas
DIM-Nivel-2019-4-Institucion,dimensiones,dimension=Nivel;cohorte=2019;horizonte=4,Institucion,3920,3920,0,0,PASS,seguimiento JOIN programas
DIM-Nivel-2019-4-EducacionSuperior,dimensiones,dimension=Nivel;cohorte=2019;horizonte=4,EducacionSuperior,5854,5854,0,0,PASS,seguimiento JOIN programas
DIM-Nivel-2019-5-Base,dimensiones,dimension=Nivel;cohorte=2019;horizonte=5,Base,17822,17822,0,0,PASS,seguimiento JOIN programas
DIM-Nivel-2019-5-Carrera,dimensiones,dimension=Nivel;cohorte=2019;horizonte=5,Carrera,1382,1382,0,0,PASS,seguimiento JOIN programas
DIM-Nivel-2019-5-Institucion,dimensiones,dimension=Nivel;cohorte=2019;horizonte=5,Institucion,2369,2369,0,0,PASS,seguimiento JOIN programas
DIM-Nivel-2019-5-EducacionSuperior,dimensiones,dimension=Nivel;cohorte=2019;horizonte=5,EducacionSuperior,4488,4488,0,0,PASS,seguimiento JOIN programas
DIM-Nivel-2019-6-Base,dimensiones,dimension=Nivel;cohorte=2019;horizonte=6,Base,17822,17822,0,0,PASS,seguimiento JOIN programas
DIM-Nivel-2019-6-Carrera,dimensiones,dimension=Nivel;cohorte=2019;horizonte=6,Carrera,413,413,0,0,PASS,seguimiento JOIN programas
DIM-Nivel-2019-6-Institucion,dimensiones,dimension=Nivel;cohorte=2019;horizonte=6,Institucion,1145,1145,0,0,PASS,seguimiento JOIN programas
DIM-Nivel-2019-6-EducacionSuperior,dimensiones,dimension=Nivel;cohorte=2019;horizonte=6,EducacionSuperior,3392,3392,0,0,PASS,seguimiento JOIN programas
DIM-Nivel-2019-7-Base,dimensiones,dimension=Nivel;cohorte=2019;horizonte=7,Base,17822,17822,0,0,PASS,seguimiento JOIN programas
DIM-Nivel-2019-7-Carrera,dimensiones,dimension=Nivel;cohorte=2019;horizonte=7,Carrera,228,228,0,0,PASS,seguimiento JOIN programas
DIM-Nivel-2019-7-Institucion,dimensiones,dimension=Nivel;cohorte=2019;horizonte=7,Institucion,822,822,0,0,PASS,seguimiento JOIN programas
DIM-Nivel-2019-7-EducacionSuperior,dimensiones,dimension=Nivel;cohorte=2019;horizonte=7,EducacionSuperior,3204,3204,0,0,PASS,seguimiento JOIN programas
DIM-Nivel-2020-1-Base,dimensiones,dimension=Nivel;cohorte=2020;horizonte=1,Base,16467,16467,0,0,PASS,seguimiento JOIN programas
DIM-Nivel-2020-1-Carrera,dimensiones,dimension=Nivel;cohorte=2020;horizonte=1,Carrera,16467,16467,0,0,PASS,seguimiento JOIN programas
DIM-Nivel-2020-1-Institucion,dimensiones,dimension=Nivel;cohorte=2020;horizonte=1,Institucion,16467,16467,0,0,PASS,seguimiento JOIN programas
DIM-Nivel-2020-1-EducacionSuperior,dimensiones,dimension=Nivel;cohorte=2020;horizonte=1,EducacionSuperior,16467,16467,0,0,PASS,seguimiento JOIN programas
DIM-Nivel-2020-2-Base,dimensiones,dimension=Nivel;cohorte=2020;horizonte=2,Base,16467,16467,0,0,PASS,seguimiento JOIN programas
DIM-Nivel-2020-2-Carrera,dimensiones,dimension=Nivel;cohorte=2020;horizonte=2,Carrera,10794,10794,0,0,PASS,seguimiento JOIN programas
DIM-Nivel-2020-2-Institucion,dimensiones,dimension=Nivel;cohorte=2020;horizonte=2,Institucion,11038,11038,0,0,PASS,seguimiento JOIN programas
DIM-Nivel-2020-2-EducacionSuperior,dimensiones,dimension=Nivel;cohorte=2020;horizonte=2,EducacionSuperior,11811,11811,0,0,PASS,seguimiento JOIN programas
DIM-Nivel-2020-3-Base,dimensiones,dimension=Nivel;cohorte=2020;horizonte=3,Base,16467,16467,0,0,PASS,seguimiento JOIN programas
DIM-Nivel-2020-3-Carrera,dimensiones,dimension=Nivel;cohorte=2020;horizonte=3,Carrera,6499,6499,0,0,PASS,seguimiento JOIN programas
DIM-Nivel-2020-3-Institucion,dimensiones,dimension=Nivel;cohorte=2020;horizonte=3,Institucion,7174,7174,0,0,PASS,seguimiento JOIN programas
DIM-Nivel-2020-3-EducacionSuperior,dimensiones,dimension=Nivel;cohorte=2020;horizonte=3,EducacionSuperior,8456,8456,0,0,PASS,seguimiento JOIN programas
DIM-Nivel-2020-4-Base,dimensiones,dimension=Nivel;cohorte=2020;horizonte=4,Base,16467,16467,0,0,PASS,seguimiento JOIN programas
DIM-Nivel-2020-4-Carrera,dimensiones,dimension=Nivel;cohorte=2020;horizonte=4,Carrera,3266,3266,0,0,PASS,seguimiento JOIN programas
DIM-Nivel-2020-4-Institucion,dimensiones,dimension=Nivel;cohorte=2020;horizonte=4,Institucion,4232,4232,0,0,PASS,seguimiento JOIN programas
DIM-Nivel-2020-4-EducacionSuperior,dimensiones,dimension=Nivel;cohorte=2020;horizonte=4,EducacionSuperior,5927,5927,0,0,PASS,seguimiento JOIN programas
DIM-Nivel-2020-5-Base,dimensiones,dimension=Nivel;cohorte=2020;horizonte=5,Base,16467,16467,0,0,PASS,seguimiento JOIN programas
DIM-Nivel-2020-5-Carrera,dimensiones,dimension=Nivel;cohorte=2020;horizonte=5,Carrera,1399,1399,0,0,PASS,seguimiento JOIN programas
DIM-Nivel-2020-5-Institucion,dimensiones,dimension=Nivel;cohorte=2020;horizonte=5,Institucion,2378,2378,0,0,PASS,seguimiento JOIN programas
DIM-Nivel-2020-5-EducacionSuperior,dimensiones,dimension=Nivel;cohorte=2020;horizonte=5,EducacionSuperior,4426,4426,0,0,PASS,seguimiento JOIN programas
DIM-Nivel-2020-6-Base,dimensiones,dimension=Nivel;cohorte=2020;horizonte=6,Base,16467,16467,0,0,PASS,seguimiento JOIN programas
DIM-Nivel-2020-6-Carrera,dimensiones,dimension=Nivel;cohorte=2020;horizonte=6,Carrera,485,485,0,0,PASS,seguimiento JOIN programas
DIM-Nivel-2020-6-Institucion,dimensiones,dimension=Nivel;cohorte=2020;horizonte=6,Institucion,1207,1207,0,0,PASS,seguimiento JOIN programas
DIM-Nivel-2020-6-EducacionSuperior,dimensiones,dimension=Nivel;cohorte=2020;horizonte=6,EducacionSuperior,3500,3500,0,0,PASS,seguimiento JOIN programas
DIM-Nivel-2021-1-Base,dimensiones,dimension=Nivel;cohorte=2021;horizonte=1,Base,24932,24932,0,0,PASS,seguimiento JOIN programas
DIM-Nivel-2021-1-Carrera,dimensiones,dimension=Nivel;cohorte=2021;horizonte=1,Carrera,24932,24932,0,0,PASS,seguimiento JOIN programas
DIM-Nivel-2021-1-Institucion,dimensiones,dimension=Nivel;cohorte=2021;horizonte=1,Institucion,24932,24932,0,0,PASS,seguimiento JOIN programas
DIM-Nivel-2021-1-EducacionSuperior,dimensiones,dimension=Nivel;cohorte=2021;horizonte=1,EducacionSuperior,24932,24932,0,0,PASS,seguimiento JOIN programas
DIM-Nivel-2021-2-Base,dimensiones,dimension=Nivel;cohorte=2021;horizonte=2,Base,24932,24932,0,0,PASS,seguimiento JOIN programas
DIM-Nivel-2021-2-Carrera,dimensiones,dimension=Nivel;cohorte=2021;horizonte=2,Carrera,16097,16097,0,0,PASS,seguimiento JOIN programas
DIM-Nivel-2021-2-Institucion,dimensiones,dimension=Nivel;cohorte=2021;horizonte=2,Institucion,16452,16452,0,0,PASS,seguimiento JOIN programas
DIM-Nivel-2021-2-EducacionSuperior,dimensiones,dimension=Nivel;cohorte=2021;horizonte=2,EducacionSuperior,17394,17394,0,0,PASS,seguimiento JOIN programas
DIM-Nivel-2021-3-Base,dimensiones,dimension=Nivel;cohorte=2021;horizonte=3,Base,24932,24932,0,0,PASS,seguimiento JOIN programas
DIM-Nivel-2021-3-Carrera,dimensiones,dimension=Nivel;cohorte=2021;horizonte=3,Carrera,11656,11656,0,0,PASS,seguimiento JOIN programas
DIM-Nivel-2021-3-Institucion,dimensiones,dimension=Nivel;cohorte=2021;horizonte=3,Institucion,12415,12415,0,0,PASS,seguimiento JOIN programas
DIM-Nivel-2021-3-EducacionSuperior,dimensiones,dimension=Nivel;cohorte=2021;horizonte=3,EducacionSuperior,14025,14025,0,0,PASS,seguimiento JOIN programas
DIM-Nivel-2021-4-Base,dimensiones,dimension=Nivel;cohorte=2021;horizonte=4,Base,24932,24932,0,0,PASS,seguimiento JOIN programas
DIM-Nivel-2021-4-Carrera,dimensiones,dimension=Nivel;cohorte=2021;horizonte=4,Carrera,4320,4320,0,0,PASS,seguimiento JOIN programas
DIM-Nivel-2021-4-Institucion,dimensiones,dimension=Nivel;cohorte=2021;horizonte=4,Institucion,5596,5596,0,0,PASS,seguimiento JOIN programas
DIM-Nivel-2021-4-EducacionSuperior,dimensiones,dimension=Nivel;cohorte=2021;horizonte=4,EducacionSuperior,8016,8016,0,0,PASS,seguimiento JOIN programas
DIM-Nivel-2021-5-Base,dimensiones,dimension=Nivel;cohorte=2021;horizonte=5,Base,24932,24932,0,0,PASS,seguimiento JOIN programas
DIM-Nivel-2021-5-Carrera,dimensiones,dimension=Nivel;cohorte=2021;horizonte=5,Carrera,1958,1958,0,0,PASS,seguimiento JOIN programas
DIM-Nivel-2021-5-Institucion,dimensiones,dimension=Nivel;cohorte=2021;horizonte=5,Institucion,3355,3355,0,0,PASS,seguimiento JOIN programas
DIM-Nivel-2021-5-EducacionSuperior,dimensiones,dimension=Nivel;cohorte=2021;horizonte=5,EducacionSuperior,6392,6392,0,0,PASS,seguimiento JOIN programas
DIM-Nivel-2022-1-Base,dimensiones,dimension=Nivel;cohorte=2022;horizonte=1,Base,32143,32143,0,0,PASS,seguimiento JOIN programas
DIM-Nivel-2022-1-Carrera,dimensiones,dimension=Nivel;cohorte=2022;horizonte=1,Carrera,32143,32143,0,0,PASS,seguimiento JOIN programas
DIM-Nivel-2022-1-Institucion,dimensiones,dimension=Nivel;cohorte=2022;horizonte=1,Institucion,32143,32143,0,0,PASS,seguimiento JOIN programas
DIM-Nivel-2022-1-EducacionSuperior,dimensiones,dimension=Nivel;cohorte=2022;horizonte=1,EducacionSuperior,32143,32143,0,0,PASS,seguimiento JOIN programas
DIM-Nivel-2022-2-Base,dimensiones,dimension=Nivel;cohorte=2022;horizonte=2,Base,32143,32143,0,0,PASS,seguimiento JOIN programas
DIM-Nivel-2022-2-Carrera,dimensiones,dimension=Nivel;cohorte=2022;horizonte=2,Carrera,20142,20142,0,0,PASS,seguimiento JOIN programas
DIM-Nivel-2022-2-Institucion,dimensiones,dimension=Nivel;cohorte=2022;horizonte=2,Institucion,20555,20555,0,0,PASS,seguimiento JOIN programas
DIM-Nivel-2022-2-EducacionSuperior,dimensiones,dimension=Nivel;cohorte=2022;horizonte=2,EducacionSuperior,22103,22103,0,0,PASS,seguimiento JOIN programas
DIM-Nivel-2022-3-Base,dimensiones,dimension=Nivel;cohorte=2022;horizonte=3,Base,32143,32143,0,0,PASS,seguimiento JOIN programas
DIM-Nivel-2022-3-Carrera,dimensiones,dimension=Nivel;cohorte=2022;horizonte=3,Carrera,11806,11806,0,0,PASS,seguimiento JOIN programas
DIM-Nivel-2022-3-Institucion,dimensiones,dimension=Nivel;cohorte=2022;horizonte=3,Institucion,12893,12893,0,0,PASS,seguimiento JOIN programas
DIM-Nivel-2022-3-EducacionSuperior,dimensiones,dimension=Nivel;cohorte=2022;horizonte=3,EducacionSuperior,15590,15590,0,0,PASS,seguimiento JOIN programas
DIM-Nivel-2022-4-Base,dimensiones,dimension=Nivel;cohorte=2022;horizonte=4,Base,32143,32143,0,0,PASS,seguimiento JOIN programas
DIM-Nivel-2022-4-Carrera,dimensiones,dimension=Nivel;cohorte=2022;horizonte=4,Carrera,5713,5713,0,0,PASS,seguimiento JOIN programas
DIM-Nivel-2022-4-Institucion,dimensiones,dimension=Nivel;cohorte=2022;horizonte=4,Institucion,7201,7201,0,0,PASS,seguimiento JOIN programas
DIM-Nivel-2022-4-EducacionSuperior,dimensiones,dimension=Nivel;cohorte=2022;horizonte=4,EducacionSuperior,11007,11007,0,0,PASS,seguimiento JOIN programas
DIM-Nivel-2023-1-Base,dimensiones,dimension=Nivel;cohorte=2023;horizonte=1,Base,39218,39218,0,0,PASS,seguimiento JOIN programas
DIM-Nivel-2023-1-Carrera,dimensiones,dimension=Nivel;cohorte=2023;horizonte=1,Carrera,39218,39218,0,0,PASS,seguimiento JOIN programas
DIM-Nivel-2023-1-Institucion,dimensiones,dimension=Nivel;cohorte=2023;horizonte=1,Institucion,39218,39218,0,0,PASS,seguimiento JOIN programas
DIM-Nivel-2023-1-EducacionSuperior,dimensiones,dimension=Nivel;cohorte=2023;horizonte=1,EducacionSuperior,39218,39218,0,0,PASS,seguimiento JOIN programas
DIM-Nivel-2023-2-Base,dimensiones,dimension=Nivel;cohorte=2023;horizonte=2,Base,39218,39218,0,0,PASS,seguimiento JOIN programas
DIM-Nivel-2023-2-Carrera,dimensiones,dimension=Nivel;cohorte=2023;horizonte=2,Carrera,24297,24297,0,0,PASS,seguimiento JOIN programas
DIM-Nivel-2023-2-Institucion,dimensiones,dimension=Nivel;cohorte=2023;horizonte=2,Institucion,25113,25113,0,0,PASS,seguimiento JOIN programas
DIM-Nivel-2023-2-EducacionSuperior,dimensiones,dimension=Nivel;cohorte=2023;horizonte=2,EducacionSuperior,27139,27139,0,0,PASS,seguimiento JOIN programas
DIM-Nivel-2023-3-Base,dimensiones,dimension=Nivel;cohorte=2023;horizonte=3,Base,39218,39218,0,0,PASS,seguimiento JOIN programas
DIM-Nivel-2023-3-Carrera,dimensiones,dimension=Nivel;cohorte=2023;horizonte=3,Carrera,15032,15032,0,0,PASS,seguimiento JOIN programas
DIM-Nivel-2023-3-Institucion,dimensiones,dimension=Nivel;cohorte=2023;horizonte=3,Institucion,16398,16398,0,0,PASS,seguimiento JOIN programas
DIM-Nivel-2023-3-EducacionSuperior,dimensiones,dimension=Nivel;cohorte=2023;horizonte=3,EducacionSuperior,19836,19836,0,0,PASS,seguimiento JOIN programas
DIM-Nivel-2024-1-Base,dimensiones,dimension=Nivel;cohorte=2024;horizonte=1,Base,41056,41056,0,0,PASS,seguimiento JOIN programas
DIM-Nivel-2024-1-Carrera,dimensiones,dimension=Nivel;cohorte=2024;horizonte=1,Carrera,41056,41056,0,0,PASS,seguimiento JOIN programas
DIM-Nivel-2024-1-Institucion,dimensiones,dimension=Nivel;cohorte=2024;horizonte=1,Institucion,41056,41056,0,0,PASS,seguimiento JOIN programas
DIM-Nivel-2024-1-EducacionSuperior,dimensiones,dimension=Nivel;cohorte=2024;horizonte=1,EducacionSuperior,41056,41056,0,0,PASS,seguimiento JOIN programas
DIM-Nivel-2024-2-Base,dimensiones,dimension=Nivel;cohorte=2024;horizonte=2,Base,41056,41056,0,0,PASS,seguimiento JOIN programas
DIM-Nivel-2024-2-Carrera,dimensiones,dimension=Nivel;cohorte=2024;horizonte=2,Carrera,26470,26470,0,0,PASS,seguimiento JOIN programas
DIM-Nivel-2024-2-Institucion,dimensiones,dimension=Nivel;cohorte=2024;horizonte=2,Institucion,27111,27111,0,0,PASS,seguimiento JOIN programas
DIM-Nivel-2024-2-EducacionSuperior,dimensiones,dimension=Nivel;cohorte=2024;horizonte=2,EducacionSuperior,29383,29383,0,0,PASS,seguimiento JOIN programas
DIM-Nivel-2025-1-Base,dimensiones,dimension=Nivel;cohorte=2025;horizonte=1,Base,50233,50233,0,0,PASS,seguimiento JOIN programas
DIM-Nivel-2025-1-Carrera,dimensiones,dimension=Nivel;cohorte=2025;horizonte=1,Carrera,50233,50233,0,0,PASS,seguimiento JOIN programas
DIM-Nivel-2025-1-Institucion,dimensiones,dimension=Nivel;cohorte=2025;horizonte=1,Institucion,50233,50233,0,0,PASS,seguimiento JOIN programas
DIM-Nivel-2025-1-EducacionSuperior,dimensiones,dimension=Nivel;cohorte=2025;horizonte=1,EducacionSuperior,50233,50233,0,0,PASS,seguimiento JOIN programas
DIM-Area-2011-1-Base,dimensiones,dimension=Area;cohorte=2011;horizonte=1,Base,3641,3641,0,0,PASS,seguimiento JOIN programas
DIM-Area-2011-1-Carrera,dimensiones,dimension=Area;cohorte=2011;horizonte=1,Carrera,3641,3641,0,0,PASS,seguimiento JOIN programas
DIM-Area-2011-1-Institucion,dimensiones,dimension=Area;cohorte=2011;horizonte=1,Institucion,3641,3641,0,0,PASS,seguimiento JOIN programas
DIM-Area-2011-1-EducacionSuperior,dimensiones,dimension=Area;cohorte=2011;horizonte=1,EducacionSuperior,3641,3641,0,0,PASS,seguimiento JOIN programas
DIM-Area-2011-2-Base,dimensiones,dimension=Area;cohorte=2011;horizonte=2,Base,3641,3641,0,0,PASS,seguimiento JOIN programas
DIM-Area-2011-2-Carrera,dimensiones,dimension=Area;cohorte=2011;horizonte=2,Carrera,2162,2162,0,0,PASS,seguimiento JOIN programas
DIM-Area-2011-2-Institucion,dimensiones,dimension=Area;cohorte=2011;horizonte=2,Institucion,2248,2248,0,0,PASS,seguimiento JOIN programas
DIM-Area-2011-2-EducacionSuperior,dimensiones,dimension=Area;cohorte=2011;horizonte=2,EducacionSuperior,2446,2446,0,0,PASS,seguimiento JOIN programas
DIM-Area-2011-3-Base,dimensiones,dimension=Area;cohorte=2011;horizonte=3,Base,3641,3641,0,0,PASS,seguimiento JOIN programas
DIM-Area-2011-3-Carrera,dimensiones,dimension=Area;cohorte=2011;horizonte=3,Carrera,1395,1395,0,0,PASS,seguimiento JOIN programas
DIM-Area-2011-3-Institucion,dimensiones,dimension=Area;cohorte=2011;horizonte=3,Institucion,1770,1770,0,0,PASS,seguimiento JOIN programas
DIM-Area-2011-3-EducacionSuperior,dimensiones,dimension=Area;cohorte=2011;horizonte=3,EducacionSuperior,2159,2159,0,0,PASS,seguimiento JOIN programas
DIM-Area-2011-4-Base,dimensiones,dimension=Area;cohorte=2011;horizonte=4,Base,3641,3641,0,0,PASS,seguimiento JOIN programas
DIM-Area-2011-4-Carrera,dimensiones,dimension=Area;cohorte=2011;horizonte=4,Carrera,486,486,0,0,PASS,seguimiento JOIN programas
DIM-Area-2011-4-Institucion,dimensiones,dimension=Area;cohorte=2011;horizonte=4,Institucion,803,803,0,0,PASS,seguimiento JOIN programas
DIM-Area-2011-4-EducacionSuperior,dimensiones,dimension=Area;cohorte=2011;horizonte=4,EducacionSuperior,1367,1367,0,0,PASS,seguimiento JOIN programas
DIM-Area-2011-5-Base,dimensiones,dimension=Area;cohorte=2011;horizonte=5,Base,3641,3641,0,0,PASS,seguimiento JOIN programas
DIM-Area-2011-5-Carrera,dimensiones,dimension=Area;cohorte=2011;horizonte=5,Carrera,198,198,0,0,PASS,seguimiento JOIN programas
DIM-Area-2011-5-Institucion,dimensiones,dimension=Area;cohorte=2011;horizonte=5,Institucion,380,380,0,0,PASS,seguimiento JOIN programas
DIM-Area-2011-5-EducacionSuperior,dimensiones,dimension=Area;cohorte=2011;horizonte=5,EducacionSuperior,978,978,0,0,PASS,seguimiento JOIN programas
DIM-Area-2011-6-Base,dimensiones,dimension=Area;cohorte=2011;horizonte=6,Base,3641,3641,0,0,PASS,seguimiento JOIN programas
DIM-Area-2011-6-Carrera,dimensiones,dimension=Area;cohorte=2011;horizonte=6,Carrera,87,87,0,0,PASS,seguimiento JOIN programas
DIM-Area-2011-6-Institucion,dimensiones,dimension=Area;cohorte=2011;horizonte=6,Institucion,211,211,0,0,PASS,seguimiento JOIN programas
DIM-Area-2011-6-EducacionSuperior,dimensiones,dimension=Area;cohorte=2011;horizonte=6,EducacionSuperior,805,805,0,0,PASS,seguimiento JOIN programas
DIM-Area-2011-7-Base,dimensiones,dimension=Area;cohorte=2011;horizonte=7,Base,3641,3641,0,0,PASS,seguimiento JOIN programas
DIM-Area-2011-7-Carrera,dimensiones,dimension=Area;cohorte=2011;horizonte=7,Carrera,43,43,0,0,PASS,seguimiento JOIN programas
DIM-Area-2011-7-Institucion,dimensiones,dimension=Area;cohorte=2011;horizonte=7,Institucion,135,135,0,0,PASS,seguimiento JOIN programas
DIM-Area-2011-7-EducacionSuperior,dimensiones,dimension=Area;cohorte=2011;horizonte=7,EducacionSuperior,653,653,0,0,PASS,seguimiento JOIN programas
DIM-Area-2011-8-Base,dimensiones,dimension=Area;cohorte=2011;horizonte=8,Base,3641,3641,0,0,PASS,seguimiento JOIN programas
DIM-Area-2011-8-Carrera,dimensiones,dimension=Area;cohorte=2011;horizonte=8,Carrera,25,25,0,0,PASS,seguimiento JOIN programas
DIM-Area-2011-8-Institucion,dimensiones,dimension=Area;cohorte=2011;horizonte=8,Institucion,80,80,0,0,PASS,seguimiento JOIN programas
DIM-Area-2011-8-EducacionSuperior,dimensiones,dimension=Area;cohorte=2011;horizonte=8,EducacionSuperior,525,525,0,0,PASS,seguimiento JOIN programas
DIM-Area-2011-9-Base,dimensiones,dimension=Area;cohorte=2011;horizonte=9,Base,3641,3641,0,0,PASS,seguimiento JOIN programas
DIM-Area-2011-9-Carrera,dimensiones,dimension=Area;cohorte=2011;horizonte=9,Carrera,17,17,0,0,PASS,seguimiento JOIN programas
DIM-Area-2011-9-Institucion,dimensiones,dimension=Area;cohorte=2011;horizonte=9,Institucion,54,54,0,0,PASS,seguimiento JOIN programas
DIM-Area-2011-9-EducacionSuperior,dimensiones,dimension=Area;cohorte=2011;horizonte=9,EducacionSuperior,472,472,0,0,PASS,seguimiento JOIN programas
DIM-Area-2011-10-Base,dimensiones,dimension=Area;cohorte=2011;horizonte=10,Base,3641,3641,0,0,PASS,seguimiento JOIN programas
DIM-Area-2011-10-Carrera,dimensiones,dimension=Area;cohorte=2011;horizonte=10,Carrera,12,12,0,0,PASS,seguimiento JOIN programas
DIM-Area-2011-10-Institucion,dimensiones,dimension=Area;cohorte=2011;horizonte=10,Institucion,49,49,0,0,PASS,seguimiento JOIN programas
DIM-Area-2011-10-EducacionSuperior,dimensiones,dimension=Area;cohorte=2011;horizonte=10,EducacionSuperior,413,413,0,0,PASS,seguimiento JOIN programas
DIM-Area-2011-11-Base,dimensiones,dimension=Area;cohorte=2011;horizonte=11,Base,3641,3641,0,0,PASS,seguimiento JOIN programas
DIM-Area-2011-11-Carrera,dimensiones,dimension=Area;cohorte=2011;horizonte=11,Carrera,7,7,0,0,PASS,seguimiento JOIN programas
DIM-Area-2011-11-Institucion,dimensiones,dimension=Area;cohorte=2011;horizonte=11,Institucion,38,38,0,0,PASS,seguimiento JOIN programas
DIM-Area-2011-11-EducacionSuperior,dimensiones,dimension=Area;cohorte=2011;horizonte=11,EducacionSuperior,441,441,0,0,PASS,seguimiento JOIN programas
DIM-Area-2011-12-Base,dimensiones,dimension=Area;cohorte=2011;horizonte=12,Base,3641,3641,0,0,PASS,seguimiento JOIN programas
DIM-Area-2011-12-Carrera,dimensiones,dimension=Area;cohorte=2011;horizonte=12,Carrera,8,8,0,0,PASS,seguimiento JOIN programas
DIM-Area-2011-12-Institucion,dimensiones,dimension=Area;cohorte=2011;horizonte=12,Institucion,45,45,0,0,PASS,seguimiento JOIN programas
DIM-Area-2011-12-EducacionSuperior,dimensiones,dimension=Area;cohorte=2011;horizonte=12,EducacionSuperior,436,436,0,0,PASS,seguimiento JOIN programas
DIM-Area-2011-13-Base,dimensiones,dimension=Area;cohorte=2011;horizonte=13,Base,3641,3641,0,0,PASS,seguimiento JOIN programas
DIM-Area-2011-13-Carrera,dimensiones,dimension=Area;cohorte=2011;horizonte=13,Carrera,4,4,0,0,PASS,seguimiento JOIN programas
DIM-Area-2011-13-Institucion,dimensiones,dimension=Area;cohorte=2011;horizonte=13,Institucion,38,38,0,0,PASS,seguimiento JOIN programas
DIM-Area-2011-13-EducacionSuperior,dimensiones,dimension=Area;cohorte=2011;horizonte=13,EducacionSuperior,409,409,0,0,PASS,seguimiento JOIN programas
DIM-Area-2011-14-Base,dimensiones,dimension=Area;cohorte=2011;horizonte=14,Base,3641,3641,0,0,PASS,seguimiento JOIN programas
DIM-Area-2011-14-Carrera,dimensiones,dimension=Area;cohorte=2011;horizonte=14,Carrera,2,2,0,0,PASS,seguimiento JOIN programas
DIM-Area-2011-14-Institucion,dimensiones,dimension=Area;cohorte=2011;horizonte=14,Institucion,30,30,0,0,PASS,seguimiento JOIN programas
DIM-Area-2011-14-EducacionSuperior,dimensiones,dimension=Area;cohorte=2011;horizonte=14,EducacionSuperior,359,359,0,0,PASS,seguimiento JOIN programas
DIM-Area-2011-15-Base,dimensiones,dimension=Area;cohorte=2011;horizonte=15,Base,3641,3641,0,0,PASS,seguimiento JOIN programas
DIM-Area-2011-15-Carrera,dimensiones,dimension=Area;cohorte=2011;horizonte=15,Carrera,1,1,0,0,PASS,seguimiento JOIN programas
DIM-Area-2011-15-Institucion,dimensiones,dimension=Area;cohorte=2011;horizonte=15,Institucion,22,22,0,0,PASS,seguimiento JOIN programas
DIM-Area-2011-15-EducacionSuperior,dimensiones,dimension=Area;cohorte=2011;horizonte=15,EducacionSuperior,356,356,0,0,PASS,seguimiento JOIN programas
DIM-Area-2012-1-Base,dimensiones,dimension=Area;cohorte=2012;horizonte=1,Base,5183,5183,0,0,PASS,seguimiento JOIN programas
DIM-Area-2012-1-Carrera,dimensiones,dimension=Area;cohorte=2012;horizonte=1,Carrera,5183,5183,0,0,PASS,seguimiento JOIN programas
DIM-Area-2012-1-Institucion,dimensiones,dimension=Area;cohorte=2012;horizonte=1,Institucion,5183,5183,0,0,PASS,seguimiento JOIN programas
DIM-Area-2012-1-EducacionSuperior,dimensiones,dimension=Area;cohorte=2012;horizonte=1,EducacionSuperior,5183,5183,0,0,PASS,seguimiento JOIN programas
DIM-Area-2012-2-Base,dimensiones,dimension=Area;cohorte=2012;horizonte=2,Base,5183,5183,0,0,PASS,seguimiento JOIN programas
DIM-Area-2012-2-Carrera,dimensiones,dimension=Area;cohorte=2012;horizonte=2,Carrera,2805,2805,0,0,PASS,seguimiento JOIN programas
DIM-Area-2012-2-Institucion,dimensiones,dimension=Area;cohorte=2012;horizonte=2,Institucion,3233,3233,0,0,PASS,seguimiento JOIN programas
DIM-Area-2012-2-EducacionSuperior,dimensiones,dimension=Area;cohorte=2012;horizonte=2,EducacionSuperior,3524,3524,0,0,PASS,seguimiento JOIN programas
DIM-Area-2012-3-Base,dimensiones,dimension=Area;cohorte=2012;horizonte=3,Base,5183,5183,0,0,PASS,seguimiento JOIN programas
DIM-Area-2012-3-Carrera,dimensiones,dimension=Area;cohorte=2012;horizonte=3,Carrera,2225,2225,0,0,PASS,seguimiento JOIN programas
DIM-Area-2012-3-Institucion,dimensiones,dimension=Area;cohorte=2012;horizonte=3,Institucion,2661,2661,0,0,PASS,seguimiento JOIN programas
DIM-Area-2012-3-EducacionSuperior,dimensiones,dimension=Area;cohorte=2012;horizonte=3,EducacionSuperior,3172,3172,0,0,PASS,seguimiento JOIN programas
DIM-Area-2012-4-Base,dimensiones,dimension=Area;cohorte=2012;horizonte=4,Base,5183,5183,0,0,PASS,seguimiento JOIN programas
DIM-Area-2012-4-Carrera,dimensiones,dimension=Area;cohorte=2012;horizonte=4,Carrera,855,855,0,0,PASS,seguimiento JOIN programas
DIM-Area-2012-4-Institucion,dimensiones,dimension=Area;cohorte=2012;horizonte=4,Institucion,1406,1406,0,0,PASS,seguimiento JOIN programas
DIM-Area-2012-4-EducacionSuperior,dimensiones,dimension=Area;cohorte=2012;horizonte=4,EducacionSuperior,2116,2116,0,0,PASS,seguimiento JOIN programas
DIM-Area-2012-5-Base,dimensiones,dimension=Area;cohorte=2012;horizonte=5,Base,5183,5183,0,0,PASS,seguimiento JOIN programas
DIM-Area-2012-5-Carrera,dimensiones,dimension=Area;cohorte=2012;horizonte=5,Carrera,321,321,0,0,PASS,seguimiento JOIN programas
DIM-Area-2012-5-Institucion,dimensiones,dimension=Area;cohorte=2012;horizonte=5,Institucion,670,670,0,0,PASS,seguimiento JOIN programas
DIM-Area-2012-5-EducacionSuperior,dimensiones,dimension=Area;cohorte=2012;horizonte=5,EducacionSuperior,1439,1439,0,0,PASS,seguimiento JOIN programas
DIM-Area-2012-6-Base,dimensiones,dimension=Area;cohorte=2012;horizonte=6,Base,5183,5183,0,0,PASS,seguimiento JOIN programas
DIM-Area-2012-6-Carrera,dimensiones,dimension=Area;cohorte=2012;horizonte=6,Carrera,98,98,0,0,PASS,seguimiento JOIN programas
DIM-Area-2012-6-Institucion,dimensiones,dimension=Area;cohorte=2012;horizonte=6,Institucion,316,316,0,0,PASS,seguimiento JOIN programas
DIM-Area-2012-6-EducacionSuperior,dimensiones,dimension=Area;cohorte=2012;horizonte=6,EducacionSuperior,1050,1050,0,0,PASS,seguimiento JOIN programas
DIM-Area-2012-7-Base,dimensiones,dimension=Area;cohorte=2012;horizonte=7,Base,5183,5183,0,0,PASS,seguimiento JOIN programas
DIM-Area-2012-7-Carrera,dimensiones,dimension=Area;cohorte=2012;horizonte=7,Carrera,52,52,0,0,PASS,seguimiento JOIN programas
DIM-Area-2012-7-Institucion,dimensiones,dimension=Area;cohorte=2012;horizonte=7,Institucion,183,183,0,0,PASS,seguimiento JOIN programas
DIM-Area-2012-7-EducacionSuperior,dimensiones,dimension=Area;cohorte=2012;horizonte=7,EducacionSuperior,825,825,0,0,PASS,seguimiento JOIN programas
DIM-Area-2012-8-Base,dimensiones,dimension=Area;cohorte=2012;horizonte=8,Base,5183,5183,0,0,PASS,seguimiento JOIN programas
DIM-Area-2012-8-Carrera,dimensiones,dimension=Area;cohorte=2012;horizonte=8,Carrera,32,32,0,0,PASS,seguimiento JOIN programas
DIM-Area-2012-8-Institucion,dimensiones,dimension=Area;cohorte=2012;horizonte=8,Institucion,132,132,0,0,PASS,seguimiento JOIN programas
DIM-Area-2012-8-EducacionSuperior,dimensiones,dimension=Area;cohorte=2012;horizonte=8,EducacionSuperior,693,693,0,0,PASS,seguimiento JOIN programas
DIM-Area-2012-9-Base,dimensiones,dimension=Area;cohorte=2012;horizonte=9,Base,5183,5183,0,0,PASS,seguimiento JOIN programas
DIM-Area-2012-9-Carrera,dimensiones,dimension=Area;cohorte=2012;horizonte=9,Carrera,20,20,0,0,PASS,seguimiento JOIN programas
DIM-Area-2012-9-Institucion,dimensiones,dimension=Area;cohorte=2012;horizonte=9,Institucion,82,82,0,0,PASS,seguimiento JOIN programas
DIM-Area-2012-9-EducacionSuperior,dimensiones,dimension=Area;cohorte=2012;horizonte=9,EducacionSuperior,579,579,0,0,PASS,seguimiento JOIN programas
DIM-Area-2012-10-Base,dimensiones,dimension=Area;cohorte=2012;horizonte=10,Base,5183,5183,0,0,PASS,seguimiento JOIN programas
DIM-Area-2012-10-Carrera,dimensiones,dimension=Area;cohorte=2012;horizonte=10,Carrera,13,13,0,0,PASS,seguimiento JOIN programas
DIM-Area-2012-10-Institucion,dimensiones,dimension=Area;cohorte=2012;horizonte=10,Institucion,93,93,0,0,PASS,seguimiento JOIN programas
DIM-Area-2012-10-EducacionSuperior,dimensiones,dimension=Area;cohorte=2012;horizonte=10,EducacionSuperior,629,629,0,0,PASS,seguimiento JOIN programas
DIM-Area-2012-11-Base,dimensiones,dimension=Area;cohorte=2012;horizonte=11,Base,5183,5183,0,0,PASS,seguimiento JOIN programas
DIM-Area-2012-11-Carrera,dimensiones,dimension=Area;cohorte=2012;horizonte=11,Carrera,15,15,0,0,PASS,seguimiento JOIN programas
DIM-Area-2012-11-Institucion,dimensiones,dimension=Area;cohorte=2012;horizonte=11,Institucion,79,79,0,0,PASS,seguimiento JOIN programas
DIM-Area-2012-11-EducacionSuperior,dimensiones,dimension=Area;cohorte=2012;horizonte=11,EducacionSuperior,631,631,0,0,PASS,seguimiento JOIN programas
DIM-Area-2012-12-Base,dimensiones,dimension=Area;cohorte=2012;horizonte=12,Base,5183,5183,0,0,PASS,seguimiento JOIN programas
DIM-Area-2012-12-Carrera,dimensiones,dimension=Area;cohorte=2012;horizonte=12,Carrera,13,13,0,0,PASS,seguimiento JOIN programas
DIM-Area-2012-12-Institucion,dimensiones,dimension=Area;cohorte=2012;horizonte=12,Institucion,73,73,0,0,PASS,seguimiento JOIN programas
DIM-Area-2012-12-EducacionSuperior,dimensiones,dimension=Area;cohorte=2012;horizonte=12,EducacionSuperior,590,590,0,0,PASS,seguimiento JOIN programas
DIM-Area-2012-13-Base,dimensiones,dimension=Area;cohorte=2012;horizonte=13,Base,5183,5183,0,0,PASS,seguimiento JOIN programas
DIM-Area-2012-13-Carrera,dimensiones,dimension=Area;cohorte=2012;horizonte=13,Carrera,9,9,0,0,PASS,seguimiento JOIN programas
DIM-Area-2012-13-Institucion,dimensiones,dimension=Area;cohorte=2012;horizonte=13,Institucion,54,54,0,0,PASS,seguimiento JOIN programas
DIM-Area-2012-13-EducacionSuperior,dimensiones,dimension=Area;cohorte=2012;horizonte=13,EducacionSuperior,568,568,0,0,PASS,seguimiento JOIN programas
DIM-Area-2012-14-Base,dimensiones,dimension=Area;cohorte=2012;horizonte=14,Base,5183,5183,0,0,PASS,seguimiento JOIN programas
DIM-Area-2012-14-Carrera,dimensiones,dimension=Area;cohorte=2012;horizonte=14,Carrera,2,2,0,0,PASS,seguimiento JOIN programas
DIM-Area-2012-14-Institucion,dimensiones,dimension=Area;cohorte=2012;horizonte=14,Institucion,43,43,0,0,PASS,seguimiento JOIN programas
DIM-Area-2012-14-EducacionSuperior,dimensiones,dimension=Area;cohorte=2012;horizonte=14,EducacionSuperior,554,554,0,0,PASS,seguimiento JOIN programas
DIM-Area-2013-1-Base,dimensiones,dimension=Area;cohorte=2013;horizonte=1,Base,8312,8312,0,0,PASS,seguimiento JOIN programas
DIM-Area-2013-1-Carrera,dimensiones,dimension=Area;cohorte=2013;horizonte=1,Carrera,8312,8312,0,0,PASS,seguimiento JOIN programas
DIM-Area-2013-1-Institucion,dimensiones,dimension=Area;cohorte=2013;horizonte=1,Institucion,8312,8312,0,0,PASS,seguimiento JOIN programas
DIM-Area-2013-1-EducacionSuperior,dimensiones,dimension=Area;cohorte=2013;horizonte=1,EducacionSuperior,8312,8312,0,0,PASS,seguimiento JOIN programas
DIM-Area-2013-2-Base,dimensiones,dimension=Area;cohorte=2013;horizonte=2,Base,8312,8312,0,0,PASS,seguimiento JOIN programas
DIM-Area-2013-2-Carrera,dimensiones,dimension=Area;cohorte=2013;horizonte=2,Carrera,4210,4210,0,0,PASS,seguimiento JOIN programas
DIM-Area-2013-2-Institucion,dimensiones,dimension=Area;cohorte=2013;horizonte=2,Institucion,5178,5178,0,0,PASS,seguimiento JOIN programas
DIM-Area-2013-2-EducacionSuperior,dimensiones,dimension=Area;cohorte=2013;horizonte=2,EducacionSuperior,5626,5626,0,0,PASS,seguimiento JOIN programas
DIM-Area-2013-3-Base,dimensiones,dimension=Area;cohorte=2013;horizonte=3,Base,8312,8312,0,0,PASS,seguimiento JOIN programas
DIM-Area-2013-3-Carrera,dimensiones,dimension=Area;cohorte=2013;horizonte=3,Carrera,2951,2951,0,0,PASS,seguimiento JOIN programas
DIM-Area-2013-3-Institucion,dimensiones,dimension=Area;cohorte=2013;horizonte=3,Institucion,3942,3942,0,0,PASS,seguimiento JOIN programas
DIM-Area-2013-3-EducacionSuperior,dimensiones,dimension=Area;cohorte=2013;horizonte=3,EducacionSuperior,4760,4760,0,0,PASS,seguimiento JOIN programas
DIM-Area-2013-4-Base,dimensiones,dimension=Area;cohorte=2013;horizonte=4,Base,8312,8312,0,0,PASS,seguimiento JOIN programas
DIM-Area-2013-4-Carrera,dimensiones,dimension=Area;cohorte=2013;horizonte=4,Carrera,1086,1086,0,0,PASS,seguimiento JOIN programas
DIM-Area-2013-4-Institucion,dimensiones,dimension=Area;cohorte=2013;horizonte=4,Institucion,2044,2044,0,0,PASS,seguimiento JOIN programas
DIM-Area-2013-4-EducacionSuperior,dimensiones,dimension=Area;cohorte=2013;horizonte=4,EducacionSuperior,3144,3144,0,0,PASS,seguimiento JOIN programas
DIM-Area-2013-5-Base,dimensiones,dimension=Area;cohorte=2013;horizonte=5,Base,8312,8312,0,0,PASS,seguimiento JOIN programas
DIM-Area-2013-5-Carrera,dimensiones,dimension=Area;cohorte=2013;horizonte=5,Carrera,397,397,0,0,PASS,seguimiento JOIN programas
DIM-Area-2013-5-Institucion,dimensiones,dimension=Area;cohorte=2013;horizonte=5,Institucion,977,977,0,0,PASS,seguimiento JOIN programas
DIM-Area-2013-5-EducacionSuperior,dimensiones,dimension=Area;cohorte=2013;horizonte=5,EducacionSuperior,2062,2062,0,0,PASS,seguimiento JOIN programas
DIM-Area-2013-6-Base,dimensiones,dimension=Area;cohorte=2013;horizonte=6,Base,8312,8312,0,0,PASS,seguimiento JOIN programas
DIM-Area-2013-6-Carrera,dimensiones,dimension=Area;cohorte=2013;horizonte=6,Carrera,147,147,0,0,PASS,seguimiento JOIN programas
DIM-Area-2013-6-Institucion,dimensiones,dimension=Area;cohorte=2013;horizonte=6,Institucion,460,460,0,0,PASS,seguimiento JOIN programas
DIM-Area-2013-6-EducacionSuperior,dimensiones,dimension=Area;cohorte=2013;horizonte=6,EducacionSuperior,1482,1482,0,0,PASS,seguimiento JOIN programas
DIM-Area-2013-7-Base,dimensiones,dimension=Area;cohorte=2013;horizonte=7,Base,8312,8312,0,0,PASS,seguimiento JOIN programas
DIM-Area-2013-7-Carrera,dimensiones,dimension=Area;cohorte=2013;horizonte=7,Carrera,61,61,0,0,PASS,seguimiento JOIN programas
DIM-Area-2013-7-Institucion,dimensiones,dimension=Area;cohorte=2013;horizonte=7,Institucion,296,296,0,0,PASS,seguimiento JOIN programas
DIM-Area-2013-7-EducacionSuperior,dimensiones,dimension=Area;cohorte=2013;horizonte=7,EducacionSuperior,1224,1224,0,0,PASS,seguimiento JOIN programas
DIM-Area-2013-8-Base,dimensiones,dimension=Area;cohorte=2013;horizonte=8,Base,8312,8312,0,0,PASS,seguimiento JOIN programas
DIM-Area-2013-8-Carrera,dimensiones,dimension=Area;cohorte=2013;horizonte=8,Carrera,38,38,0,0,PASS,seguimiento JOIN programas
DIM-Area-2013-8-Institucion,dimensiones,dimension=Area;cohorte=2013;horizonte=8,Institucion,204,204,0,0,PASS,seguimiento JOIN programas
DIM-Area-2013-8-EducacionSuperior,dimensiones,dimension=Area;cohorte=2013;horizonte=8,EducacionSuperior,1036,1036,0,0,PASS,seguimiento JOIN programas
DIM-Area-2013-9-Base,dimensiones,dimension=Area;cohorte=2013;horizonte=9,Base,8312,8312,0,0,PASS,seguimiento JOIN programas
DIM-Area-2013-9-Carrera,dimensiones,dimension=Area;cohorte=2013;horizonte=9,Carrera,33,33,0,0,PASS,seguimiento JOIN programas
DIM-Area-2013-9-Institucion,dimensiones,dimension=Area;cohorte=2013;horizonte=9,Institucion,151,151,0,0,PASS,seguimiento JOIN programas
DIM-Area-2013-9-EducacionSuperior,dimensiones,dimension=Area;cohorte=2013;horizonte=9,EducacionSuperior,1106,1106,0,0,PASS,seguimiento JOIN programas
DIM-Area-2013-10-Base,dimensiones,dimension=Area;cohorte=2013;horizonte=10,Base,8312,8312,0,0,PASS,seguimiento JOIN programas
DIM-Area-2013-10-Carrera,dimensiones,dimension=Area;cohorte=2013;horizonte=10,Carrera,27,27,0,0,PASS,seguimiento JOIN programas
DIM-Area-2013-10-Institucion,dimensiones,dimension=Area;cohorte=2013;horizonte=10,Institucion,127,127,0,0,PASS,seguimiento JOIN programas
DIM-Area-2013-10-EducacionSuperior,dimensiones,dimension=Area;cohorte=2013;horizonte=10,EducacionSuperior,1028,1028,0,0,PASS,seguimiento JOIN programas
DIM-Area-2013-11-Base,dimensiones,dimension=Area;cohorte=2013;horizonte=11,Base,8312,8312,0,0,PASS,seguimiento JOIN programas
DIM-Area-2013-11-Carrera,dimensiones,dimension=Area;cohorte=2013;horizonte=11,Carrera,23,23,0,0,PASS,seguimiento JOIN programas
DIM-Area-2013-11-Institucion,dimensiones,dimension=Area;cohorte=2013;horizonte=11,Institucion,127,127,0,0,PASS,seguimiento JOIN programas
DIM-Area-2013-11-EducacionSuperior,dimensiones,dimension=Area;cohorte=2013;horizonte=11,EducacionSuperior,990,990,0,0,PASS,seguimiento JOIN programas
DIM-Area-2013-12-Base,dimensiones,dimension=Area;cohorte=2013;horizonte=12,Base,8312,8312,0,0,PASS,seguimiento JOIN programas
DIM-Area-2013-12-Carrera,dimensiones,dimension=Area;cohorte=2013;horizonte=12,Carrera,17,17,0,0,PASS,seguimiento JOIN programas
DIM-Area-2013-12-Institucion,dimensiones,dimension=Area;cohorte=2013;horizonte=12,Institucion,90,90,0,0,PASS,seguimiento JOIN programas
DIM-Area-2013-12-EducacionSuperior,dimensiones,dimension=Area;cohorte=2013;horizonte=12,EducacionSuperior,909,909,0,0,PASS,seguimiento JOIN programas
DIM-Area-2013-13-Base,dimensiones,dimension=Area;cohorte=2013;horizonte=13,Base,8312,8312,0,0,PASS,seguimiento JOIN programas
DIM-Area-2013-13-Carrera,dimensiones,dimension=Area;cohorte=2013;horizonte=13,Carrera,10,10,0,0,PASS,seguimiento JOIN programas
DIM-Area-2013-13-Institucion,dimensiones,dimension=Area;cohorte=2013;horizonte=13,Institucion,68,68,0,0,PASS,seguimiento JOIN programas
DIM-Area-2013-13-EducacionSuperior,dimensiones,dimension=Area;cohorte=2013;horizonte=13,EducacionSuperior,902,902,0,0,PASS,seguimiento JOIN programas
DIM-Area-2014-1-Base,dimensiones,dimension=Area;cohorte=2014;horizonte=1,Base,11812,11812,0,0,PASS,seguimiento JOIN programas
DIM-Area-2014-1-Carrera,dimensiones,dimension=Area;cohorte=2014;horizonte=1,Carrera,11812,11812,0,0,PASS,seguimiento JOIN programas
DIM-Area-2014-1-Institucion,dimensiones,dimension=Area;cohorte=2014;horizonte=1,Institucion,11812,11812,0,0,PASS,seguimiento JOIN programas
DIM-Area-2014-1-EducacionSuperior,dimensiones,dimension=Area;cohorte=2014;horizonte=1,EducacionSuperior,11812,11812,0,0,PASS,seguimiento JOIN programas
DIM-Area-2014-2-Base,dimensiones,dimension=Area;cohorte=2014;horizonte=2,Base,11812,11812,0,0,PASS,seguimiento JOIN programas
DIM-Area-2014-2-Carrera,dimensiones,dimension=Area;cohorte=2014;horizonte=2,Carrera,6721,6721,0,0,PASS,seguimiento JOIN programas
DIM-Area-2014-2-Institucion,dimensiones,dimension=Area;cohorte=2014;horizonte=2,Institucion,7042,7042,0,0,PASS,seguimiento JOIN programas
DIM-Area-2014-2-EducacionSuperior,dimensiones,dimension=Area;cohorte=2014;horizonte=2,EducacionSuperior,7667,7667,0,0,PASS,seguimiento JOIN programas
DIM-Area-2014-3-Base,dimensiones,dimension=Area;cohorte=2014;horizonte=3,Base,11812,11812,0,0,PASS,seguimiento JOIN programas
DIM-Area-2014-3-Carrera,dimensiones,dimension=Area;cohorte=2014;horizonte=3,Carrera,4187,4187,0,0,PASS,seguimiento JOIN programas
DIM-Area-2014-3-Institucion,dimensiones,dimension=Area;cohorte=2014;horizonte=3,Institucion,4966,4966,0,0,PASS,seguimiento JOIN programas
DIM-Area-2014-3-EducacionSuperior,dimensiones,dimension=Area;cohorte=2014;horizonte=3,EducacionSuperior,6085,6085,0,0,PASS,seguimiento JOIN programas
DIM-Area-2014-4-Base,dimensiones,dimension=Area;cohorte=2014;horizonte=4,Base,11812,11812,0,0,PASS,seguimiento JOIN programas
DIM-Area-2014-4-Carrera,dimensiones,dimension=Area;cohorte=2014;horizonte=4,Carrera,1299,1299,0,0,PASS,seguimiento JOIN programas
DIM-Area-2014-4-Institucion,dimensiones,dimension=Area;cohorte=2014;horizonte=4,Institucion,2440,2440,0,0,PASS,seguimiento JOIN programas
DIM-Area-2014-4-EducacionSuperior,dimensiones,dimension=Area;cohorte=2014;horizonte=4,EducacionSuperior,3896,3896,0,0,PASS,seguimiento JOIN programas
DIM-Area-2014-5-Base,dimensiones,dimension=Area;cohorte=2014;horizonte=5,Base,11812,11812,0,0,PASS,seguimiento JOIN programas
DIM-Area-2014-5-Carrera,dimensiones,dimension=Area;cohorte=2014;horizonte=5,Carrera,548,548,0,0,PASS,seguimiento JOIN programas
DIM-Area-2014-5-Institucion,dimensiones,dimension=Area;cohorte=2014;horizonte=5,Institucion,1211,1211,0,0,PASS,seguimiento JOIN programas
DIM-Area-2014-5-EducacionSuperior,dimensiones,dimension=Area;cohorte=2014;horizonte=5,EducacionSuperior,2583,2583,0,0,PASS,seguimiento JOIN programas
DIM-Area-2014-6-Base,dimensiones,dimension=Area;cohorte=2014;horizonte=6,Base,11812,11812,0,0,PASS,seguimiento JOIN programas
DIM-Area-2014-6-Carrera,dimensiones,dimension=Area;cohorte=2014;horizonte=6,Carrera,206,206,0,0,PASS,seguimiento JOIN programas
DIM-Area-2014-6-Institucion,dimensiones,dimension=Area;cohorte=2014;horizonte=6,Institucion,570,570,0,0,PASS,seguimiento JOIN programas
DIM-Area-2014-6-EducacionSuperior,dimensiones,dimension=Area;cohorte=2014;horizonte=6,EducacionSuperior,1911,1911,0,0,PASS,seguimiento JOIN programas
DIM-Area-2014-7-Base,dimensiones,dimension=Area;cohorte=2014;horizonte=7,Base,11812,11812,0,0,PASS,seguimiento JOIN programas
DIM-Area-2014-7-Carrera,dimensiones,dimension=Area;cohorte=2014;horizonte=7,Carrera,81,81,0,0,PASS,seguimiento JOIN programas
DIM-Area-2014-7-Institucion,dimensiones,dimension=Area;cohorte=2014;horizonte=7,Institucion,291,291,0,0,PASS,seguimiento JOIN programas
DIM-Area-2014-7-EducacionSuperior,dimensiones,dimension=Area;cohorte=2014;horizonte=7,EducacionSuperior,1500,1500,0,0,PASS,seguimiento JOIN programas
DIM-Area-2014-8-Base,dimensiones,dimension=Area;cohorte=2014;horizonte=8,Base,11812,11812,0,0,PASS,seguimiento JOIN programas
DIM-Area-2014-8-Carrera,dimensiones,dimension=Area;cohorte=2014;horizonte=8,Carrera,67,67,0,0,PASS,seguimiento JOIN programas
DIM-Area-2014-8-Institucion,dimensiones,dimension=Area;cohorte=2014;horizonte=8,Institucion,256,256,0,0,PASS,seguimiento JOIN programas
DIM-Area-2014-8-EducacionSuperior,dimensiones,dimension=Area;cohorte=2014;horizonte=8,EducacionSuperior,1638,1638,0,0,PASS,seguimiento JOIN programas
DIM-Area-2014-9-Base,dimensiones,dimension=Area;cohorte=2014;horizonte=9,Base,11812,11812,0,0,PASS,seguimiento JOIN programas
DIM-Area-2014-9-Carrera,dimensiones,dimension=Area;cohorte=2014;horizonte=9,Carrera,39,39,0,0,PASS,seguimiento JOIN programas
DIM-Area-2014-9-Institucion,dimensiones,dimension=Area;cohorte=2014;horizonte=9,Institucion,222,222,0,0,PASS,seguimiento JOIN programas
DIM-Area-2014-9-EducacionSuperior,dimensiones,dimension=Area;cohorte=2014;horizonte=9,EducacionSuperior,1565,1565,0,0,PASS,seguimiento JOIN programas
DIM-Area-2014-10-Base,dimensiones,dimension=Area;cohorte=2014;horizonte=10,Base,11812,11812,0,0,PASS,seguimiento JOIN programas
DIM-Area-2014-10-Carrera,dimensiones,dimension=Area;cohorte=2014;horizonte=10,Carrera,32,32,0,0,PASS,seguimiento JOIN programas
DIM-Area-2014-10-Institucion,dimensiones,dimension=Area;cohorte=2014;horizonte=10,Institucion,213,213,0,0,PASS,seguimiento JOIN programas
DIM-Area-2014-10-EducacionSuperior,dimensiones,dimension=Area;cohorte=2014;horizonte=10,EducacionSuperior,1458,1458,0,0,PASS,seguimiento JOIN programas
DIM-Area-2014-11-Base,dimensiones,dimension=Area;cohorte=2014;horizonte=11,Base,11812,11812,0,0,PASS,seguimiento JOIN programas
DIM-Area-2014-11-Carrera,dimensiones,dimension=Area;cohorte=2014;horizonte=11,Carrera,28,28,0,0,PASS,seguimiento JOIN programas
DIM-Area-2014-11-Institucion,dimensiones,dimension=Area;cohorte=2014;horizonte=11,Institucion,176,176,0,0,PASS,seguimiento JOIN programas
DIM-Area-2014-11-EducacionSuperior,dimensiones,dimension=Area;cohorte=2014;horizonte=11,EducacionSuperior,1413,1413,0,0,PASS,seguimiento JOIN programas
DIM-Area-2014-12-Base,dimensiones,dimension=Area;cohorte=2014;horizonte=12,Base,11812,11812,0,0,PASS,seguimiento JOIN programas
DIM-Area-2014-12-Carrera,dimensiones,dimension=Area;cohorte=2014;horizonte=12,Carrera,16,16,0,0,PASS,seguimiento JOIN programas
DIM-Area-2014-12-Institucion,dimensiones,dimension=Area;cohorte=2014;horizonte=12,Institucion,135,135,0,0,PASS,seguimiento JOIN programas
DIM-Area-2014-12-EducacionSuperior,dimensiones,dimension=Area;cohorte=2014;horizonte=12,EducacionSuperior,1371,1371,0,0,PASS,seguimiento JOIN programas
DIM-Area-2015-1-Base,dimensiones,dimension=Area;cohorte=2015;horizonte=1,Base,11982,11982,0,0,PASS,seguimiento JOIN programas
DIM-Area-2015-1-Carrera,dimensiones,dimension=Area;cohorte=2015;horizonte=1,Carrera,11982,11982,0,0,PASS,seguimiento JOIN programas
DIM-Area-2015-1-Institucion,dimensiones,dimension=Area;cohorte=2015;horizonte=1,Institucion,11982,11982,0,0,PASS,seguimiento JOIN programas
DIM-Area-2015-1-EducacionSuperior,dimensiones,dimension=Area;cohorte=2015;horizonte=1,EducacionSuperior,11982,11982,0,0,PASS,seguimiento JOIN programas
DIM-Area-2015-2-Base,dimensiones,dimension=Area;cohorte=2015;horizonte=2,Base,11982,11982,0,0,PASS,seguimiento JOIN programas
DIM-Area-2015-2-Carrera,dimensiones,dimension=Area;cohorte=2015;horizonte=2,Carrera,6678,6678,0,0,PASS,seguimiento JOIN programas
DIM-Area-2015-2-Institucion,dimensiones,dimension=Area;cohorte=2015;horizonte=2,Institucion,7008,7008,0,0,PASS,seguimiento JOIN programas
DIM-Area-2015-2-EducacionSuperior,dimensiones,dimension=Area;cohorte=2015;horizonte=2,EducacionSuperior,7651,7651,0,0,PASS,seguimiento JOIN programas
DIM-Area-2015-3-Base,dimensiones,dimension=Area;cohorte=2015;horizonte=3,Base,11982,11982,0,0,PASS,seguimiento JOIN programas
DIM-Area-2015-3-Carrera,dimensiones,dimension=Area;cohorte=2015;horizonte=3,Carrera,4485,4485,0,0,PASS,seguimiento JOIN programas
DIM-Area-2015-3-Institucion,dimensiones,dimension=Area;cohorte=2015;horizonte=3,Institucion,5245,5245,0,0,PASS,seguimiento JOIN programas
DIM-Area-2015-3-EducacionSuperior,dimensiones,dimension=Area;cohorte=2015;horizonte=3,EducacionSuperior,6407,6407,0,0,PASS,seguimiento JOIN programas
DIM-Area-2015-4-Base,dimensiones,dimension=Area;cohorte=2015;horizonte=4,Base,11982,11982,0,0,PASS,seguimiento JOIN programas
DIM-Area-2015-4-Carrera,dimensiones,dimension=Area;cohorte=2015;horizonte=4,Carrera,1565,1565,0,0,PASS,seguimiento JOIN programas
DIM-Area-2015-4-Institucion,dimensiones,dimension=Area;cohorte=2015;horizonte=4,Institucion,2642,2642,0,0,PASS,seguimiento JOIN programas
DIM-Area-2015-4-EducacionSuperior,dimensiones,dimension=Area;cohorte=2015;horizonte=4,EducacionSuperior,4165,4165,0,0,PASS,seguimiento JOIN programas
DIM-Area-2015-5-Base,dimensiones,dimension=Area;cohorte=2015;horizonte=5,Base,11982,11982,0,0,PASS,seguimiento JOIN programas
DIM-Area-2015-5-Carrera,dimensiones,dimension=Area;cohorte=2015;horizonte=5,Carrera,592,592,0,0,PASS,seguimiento JOIN programas
DIM-Area-2015-5-Institucion,dimensiones,dimension=Area;cohorte=2015;horizonte=5,Institucion,1206,1206,0,0,PASS,seguimiento JOIN programas
DIM-Area-2015-5-EducacionSuperior,dimensiones,dimension=Area;cohorte=2015;horizonte=5,EducacionSuperior,2701,2701,0,0,PASS,seguimiento JOIN programas
DIM-Area-2015-6-Base,dimensiones,dimension=Area;cohorte=2015;horizonte=6,Base,11982,11982,0,0,PASS,seguimiento JOIN programas
DIM-Area-2015-6-Carrera,dimensiones,dimension=Area;cohorte=2015;horizonte=6,Carrera,152,152,0,0,PASS,seguimiento JOIN programas
DIM-Area-2015-6-Institucion,dimensiones,dimension=Area;cohorte=2015;horizonte=6,Institucion,499,499,0,0,PASS,seguimiento JOIN programas
DIM-Area-2015-6-EducacionSuperior,dimensiones,dimension=Area;cohorte=2015;horizonte=6,EducacionSuperior,1880,1880,0,0,PASS,seguimiento JOIN programas
DIM-Area-2015-7-Base,dimensiones,dimension=Area;cohorte=2015;horizonte=7,Base,11982,11982,0,0,PASS,seguimiento JOIN programas
DIM-Area-2015-7-Carrera,dimensiones,dimension=Area;cohorte=2015;horizonte=7,Carrera,109,109,0,0,PASS,seguimiento JOIN programas
DIM-Area-2015-7-Institucion,dimensiones,dimension=Area;cohorte=2015;horizonte=7,Institucion,400,400,0,0,PASS,seguimiento JOIN programas
DIM-Area-2015-7-EducacionSuperior,dimensiones,dimension=Area;cohorte=2015;horizonte=7,EducacionSuperior,1913,1913,0,0,PASS,seguimiento JOIN programas
DIM-Area-2015-8-Base,dimensiones,dimension=Area;cohorte=2015;horizonte=8,Base,11982,11982,0,0,PASS,seguimiento JOIN programas
DIM-Area-2015-8-Carrera,dimensiones,dimension=Area;cohorte=2015;horizonte=8,Carrera,90,90,0,0,PASS,seguimiento JOIN programas
DIM-Area-2015-8-Institucion,dimensiones,dimension=Area;cohorte=2015;horizonte=8,Institucion,315,315,0,0,PASS,seguimiento JOIN programas
DIM-Area-2015-8-EducacionSuperior,dimensiones,dimension=Area;cohorte=2015;horizonte=8,EducacionSuperior,1791,1791,0,0,PASS,seguimiento JOIN programas
DIM-Area-2015-9-Base,dimensiones,dimension=Area;cohorte=2015;horizonte=9,Base,11982,11982,0,0,PASS,seguimiento JOIN programas
DIM-Area-2015-9-Carrera,dimensiones,dimension=Area;cohorte=2015;horizonte=9,Carrera,68,68,0,0,PASS,seguimiento JOIN programas
DIM-Area-2015-9-Institucion,dimensiones,dimension=Area;cohorte=2015;horizonte=9,Institucion,258,258,0,0,PASS,seguimiento JOIN programas
DIM-Area-2015-9-EducacionSuperior,dimensiones,dimension=Area;cohorte=2015;horizonte=9,EducacionSuperior,1671,1671,0,0,PASS,seguimiento JOIN programas
DIM-Area-2015-10-Base,dimensiones,dimension=Area;cohorte=2015;horizonte=10,Base,11982,11982,0,0,PASS,seguimiento JOIN programas
DIM-Area-2015-10-Carrera,dimensiones,dimension=Area;cohorte=2015;horizonte=10,Carrera,41,41,0,0,PASS,seguimiento JOIN programas
DIM-Area-2015-10-Institucion,dimensiones,dimension=Area;cohorte=2015;horizonte=10,Institucion,199,199,0,0,PASS,seguimiento JOIN programas
DIM-Area-2015-10-EducacionSuperior,dimensiones,dimension=Area;cohorte=2015;horizonte=10,EducacionSuperior,1541,1541,0,0,PASS,seguimiento JOIN programas
DIM-Area-2015-11-Base,dimensiones,dimension=Area;cohorte=2015;horizonte=11,Base,11982,11982,0,0,PASS,seguimiento JOIN programas
DIM-Area-2015-11-Carrera,dimensiones,dimension=Area;cohorte=2015;horizonte=11,Carrera,25,25,0,0,PASS,seguimiento JOIN programas
DIM-Area-2015-11-Institucion,dimensiones,dimension=Area;cohorte=2015;horizonte=11,Institucion,170,170,0,0,PASS,seguimiento JOIN programas
DIM-Area-2015-11-EducacionSuperior,dimensiones,dimension=Area;cohorte=2015;horizonte=11,EducacionSuperior,1474,1474,0,0,PASS,seguimiento JOIN programas
DIM-Area-2016-1-Base,dimensiones,dimension=Area;cohorte=2016;horizonte=1,Base,13664,13664,0,0,PASS,seguimiento JOIN programas
DIM-Area-2016-1-Carrera,dimensiones,dimension=Area;cohorte=2016;horizonte=1,Carrera,13664,13664,0,0,PASS,seguimiento JOIN programas
DIM-Area-2016-1-Institucion,dimensiones,dimension=Area;cohorte=2016;horizonte=1,Institucion,13664,13664,0,0,PASS,seguimiento JOIN programas
DIM-Area-2016-1-EducacionSuperior,dimensiones,dimension=Area;cohorte=2016;horizonte=1,EducacionSuperior,13664,13664,0,0,PASS,seguimiento JOIN programas
DIM-Area-2016-2-Base,dimensiones,dimension=Area;cohorte=2016;horizonte=2,Base,13664,13664,0,0,PASS,seguimiento JOIN programas
DIM-Area-2016-2-Carrera,dimensiones,dimension=Area;cohorte=2016;horizonte=2,Carrera,7905,7905,0,0,PASS,seguimiento JOIN programas
DIM-Area-2016-2-Institucion,dimensiones,dimension=Area;cohorte=2016;horizonte=2,Institucion,8304,8304,0,0,PASS,seguimiento JOIN programas
DIM-Area-2016-2-EducacionSuperior,dimensiones,dimension=Area;cohorte=2016;horizonte=2,EducacionSuperior,8896,8896,0,0,PASS,seguimiento JOIN programas
DIM-Area-2016-3-Base,dimensiones,dimension=Area;cohorte=2016;horizonte=3,Base,13664,13664,0,0,PASS,seguimiento JOIN programas
DIM-Area-2016-3-Carrera,dimensiones,dimension=Area;cohorte=2016;horizonte=3,Carrera,4462,4462,0,0,PASS,seguimiento JOIN programas
DIM-Area-2016-3-Institucion,dimensiones,dimension=Area;cohorte=2016;horizonte=3,Institucion,5563,5563,0,0,PASS,seguimiento JOIN programas
DIM-Area-2016-3-EducacionSuperior,dimensiones,dimension=Area;cohorte=2016;horizonte=3,EducacionSuperior,6669,6669,0,0,PASS,seguimiento JOIN programas
DIM-Area-2016-4-Base,dimensiones,dimension=Area;cohorte=2016;horizonte=4,Base,13664,13664,0,0,PASS,seguimiento JOIN programas
DIM-Area-2016-4-Carrera,dimensiones,dimension=Area;cohorte=2016;horizonte=4,Carrera,2245,2245,0,0,PASS,seguimiento JOIN programas
DIM-Area-2016-4-Institucion,dimensiones,dimension=Area;cohorte=2016;horizonte=4,Institucion,3383,3383,0,0,PASS,seguimiento JOIN programas
DIM-Area-2016-4-EducacionSuperior,dimensiones,dimension=Area;cohorte=2016;horizonte=4,EducacionSuperior,4733,4733,0,0,PASS,seguimiento JOIN programas
DIM-Area-2016-5-Base,dimensiones,dimension=Area;cohorte=2016;horizonte=5,Base,13664,13664,0,0,PASS,seguimiento JOIN programas
DIM-Area-2016-5-Carrera,dimensiones,dimension=Area;cohorte=2016;horizonte=5,Carrera,606,606,0,0,PASS,seguimiento JOIN programas
DIM-Area-2016-5-Institucion,dimensiones,dimension=Area;cohorte=2016;horizonte=5,Institucion,1249,1249,0,0,PASS,seguimiento JOIN programas
DIM-Area-2016-5-EducacionSuperior,dimensiones,dimension=Area;cohorte=2016;horizonte=5,EducacionSuperior,2637,2637,0,0,PASS,seguimiento JOIN programas
DIM-Area-2016-6-Base,dimensiones,dimension=Area;cohorte=2016;horizonte=6,Base,13664,13664,0,0,PASS,seguimiento JOIN programas
DIM-Area-2016-6-Carrera,dimensiones,dimension=Area;cohorte=2016;horizonte=6,Carrera,371,371,0,0,PASS,seguimiento JOIN programas
DIM-Area-2016-6-Institucion,dimensiones,dimension=Area;cohorte=2016;horizonte=6,Institucion,850,850,0,0,PASS,seguimiento JOIN programas
DIM-Area-2016-6-EducacionSuperior,dimensiones,dimension=Area;cohorte=2016;horizonte=6,EducacionSuperior,2520,2520,0,0,PASS,seguimiento JOIN programas
DIM-Area-2016-7-Base,dimensiones,dimension=Area;cohorte=2016;horizonte=7,Base,13664,13664,0,0,PASS,seguimiento JOIN programas
DIM-Area-2016-7-Carrera,dimensiones,dimension=Area;cohorte=2016;horizonte=7,Carrera,224,224,0,0,PASS,seguimiento JOIN programas
DIM-Area-2016-7-Institucion,dimensiones,dimension=Area;cohorte=2016;horizonte=7,Institucion,613,613,0,0,PASS,seguimiento JOIN programas
DIM-Area-2016-7-EducacionSuperior,dimensiones,dimension=Area;cohorte=2016;horizonte=7,EducacionSuperior,2259,2259,0,0,PASS,seguimiento JOIN programas
DIM-Area-2016-8-Base,dimensiones,dimension=Area;cohorte=2016;horizonte=8,Base,13664,13664,0,0,PASS,seguimiento JOIN programas
DIM-Area-2016-8-Carrera,dimensiones,dimension=Area;cohorte=2016;horizonte=8,Carrera,140,140,0,0,PASS,seguimiento JOIN programas
DIM-Area-2016-8-Institucion,dimensiones,dimension=Area;cohorte=2016;horizonte=8,Institucion,489,489,0,0,PASS,seguimiento JOIN programas
DIM-Area-2016-8-EducacionSuperior,dimensiones,dimension=Area;cohorte=2016;horizonte=8,EducacionSuperior,2072,2072,0,0,PASS,seguimiento JOIN programas
DIM-Area-2016-9-Base,dimensiones,dimension=Area;cohorte=2016;horizonte=9,Base,13664,13664,0,0,PASS,seguimiento JOIN programas
DIM-Area-2016-9-Carrera,dimensiones,dimension=Area;cohorte=2016;horizonte=9,Carrera,74,74,0,0,PASS,seguimiento JOIN programas
DIM-Area-2016-9-Institucion,dimensiones,dimension=Area;cohorte=2016;horizonte=9,Institucion,344,344,0,0,PASS,seguimiento JOIN programas
DIM-Area-2016-9-EducacionSuperior,dimensiones,dimension=Area;cohorte=2016;horizonte=9,EducacionSuperior,1874,1874,0,0,PASS,seguimiento JOIN programas
DIM-Area-2016-10-Base,dimensiones,dimension=Area;cohorte=2016;horizonte=10,Base,13664,13664,0,0,PASS,seguimiento JOIN programas
DIM-Area-2016-10-Carrera,dimensiones,dimension=Area;cohorte=2016;horizonte=10,Carrera,52,52,0,0,PASS,seguimiento JOIN programas
DIM-Area-2016-10-Institucion,dimensiones,dimension=Area;cohorte=2016;horizonte=10,Institucion,283,283,0,0,PASS,seguimiento JOIN programas
DIM-Area-2016-10-EducacionSuperior,dimensiones,dimension=Area;cohorte=2016;horizonte=10,EducacionSuperior,1894,1894,0,0,PASS,seguimiento JOIN programas
DIM-Area-2017-1-Base,dimensiones,dimension=Area;cohorte=2017;horizonte=1,Base,13882,13882,0,0,PASS,seguimiento JOIN programas
DIM-Area-2017-1-Carrera,dimensiones,dimension=Area;cohorte=2017;horizonte=1,Carrera,13882,13882,0,0,PASS,seguimiento JOIN programas
DIM-Area-2017-1-Institucion,dimensiones,dimension=Area;cohorte=2017;horizonte=1,Institucion,13882,13882,0,0,PASS,seguimiento JOIN programas
DIM-Area-2017-1-EducacionSuperior,dimensiones,dimension=Area;cohorte=2017;horizonte=1,EducacionSuperior,13882,13882,0,0,PASS,seguimiento JOIN programas
DIM-Area-2017-2-Base,dimensiones,dimension=Area;cohorte=2017;horizonte=2,Base,13882,13882,0,0,PASS,seguimiento JOIN programas
DIM-Area-2017-2-Carrera,dimensiones,dimension=Area;cohorte=2017;horizonte=2,Carrera,7545,7545,0,0,PASS,seguimiento JOIN programas
DIM-Area-2017-2-Institucion,dimensiones,dimension=Area;cohorte=2017;horizonte=2,Institucion,7825,7825,0,0,PASS,seguimiento JOIN programas
DIM-Area-2017-2-EducacionSuperior,dimensiones,dimension=Area;cohorte=2017;horizonte=2,EducacionSuperior,8605,8605,0,0,PASS,seguimiento JOIN programas
DIM-Area-2017-3-Base,dimensiones,dimension=Area;cohorte=2017;horizonte=3,Base,13882,13882,0,0,PASS,seguimiento JOIN programas
DIM-Area-2017-3-Carrera,dimensiones,dimension=Area;cohorte=2017;horizonte=3,Carrera,4177,4177,0,0,PASS,seguimiento JOIN programas
DIM-Area-2017-3-Institucion,dimensiones,dimension=Area;cohorte=2017;horizonte=3,Institucion,5000,5000,0,0,PASS,seguimiento JOIN programas
DIM-Area-2017-3-EducacionSuperior,dimensiones,dimension=Area;cohorte=2017;horizonte=3,EducacionSuperior,6217,6217,0,0,PASS,seguimiento JOIN programas
DIM-Area-2017-4-Base,dimensiones,dimension=Area;cohorte=2017;horizonte=4,Base,13882,13882,0,0,PASS,seguimiento JOIN programas
DIM-Area-2017-4-Carrera,dimensiones,dimension=Area;cohorte=2017;horizonte=4,Carrera,1765,1765,0,0,PASS,seguimiento JOIN programas
DIM-Area-2017-4-Institucion,dimensiones,dimension=Area;cohorte=2017;horizonte=4,Institucion,2664,2664,0,0,PASS,seguimiento JOIN programas
DIM-Area-2017-4-EducacionSuperior,dimensiones,dimension=Area;cohorte=2017;horizonte=4,EducacionSuperior,4082,4082,0,0,PASS,seguimiento JOIN programas
DIM-Area-2017-5-Base,dimensiones,dimension=Area;cohorte=2017;horizonte=5,Base,13882,13882,0,0,PASS,seguimiento JOIN programas
DIM-Area-2017-5-Carrera,dimensiones,dimension=Area;cohorte=2017;horizonte=5,Carrera,827,827,0,0,PASS,seguimiento JOIN programas
DIM-Area-2017-5-Institucion,dimensiones,dimension=Area;cohorte=2017;horizonte=5,Institucion,1552,1552,0,0,PASS,seguimiento JOIN programas
DIM-Area-2017-5-EducacionSuperior,dimensiones,dimension=Area;cohorte=2017;horizonte=5,EducacionSuperior,3306,3306,0,0,PASS,seguimiento JOIN programas
DIM-Area-2017-6-Base,dimensiones,dimension=Area;cohorte=2017;horizonte=6,Base,13882,13882,0,0,PASS,seguimiento JOIN programas
DIM-Area-2017-6-Carrera,dimensiones,dimension=Area;cohorte=2017;horizonte=6,Carrera,340,340,0,0,PASS,seguimiento JOIN programas
DIM-Area-2017-6-Institucion,dimensiones,dimension=Area;cohorte=2017;horizonte=6,Institucion,869,869,0,0,PASS,seguimiento JOIN programas
DIM-Area-2017-6-EducacionSuperior,dimensiones,dimension=Area;cohorte=2017;horizonte=6,EducacionSuperior,2741,2741,0,0,PASS,seguimiento JOIN programas
DIM-Area-2017-7-Base,dimensiones,dimension=Area;cohorte=2017;horizonte=7,Base,13882,13882,0,0,PASS,seguimiento JOIN programas
DIM-Area-2017-7-Carrera,dimensiones,dimension=Area;cohorte=2017;horizonte=7,Carrera,215,215,0,0,PASS,seguimiento JOIN programas
DIM-Area-2017-7-Institucion,dimensiones,dimension=Area;cohorte=2017;horizonte=7,Institucion,625,625,0,0,PASS,seguimiento JOIN programas
DIM-Area-2017-7-EducacionSuperior,dimensiones,dimension=Area;cohorte=2017;horizonte=7,EducacionSuperior,2415,2415,0,0,PASS,seguimiento JOIN programas
DIM-Area-2017-8-Base,dimensiones,dimension=Area;cohorte=2017;horizonte=8,Base,13882,13882,0,0,PASS,seguimiento JOIN programas
DIM-Area-2017-8-Carrera,dimensiones,dimension=Area;cohorte=2017;horizonte=8,Carrera,109,109,0,0,PASS,seguimiento JOIN programas
DIM-Area-2017-8-Institucion,dimensiones,dimension=Area;cohorte=2017;horizonte=8,Institucion,424,424,0,0,PASS,seguimiento JOIN programas
DIM-Area-2017-8-EducacionSuperior,dimensiones,dimension=Area;cohorte=2017;horizonte=8,EducacionSuperior,2185,2185,0,0,PASS,seguimiento JOIN programas
DIM-Area-2017-9-Base,dimensiones,dimension=Area;cohorte=2017;horizonte=9,Base,13882,13882,0,0,PASS,seguimiento JOIN programas
DIM-Area-2017-9-Carrera,dimensiones,dimension=Area;cohorte=2017;horizonte=9,Carrera,71,71,0,0,PASS,seguimiento JOIN programas
DIM-Area-2017-9-Institucion,dimensiones,dimension=Area;cohorte=2017;horizonte=9,Institucion,339,339,0,0,PASS,seguimiento JOIN programas
DIM-Area-2017-9-EducacionSuperior,dimensiones,dimension=Area;cohorte=2017;horizonte=9,EducacionSuperior,2176,2176,0,0,PASS,seguimiento JOIN programas
DIM-Area-2018-1-Base,dimensiones,dimension=Area;cohorte=2018;horizonte=1,Base,17130,17130,0,0,PASS,seguimiento JOIN programas
DIM-Area-2018-1-Carrera,dimensiones,dimension=Area;cohorte=2018;horizonte=1,Carrera,17130,17130,0,0,PASS,seguimiento JOIN programas
DIM-Area-2018-1-Institucion,dimensiones,dimension=Area;cohorte=2018;horizonte=1,Institucion,17130,17130,0,0,PASS,seguimiento JOIN programas
DIM-Area-2018-1-EducacionSuperior,dimensiones,dimension=Area;cohorte=2018;horizonte=1,EducacionSuperior,17130,17130,0,0,PASS,seguimiento JOIN programas
DIM-Area-2018-2-Base,dimensiones,dimension=Area;cohorte=2018;horizonte=2,Base,17130,17130,0,0,PASS,seguimiento JOIN programas
DIM-Area-2018-2-Carrera,dimensiones,dimension=Area;cohorte=2018;horizonte=2,Carrera,10087,10087,0,0,PASS,seguimiento JOIN programas
DIM-Area-2018-2-Institucion,dimensiones,dimension=Area;cohorte=2018;horizonte=2,Institucion,10328,10328,0,0,PASS,seguimiento JOIN programas
DIM-Area-2018-2-EducacionSuperior,dimensiones,dimension=Area;cohorte=2018;horizonte=2,EducacionSuperior,11041,11041,0,0,PASS,seguimiento JOIN programas
DIM-Area-2018-3-Base,dimensiones,dimension=Area;cohorte=2018;horizonte=3,Base,17130,17130,0,0,PASS,seguimiento JOIN programas
DIM-Area-2018-3-Carrera,dimensiones,dimension=Area;cohorte=2018;horizonte=3,Carrera,5901,5901,0,0,PASS,seguimiento JOIN programas
DIM-Area-2018-3-Institucion,dimensiones,dimension=Area;cohorte=2018;horizonte=3,Institucion,6597,6597,0,0,PASS,seguimiento JOIN programas
DIM-Area-2018-3-EducacionSuperior,dimensiones,dimension=Area;cohorte=2018;horizonte=3,EducacionSuperior,7863,7863,0,0,PASS,seguimiento JOIN programas
DIM-Area-2018-4-Base,dimensiones,dimension=Area;cohorte=2018;horizonte=4,Base,17130,17130,0,0,PASS,seguimiento JOIN programas
DIM-Area-2018-4-Carrera,dimensiones,dimension=Area;cohorte=2018;horizonte=4,Carrera,2568,2568,0,0,PASS,seguimiento JOIN programas
DIM-Area-2018-4-Institucion,dimensiones,dimension=Area;cohorte=2018;horizonte=4,Institucion,3617,3617,0,0,PASS,seguimiento JOIN programas
DIM-Area-2018-4-EducacionSuperior,dimensiones,dimension=Area;cohorte=2018;horizonte=4,EducacionSuperior,5556,5556,0,0,PASS,seguimiento JOIN programas
DIM-Area-2018-5-Base,dimensiones,dimension=Area;cohorte=2018;horizonte=5,Base,17130,17130,0,0,PASS,seguimiento JOIN programas
DIM-Area-2018-5-Carrera,dimensiones,dimension=Area;cohorte=2018;horizonte=5,Carrera,1069,1069,0,0,PASS,seguimiento JOIN programas
DIM-Area-2018-5-Institucion,dimensiones,dimension=Area;cohorte=2018;horizonte=5,Institucion,1925,1925,0,0,PASS,seguimiento JOIN programas
DIM-Area-2018-5-EducacionSuperior,dimensiones,dimension=Area;cohorte=2018;horizonte=5,EducacionSuperior,4054,4054,0,0,PASS,seguimiento JOIN programas
DIM-Area-2018-6-Base,dimensiones,dimension=Area;cohorte=2018;horizonte=6,Base,17130,17130,0,0,PASS,seguimiento JOIN programas
DIM-Area-2018-6-Carrera,dimensiones,dimension=Area;cohorte=2018;horizonte=6,Carrera,478,478,0,0,PASS,seguimiento JOIN programas
DIM-Area-2018-6-Institucion,dimensiones,dimension=Area;cohorte=2018;horizonte=6,Institucion,1138,1138,0,0,PASS,seguimiento JOIN programas
DIM-Area-2018-6-EducacionSuperior,dimensiones,dimension=Area;cohorte=2018;horizonte=6,EducacionSuperior,3275,3275,0,0,PASS,seguimiento JOIN programas
DIM-Area-2018-7-Base,dimensiones,dimension=Area;cohorte=2018;horizonte=7,Base,17130,17130,0,0,PASS,seguimiento JOIN programas
DIM-Area-2018-7-Carrera,dimensiones,dimension=Area;cohorte=2018;horizonte=7,Carrera,213,213,0,0,PASS,seguimiento JOIN programas
DIM-Area-2018-7-Institucion,dimensiones,dimension=Area;cohorte=2018;horizonte=7,Institucion,711,711,0,0,PASS,seguimiento JOIN programas
DIM-Area-2018-7-EducacionSuperior,dimensiones,dimension=Area;cohorte=2018;horizonte=7,EducacionSuperior,2867,2867,0,0,PASS,seguimiento JOIN programas
DIM-Area-2018-8-Base,dimensiones,dimension=Area;cohorte=2018;horizonte=8,Base,17130,17130,0,0,PASS,seguimiento JOIN programas
DIM-Area-2018-8-Carrera,dimensiones,dimension=Area;cohorte=2018;horizonte=8,Carrera,150,150,0,0,PASS,seguimiento JOIN programas
DIM-Area-2018-8-Institucion,dimensiones,dimension=Area;cohorte=2018;horizonte=8,Institucion,594,594,0,0,PASS,seguimiento JOIN programas
DIM-Area-2018-8-EducacionSuperior,dimensiones,dimension=Area;cohorte=2018;horizonte=8,EducacionSuperior,2828,2828,0,0,PASS,seguimiento JOIN programas
DIM-Area-2019-1-Base,dimensiones,dimension=Area;cohorte=2019;horizonte=1,Base,17822,17822,0,0,PASS,seguimiento JOIN programas
DIM-Area-2019-1-Carrera,dimensiones,dimension=Area;cohorte=2019;horizonte=1,Carrera,17822,17822,0,0,PASS,seguimiento JOIN programas
DIM-Area-2019-1-Institucion,dimensiones,dimension=Area;cohorte=2019;horizonte=1,Institucion,17822,17822,0,0,PASS,seguimiento JOIN programas
DIM-Area-2019-1-EducacionSuperior,dimensiones,dimension=Area;cohorte=2019;horizonte=1,EducacionSuperior,17822,17822,0,0,PASS,seguimiento JOIN programas
DIM-Area-2019-2-Base,dimensiones,dimension=Area;cohorte=2019;horizonte=2,Base,17822,17822,0,0,PASS,seguimiento JOIN programas
DIM-Area-2019-2-Carrera,dimensiones,dimension=Area;cohorte=2019;horizonte=2,Carrera,10419,10419,0,0,PASS,seguimiento JOIN programas
DIM-Area-2019-2-Institucion,dimensiones,dimension=Area;cohorte=2019;horizonte=2,Institucion,10661,10661,0,0,PASS,seguimiento JOIN programas
DIM-Area-2019-2-EducacionSuperior,dimensiones,dimension=Area;cohorte=2019;horizonte=2,EducacionSuperior,11365,11365,0,0,PASS,seguimiento JOIN programas
DIM-Area-2019-3-Base,dimensiones,dimension=Area;cohorte=2019;horizonte=3,Base,17822,17822,0,0,PASS,seguimiento JOIN programas
DIM-Area-2019-3-Carrera,dimensiones,dimension=Area;cohorte=2019;horizonte=3,Carrera,6830,6830,0,0,PASS,seguimiento JOIN programas
DIM-Area-2019-3-Institucion,dimensiones,dimension=Area;cohorte=2019;horizonte=3,Institucion,7619,7619,0,0,PASS,seguimiento JOIN programas
DIM-Area-2019-3-EducacionSuperior,dimensiones,dimension=Area;cohorte=2019;horizonte=3,EducacionSuperior,9015,9015,0,0,PASS,seguimiento JOIN programas
DIM-Area-2019-4-Base,dimensiones,dimension=Area;cohorte=2019;horizonte=4,Base,17822,17822,0,0,PASS,seguimiento JOIN programas
DIM-Area-2019-4-Carrera,dimensiones,dimension=Area;cohorte=2019;horizonte=4,Carrera,2805,2805,0,0,PASS,seguimiento JOIN programas
DIM-Area-2019-4-Institucion,dimensiones,dimension=Area;cohorte=2019;horizonte=4,Institucion,3920,3920,0,0,PASS,seguimiento JOIN programas
DIM-Area-2019-4-EducacionSuperior,dimensiones,dimension=Area;cohorte=2019;horizonte=4,EducacionSuperior,5854,5854,0,0,PASS,seguimiento JOIN programas
DIM-Area-2019-5-Base,dimensiones,dimension=Area;cohorte=2019;horizonte=5,Base,17822,17822,0,0,PASS,seguimiento JOIN programas
DIM-Area-2019-5-Carrera,dimensiones,dimension=Area;cohorte=2019;horizonte=5,Carrera,1382,1382,0,0,PASS,seguimiento JOIN programas
DIM-Area-2019-5-Institucion,dimensiones,dimension=Area;cohorte=2019;horizonte=5,Institucion,2369,2369,0,0,PASS,seguimiento JOIN programas
DIM-Area-2019-5-EducacionSuperior,dimensiones,dimension=Area;cohorte=2019;horizonte=5,EducacionSuperior,4488,4488,0,0,PASS,seguimiento JOIN programas
DIM-Area-2019-6-Base,dimensiones,dimension=Area;cohorte=2019;horizonte=6,Base,17822,17822,0,0,PASS,seguimiento JOIN programas
DIM-Area-2019-6-Carrera,dimensiones,dimension=Area;cohorte=2019;horizonte=6,Carrera,413,413,0,0,PASS,seguimiento JOIN programas
DIM-Area-2019-6-Institucion,dimensiones,dimension=Area;cohorte=2019;horizonte=6,Institucion,1145,1145,0,0,PASS,seguimiento JOIN programas
DIM-Area-2019-6-EducacionSuperior,dimensiones,dimension=Area;cohorte=2019;horizonte=6,EducacionSuperior,3392,3392,0,0,PASS,seguimiento JOIN programas
DIM-Area-2019-7-Base,dimensiones,dimension=Area;cohorte=2019;horizonte=7,Base,17822,17822,0,0,PASS,seguimiento JOIN programas
DIM-Area-2019-7-Carrera,dimensiones,dimension=Area;cohorte=2019;horizonte=7,Carrera,228,228,0,0,PASS,seguimiento JOIN programas
DIM-Area-2019-7-Institucion,dimensiones,dimension=Area;cohorte=2019;horizonte=7,Institucion,822,822,0,0,PASS,seguimiento JOIN programas
DIM-Area-2019-7-EducacionSuperior,dimensiones,dimension=Area;cohorte=2019;horizonte=7,EducacionSuperior,3204,3204,0,0,PASS,seguimiento JOIN programas
DIM-Area-2020-1-Base,dimensiones,dimension=Area;cohorte=2020;horizonte=1,Base,16467,16467,0,0,PASS,seguimiento JOIN programas
DIM-Area-2020-1-Carrera,dimensiones,dimension=Area;cohorte=2020;horizonte=1,Carrera,16467,16467,0,0,PASS,seguimiento JOIN programas
DIM-Area-2020-1-Institucion,dimensiones,dimension=Area;cohorte=2020;horizonte=1,Institucion,16467,16467,0,0,PASS,seguimiento JOIN programas
DIM-Area-2020-1-EducacionSuperior,dimensiones,dimension=Area;cohorte=2020;horizonte=1,EducacionSuperior,16467,16467,0,0,PASS,seguimiento JOIN programas
DIM-Area-2020-2-Base,dimensiones,dimension=Area;cohorte=2020;horizonte=2,Base,16467,16467,0,0,PASS,seguimiento JOIN programas
DIM-Area-2020-2-Carrera,dimensiones,dimension=Area;cohorte=2020;horizonte=2,Carrera,10794,10794,0,0,PASS,seguimiento JOIN programas
DIM-Area-2020-2-Institucion,dimensiones,dimension=Area;cohorte=2020;horizonte=2,Institucion,11038,11038,0,0,PASS,seguimiento JOIN programas
DIM-Area-2020-2-EducacionSuperior,dimensiones,dimension=Area;cohorte=2020;horizonte=2,EducacionSuperior,11811,11811,0,0,PASS,seguimiento JOIN programas
DIM-Area-2020-3-Base,dimensiones,dimension=Area;cohorte=2020;horizonte=3,Base,16467,16467,0,0,PASS,seguimiento JOIN programas
DIM-Area-2020-3-Carrera,dimensiones,dimension=Area;cohorte=2020;horizonte=3,Carrera,6499,6499,0,0,PASS,seguimiento JOIN programas
DIM-Area-2020-3-Institucion,dimensiones,dimension=Area;cohorte=2020;horizonte=3,Institucion,7174,7174,0,0,PASS,seguimiento JOIN programas
DIM-Area-2020-3-EducacionSuperior,dimensiones,dimension=Area;cohorte=2020;horizonte=3,EducacionSuperior,8456,8456,0,0,PASS,seguimiento JOIN programas
DIM-Area-2020-4-Base,dimensiones,dimension=Area;cohorte=2020;horizonte=4,Base,16467,16467,0,0,PASS,seguimiento JOIN programas
DIM-Area-2020-4-Carrera,dimensiones,dimension=Area;cohorte=2020;horizonte=4,Carrera,3266,3266,0,0,PASS,seguimiento JOIN programas
DIM-Area-2020-4-Institucion,dimensiones,dimension=Area;cohorte=2020;horizonte=4,Institucion,4232,4232,0,0,PASS,seguimiento JOIN programas
DIM-Area-2020-4-EducacionSuperior,dimensiones,dimension=Area;cohorte=2020;horizonte=4,EducacionSuperior,5927,5927,0,0,PASS,seguimiento JOIN programas
DIM-Area-2020-5-Base,dimensiones,dimension=Area;cohorte=2020;horizonte=5,Base,16467,16467,0,0,PASS,seguimiento JOIN programas
DIM-Area-2020-5-Carrera,dimensiones,dimension=Area;cohorte=2020;horizonte=5,Carrera,1399,1399,0,0,PASS,seguimiento JOIN programas
DIM-Area-2020-5-Institucion,dimensiones,dimension=Area;cohorte=2020;horizonte=5,Institucion,2378,2378,0,0,PASS,seguimiento JOIN programas
DIM-Area-2020-5-EducacionSuperior,dimensiones,dimension=Area;cohorte=2020;horizonte=5,EducacionSuperior,4426,4426,0,0,PASS,seguimiento JOIN programas
DIM-Area-2020-6-Base,dimensiones,dimension=Area;cohorte=2020;horizonte=6,Base,16467,16467,0,0,PASS,seguimiento JOIN programas
DIM-Area-2020-6-Carrera,dimensiones,dimension=Area;cohorte=2020;horizonte=6,Carrera,485,485,0,0,PASS,seguimiento JOIN programas
DIM-Area-2020-6-Institucion,dimensiones,dimension=Area;cohorte=2020;horizonte=6,Institucion,1207,1207,0,0,PASS,seguimiento JOIN programas
DIM-Area-2020-6-EducacionSuperior,dimensiones,dimension=Area;cohorte=2020;horizonte=6,EducacionSuperior,3500,3500,0,0,PASS,seguimiento JOIN programas
DIM-Area-2021-1-Base,dimensiones,dimension=Area;cohorte=2021;horizonte=1,Base,24932,24932,0,0,PASS,seguimiento JOIN programas
DIM-Area-2021-1-Carrera,dimensiones,dimension=Area;cohorte=2021;horizonte=1,Carrera,24932,24932,0,0,PASS,seguimiento JOIN programas
DIM-Area-2021-1-Institucion,dimensiones,dimension=Area;cohorte=2021;horizonte=1,Institucion,24932,24932,0,0,PASS,seguimiento JOIN programas
DIM-Area-2021-1-EducacionSuperior,dimensiones,dimension=Area;cohorte=2021;horizonte=1,EducacionSuperior,24932,24932,0,0,PASS,seguimiento JOIN programas
DIM-Area-2021-2-Base,dimensiones,dimension=Area;cohorte=2021;horizonte=2,Base,24932,24932,0,0,PASS,seguimiento JOIN programas
DIM-Area-2021-2-Carrera,dimensiones,dimension=Area;cohorte=2021;horizonte=2,Carrera,16097,16097,0,0,PASS,seguimiento JOIN programas
DIM-Area-2021-2-Institucion,dimensiones,dimension=Area;cohorte=2021;horizonte=2,Institucion,16452,16452,0,0,PASS,seguimiento JOIN programas
DIM-Area-2021-2-EducacionSuperior,dimensiones,dimension=Area;cohorte=2021;horizonte=2,EducacionSuperior,17394,17394,0,0,PASS,seguimiento JOIN programas
DIM-Area-2021-3-Base,dimensiones,dimension=Area;cohorte=2021;horizonte=3,Base,24932,24932,0,0,PASS,seguimiento JOIN programas
DIM-Area-2021-3-Carrera,dimensiones,dimension=Area;cohorte=2021;horizonte=3,Carrera,11656,11656,0,0,PASS,seguimiento JOIN programas
DIM-Area-2021-3-Institucion,dimensiones,dimension=Area;cohorte=2021;horizonte=3,Institucion,12415,12415,0,0,PASS,seguimiento JOIN programas
DIM-Area-2021-3-EducacionSuperior,dimensiones,dimension=Area;cohorte=2021;horizonte=3,EducacionSuperior,14025,14025,0,0,PASS,seguimiento JOIN programas
DIM-Area-2021-4-Base,dimensiones,dimension=Area;cohorte=2021;horizonte=4,Base,24932,24932,0,0,PASS,seguimiento JOIN programas
DIM-Area-2021-4-Carrera,dimensiones,dimension=Area;cohorte=2021;horizonte=4,Carrera,4320,4320,0,0,PASS,seguimiento JOIN programas
DIM-Area-2021-4-Institucion,dimensiones,dimension=Area;cohorte=2021;horizonte=4,Institucion,5596,5596,0,0,PASS,seguimiento JOIN programas
DIM-Area-2021-4-EducacionSuperior,dimensiones,dimension=Area;cohorte=2021;horizonte=4,EducacionSuperior,8016,8016,0,0,PASS,seguimiento JOIN programas
DIM-Area-2021-5-Base,dimensiones,dimension=Area;cohorte=2021;horizonte=5,Base,24932,24932,0,0,PASS,seguimiento JOIN programas
DIM-Area-2021-5-Carrera,dimensiones,dimension=Area;cohorte=2021;horizonte=5,Carrera,1958,1958,0,0,PASS,seguimiento JOIN programas
DIM-Area-2021-5-Institucion,dimensiones,dimension=Area;cohorte=2021;horizonte=5,Institucion,3355,3355,0,0,PASS,seguimiento JOIN programas
DIM-Area-2021-5-EducacionSuperior,dimensiones,dimension=Area;cohorte=2021;horizonte=5,EducacionSuperior,6392,6392,0,0,PASS,seguimiento JOIN programas
DIM-Area-2022-1-Base,dimensiones,dimension=Area;cohorte=2022;horizonte=1,Base,32143,32143,0,0,PASS,seguimiento JOIN programas
DIM-Area-2022-1-Carrera,dimensiones,dimension=Area;cohorte=2022;horizonte=1,Carrera,32143,32143,0,0,PASS,seguimiento JOIN programas
DIM-Area-2022-1-Institucion,dimensiones,dimension=Area;cohorte=2022;horizonte=1,Institucion,32143,32143,0,0,PASS,seguimiento JOIN programas
DIM-Area-2022-1-EducacionSuperior,dimensiones,dimension=Area;cohorte=2022;horizonte=1,EducacionSuperior,32143,32143,0,0,PASS,seguimiento JOIN programas
DIM-Area-2022-2-Base,dimensiones,dimension=Area;cohorte=2022;horizonte=2,Base,32143,32143,0,0,PASS,seguimiento JOIN programas
DIM-Area-2022-2-Carrera,dimensiones,dimension=Area;cohorte=2022;horizonte=2,Carrera,20142,20142,0,0,PASS,seguimiento JOIN programas
DIM-Area-2022-2-Institucion,dimensiones,dimension=Area;cohorte=2022;horizonte=2,Institucion,20555,20555,0,0,PASS,seguimiento JOIN programas
DIM-Area-2022-2-EducacionSuperior,dimensiones,dimension=Area;cohorte=2022;horizonte=2,EducacionSuperior,22103,22103,0,0,PASS,seguimiento JOIN programas
DIM-Area-2022-3-Base,dimensiones,dimension=Area;cohorte=2022;horizonte=3,Base,32143,32143,0,0,PASS,seguimiento JOIN programas
DIM-Area-2022-3-Carrera,dimensiones,dimension=Area;cohorte=2022;horizonte=3,Carrera,11806,11806,0,0,PASS,seguimiento JOIN programas
DIM-Area-2022-3-Institucion,dimensiones,dimension=Area;cohorte=2022;horizonte=3,Institucion,12893,12893,0,0,PASS,seguimiento JOIN programas
DIM-Area-2022-3-EducacionSuperior,dimensiones,dimension=Area;cohorte=2022;horizonte=3,EducacionSuperior,15590,15590,0,0,PASS,seguimiento JOIN programas
DIM-Area-2022-4-Base,dimensiones,dimension=Area;cohorte=2022;horizonte=4,Base,32143,32143,0,0,PASS,seguimiento JOIN programas
DIM-Area-2022-4-Carrera,dimensiones,dimension=Area;cohorte=2022;horizonte=4,Carrera,5713,5713,0,0,PASS,seguimiento JOIN programas
DIM-Area-2022-4-Institucion,dimensiones,dimension=Area;cohorte=2022;horizonte=4,Institucion,7201,7201,0,0,PASS,seguimiento JOIN programas
DIM-Area-2022-4-EducacionSuperior,dimensiones,dimension=Area;cohorte=2022;horizonte=4,EducacionSuperior,11007,11007,0,0,PASS,seguimiento JOIN programas
DIM-Area-2023-1-Base,dimensiones,dimension=Area;cohorte=2023;horizonte=1,Base,39218,39218,0,0,PASS,seguimiento JOIN programas
DIM-Area-2023-1-Carrera,dimensiones,dimension=Area;cohorte=2023;horizonte=1,Carrera,39218,39218,0,0,PASS,seguimiento JOIN programas
DIM-Area-2023-1-Institucion,dimensiones,dimension=Area;cohorte=2023;horizonte=1,Institucion,39218,39218,0,0,PASS,seguimiento JOIN programas
DIM-Area-2023-1-EducacionSuperior,dimensiones,dimension=Area;cohorte=2023;horizonte=1,EducacionSuperior,39218,39218,0,0,PASS,seguimiento JOIN programas
DIM-Area-2023-2-Base,dimensiones,dimension=Area;cohorte=2023;horizonte=2,Base,39218,39218,0,0,PASS,seguimiento JOIN programas
DIM-Area-2023-2-Carrera,dimensiones,dimension=Area;cohorte=2023;horizonte=2,Carrera,24297,24297,0,0,PASS,seguimiento JOIN programas
DIM-Area-2023-2-Institucion,dimensiones,dimension=Area;cohorte=2023;horizonte=2,Institucion,25113,25113,0,0,PASS,seguimiento JOIN programas
DIM-Area-2023-2-EducacionSuperior,dimensiones,dimension=Area;cohorte=2023;horizonte=2,EducacionSuperior,27139,27139,0,0,PASS,seguimiento JOIN programas
DIM-Area-2023-3-Base,dimensiones,dimension=Area;cohorte=2023;horizonte=3,Base,39218,39218,0,0,PASS,seguimiento JOIN programas
DIM-Area-2023-3-Carrera,dimensiones,dimension=Area;cohorte=2023;horizonte=3,Carrera,15032,15032,0,0,PASS,seguimiento JOIN programas
DIM-Area-2023-3-Institucion,dimensiones,dimension=Area;cohorte=2023;horizonte=3,Institucion,16398,16398,0,0,PASS,seguimiento JOIN programas
DIM-Area-2023-3-EducacionSuperior,dimensiones,dimension=Area;cohorte=2023;horizonte=3,EducacionSuperior,19836,19836,0,0,PASS,seguimiento JOIN programas
DIM-Area-2024-1-Base,dimensiones,dimension=Area;cohorte=2024;horizonte=1,Base,41056,41056,0,0,PASS,seguimiento JOIN programas
DIM-Area-2024-1-Carrera,dimensiones,dimension=Area;cohorte=2024;horizonte=1,Carrera,41056,41056,0,0,PASS,seguimiento JOIN programas
DIM-Area-2024-1-Institucion,dimensiones,dimension=Area;cohorte=2024;horizonte=1,Institucion,41056,41056,0,0,PASS,seguimiento JOIN programas
DIM-Area-2024-1-EducacionSuperior,dimensiones,dimension=Area;cohorte=2024;horizonte=1,EducacionSuperior,41056,41056,0,0,PASS,seguimiento JOIN programas
DIM-Area-2024-2-Base,dimensiones,dimension=Area;cohorte=2024;horizonte=2,Base,41056,41056,0,0,PASS,seguimiento JOIN programas
DIM-Area-2024-2-Carrera,dimensiones,dimension=Area;cohorte=2024;horizonte=2,Carrera,26470,26470,0,0,PASS,seguimiento JOIN programas
DIM-Area-2024-2-Institucion,dimensiones,dimension=Area;cohorte=2024;horizonte=2,Institucion,27111,27111,0,0,PASS,seguimiento JOIN programas
DIM-Area-2024-2-EducacionSuperior,dimensiones,dimension=Area;cohorte=2024;horizonte=2,EducacionSuperior,29383,29383,0,0,PASS,seguimiento JOIN programas
DIM-Area-2025-1-Base,dimensiones,dimension=Area;cohorte=2025;horizonte=1,Base,50233,50233,0,0,PASS,seguimiento JOIN programas
DIM-Area-2025-1-Carrera,dimensiones,dimension=Area;cohorte=2025;horizonte=1,Carrera,50233,50233,0,0,PASS,seguimiento JOIN programas
DIM-Area-2025-1-Institucion,dimensiones,dimension=Area;cohorte=2025;horizonte=1,Institucion,50233,50233,0,0,PASS,seguimiento JOIN programas
DIM-Area-2025-1-EducacionSuperior,dimensiones,dimension=Area;cohorte=2025;horizonte=1,EducacionSuperior,50233,50233,0,0,PASS,seguimiento JOIN programas
DIM-ModalidadOrigen-2011-1-Base,dimensiones,dimension=ModalidadOrigen;cohorte=2011;horizonte=1,Base,3641,3641,0,0,PASS,seguimiento JOIN programas
DIM-ModalidadOrigen-2011-1-Carrera,dimensiones,dimension=ModalidadOrigen;cohorte=2011;horizonte=1,Carrera,3641,3641,0,0,PASS,seguimiento JOIN programas
DIM-ModalidadOrigen-2011-1-Institucion,dimensiones,dimension=ModalidadOrigen;cohorte=2011;horizonte=1,Institucion,3641,3641,0,0,PASS,seguimiento JOIN programas
DIM-ModalidadOrigen-2011-1-EducacionSuperior,dimensiones,dimension=ModalidadOrigen;cohorte=2011;horizonte=1,EducacionSuperior,3641,3641,0,0,PASS,seguimiento JOIN programas
DIM-ModalidadOrigen-2011-2-Base,dimensiones,dimension=ModalidadOrigen;cohorte=2011;horizonte=2,Base,3641,3641,0,0,PASS,seguimiento JOIN programas
DIM-ModalidadOrigen-2011-2-Carrera,dimensiones,dimension=ModalidadOrigen;cohorte=2011;horizonte=2,Carrera,2162,2162,0,0,PASS,seguimiento JOIN programas
DIM-ModalidadOrigen-2011-2-Institucion,dimensiones,dimension=ModalidadOrigen;cohorte=2011;horizonte=2,Institucion,2248,2248,0,0,PASS,seguimiento JOIN programas
DIM-ModalidadOrigen-2011-2-EducacionSuperior,dimensiones,dimension=ModalidadOrigen;cohorte=2011;horizonte=2,EducacionSuperior,2446,2446,0,0,PASS,seguimiento JOIN programas
DIM-ModalidadOrigen-2011-3-Base,dimensiones,dimension=ModalidadOrigen;cohorte=2011;horizonte=3,Base,3641,3641,0,0,PASS,seguimiento JOIN programas
DIM-ModalidadOrigen-2011-3-Carrera,dimensiones,dimension=ModalidadOrigen;cohorte=2011;horizonte=3,Carrera,1395,1395,0,0,PASS,seguimiento JOIN programas
DIM-ModalidadOrigen-2011-3-Institucion,dimensiones,dimension=ModalidadOrigen;cohorte=2011;horizonte=3,Institucion,1770,1770,0,0,PASS,seguimiento JOIN programas
DIM-ModalidadOrigen-2011-3-EducacionSuperior,dimensiones,dimension=ModalidadOrigen;cohorte=2011;horizonte=3,EducacionSuperior,2159,2159,0,0,PASS,seguimiento JOIN programas
DIM-ModalidadOrigen-2011-4-Base,dimensiones,dimension=ModalidadOrigen;cohorte=2011;horizonte=4,Base,3641,3641,0,0,PASS,seguimiento JOIN programas
DIM-ModalidadOrigen-2011-4-Carrera,dimensiones,dimension=ModalidadOrigen;cohorte=2011;horizonte=4,Carrera,486,486,0,0,PASS,seguimiento JOIN programas
DIM-ModalidadOrigen-2011-4-Institucion,dimensiones,dimension=ModalidadOrigen;cohorte=2011;horizonte=4,Institucion,803,803,0,0,PASS,seguimiento JOIN programas
DIM-ModalidadOrigen-2011-4-EducacionSuperior,dimensiones,dimension=ModalidadOrigen;cohorte=2011;horizonte=4,EducacionSuperior,1367,1367,0,0,PASS,seguimiento JOIN programas
DIM-ModalidadOrigen-2011-5-Base,dimensiones,dimension=ModalidadOrigen;cohorte=2011;horizonte=5,Base,3641,3641,0,0,PASS,seguimiento JOIN programas
DIM-ModalidadOrigen-2011-5-Carrera,dimensiones,dimension=ModalidadOrigen;cohorte=2011;horizonte=5,Carrera,198,198,0,0,PASS,seguimiento JOIN programas
DIM-ModalidadOrigen-2011-5-Institucion,dimensiones,dimension=ModalidadOrigen;cohorte=2011;horizonte=5,Institucion,380,380,0,0,PASS,seguimiento JOIN programas
DIM-ModalidadOrigen-2011-5-EducacionSuperior,dimensiones,dimension=ModalidadOrigen;cohorte=2011;horizonte=5,EducacionSuperior,978,978,0,0,PASS,seguimiento JOIN programas
DIM-ModalidadOrigen-2011-6-Base,dimensiones,dimension=ModalidadOrigen;cohorte=2011;horizonte=6,Base,3641,3641,0,0,PASS,seguimiento JOIN programas
DIM-ModalidadOrigen-2011-6-Carrera,dimensiones,dimension=ModalidadOrigen;cohorte=2011;horizonte=6,Carrera,87,87,0,0,PASS,seguimiento JOIN programas
DIM-ModalidadOrigen-2011-6-Institucion,dimensiones,dimension=ModalidadOrigen;cohorte=2011;horizonte=6,Institucion,211,211,0,0,PASS,seguimiento JOIN programas
DIM-ModalidadOrigen-2011-6-EducacionSuperior,dimensiones,dimension=ModalidadOrigen;cohorte=2011;horizonte=6,EducacionSuperior,805,805,0,0,PASS,seguimiento JOIN programas
DIM-ModalidadOrigen-2011-7-Base,dimensiones,dimension=ModalidadOrigen;cohorte=2011;horizonte=7,Base,3641,3641,0,0,PASS,seguimiento JOIN programas
DIM-ModalidadOrigen-2011-7-Carrera,dimensiones,dimension=ModalidadOrigen;cohorte=2011;horizonte=7,Carrera,43,43,0,0,PASS,seguimiento JOIN programas
DIM-ModalidadOrigen-2011-7-Institucion,dimensiones,dimension=ModalidadOrigen;cohorte=2011;horizonte=7,Institucion,135,135,0,0,PASS,seguimiento JOIN programas
DIM-ModalidadOrigen-2011-7-EducacionSuperior,dimensiones,dimension=ModalidadOrigen;cohorte=2011;horizonte=7,EducacionSuperior,653,653,0,0,PASS,seguimiento JOIN programas
DIM-ModalidadOrigen-2011-8-Base,dimensiones,dimension=ModalidadOrigen;cohorte=2011;horizonte=8,Base,3641,3641,0,0,PASS,seguimiento JOIN programas
DIM-ModalidadOrigen-2011-8-Carrera,dimensiones,dimension=ModalidadOrigen;cohorte=2011;horizonte=8,Carrera,25,25,0,0,PASS,seguimiento JOIN programas
DIM-ModalidadOrigen-2011-8-Institucion,dimensiones,dimension=ModalidadOrigen;cohorte=2011;horizonte=8,Institucion,80,80,0,0,PASS,seguimiento JOIN programas
DIM-ModalidadOrigen-2011-8-EducacionSuperior,dimensiones,dimension=ModalidadOrigen;cohorte=2011;horizonte=8,EducacionSuperior,525,525,0,0,PASS,seguimiento JOIN programas
DIM-ModalidadOrigen-2011-9-Base,dimensiones,dimension=ModalidadOrigen;cohorte=2011;horizonte=9,Base,3641,3641,0,0,PASS,seguimiento JOIN programas
DIM-ModalidadOrigen-2011-9-Carrera,dimensiones,dimension=ModalidadOrigen;cohorte=2011;horizonte=9,Carrera,17,17,0,0,PASS,seguimiento JOIN programas
DIM-ModalidadOrigen-2011-9-Institucion,dimensiones,dimension=ModalidadOrigen;cohorte=2011;horizonte=9,Institucion,54,54,0,0,PASS,seguimiento JOIN programas
DIM-ModalidadOrigen-2011-9-EducacionSuperior,dimensiones,dimension=ModalidadOrigen;cohorte=2011;horizonte=9,EducacionSuperior,472,472,0,0,PASS,seguimiento JOIN programas
DIM-ModalidadOrigen-2011-10-Base,dimensiones,dimension=ModalidadOrigen;cohorte=2011;horizonte=10,Base,3641,3641,0,0,PASS,seguimiento JOIN programas
DIM-ModalidadOrigen-2011-10-Carrera,dimensiones,dimension=ModalidadOrigen;cohorte=2011;horizonte=10,Carrera,12,12,0,0,PASS,seguimiento JOIN programas
DIM-ModalidadOrigen-2011-10-Institucion,dimensiones,dimension=ModalidadOrigen;cohorte=2011;horizonte=10,Institucion,49,49,0,0,PASS,seguimiento JOIN programas
DIM-ModalidadOrigen-2011-10-EducacionSuperior,dimensiones,dimension=ModalidadOrigen;cohorte=2011;horizonte=10,EducacionSuperior,413,413,0,0,PASS,seguimiento JOIN programas
DIM-ModalidadOrigen-2011-11-Base,dimensiones,dimension=ModalidadOrigen;cohorte=2011;horizonte=11,Base,3641,3641,0,0,PASS,seguimiento JOIN programas
DIM-ModalidadOrigen-2011-11-Carrera,dimensiones,dimension=ModalidadOrigen;cohorte=2011;horizonte=11,Carrera,7,7,0,0,PASS,seguimiento JOIN programas
DIM-ModalidadOrigen-2011-11-Institucion,dimensiones,dimension=ModalidadOrigen;cohorte=2011;horizonte=11,Institucion,38,38,0,0,PASS,seguimiento JOIN programas
DIM-ModalidadOrigen-2011-11-EducacionSuperior,dimensiones,dimension=ModalidadOrigen;cohorte=2011;horizonte=11,EducacionSuperior,441,441,0,0,PASS,seguimiento JOIN programas
DIM-ModalidadOrigen-2011-12-Base,dimensiones,dimension=ModalidadOrigen;cohorte=2011;horizonte=12,Base,3641,3641,0,0,PASS,seguimiento JOIN programas
DIM-ModalidadOrigen-2011-12-Carrera,dimensiones,dimension=ModalidadOrigen;cohorte=2011;horizonte=12,Carrera,8,8,0,0,PASS,seguimiento JOIN programas
DIM-ModalidadOrigen-2011-12-Institucion,dimensiones,dimension=ModalidadOrigen;cohorte=2011;horizonte=12,Institucion,45,45,0,0,PASS,seguimiento JOIN programas
DIM-ModalidadOrigen-2011-12-EducacionSuperior,dimensiones,dimension=ModalidadOrigen;cohorte=2011;horizonte=12,EducacionSuperior,436,436,0,0,PASS,seguimiento JOIN programas
DIM-ModalidadOrigen-2011-13-Base,dimensiones,dimension=ModalidadOrigen;cohorte=2011;horizonte=13,Base,3641,3641,0,0,PASS,seguimiento JOIN programas
DIM-ModalidadOrigen-2011-13-Carrera,dimensiones,dimension=ModalidadOrigen;cohorte=2011;horizonte=13,Carrera,4,4,0,0,PASS,seguimiento JOIN programas
DIM-ModalidadOrigen-2011-13-Institucion,dimensiones,dimension=ModalidadOrigen;cohorte=2011;horizonte=13,Institucion,38,38,0,0,PASS,seguimiento JOIN programas
DIM-ModalidadOrigen-2011-13-EducacionSuperior,dimensiones,dimension=ModalidadOrigen;cohorte=2011;horizonte=13,EducacionSuperior,409,409,0,0,PASS,seguimiento JOIN programas
DIM-ModalidadOrigen-2011-14-Base,dimensiones,dimension=ModalidadOrigen;cohorte=2011;horizonte=14,Base,3641,3641,0,0,PASS,seguimiento JOIN programas
DIM-ModalidadOrigen-2011-14-Carrera,dimensiones,dimension=ModalidadOrigen;cohorte=2011;horizonte=14,Carrera,2,2,0,0,PASS,seguimiento JOIN programas
DIM-ModalidadOrigen-2011-14-Institucion,dimensiones,dimension=ModalidadOrigen;cohorte=2011;horizonte=14,Institucion,30,30,0,0,PASS,seguimiento JOIN programas
DIM-ModalidadOrigen-2011-14-EducacionSuperior,dimensiones,dimension=ModalidadOrigen;cohorte=2011;horizonte=14,EducacionSuperior,359,359,0,0,PASS,seguimiento JOIN programas
DIM-ModalidadOrigen-2011-15-Base,dimensiones,dimension=ModalidadOrigen;cohorte=2011;horizonte=15,Base,3641,3641,0,0,PASS,seguimiento JOIN programas
DIM-ModalidadOrigen-2011-15-Carrera,dimensiones,dimension=ModalidadOrigen;cohorte=2011;horizonte=15,Carrera,1,1,0,0,PASS,seguimiento JOIN programas
DIM-ModalidadOrigen-2011-15-Institucion,dimensiones,dimension=ModalidadOrigen;cohorte=2011;horizonte=15,Institucion,22,22,0,0,PASS,seguimiento JOIN programas
DIM-ModalidadOrigen-2011-15-EducacionSuperior,dimensiones,dimension=ModalidadOrigen;cohorte=2011;horizonte=15,EducacionSuperior,356,356,0,0,PASS,seguimiento JOIN programas
DIM-ModalidadOrigen-2012-1-Base,dimensiones,dimension=ModalidadOrigen;cohorte=2012;horizonte=1,Base,5183,5183,0,0,PASS,seguimiento JOIN programas
DIM-ModalidadOrigen-2012-1-Carrera,dimensiones,dimension=ModalidadOrigen;cohorte=2012;horizonte=1,Carrera,5183,5183,0,0,PASS,seguimiento JOIN programas
DIM-ModalidadOrigen-2012-1-Institucion,dimensiones,dimension=ModalidadOrigen;cohorte=2012;horizonte=1,Institucion,5183,5183,0,0,PASS,seguimiento JOIN programas
DIM-ModalidadOrigen-2012-1-EducacionSuperior,dimensiones,dimension=ModalidadOrigen;cohorte=2012;horizonte=1,EducacionSuperior,5183,5183,0,0,PASS,seguimiento JOIN programas
DIM-ModalidadOrigen-2012-2-Base,dimensiones,dimension=ModalidadOrigen;cohorte=2012;horizonte=2,Base,5183,5183,0,0,PASS,seguimiento JOIN programas
DIM-ModalidadOrigen-2012-2-Carrera,dimensiones,dimension=ModalidadOrigen;cohorte=2012;horizonte=2,Carrera,2805,2805,0,0,PASS,seguimiento JOIN programas
DIM-ModalidadOrigen-2012-2-Institucion,dimensiones,dimension=ModalidadOrigen;cohorte=2012;horizonte=2,Institucion,3233,3233,0,0,PASS,seguimiento JOIN programas
DIM-ModalidadOrigen-2012-2-EducacionSuperior,dimensiones,dimension=ModalidadOrigen;cohorte=2012;horizonte=2,EducacionSuperior,3524,3524,0,0,PASS,seguimiento JOIN programas
DIM-ModalidadOrigen-2012-3-Base,dimensiones,dimension=ModalidadOrigen;cohorte=2012;horizonte=3,Base,5183,5183,0,0,PASS,seguimiento JOIN programas
DIM-ModalidadOrigen-2012-3-Carrera,dimensiones,dimension=ModalidadOrigen;cohorte=2012;horizonte=3,Carrera,2225,2225,0,0,PASS,seguimiento JOIN programas
DIM-ModalidadOrigen-2012-3-Institucion,dimensiones,dimension=ModalidadOrigen;cohorte=2012;horizonte=3,Institucion,2661,2661,0,0,PASS,seguimiento JOIN programas
DIM-ModalidadOrigen-2012-3-EducacionSuperior,dimensiones,dimension=ModalidadOrigen;cohorte=2012;horizonte=3,EducacionSuperior,3172,3172,0,0,PASS,seguimiento JOIN programas
DIM-ModalidadOrigen-2012-4-Base,dimensiones,dimension=ModalidadOrigen;cohorte=2012;horizonte=4,Base,5183,5183,0,0,PASS,seguimiento JOIN programas
DIM-ModalidadOrigen-2012-4-Carrera,dimensiones,dimension=ModalidadOrigen;cohorte=2012;horizonte=4,Carrera,855,855,0,0,PASS,seguimiento JOIN programas
DIM-ModalidadOrigen-2012-4-Institucion,dimensiones,dimension=ModalidadOrigen;cohorte=2012;horizonte=4,Institucion,1406,1406,0,0,PASS,seguimiento JOIN programas
DIM-ModalidadOrigen-2012-4-EducacionSuperior,dimensiones,dimension=ModalidadOrigen;cohorte=2012;horizonte=4,EducacionSuperior,2116,2116,0,0,PASS,seguimiento JOIN programas
DIM-ModalidadOrigen-2012-5-Base,dimensiones,dimension=ModalidadOrigen;cohorte=2012;horizonte=5,Base,5183,5183,0,0,PASS,seguimiento JOIN programas
DIM-ModalidadOrigen-2012-5-Carrera,dimensiones,dimension=ModalidadOrigen;cohorte=2012;horizonte=5,Carrera,321,321,0,0,PASS,seguimiento JOIN programas
DIM-ModalidadOrigen-2012-5-Institucion,dimensiones,dimension=ModalidadOrigen;cohorte=2012;horizonte=5,Institucion,670,670,0,0,PASS,seguimiento JOIN programas
DIM-ModalidadOrigen-2012-5-EducacionSuperior,dimensiones,dimension=ModalidadOrigen;cohorte=2012;horizonte=5,EducacionSuperior,1439,1439,0,0,PASS,seguimiento JOIN programas
DIM-ModalidadOrigen-2012-6-Base,dimensiones,dimension=ModalidadOrigen;cohorte=2012;horizonte=6,Base,5183,5183,0,0,PASS,seguimiento JOIN programas
DIM-ModalidadOrigen-2012-6-Carrera,dimensiones,dimension=ModalidadOrigen;cohorte=2012;horizonte=6,Carrera,98,98,0,0,PASS,seguimiento JOIN programas
DIM-ModalidadOrigen-2012-6-Institucion,dimensiones,dimension=ModalidadOrigen;cohorte=2012;horizonte=6,Institucion,316,316,0,0,PASS,seguimiento JOIN programas
DIM-ModalidadOrigen-2012-6-EducacionSuperior,dimensiones,dimension=ModalidadOrigen;cohorte=2012;horizonte=6,EducacionSuperior,1050,1050,0,0,PASS,seguimiento JOIN programas
DIM-ModalidadOrigen-2012-7-Base,dimensiones,dimension=ModalidadOrigen;cohorte=2012;horizonte=7,Base,5183,5183,0,0,PASS,seguimiento JOIN programas
DIM-ModalidadOrigen-2012-7-Carrera,dimensiones,dimension=ModalidadOrigen;cohorte=2012;horizonte=7,Carrera,52,52,0,0,PASS,seguimiento JOIN programas
DIM-ModalidadOrigen-2012-7-Institucion,dimensiones,dimension=ModalidadOrigen;cohorte=2012;horizonte=7,Institucion,183,183,0,0,PASS,seguimiento JOIN programas
DIM-ModalidadOrigen-2012-7-EducacionSuperior,dimensiones,dimension=ModalidadOrigen;cohorte=2012;horizonte=7,EducacionSuperior,825,825,0,0,PASS,seguimiento JOIN programas
DIM-ModalidadOrigen-2012-8-Base,dimensiones,dimension=ModalidadOrigen;cohorte=2012;horizonte=8,Base,5183,5183,0,0,PASS,seguimiento JOIN programas
DIM-ModalidadOrigen-2012-8-Carrera,dimensiones,dimension=ModalidadOrigen;cohorte=2012;horizonte=8,Carrera,32,32,0,0,PASS,seguimiento JOIN programas
DIM-ModalidadOrigen-2012-8-Institucion,dimensiones,dimension=ModalidadOrigen;cohorte=2012;horizonte=8,Institucion,132,132,0,0,PASS,seguimiento JOIN programas
DIM-ModalidadOrigen-2012-8-EducacionSuperior,dimensiones,dimension=ModalidadOrigen;cohorte=2012;horizonte=8,EducacionSuperior,693,693,0,0,PASS,seguimiento JOIN programas
DIM-ModalidadOrigen-2012-9-Base,dimensiones,dimension=ModalidadOrigen;cohorte=2012;horizonte=9,Base,5183,5183,0,0,PASS,seguimiento JOIN programas
DIM-ModalidadOrigen-2012-9-Carrera,dimensiones,dimension=ModalidadOrigen;cohorte=2012;horizonte=9,Carrera,20,20,0,0,PASS,seguimiento JOIN programas
DIM-ModalidadOrigen-2012-9-Institucion,dimensiones,dimension=ModalidadOrigen;cohorte=2012;horizonte=9,Institucion,82,82,0,0,PASS,seguimiento JOIN programas
DIM-ModalidadOrigen-2012-9-EducacionSuperior,dimensiones,dimension=ModalidadOrigen;cohorte=2012;horizonte=9,EducacionSuperior,579,579,0,0,PASS,seguimiento JOIN programas
DIM-ModalidadOrigen-2012-10-Base,dimensiones,dimension=ModalidadOrigen;cohorte=2012;horizonte=10,Base,5183,5183,0,0,PASS,seguimiento JOIN programas
DIM-ModalidadOrigen-2012-10-Carrera,dimensiones,dimension=ModalidadOrigen;cohorte=2012;horizonte=10,Carrera,13,13,0,0,PASS,seguimiento JOIN programas
DIM-ModalidadOrigen-2012-10-Institucion,dimensiones,dimension=ModalidadOrigen;cohorte=2012;horizonte=10,Institucion,93,93,0,0,PASS,seguimiento JOIN programas
DIM-ModalidadOrigen-2012-10-EducacionSuperior,dimensiones,dimension=ModalidadOrigen;cohorte=2012;horizonte=10,EducacionSuperior,629,629,0,0,PASS,seguimiento JOIN programas
DIM-ModalidadOrigen-2012-11-Base,dimensiones,dimension=ModalidadOrigen;cohorte=2012;horizonte=11,Base,5183,5183,0,0,PASS,seguimiento JOIN programas
DIM-ModalidadOrigen-2012-11-Carrera,dimensiones,dimension=ModalidadOrigen;cohorte=2012;horizonte=11,Carrera,15,15,0,0,PASS,seguimiento JOIN programas
DIM-ModalidadOrigen-2012-11-Institucion,dimensiones,dimension=ModalidadOrigen;cohorte=2012;horizonte=11,Institucion,79,79,0,0,PASS,seguimiento JOIN programas
DIM-ModalidadOrigen-2012-11-EducacionSuperior,dimensiones,dimension=ModalidadOrigen;cohorte=2012;horizonte=11,EducacionSuperior,631,631,0,0,PASS,seguimiento JOIN programas
DIM-ModalidadOrigen-2012-12-Base,dimensiones,dimension=ModalidadOrigen;cohorte=2012;horizonte=12,Base,5183,5183,0,0,PASS,seguimiento JOIN programas
DIM-ModalidadOrigen-2012-12-Carrera,dimensiones,dimension=ModalidadOrigen;cohorte=2012;horizonte=12,Carrera,13,13,0,0,PASS,seguimiento JOIN programas
DIM-ModalidadOrigen-2012-12-Institucion,dimensiones,dimension=ModalidadOrigen;cohorte=2012;horizonte=12,Institucion,73,73,0,0,PASS,seguimiento JOIN programas
DIM-ModalidadOrigen-2012-12-EducacionSuperior,dimensiones,dimension=ModalidadOrigen;cohorte=2012;horizonte=12,EducacionSuperior,590,590,0,0,PASS,seguimiento JOIN programas
DIM-ModalidadOrigen-2012-13-Base,dimensiones,dimension=ModalidadOrigen;cohorte=2012;horizonte=13,Base,5183,5183,0,0,PASS,seguimiento JOIN programas
DIM-ModalidadOrigen-2012-13-Carrera,dimensiones,dimension=ModalidadOrigen;cohorte=2012;horizonte=13,Carrera,9,9,0,0,PASS,seguimiento JOIN programas
DIM-ModalidadOrigen-2012-13-Institucion,dimensiones,dimension=ModalidadOrigen;cohorte=2012;horizonte=13,Institucion,54,54,0,0,PASS,seguimiento JOIN programas
DIM-ModalidadOrigen-2012-13-EducacionSuperior,dimensiones,dimension=ModalidadOrigen;cohorte=2012;horizonte=13,EducacionSuperior,568,568,0,0,PASS,seguimiento JOIN programas
DIM-ModalidadOrigen-2012-14-Base,dimensiones,dimension=ModalidadOrigen;cohorte=2012;horizonte=14,Base,5183,5183,0,0,PASS,seguimiento JOIN programas
DIM-ModalidadOrigen-2012-14-Carrera,dimensiones,dimension=ModalidadOrigen;cohorte=2012;horizonte=14,Carrera,2,2,0,0,PASS,seguimiento JOIN programas
DIM-ModalidadOrigen-2012-14-Institucion,dimensiones,dimension=ModalidadOrigen;cohorte=2012;horizonte=14,Institucion,43,43,0,0,PASS,seguimiento JOIN programas
DIM-ModalidadOrigen-2012-14-EducacionSuperior,dimensiones,dimension=ModalidadOrigen;cohorte=2012;horizonte=14,EducacionSuperior,554,554,0,0,PASS,seguimiento JOIN programas
DIM-ModalidadOrigen-2013-1-Base,dimensiones,dimension=ModalidadOrigen;cohorte=2013;horizonte=1,Base,8312,8312,0,0,PASS,seguimiento JOIN programas
DIM-ModalidadOrigen-2013-1-Carrera,dimensiones,dimension=ModalidadOrigen;cohorte=2013;horizonte=1,Carrera,8312,8312,0,0,PASS,seguimiento JOIN programas
DIM-ModalidadOrigen-2013-1-Institucion,dimensiones,dimension=ModalidadOrigen;cohorte=2013;horizonte=1,Institucion,8312,8312,0,0,PASS,seguimiento JOIN programas
DIM-ModalidadOrigen-2013-1-EducacionSuperior,dimensiones,dimension=ModalidadOrigen;cohorte=2013;horizonte=1,EducacionSuperior,8312,8312,0,0,PASS,seguimiento JOIN programas
DIM-ModalidadOrigen-2013-2-Base,dimensiones,dimension=ModalidadOrigen;cohorte=2013;horizonte=2,Base,8312,8312,0,0,PASS,seguimiento JOIN programas
DIM-ModalidadOrigen-2013-2-Carrera,dimensiones,dimension=ModalidadOrigen;cohorte=2013;horizonte=2,Carrera,4210,4210,0,0,PASS,seguimiento JOIN programas
DIM-ModalidadOrigen-2013-2-Institucion,dimensiones,dimension=ModalidadOrigen;cohorte=2013;horizonte=2,Institucion,5178,5178,0,0,PASS,seguimiento JOIN programas
DIM-ModalidadOrigen-2013-2-EducacionSuperior,dimensiones,dimension=ModalidadOrigen;cohorte=2013;horizonte=2,EducacionSuperior,5626,5626,0,0,PASS,seguimiento JOIN programas
DIM-ModalidadOrigen-2013-3-Base,dimensiones,dimension=ModalidadOrigen;cohorte=2013;horizonte=3,Base,8312,8312,0,0,PASS,seguimiento JOIN programas
DIM-ModalidadOrigen-2013-3-Carrera,dimensiones,dimension=ModalidadOrigen;cohorte=2013;horizonte=3,Carrera,2951,2951,0,0,PASS,seguimiento JOIN programas
DIM-ModalidadOrigen-2013-3-Institucion,dimensiones,dimension=ModalidadOrigen;cohorte=2013;horizonte=3,Institucion,3942,3942,0,0,PASS,seguimiento JOIN programas
DIM-ModalidadOrigen-2013-3-EducacionSuperior,dimensiones,dimension=ModalidadOrigen;cohorte=2013;horizonte=3,EducacionSuperior,4760,4760,0,0,PASS,seguimiento JOIN programas
DIM-ModalidadOrigen-2013-4-Base,dimensiones,dimension=ModalidadOrigen;cohorte=2013;horizonte=4,Base,8312,8312,0,0,PASS,seguimiento JOIN programas
DIM-ModalidadOrigen-2013-4-Carrera,dimensiones,dimension=ModalidadOrigen;cohorte=2013;horizonte=4,Carrera,1086,1086,0,0,PASS,seguimiento JOIN programas
DIM-ModalidadOrigen-2013-4-Institucion,dimensiones,dimension=ModalidadOrigen;cohorte=2013;horizonte=4,Institucion,2044,2044,0,0,PASS,seguimiento JOIN programas
DIM-ModalidadOrigen-2013-4-EducacionSuperior,dimensiones,dimension=ModalidadOrigen;cohorte=2013;horizonte=4,EducacionSuperior,3144,3144,0,0,PASS,seguimiento JOIN programas
DIM-ModalidadOrigen-2013-5-Base,dimensiones,dimension=ModalidadOrigen;cohorte=2013;horizonte=5,Base,8312,8312,0,0,PASS,seguimiento JOIN programas
DIM-ModalidadOrigen-2013-5-Carrera,dimensiones,dimension=ModalidadOrigen;cohorte=2013;horizonte=5,Carrera,397,397,0,0,PASS,seguimiento JOIN programas
DIM-ModalidadOrigen-2013-5-Institucion,dimensiones,dimension=ModalidadOrigen;cohorte=2013;horizonte=5,Institucion,977,977,0,0,PASS,seguimiento JOIN programas
DIM-ModalidadOrigen-2013-5-EducacionSuperior,dimensiones,dimension=ModalidadOrigen;cohorte=2013;horizonte=5,EducacionSuperior,2062,2062,0,0,PASS,seguimiento JOIN programas
DIM-ModalidadOrigen-2013-6-Base,dimensiones,dimension=ModalidadOrigen;cohorte=2013;horizonte=6,Base,8312,8312,0,0,PASS,seguimiento JOIN programas
DIM-ModalidadOrigen-2013-6-Carrera,dimensiones,dimension=ModalidadOrigen;cohorte=2013;horizonte=6,Carrera,147,147,0,0,PASS,seguimiento JOIN programas
DIM-ModalidadOrigen-2013-6-Institucion,dimensiones,dimension=ModalidadOrigen;cohorte=2013;horizonte=6,Institucion,460,460,0,0,PASS,seguimiento JOIN programas
DIM-ModalidadOrigen-2013-6-EducacionSuperior,dimensiones,dimension=ModalidadOrigen;cohorte=2013;horizonte=6,EducacionSuperior,1482,1482,0,0,PASS,seguimiento JOIN programas
DIM-ModalidadOrigen-2013-7-Base,dimensiones,dimension=ModalidadOrigen;cohorte=2013;horizonte=7,Base,8312,8312,0,0,PASS,seguimiento JOIN programas
DIM-ModalidadOrigen-2013-7-Carrera,dimensiones,dimension=ModalidadOrigen;cohorte=2013;horizonte=7,Carrera,61,61,0,0,PASS,seguimiento JOIN programas
DIM-ModalidadOrigen-2013-7-Institucion,dimensiones,dimension=ModalidadOrigen;cohorte=2013;horizonte=7,Institucion,296,296,0,0,PASS,seguimiento JOIN programas
DIM-ModalidadOrigen-2013-7-EducacionSuperior,dimensiones,dimension=ModalidadOrigen;cohorte=2013;horizonte=7,EducacionSuperior,1224,1224,0,0,PASS,seguimiento JOIN programas
DIM-ModalidadOrigen-2013-8-Base,dimensiones,dimension=ModalidadOrigen;cohorte=2013;horizonte=8,Base,8312,8312,0,0,PASS,seguimiento JOIN programas
DIM-ModalidadOrigen-2013-8-Carrera,dimensiones,dimension=ModalidadOrigen;cohorte=2013;horizonte=8,Carrera,38,38,0,0,PASS,seguimiento JOIN programas
DIM-ModalidadOrigen-2013-8-Institucion,dimensiones,dimension=ModalidadOrigen;cohorte=2013;horizonte=8,Institucion,204,204,0,0,PASS,seguimiento JOIN programas
DIM-ModalidadOrigen-2013-8-EducacionSuperior,dimensiones,dimension=ModalidadOrigen;cohorte=2013;horizonte=8,EducacionSuperior,1036,1036,0,0,PASS,seguimiento JOIN programas
DIM-ModalidadOrigen-2013-9-Base,dimensiones,dimension=ModalidadOrigen;cohorte=2013;horizonte=9,Base,8312,8312,0,0,PASS,seguimiento JOIN programas
DIM-ModalidadOrigen-2013-9-Carrera,dimensiones,dimension=ModalidadOrigen;cohorte=2013;horizonte=9,Carrera,33,33,0,0,PASS,seguimiento JOIN programas
DIM-ModalidadOrigen-2013-9-Institucion,dimensiones,dimension=ModalidadOrigen;cohorte=2013;horizonte=9,Institucion,151,151,0,0,PASS,seguimiento JOIN programas
DIM-ModalidadOrigen-2013-9-EducacionSuperior,dimensiones,dimension=ModalidadOrigen;cohorte=2013;horizonte=9,EducacionSuperior,1106,1106,0,0,PASS,seguimiento JOIN programas
DIM-ModalidadOrigen-2013-10-Base,dimensiones,dimension=ModalidadOrigen;cohorte=2013;horizonte=10,Base,8312,8312,0,0,PASS,seguimiento JOIN programas
DIM-ModalidadOrigen-2013-10-Carrera,dimensiones,dimension=ModalidadOrigen;cohorte=2013;horizonte=10,Carrera,27,27,0,0,PASS,seguimiento JOIN programas
DIM-ModalidadOrigen-2013-10-Institucion,dimensiones,dimension=ModalidadOrigen;cohorte=2013;horizonte=10,Institucion,127,127,0,0,PASS,seguimiento JOIN programas
DIM-ModalidadOrigen-2013-10-EducacionSuperior,dimensiones,dimension=ModalidadOrigen;cohorte=2013;horizonte=10,EducacionSuperior,1028,1028,0,0,PASS,seguimiento JOIN programas
DIM-ModalidadOrigen-2013-11-Base,dimensiones,dimension=ModalidadOrigen;cohorte=2013;horizonte=11,Base,8312,8312,0,0,PASS,seguimiento JOIN programas
DIM-ModalidadOrigen-2013-11-Carrera,dimensiones,dimension=ModalidadOrigen;cohorte=2013;horizonte=11,Carrera,23,23,0,0,PASS,seguimiento JOIN programas
DIM-ModalidadOrigen-2013-11-Institucion,dimensiones,dimension=ModalidadOrigen;cohorte=2013;horizonte=11,Institucion,127,127,0,0,PASS,seguimiento JOIN programas
DIM-ModalidadOrigen-2013-11-EducacionSuperior,dimensiones,dimension=ModalidadOrigen;cohorte=2013;horizonte=11,EducacionSuperior,990,990,0,0,PASS,seguimiento JOIN programas
DIM-ModalidadOrigen-2013-12-Base,dimensiones,dimension=ModalidadOrigen;cohorte=2013;horizonte=12,Base,8312,8312,0,0,PASS,seguimiento JOIN programas
DIM-ModalidadOrigen-2013-12-Carrera,dimensiones,dimension=ModalidadOrigen;cohorte=2013;horizonte=12,Carrera,17,17,0,0,PASS,seguimiento JOIN programas
DIM-ModalidadOrigen-2013-12-Institucion,dimensiones,dimension=ModalidadOrigen;cohorte=2013;horizonte=12,Institucion,90,90,0,0,PASS,seguimiento JOIN programas
DIM-ModalidadOrigen-2013-12-EducacionSuperior,dimensiones,dimension=ModalidadOrigen;cohorte=2013;horizonte=12,EducacionSuperior,909,909,0,0,PASS,seguimiento JOIN programas
DIM-ModalidadOrigen-2013-13-Base,dimensiones,dimension=ModalidadOrigen;cohorte=2013;horizonte=13,Base,8312,8312,0,0,PASS,seguimiento JOIN programas
DIM-ModalidadOrigen-2013-13-Carrera,dimensiones,dimension=ModalidadOrigen;cohorte=2013;horizonte=13,Carrera,10,10,0,0,PASS,seguimiento JOIN programas
DIM-ModalidadOrigen-2013-13-Institucion,dimensiones,dimension=ModalidadOrigen;cohorte=2013;horizonte=13,Institucion,68,68,0,0,PASS,seguimiento JOIN programas
DIM-ModalidadOrigen-2013-13-EducacionSuperior,dimensiones,dimension=ModalidadOrigen;cohorte=2013;horizonte=13,EducacionSuperior,902,902,0,0,PASS,seguimiento JOIN programas
DIM-ModalidadOrigen-2014-1-Base,dimensiones,dimension=ModalidadOrigen;cohorte=2014;horizonte=1,Base,11812,11812,0,0,PASS,seguimiento JOIN programas
DIM-ModalidadOrigen-2014-1-Carrera,dimensiones,dimension=ModalidadOrigen;cohorte=2014;horizonte=1,Carrera,11812,11812,0,0,PASS,seguimiento JOIN programas
DIM-ModalidadOrigen-2014-1-Institucion,dimensiones,dimension=ModalidadOrigen;cohorte=2014;horizonte=1,Institucion,11812,11812,0,0,PASS,seguimiento JOIN programas
DIM-ModalidadOrigen-2014-1-EducacionSuperior,dimensiones,dimension=ModalidadOrigen;cohorte=2014;horizonte=1,EducacionSuperior,11812,11812,0,0,PASS,seguimiento JOIN programas
DIM-ModalidadOrigen-2014-2-Base,dimensiones,dimension=ModalidadOrigen;cohorte=2014;horizonte=2,Base,11812,11812,0,0,PASS,seguimiento JOIN programas
DIM-ModalidadOrigen-2014-2-Carrera,dimensiones,dimension=ModalidadOrigen;cohorte=2014;horizonte=2,Carrera,6721,6721,0,0,PASS,seguimiento JOIN programas
DIM-ModalidadOrigen-2014-2-Institucion,dimensiones,dimension=ModalidadOrigen;cohorte=2014;horizonte=2,Institucion,7042,7042,0,0,PASS,seguimiento JOIN programas
DIM-ModalidadOrigen-2014-2-EducacionSuperior,dimensiones,dimension=ModalidadOrigen;cohorte=2014;horizonte=2,EducacionSuperior,7667,7667,0,0,PASS,seguimiento JOIN programas
DIM-ModalidadOrigen-2014-3-Base,dimensiones,dimension=ModalidadOrigen;cohorte=2014;horizonte=3,Base,11812,11812,0,0,PASS,seguimiento JOIN programas
DIM-ModalidadOrigen-2014-3-Carrera,dimensiones,dimension=ModalidadOrigen;cohorte=2014;horizonte=3,Carrera,4187,4187,0,0,PASS,seguimiento JOIN programas
DIM-ModalidadOrigen-2014-3-Institucion,dimensiones,dimension=ModalidadOrigen;cohorte=2014;horizonte=3,Institucion,4966,4966,0,0,PASS,seguimiento JOIN programas
DIM-ModalidadOrigen-2014-3-EducacionSuperior,dimensiones,dimension=ModalidadOrigen;cohorte=2014;horizonte=3,EducacionSuperior,6085,6085,0,0,PASS,seguimiento JOIN programas
DIM-ModalidadOrigen-2014-4-Base,dimensiones,dimension=ModalidadOrigen;cohorte=2014;horizonte=4,Base,11812,11812,0,0,PASS,seguimiento JOIN programas
DIM-ModalidadOrigen-2014-4-Carrera,dimensiones,dimension=ModalidadOrigen;cohorte=2014;horizonte=4,Carrera,1299,1299,0,0,PASS,seguimiento JOIN programas
DIM-ModalidadOrigen-2014-4-Institucion,dimensiones,dimension=ModalidadOrigen;cohorte=2014;horizonte=4,Institucion,2440,2440,0,0,PASS,seguimiento JOIN programas
DIM-ModalidadOrigen-2014-4-EducacionSuperior,dimensiones,dimension=ModalidadOrigen;cohorte=2014;horizonte=4,EducacionSuperior,3896,3896,0,0,PASS,seguimiento JOIN programas
DIM-ModalidadOrigen-2014-5-Base,dimensiones,dimension=ModalidadOrigen;cohorte=2014;horizonte=5,Base,11812,11812,0,0,PASS,seguimiento JOIN programas
DIM-ModalidadOrigen-2014-5-Carrera,dimensiones,dimension=ModalidadOrigen;cohorte=2014;horizonte=5,Carrera,548,548,0,0,PASS,seguimiento JOIN programas
DIM-ModalidadOrigen-2014-5-Institucion,dimensiones,dimension=ModalidadOrigen;cohorte=2014;horizonte=5,Institucion,1211,1211,0,0,PASS,seguimiento JOIN programas
DIM-ModalidadOrigen-2014-5-EducacionSuperior,dimensiones,dimension=ModalidadOrigen;cohorte=2014;horizonte=5,EducacionSuperior,2583,2583,0,0,PASS,seguimiento JOIN programas
DIM-ModalidadOrigen-2014-6-Base,dimensiones,dimension=ModalidadOrigen;cohorte=2014;horizonte=6,Base,11812,11812,0,0,PASS,seguimiento JOIN programas
DIM-ModalidadOrigen-2014-6-Carrera,dimensiones,dimension=ModalidadOrigen;cohorte=2014;horizonte=6,Carrera,206,206,0,0,PASS,seguimiento JOIN programas
DIM-ModalidadOrigen-2014-6-Institucion,dimensiones,dimension=ModalidadOrigen;cohorte=2014;horizonte=6,Institucion,570,570,0,0,PASS,seguimiento JOIN programas
DIM-ModalidadOrigen-2014-6-EducacionSuperior,dimensiones,dimension=ModalidadOrigen;cohorte=2014;horizonte=6,EducacionSuperior,1911,1911,0,0,PASS,seguimiento JOIN programas
DIM-ModalidadOrigen-2014-7-Base,dimensiones,dimension=ModalidadOrigen;cohorte=2014;horizonte=7,Base,11812,11812,0,0,PASS,seguimiento JOIN programas
DIM-ModalidadOrigen-2014-7-Carrera,dimensiones,dimension=ModalidadOrigen;cohorte=2014;horizonte=7,Carrera,81,81,0,0,PASS,seguimiento JOIN programas
DIM-ModalidadOrigen-2014-7-Institucion,dimensiones,dimension=ModalidadOrigen;cohorte=2014;horizonte=7,Institucion,291,291,0,0,PASS,seguimiento JOIN programas
DIM-ModalidadOrigen-2014-7-EducacionSuperior,dimensiones,dimension=ModalidadOrigen;cohorte=2014;horizonte=7,EducacionSuperior,1500,1500,0,0,PASS,seguimiento JOIN programas
DIM-ModalidadOrigen-2014-8-Base,dimensiones,dimension=ModalidadOrigen;cohorte=2014;horizonte=8,Base,11812,11812,0,0,PASS,seguimiento JOIN programas
DIM-ModalidadOrigen-2014-8-Carrera,dimensiones,dimension=ModalidadOrigen;cohorte=2014;horizonte=8,Carrera,67,67,0,0,PASS,seguimiento JOIN programas
DIM-ModalidadOrigen-2014-8-Institucion,dimensiones,dimension=ModalidadOrigen;cohorte=2014;horizonte=8,Institucion,256,256,0,0,PASS,seguimiento JOIN programas
DIM-ModalidadOrigen-2014-8-EducacionSuperior,dimensiones,dimension=ModalidadOrigen;cohorte=2014;horizonte=8,EducacionSuperior,1638,1638,0,0,PASS,seguimiento JOIN programas
DIM-ModalidadOrigen-2014-9-Base,dimensiones,dimension=ModalidadOrigen;cohorte=2014;horizonte=9,Base,11812,11812,0,0,PASS,seguimiento JOIN programas
DIM-ModalidadOrigen-2014-9-Carrera,dimensiones,dimension=ModalidadOrigen;cohorte=2014;horizonte=9,Carrera,39,39,0,0,PASS,seguimiento JOIN programas
DIM-ModalidadOrigen-2014-9-Institucion,dimensiones,dimension=ModalidadOrigen;cohorte=2014;horizonte=9,Institucion,222,222,0,0,PASS,seguimiento JOIN programas
DIM-ModalidadOrigen-2014-9-EducacionSuperior,dimensiones,dimension=ModalidadOrigen;cohorte=2014;horizonte=9,EducacionSuperior,1565,1565,0,0,PASS,seguimiento JOIN programas
DIM-ModalidadOrigen-2014-10-Base,dimensiones,dimension=ModalidadOrigen;cohorte=2014;horizonte=10,Base,11812,11812,0,0,PASS,seguimiento JOIN programas
DIM-ModalidadOrigen-2014-10-Carrera,dimensiones,dimension=ModalidadOrigen;cohorte=2014;horizonte=10,Carrera,32,32,0,0,PASS,seguimiento JOIN programas
DIM-ModalidadOrigen-2014-10-Institucion,dimensiones,dimension=ModalidadOrigen;cohorte=2014;horizonte=10,Institucion,213,213,0,0,PASS,seguimiento JOIN programas
DIM-ModalidadOrigen-2014-10-EducacionSuperior,dimensiones,dimension=ModalidadOrigen;cohorte=2014;horizonte=10,EducacionSuperior,1458,1458,0,0,PASS,seguimiento JOIN programas
DIM-ModalidadOrigen-2014-11-Base,dimensiones,dimension=ModalidadOrigen;cohorte=2014;horizonte=11,Base,11812,11812,0,0,PASS,seguimiento JOIN programas
DIM-ModalidadOrigen-2014-11-Carrera,dimensiones,dimension=ModalidadOrigen;cohorte=2014;horizonte=11,Carrera,28,28,0,0,PASS,seguimiento JOIN programas
DIM-ModalidadOrigen-2014-11-Institucion,dimensiones,dimension=ModalidadOrigen;cohorte=2014;horizonte=11,Institucion,176,176,0,0,PASS,seguimiento JOIN programas
DIM-ModalidadOrigen-2014-11-EducacionSuperior,dimensiones,dimension=ModalidadOrigen;cohorte=2014;horizonte=11,EducacionSuperior,1413,1413,0,0,PASS,seguimiento JOIN programas
DIM-ModalidadOrigen-2014-12-Base,dimensiones,dimension=ModalidadOrigen;cohorte=2014;horizonte=12,Base,11812,11812,0,0,PASS,seguimiento JOIN programas
DIM-ModalidadOrigen-2014-12-Carrera,dimensiones,dimension=ModalidadOrigen;cohorte=2014;horizonte=12,Carrera,16,16,0,0,PASS,seguimiento JOIN programas
DIM-ModalidadOrigen-2014-12-Institucion,dimensiones,dimension=ModalidadOrigen;cohorte=2014;horizonte=12,Institucion,135,135,0,0,PASS,seguimiento JOIN programas
DIM-ModalidadOrigen-2014-12-EducacionSuperior,dimensiones,dimension=ModalidadOrigen;cohorte=2014;horizonte=12,EducacionSuperior,1371,1371,0,0,PASS,seguimiento JOIN programas
DIM-ModalidadOrigen-2015-1-Base,dimensiones,dimension=ModalidadOrigen;cohorte=2015;horizonte=1,Base,11982,11982,0,0,PASS,seguimiento JOIN programas
DIM-ModalidadOrigen-2015-1-Carrera,dimensiones,dimension=ModalidadOrigen;cohorte=2015;horizonte=1,Carrera,11982,11982,0,0,PASS,seguimiento JOIN programas
DIM-ModalidadOrigen-2015-1-Institucion,dimensiones,dimension=ModalidadOrigen;cohorte=2015;horizonte=1,Institucion,11982,11982,0,0,PASS,seguimiento JOIN programas
DIM-ModalidadOrigen-2015-1-EducacionSuperior,dimensiones,dimension=ModalidadOrigen;cohorte=2015;horizonte=1,EducacionSuperior,11982,11982,0,0,PASS,seguimiento JOIN programas
DIM-ModalidadOrigen-2015-2-Base,dimensiones,dimension=ModalidadOrigen;cohorte=2015;horizonte=2,Base,11982,11982,0,0,PASS,seguimiento JOIN programas
DIM-ModalidadOrigen-2015-2-Carrera,dimensiones,dimension=ModalidadOrigen;cohorte=2015;horizonte=2,Carrera,6678,6678,0,0,PASS,seguimiento JOIN programas
DIM-ModalidadOrigen-2015-2-Institucion,dimensiones,dimension=ModalidadOrigen;cohorte=2015;horizonte=2,Institucion,7008,7008,0,0,PASS,seguimiento JOIN programas
DIM-ModalidadOrigen-2015-2-EducacionSuperior,dimensiones,dimension=ModalidadOrigen;cohorte=2015;horizonte=2,EducacionSuperior,7651,7651,0,0,PASS,seguimiento JOIN programas
DIM-ModalidadOrigen-2015-3-Base,dimensiones,dimension=ModalidadOrigen;cohorte=2015;horizonte=3,Base,11982,11982,0,0,PASS,seguimiento JOIN programas
DIM-ModalidadOrigen-2015-3-Carrera,dimensiones,dimension=ModalidadOrigen;cohorte=2015;horizonte=3,Carrera,4485,4485,0,0,PASS,seguimiento JOIN programas
DIM-ModalidadOrigen-2015-3-Institucion,dimensiones,dimension=ModalidadOrigen;cohorte=2015;horizonte=3,Institucion,5245,5245,0,0,PASS,seguimiento JOIN programas
DIM-ModalidadOrigen-2015-3-EducacionSuperior,dimensiones,dimension=ModalidadOrigen;cohorte=2015;horizonte=3,EducacionSuperior,6407,6407,0,0,PASS,seguimiento JOIN programas
DIM-ModalidadOrigen-2015-4-Base,dimensiones,dimension=ModalidadOrigen;cohorte=2015;horizonte=4,Base,11982,11982,0,0,PASS,seguimiento JOIN programas
DIM-ModalidadOrigen-2015-4-Carrera,dimensiones,dimension=ModalidadOrigen;cohorte=2015;horizonte=4,Carrera,1565,1565,0,0,PASS,seguimiento JOIN programas
DIM-ModalidadOrigen-2015-4-Institucion,dimensiones,dimension=ModalidadOrigen;cohorte=2015;horizonte=4,Institucion,2642,2642,0,0,PASS,seguimiento JOIN programas
DIM-ModalidadOrigen-2015-4-EducacionSuperior,dimensiones,dimension=ModalidadOrigen;cohorte=2015;horizonte=4,EducacionSuperior,4165,4165,0,0,PASS,seguimiento JOIN programas
DIM-ModalidadOrigen-2015-5-Base,dimensiones,dimension=ModalidadOrigen;cohorte=2015;horizonte=5,Base,11982,11982,0,0,PASS,seguimiento JOIN programas
DIM-ModalidadOrigen-2015-5-Carrera,dimensiones,dimension=ModalidadOrigen;cohorte=2015;horizonte=5,Carrera,592,592,0,0,PASS,seguimiento JOIN programas
DIM-ModalidadOrigen-2015-5-Institucion,dimensiones,dimension=ModalidadOrigen;cohorte=2015;horizonte=5,Institucion,1206,1206,0,0,PASS,seguimiento JOIN programas
DIM-ModalidadOrigen-2015-5-EducacionSuperior,dimensiones,dimension=ModalidadOrigen;cohorte=2015;horizonte=5,EducacionSuperior,2701,2701,0,0,PASS,seguimiento JOIN programas
DIM-ModalidadOrigen-2015-6-Base,dimensiones,dimension=ModalidadOrigen;cohorte=2015;horizonte=6,Base,11982,11982,0,0,PASS,seguimiento JOIN programas
DIM-ModalidadOrigen-2015-6-Carrera,dimensiones,dimension=ModalidadOrigen;cohorte=2015;horizonte=6,Carrera,152,152,0,0,PASS,seguimiento JOIN programas
DIM-ModalidadOrigen-2015-6-Institucion,dimensiones,dimension=ModalidadOrigen;cohorte=2015;horizonte=6,Institucion,499,499,0,0,PASS,seguimiento JOIN programas
DIM-ModalidadOrigen-2015-6-EducacionSuperior,dimensiones,dimension=ModalidadOrigen;cohorte=2015;horizonte=6,EducacionSuperior,1880,1880,0,0,PASS,seguimiento JOIN programas
DIM-ModalidadOrigen-2015-7-Base,dimensiones,dimension=ModalidadOrigen;cohorte=2015;horizonte=7,Base,11982,11982,0,0,PASS,seguimiento JOIN programas
DIM-ModalidadOrigen-2015-7-Carrera,dimensiones,dimension=ModalidadOrigen;cohorte=2015;horizonte=7,Carrera,109,109,0,0,PASS,seguimiento JOIN programas
DIM-ModalidadOrigen-2015-7-Institucion,dimensiones,dimension=ModalidadOrigen;cohorte=2015;horizonte=7,Institucion,400,400,0,0,PASS,seguimiento JOIN programas
DIM-ModalidadOrigen-2015-7-EducacionSuperior,dimensiones,dimension=ModalidadOrigen;cohorte=2015;horizonte=7,EducacionSuperior,1913,1913,0,0,PASS,seguimiento JOIN programas
DIM-ModalidadOrigen-2015-8-Base,dimensiones,dimension=ModalidadOrigen;cohorte=2015;horizonte=8,Base,11982,11982,0,0,PASS,seguimiento JOIN programas
DIM-ModalidadOrigen-2015-8-Carrera,dimensiones,dimension=ModalidadOrigen;cohorte=2015;horizonte=8,Carrera,90,90,0,0,PASS,seguimiento JOIN programas
DIM-ModalidadOrigen-2015-8-Institucion,dimensiones,dimension=ModalidadOrigen;cohorte=2015;horizonte=8,Institucion,315,315,0,0,PASS,seguimiento JOIN programas
DIM-ModalidadOrigen-2015-8-EducacionSuperior,dimensiones,dimension=ModalidadOrigen;cohorte=2015;horizonte=8,EducacionSuperior,1791,1791,0,0,PASS,seguimiento JOIN programas
DIM-ModalidadOrigen-2015-9-Base,dimensiones,dimension=ModalidadOrigen;cohorte=2015;horizonte=9,Base,11982,11982,0,0,PASS,seguimiento JOIN programas
DIM-ModalidadOrigen-2015-9-Carrera,dimensiones,dimension=ModalidadOrigen;cohorte=2015;horizonte=9,Carrera,68,68,0,0,PASS,seguimiento JOIN programas
DIM-ModalidadOrigen-2015-9-Institucion,dimensiones,dimension=ModalidadOrigen;cohorte=2015;horizonte=9,Institucion,258,258,0,0,PASS,seguimiento JOIN programas
DIM-ModalidadOrigen-2015-9-EducacionSuperior,dimensiones,dimension=ModalidadOrigen;cohorte=2015;horizonte=9,EducacionSuperior,1671,1671,0,0,PASS,seguimiento JOIN programas
DIM-ModalidadOrigen-2015-10-Base,dimensiones,dimension=ModalidadOrigen;cohorte=2015;horizonte=10,Base,11982,11982,0,0,PASS,seguimiento JOIN programas
DIM-ModalidadOrigen-2015-10-Carrera,dimensiones,dimension=ModalidadOrigen;cohorte=2015;horizonte=10,Carrera,41,41,0,0,PASS,seguimiento JOIN programas
DIM-ModalidadOrigen-2015-10-Institucion,dimensiones,dimension=ModalidadOrigen;cohorte=2015;horizonte=10,Institucion,199,199,0,0,PASS,seguimiento JOIN programas
DIM-ModalidadOrigen-2015-10-EducacionSuperior,dimensiones,dimension=ModalidadOrigen;cohorte=2015;horizonte=10,EducacionSuperior,1541,1541,0,0,PASS,seguimiento JOIN programas
DIM-ModalidadOrigen-2015-11-Base,dimensiones,dimension=ModalidadOrigen;cohorte=2015;horizonte=11,Base,11982,11982,0,0,PASS,seguimiento JOIN programas
DIM-ModalidadOrigen-2015-11-Carrera,dimensiones,dimension=ModalidadOrigen;cohorte=2015;horizonte=11,Carrera,25,25,0,0,PASS,seguimiento JOIN programas
DIM-ModalidadOrigen-2015-11-Institucion,dimensiones,dimension=ModalidadOrigen;cohorte=2015;horizonte=11,Institucion,170,170,0,0,PASS,seguimiento JOIN programas
DIM-ModalidadOrigen-2015-11-EducacionSuperior,dimensiones,dimension=ModalidadOrigen;cohorte=2015;horizonte=11,EducacionSuperior,1474,1474,0,0,PASS,seguimiento JOIN programas
DIM-ModalidadOrigen-2016-1-Base,dimensiones,dimension=ModalidadOrigen;cohorte=2016;horizonte=1,Base,13664,13664,0,0,PASS,seguimiento JOIN programas
DIM-ModalidadOrigen-2016-1-Carrera,dimensiones,dimension=ModalidadOrigen;cohorte=2016;horizonte=1,Carrera,13664,13664,0,0,PASS,seguimiento JOIN programas
DIM-ModalidadOrigen-2016-1-Institucion,dimensiones,dimension=ModalidadOrigen;cohorte=2016;horizonte=1,Institucion,13664,13664,0,0,PASS,seguimiento JOIN programas
DIM-ModalidadOrigen-2016-1-EducacionSuperior,dimensiones,dimension=ModalidadOrigen;cohorte=2016;horizonte=1,EducacionSuperior,13664,13664,0,0,PASS,seguimiento JOIN programas
DIM-ModalidadOrigen-2016-2-Base,dimensiones,dimension=ModalidadOrigen;cohorte=2016;horizonte=2,Base,13664,13664,0,0,PASS,seguimiento JOIN programas
DIM-ModalidadOrigen-2016-2-Carrera,dimensiones,dimension=ModalidadOrigen;cohorte=2016;horizonte=2,Carrera,7905,7905,0,0,PASS,seguimiento JOIN programas
DIM-ModalidadOrigen-2016-2-Institucion,dimensiones,dimension=ModalidadOrigen;cohorte=2016;horizonte=2,Institucion,8304,8304,0,0,PASS,seguimiento JOIN programas
DIM-ModalidadOrigen-2016-2-EducacionSuperior,dimensiones,dimension=ModalidadOrigen;cohorte=2016;horizonte=2,EducacionSuperior,8896,8896,0,0,PASS,seguimiento JOIN programas
DIM-ModalidadOrigen-2016-3-Base,dimensiones,dimension=ModalidadOrigen;cohorte=2016;horizonte=3,Base,13664,13664,0,0,PASS,seguimiento JOIN programas
DIM-ModalidadOrigen-2016-3-Carrera,dimensiones,dimension=ModalidadOrigen;cohorte=2016;horizonte=3,Carrera,4462,4462,0,0,PASS,seguimiento JOIN programas
DIM-ModalidadOrigen-2016-3-Institucion,dimensiones,dimension=ModalidadOrigen;cohorte=2016;horizonte=3,Institucion,5563,5563,0,0,PASS,seguimiento JOIN programas
DIM-ModalidadOrigen-2016-3-EducacionSuperior,dimensiones,dimension=ModalidadOrigen;cohorte=2016;horizonte=3,EducacionSuperior,6669,6669,0,0,PASS,seguimiento JOIN programas
DIM-ModalidadOrigen-2016-4-Base,dimensiones,dimension=ModalidadOrigen;cohorte=2016;horizonte=4,Base,13664,13664,0,0,PASS,seguimiento JOIN programas
DIM-ModalidadOrigen-2016-4-Carrera,dimensiones,dimension=ModalidadOrigen;cohorte=2016;horizonte=4,Carrera,2245,2245,0,0,PASS,seguimiento JOIN programas
DIM-ModalidadOrigen-2016-4-Institucion,dimensiones,dimension=ModalidadOrigen;cohorte=2016;horizonte=4,Institucion,3383,3383,0,0,PASS,seguimiento JOIN programas
DIM-ModalidadOrigen-2016-4-EducacionSuperior,dimensiones,dimension=ModalidadOrigen;cohorte=2016;horizonte=4,EducacionSuperior,4733,4733,0,0,PASS,seguimiento JOIN programas
DIM-ModalidadOrigen-2016-5-Base,dimensiones,dimension=ModalidadOrigen;cohorte=2016;horizonte=5,Base,13664,13664,0,0,PASS,seguimiento JOIN programas
DIM-ModalidadOrigen-2016-5-Carrera,dimensiones,dimension=ModalidadOrigen;cohorte=2016;horizonte=5,Carrera,606,606,0,0,PASS,seguimiento JOIN programas
DIM-ModalidadOrigen-2016-5-Institucion,dimensiones,dimension=ModalidadOrigen;cohorte=2016;horizonte=5,Institucion,1249,1249,0,0,PASS,seguimiento JOIN programas
DIM-ModalidadOrigen-2016-5-EducacionSuperior,dimensiones,dimension=ModalidadOrigen;cohorte=2016;horizonte=5,EducacionSuperior,2637,2637,0,0,PASS,seguimiento JOIN programas
DIM-ModalidadOrigen-2016-6-Base,dimensiones,dimension=ModalidadOrigen;cohorte=2016;horizonte=6,Base,13664,13664,0,0,PASS,seguimiento JOIN programas
DIM-ModalidadOrigen-2016-6-Carrera,dimensiones,dimension=ModalidadOrigen;cohorte=2016;horizonte=6,Carrera,371,371,0,0,PASS,seguimiento JOIN programas
DIM-ModalidadOrigen-2016-6-Institucion,dimensiones,dimension=ModalidadOrigen;cohorte=2016;horizonte=6,Institucion,850,850,0,0,PASS,seguimiento JOIN programas
DIM-ModalidadOrigen-2016-6-EducacionSuperior,dimensiones,dimension=ModalidadOrigen;cohorte=2016;horizonte=6,EducacionSuperior,2520,2520,0,0,PASS,seguimiento JOIN programas
DIM-ModalidadOrigen-2016-7-Base,dimensiones,dimension=ModalidadOrigen;cohorte=2016;horizonte=7,Base,13664,13664,0,0,PASS,seguimiento JOIN programas
DIM-ModalidadOrigen-2016-7-Carrera,dimensiones,dimension=ModalidadOrigen;cohorte=2016;horizonte=7,Carrera,224,224,0,0,PASS,seguimiento JOIN programas
DIM-ModalidadOrigen-2016-7-Institucion,dimensiones,dimension=ModalidadOrigen;cohorte=2016;horizonte=7,Institucion,613,613,0,0,PASS,seguimiento JOIN programas
DIM-ModalidadOrigen-2016-7-EducacionSuperior,dimensiones,dimension=ModalidadOrigen;cohorte=2016;horizonte=7,EducacionSuperior,2259,2259,0,0,PASS,seguimiento JOIN programas
DIM-ModalidadOrigen-2016-8-Base,dimensiones,dimension=ModalidadOrigen;cohorte=2016;horizonte=8,Base,13664,13664,0,0,PASS,seguimiento JOIN programas
DIM-ModalidadOrigen-2016-8-Carrera,dimensiones,dimension=ModalidadOrigen;cohorte=2016;horizonte=8,Carrera,140,140,0,0,PASS,seguimiento JOIN programas
DIM-ModalidadOrigen-2016-8-Institucion,dimensiones,dimension=ModalidadOrigen;cohorte=2016;horizonte=8,Institucion,489,489,0,0,PASS,seguimiento JOIN programas
DIM-ModalidadOrigen-2016-8-EducacionSuperior,dimensiones,dimension=ModalidadOrigen;cohorte=2016;horizonte=8,EducacionSuperior,2072,2072,0,0,PASS,seguimiento JOIN programas
DIM-ModalidadOrigen-2016-9-Base,dimensiones,dimension=ModalidadOrigen;cohorte=2016;horizonte=9,Base,13664,13664,0,0,PASS,seguimiento JOIN programas
DIM-ModalidadOrigen-2016-9-Carrera,dimensiones,dimension=ModalidadOrigen;cohorte=2016;horizonte=9,Carrera,74,74,0,0,PASS,seguimiento JOIN programas
DIM-ModalidadOrigen-2016-9-Institucion,dimensiones,dimension=ModalidadOrigen;cohorte=2016;horizonte=9,Institucion,344,344,0,0,PASS,seguimiento JOIN programas
DIM-ModalidadOrigen-2016-9-EducacionSuperior,dimensiones,dimension=ModalidadOrigen;cohorte=2016;horizonte=9,EducacionSuperior,1874,1874,0,0,PASS,seguimiento JOIN programas
DIM-ModalidadOrigen-2016-10-Base,dimensiones,dimension=ModalidadOrigen;cohorte=2016;horizonte=10,Base,13664,13664,0,0,PASS,seguimiento JOIN programas
DIM-ModalidadOrigen-2016-10-Carrera,dimensiones,dimension=ModalidadOrigen;cohorte=2016;horizonte=10,Carrera,52,52,0,0,PASS,seguimiento JOIN programas
DIM-ModalidadOrigen-2016-10-Institucion,dimensiones,dimension=ModalidadOrigen;cohorte=2016;horizonte=10,Institucion,283,283,0,0,PASS,seguimiento JOIN programas
DIM-ModalidadOrigen-2016-10-EducacionSuperior,dimensiones,dimension=ModalidadOrigen;cohorte=2016;horizonte=10,EducacionSuperior,1894,1894,0,0,PASS,seguimiento JOIN programas
DIM-ModalidadOrigen-2017-1-Base,dimensiones,dimension=ModalidadOrigen;cohorte=2017;horizonte=1,Base,13882,13882,0,0,PASS,seguimiento JOIN programas
DIM-ModalidadOrigen-2017-1-Carrera,dimensiones,dimension=ModalidadOrigen;cohorte=2017;horizonte=1,Carrera,13882,13882,0,0,PASS,seguimiento JOIN programas
DIM-ModalidadOrigen-2017-1-Institucion,dimensiones,dimension=ModalidadOrigen;cohorte=2017;horizonte=1,Institucion,13882,13882,0,0,PASS,seguimiento JOIN programas
DIM-ModalidadOrigen-2017-1-EducacionSuperior,dimensiones,dimension=ModalidadOrigen;cohorte=2017;horizonte=1,EducacionSuperior,13882,13882,0,0,PASS,seguimiento JOIN programas
DIM-ModalidadOrigen-2017-2-Base,dimensiones,dimension=ModalidadOrigen;cohorte=2017;horizonte=2,Base,13882,13882,0,0,PASS,seguimiento JOIN programas
DIM-ModalidadOrigen-2017-2-Carrera,dimensiones,dimension=ModalidadOrigen;cohorte=2017;horizonte=2,Carrera,7545,7545,0,0,PASS,seguimiento JOIN programas
DIM-ModalidadOrigen-2017-2-Institucion,dimensiones,dimension=ModalidadOrigen;cohorte=2017;horizonte=2,Institucion,7825,7825,0,0,PASS,seguimiento JOIN programas
DIM-ModalidadOrigen-2017-2-EducacionSuperior,dimensiones,dimension=ModalidadOrigen;cohorte=2017;horizonte=2,EducacionSuperior,8605,8605,0,0,PASS,seguimiento JOIN programas
DIM-ModalidadOrigen-2017-3-Base,dimensiones,dimension=ModalidadOrigen;cohorte=2017;horizonte=3,Base,13882,13882,0,0,PASS,seguimiento JOIN programas
DIM-ModalidadOrigen-2017-3-Carrera,dimensiones,dimension=ModalidadOrigen;cohorte=2017;horizonte=3,Carrera,4177,4177,0,0,PASS,seguimiento JOIN programas
DIM-ModalidadOrigen-2017-3-Institucion,dimensiones,dimension=ModalidadOrigen;cohorte=2017;horizonte=3,Institucion,5000,5000,0,0,PASS,seguimiento JOIN programas
DIM-ModalidadOrigen-2017-3-EducacionSuperior,dimensiones,dimension=ModalidadOrigen;cohorte=2017;horizonte=3,EducacionSuperior,6217,6217,0,0,PASS,seguimiento JOIN programas
DIM-ModalidadOrigen-2017-4-Base,dimensiones,dimension=ModalidadOrigen;cohorte=2017;horizonte=4,Base,13882,13882,0,0,PASS,seguimiento JOIN programas
DIM-ModalidadOrigen-2017-4-Carrera,dimensiones,dimension=ModalidadOrigen;cohorte=2017;horizonte=4,Carrera,1765,1765,0,0,PASS,seguimiento JOIN programas
DIM-ModalidadOrigen-2017-4-Institucion,dimensiones,dimension=ModalidadOrigen;cohorte=2017;horizonte=4,Institucion,2664,2664,0,0,PASS,seguimiento JOIN programas
DIM-ModalidadOrigen-2017-4-EducacionSuperior,dimensiones,dimension=ModalidadOrigen;cohorte=2017;horizonte=4,EducacionSuperior,4082,4082,0,0,PASS,seguimiento JOIN programas
DIM-ModalidadOrigen-2017-5-Base,dimensiones,dimension=ModalidadOrigen;cohorte=2017;horizonte=5,Base,13882,13882,0,0,PASS,seguimiento JOIN programas
DIM-ModalidadOrigen-2017-5-Carrera,dimensiones,dimension=ModalidadOrigen;cohorte=2017;horizonte=5,Carrera,827,827,0,0,PASS,seguimiento JOIN programas
DIM-ModalidadOrigen-2017-5-Institucion,dimensiones,dimension=ModalidadOrigen;cohorte=2017;horizonte=5,Institucion,1552,1552,0,0,PASS,seguimiento JOIN programas
DIM-ModalidadOrigen-2017-5-EducacionSuperior,dimensiones,dimension=ModalidadOrigen;cohorte=2017;horizonte=5,EducacionSuperior,3306,3306,0,0,PASS,seguimiento JOIN programas
DIM-ModalidadOrigen-2017-6-Base,dimensiones,dimension=ModalidadOrigen;cohorte=2017;horizonte=6,Base,13882,13882,0,0,PASS,seguimiento JOIN programas
DIM-ModalidadOrigen-2017-6-Carrera,dimensiones,dimension=ModalidadOrigen;cohorte=2017;horizonte=6,Carrera,340,340,0,0,PASS,seguimiento JOIN programas
DIM-ModalidadOrigen-2017-6-Institucion,dimensiones,dimension=ModalidadOrigen;cohorte=2017;horizonte=6,Institucion,869,869,0,0,PASS,seguimiento JOIN programas
DIM-ModalidadOrigen-2017-6-EducacionSuperior,dimensiones,dimension=ModalidadOrigen;cohorte=2017;horizonte=6,EducacionSuperior,2741,2741,0,0,PASS,seguimiento JOIN programas
DIM-ModalidadOrigen-2017-7-Base,dimensiones,dimension=ModalidadOrigen;cohorte=2017;horizonte=7,Base,13882,13882,0,0,PASS,seguimiento JOIN programas
DIM-ModalidadOrigen-2017-7-Carrera,dimensiones,dimension=ModalidadOrigen;cohorte=2017;horizonte=7,Carrera,215,215,0,0,PASS,seguimiento JOIN programas
DIM-ModalidadOrigen-2017-7-Institucion,dimensiones,dimension=ModalidadOrigen;cohorte=2017;horizonte=7,Institucion,625,625,0,0,PASS,seguimiento JOIN programas
DIM-ModalidadOrigen-2017-7-EducacionSuperior,dimensiones,dimension=ModalidadOrigen;cohorte=2017;horizonte=7,EducacionSuperior,2415,2415,0,0,PASS,seguimiento JOIN programas
DIM-ModalidadOrigen-2017-8-Base,dimensiones,dimension=ModalidadOrigen;cohorte=2017;horizonte=8,Base,13882,13882,0,0,PASS,seguimiento JOIN programas
DIM-ModalidadOrigen-2017-8-Carrera,dimensiones,dimension=ModalidadOrigen;cohorte=2017;horizonte=8,Carrera,109,109,0,0,PASS,seguimiento JOIN programas
DIM-ModalidadOrigen-2017-8-Institucion,dimensiones,dimension=ModalidadOrigen;cohorte=2017;horizonte=8,Institucion,424,424,0,0,PASS,seguimiento JOIN programas
DIM-ModalidadOrigen-2017-8-EducacionSuperior,dimensiones,dimension=ModalidadOrigen;cohorte=2017;horizonte=8,EducacionSuperior,2185,2185,0,0,PASS,seguimiento JOIN programas
DIM-ModalidadOrigen-2017-9-Base,dimensiones,dimension=ModalidadOrigen;cohorte=2017;horizonte=9,Base,13882,13882,0,0,PASS,seguimiento JOIN programas
DIM-ModalidadOrigen-2017-9-Carrera,dimensiones,dimension=ModalidadOrigen;cohorte=2017;horizonte=9,Carrera,71,71,0,0,PASS,seguimiento JOIN programas
DIM-ModalidadOrigen-2017-9-Institucion,dimensiones,dimension=ModalidadOrigen;cohorte=2017;horizonte=9,Institucion,339,339,0,0,PASS,seguimiento JOIN programas
DIM-ModalidadOrigen-2017-9-EducacionSuperior,dimensiones,dimension=ModalidadOrigen;cohorte=2017;horizonte=9,EducacionSuperior,2176,2176,0,0,PASS,seguimiento JOIN programas
DIM-ModalidadOrigen-2018-1-Base,dimensiones,dimension=ModalidadOrigen;cohorte=2018;horizonte=1,Base,17130,17130,0,0,PASS,seguimiento JOIN programas
DIM-ModalidadOrigen-2018-1-Carrera,dimensiones,dimension=ModalidadOrigen;cohorte=2018;horizonte=1,Carrera,17130,17130,0,0,PASS,seguimiento JOIN programas
DIM-ModalidadOrigen-2018-1-Institucion,dimensiones,dimension=ModalidadOrigen;cohorte=2018;horizonte=1,Institucion,17130,17130,0,0,PASS,seguimiento JOIN programas
DIM-ModalidadOrigen-2018-1-EducacionSuperior,dimensiones,dimension=ModalidadOrigen;cohorte=2018;horizonte=1,EducacionSuperior,17130,17130,0,0,PASS,seguimiento JOIN programas
DIM-ModalidadOrigen-2018-2-Base,dimensiones,dimension=ModalidadOrigen;cohorte=2018;horizonte=2,Base,17130,17130,0,0,PASS,seguimiento JOIN programas
DIM-ModalidadOrigen-2018-2-Carrera,dimensiones,dimension=ModalidadOrigen;cohorte=2018;horizonte=2,Carrera,10087,10087,0,0,PASS,seguimiento JOIN programas
DIM-ModalidadOrigen-2018-2-Institucion,dimensiones,dimension=ModalidadOrigen;cohorte=2018;horizonte=2,Institucion,10328,10328,0,0,PASS,seguimiento JOIN programas
DIM-ModalidadOrigen-2018-2-EducacionSuperior,dimensiones,dimension=ModalidadOrigen;cohorte=2018;horizonte=2,EducacionSuperior,11041,11041,0,0,PASS,seguimiento JOIN programas
DIM-ModalidadOrigen-2018-3-Base,dimensiones,dimension=ModalidadOrigen;cohorte=2018;horizonte=3,Base,17130,17130,0,0,PASS,seguimiento JOIN programas
DIM-ModalidadOrigen-2018-3-Carrera,dimensiones,dimension=ModalidadOrigen;cohorte=2018;horizonte=3,Carrera,5901,5901,0,0,PASS,seguimiento JOIN programas
DIM-ModalidadOrigen-2018-3-Institucion,dimensiones,dimension=ModalidadOrigen;cohorte=2018;horizonte=3,Institucion,6597,6597,0,0,PASS,seguimiento JOIN programas
DIM-ModalidadOrigen-2018-3-EducacionSuperior,dimensiones,dimension=ModalidadOrigen;cohorte=2018;horizonte=3,EducacionSuperior,7863,7863,0,0,PASS,seguimiento JOIN programas
DIM-ModalidadOrigen-2018-4-Base,dimensiones,dimension=ModalidadOrigen;cohorte=2018;horizonte=4,Base,17130,17130,0,0,PASS,seguimiento JOIN programas
DIM-ModalidadOrigen-2018-4-Carrera,dimensiones,dimension=ModalidadOrigen;cohorte=2018;horizonte=4,Carrera,2568,2568,0,0,PASS,seguimiento JOIN programas
DIM-ModalidadOrigen-2018-4-Institucion,dimensiones,dimension=ModalidadOrigen;cohorte=2018;horizonte=4,Institucion,3617,3617,0,0,PASS,seguimiento JOIN programas
DIM-ModalidadOrigen-2018-4-EducacionSuperior,dimensiones,dimension=ModalidadOrigen;cohorte=2018;horizonte=4,EducacionSuperior,5556,5556,0,0,PASS,seguimiento JOIN programas
DIM-ModalidadOrigen-2018-5-Base,dimensiones,dimension=ModalidadOrigen;cohorte=2018;horizonte=5,Base,17130,17130,0,0,PASS,seguimiento JOIN programas
DIM-ModalidadOrigen-2018-5-Carrera,dimensiones,dimension=ModalidadOrigen;cohorte=2018;horizonte=5,Carrera,1069,1069,0,0,PASS,seguimiento JOIN programas
DIM-ModalidadOrigen-2018-5-Institucion,dimensiones,dimension=ModalidadOrigen;cohorte=2018;horizonte=5,Institucion,1925,1925,0,0,PASS,seguimiento JOIN programas
DIM-ModalidadOrigen-2018-5-EducacionSuperior,dimensiones,dimension=ModalidadOrigen;cohorte=2018;horizonte=5,EducacionSuperior,4054,4054,0,0,PASS,seguimiento JOIN programas
DIM-ModalidadOrigen-2018-6-Base,dimensiones,dimension=ModalidadOrigen;cohorte=2018;horizonte=6,Base,17130,17130,0,0,PASS,seguimiento JOIN programas
DIM-ModalidadOrigen-2018-6-Carrera,dimensiones,dimension=ModalidadOrigen;cohorte=2018;horizonte=6,Carrera,478,478,0,0,PASS,seguimiento JOIN programas
DIM-ModalidadOrigen-2018-6-Institucion,dimensiones,dimension=ModalidadOrigen;cohorte=2018;horizonte=6,Institucion,1138,1138,0,0,PASS,seguimiento JOIN programas
DIM-ModalidadOrigen-2018-6-EducacionSuperior,dimensiones,dimension=ModalidadOrigen;cohorte=2018;horizonte=6,EducacionSuperior,3275,3275,0,0,PASS,seguimiento JOIN programas
DIM-ModalidadOrigen-2018-7-Base,dimensiones,dimension=ModalidadOrigen;cohorte=2018;horizonte=7,Base,17130,17130,0,0,PASS,seguimiento JOIN programas
DIM-ModalidadOrigen-2018-7-Carrera,dimensiones,dimension=ModalidadOrigen;cohorte=2018;horizonte=7,Carrera,213,213,0,0,PASS,seguimiento JOIN programas
DIM-ModalidadOrigen-2018-7-Institucion,dimensiones,dimension=ModalidadOrigen;cohorte=2018;horizonte=7,Institucion,711,711,0,0,PASS,seguimiento JOIN programas
DIM-ModalidadOrigen-2018-7-EducacionSuperior,dimensiones,dimension=ModalidadOrigen;cohorte=2018;horizonte=7,EducacionSuperior,2867,2867,0,0,PASS,seguimiento JOIN programas
DIM-ModalidadOrigen-2018-8-Base,dimensiones,dimension=ModalidadOrigen;cohorte=2018;horizonte=8,Base,17130,17130,0,0,PASS,seguimiento JOIN programas
DIM-ModalidadOrigen-2018-8-Carrera,dimensiones,dimension=ModalidadOrigen;cohorte=2018;horizonte=8,Carrera,150,150,0,0,PASS,seguimiento JOIN programas
DIM-ModalidadOrigen-2018-8-Institucion,dimensiones,dimension=ModalidadOrigen;cohorte=2018;horizonte=8,Institucion,594,594,0,0,PASS,seguimiento JOIN programas
DIM-ModalidadOrigen-2018-8-EducacionSuperior,dimensiones,dimension=ModalidadOrigen;cohorte=2018;horizonte=8,EducacionSuperior,2828,2828,0,0,PASS,seguimiento JOIN programas
DIM-ModalidadOrigen-2019-1-Base,dimensiones,dimension=ModalidadOrigen;cohorte=2019;horizonte=1,Base,17822,17822,0,0,PASS,seguimiento JOIN programas
DIM-ModalidadOrigen-2019-1-Carrera,dimensiones,dimension=ModalidadOrigen;cohorte=2019;horizonte=1,Carrera,17822,17822,0,0,PASS,seguimiento JOIN programas
DIM-ModalidadOrigen-2019-1-Institucion,dimensiones,dimension=ModalidadOrigen;cohorte=2019;horizonte=1,Institucion,17822,17822,0,0,PASS,seguimiento JOIN programas
DIM-ModalidadOrigen-2019-1-EducacionSuperior,dimensiones,dimension=ModalidadOrigen;cohorte=2019;horizonte=1,EducacionSuperior,17822,17822,0,0,PASS,seguimiento JOIN programas
DIM-ModalidadOrigen-2019-2-Base,dimensiones,dimension=ModalidadOrigen;cohorte=2019;horizonte=2,Base,17822,17822,0,0,PASS,seguimiento JOIN programas
DIM-ModalidadOrigen-2019-2-Carrera,dimensiones,dimension=ModalidadOrigen;cohorte=2019;horizonte=2,Carrera,10419,10419,0,0,PASS,seguimiento JOIN programas
DIM-ModalidadOrigen-2019-2-Institucion,dimensiones,dimension=ModalidadOrigen;cohorte=2019;horizonte=2,Institucion,10661,10661,0,0,PASS,seguimiento JOIN programas
DIM-ModalidadOrigen-2019-2-EducacionSuperior,dimensiones,dimension=ModalidadOrigen;cohorte=2019;horizonte=2,EducacionSuperior,11365,11365,0,0,PASS,seguimiento JOIN programas
DIM-ModalidadOrigen-2019-3-Base,dimensiones,dimension=ModalidadOrigen;cohorte=2019;horizonte=3,Base,17822,17822,0,0,PASS,seguimiento JOIN programas
DIM-ModalidadOrigen-2019-3-Carrera,dimensiones,dimension=ModalidadOrigen;cohorte=2019;horizonte=3,Carrera,6830,6830,0,0,PASS,seguimiento JOIN programas
DIM-ModalidadOrigen-2019-3-Institucion,dimensiones,dimension=ModalidadOrigen;cohorte=2019;horizonte=3,Institucion,7619,7619,0,0,PASS,seguimiento JOIN programas
DIM-ModalidadOrigen-2019-3-EducacionSuperior,dimensiones,dimension=ModalidadOrigen;cohorte=2019;horizonte=3,EducacionSuperior,9015,9015,0,0,PASS,seguimiento JOIN programas
DIM-ModalidadOrigen-2019-4-Base,dimensiones,dimension=ModalidadOrigen;cohorte=2019;horizonte=4,Base,17822,17822,0,0,PASS,seguimiento JOIN programas
DIM-ModalidadOrigen-2019-4-Carrera,dimensiones,dimension=ModalidadOrigen;cohorte=2019;horizonte=4,Carrera,2805,2805,0,0,PASS,seguimiento JOIN programas
DIM-ModalidadOrigen-2019-4-Institucion,dimensiones,dimension=ModalidadOrigen;cohorte=2019;horizonte=4,Institucion,3920,3920,0,0,PASS,seguimiento JOIN programas
DIM-ModalidadOrigen-2019-4-EducacionSuperior,dimensiones,dimension=ModalidadOrigen;cohorte=2019;horizonte=4,EducacionSuperior,5854,5854,0,0,PASS,seguimiento JOIN programas
DIM-ModalidadOrigen-2019-5-Base,dimensiones,dimension=ModalidadOrigen;cohorte=2019;horizonte=5,Base,17822,17822,0,0,PASS,seguimiento JOIN programas
DIM-ModalidadOrigen-2019-5-Carrera,dimensiones,dimension=ModalidadOrigen;cohorte=2019;horizonte=5,Carrera,1382,1382,0,0,PASS,seguimiento JOIN programas
DIM-ModalidadOrigen-2019-5-Institucion,dimensiones,dimension=ModalidadOrigen;cohorte=2019;horizonte=5,Institucion,2369,2369,0,0,PASS,seguimiento JOIN programas
DIM-ModalidadOrigen-2019-5-EducacionSuperior,dimensiones,dimension=ModalidadOrigen;cohorte=2019;horizonte=5,EducacionSuperior,4488,4488,0,0,PASS,seguimiento JOIN programas
DIM-ModalidadOrigen-2019-6-Base,dimensiones,dimension=ModalidadOrigen;cohorte=2019;horizonte=6,Base,17822,17822,0,0,PASS,seguimiento JOIN programas
DIM-ModalidadOrigen-2019-6-Carrera,dimensiones,dimension=ModalidadOrigen;cohorte=2019;horizonte=6,Carrera,413,413,0,0,PASS,seguimiento JOIN programas
DIM-ModalidadOrigen-2019-6-Institucion,dimensiones,dimension=ModalidadOrigen;cohorte=2019;horizonte=6,Institucion,1145,1145,0,0,PASS,seguimiento JOIN programas
DIM-ModalidadOrigen-2019-6-EducacionSuperior,dimensiones,dimension=ModalidadOrigen;cohorte=2019;horizonte=6,EducacionSuperior,3392,3392,0,0,PASS,seguimiento JOIN programas
DIM-ModalidadOrigen-2019-7-Base,dimensiones,dimension=ModalidadOrigen;cohorte=2019;horizonte=7,Base,17822,17822,0,0,PASS,seguimiento JOIN programas
DIM-ModalidadOrigen-2019-7-Carrera,dimensiones,dimension=ModalidadOrigen;cohorte=2019;horizonte=7,Carrera,228,228,0,0,PASS,seguimiento JOIN programas
DIM-ModalidadOrigen-2019-7-Institucion,dimensiones,dimension=ModalidadOrigen;cohorte=2019;horizonte=7,Institucion,822,822,0,0,PASS,seguimiento JOIN programas
DIM-ModalidadOrigen-2019-7-EducacionSuperior,dimensiones,dimension=ModalidadOrigen;cohorte=2019;horizonte=7,EducacionSuperior,3204,3204,0,0,PASS,seguimiento JOIN programas
DIM-ModalidadOrigen-2020-1-Base,dimensiones,dimension=ModalidadOrigen;cohorte=2020;horizonte=1,Base,16467,16467,0,0,PASS,seguimiento JOIN programas
DIM-ModalidadOrigen-2020-1-Carrera,dimensiones,dimension=ModalidadOrigen;cohorte=2020;horizonte=1,Carrera,16467,16467,0,0,PASS,seguimiento JOIN programas
DIM-ModalidadOrigen-2020-1-Institucion,dimensiones,dimension=ModalidadOrigen;cohorte=2020;horizonte=1,Institucion,16467,16467,0,0,PASS,seguimiento JOIN programas
DIM-ModalidadOrigen-2020-1-EducacionSuperior,dimensiones,dimension=ModalidadOrigen;cohorte=2020;horizonte=1,EducacionSuperior,16467,16467,0,0,PASS,seguimiento JOIN programas
DIM-ModalidadOrigen-2020-2-Base,dimensiones,dimension=ModalidadOrigen;cohorte=2020;horizonte=2,Base,16467,16467,0,0,PASS,seguimiento JOIN programas
DIM-ModalidadOrigen-2020-2-Carrera,dimensiones,dimension=ModalidadOrigen;cohorte=2020;horizonte=2,Carrera,10794,10794,0,0,PASS,seguimiento JOIN programas
DIM-ModalidadOrigen-2020-2-Institucion,dimensiones,dimension=ModalidadOrigen;cohorte=2020;horizonte=2,Institucion,11038,11038,0,0,PASS,seguimiento JOIN programas
DIM-ModalidadOrigen-2020-2-EducacionSuperior,dimensiones,dimension=ModalidadOrigen;cohorte=2020;horizonte=2,EducacionSuperior,11811,11811,0,0,PASS,seguimiento JOIN programas
DIM-ModalidadOrigen-2020-3-Base,dimensiones,dimension=ModalidadOrigen;cohorte=2020;horizonte=3,Base,16467,16467,0,0,PASS,seguimiento JOIN programas
DIM-ModalidadOrigen-2020-3-Carrera,dimensiones,dimension=ModalidadOrigen;cohorte=2020;horizonte=3,Carrera,6499,6499,0,0,PASS,seguimiento JOIN programas
DIM-ModalidadOrigen-2020-3-Institucion,dimensiones,dimension=ModalidadOrigen;cohorte=2020;horizonte=3,Institucion,7174,7174,0,0,PASS,seguimiento JOIN programas
DIM-ModalidadOrigen-2020-3-EducacionSuperior,dimensiones,dimension=ModalidadOrigen;cohorte=2020;horizonte=3,EducacionSuperior,8456,8456,0,0,PASS,seguimiento JOIN programas
DIM-ModalidadOrigen-2020-4-Base,dimensiones,dimension=ModalidadOrigen;cohorte=2020;horizonte=4,Base,16467,16467,0,0,PASS,seguimiento JOIN programas
DIM-ModalidadOrigen-2020-4-Carrera,dimensiones,dimension=ModalidadOrigen;cohorte=2020;horizonte=4,Carrera,3266,3266,0,0,PASS,seguimiento JOIN programas
DIM-ModalidadOrigen-2020-4-Institucion,dimensiones,dimension=ModalidadOrigen;cohorte=2020;horizonte=4,Institucion,4232,4232,0,0,PASS,seguimiento JOIN programas
DIM-ModalidadOrigen-2020-4-EducacionSuperior,dimensiones,dimension=ModalidadOrigen;cohorte=2020;horizonte=4,EducacionSuperior,5927,5927,0,0,PASS,seguimiento JOIN programas
DIM-ModalidadOrigen-2020-5-Base,dimensiones,dimension=ModalidadOrigen;cohorte=2020;horizonte=5,Base,16467,16467,0,0,PASS,seguimiento JOIN programas
DIM-ModalidadOrigen-2020-5-Carrera,dimensiones,dimension=ModalidadOrigen;cohorte=2020;horizonte=5,Carrera,1399,1399,0,0,PASS,seguimiento JOIN programas
DIM-ModalidadOrigen-2020-5-Institucion,dimensiones,dimension=ModalidadOrigen;cohorte=2020;horizonte=5,Institucion,2378,2378,0,0,PASS,seguimiento JOIN programas
DIM-ModalidadOrigen-2020-5-EducacionSuperior,dimensiones,dimension=ModalidadOrigen;cohorte=2020;horizonte=5,EducacionSuperior,4426,4426,0,0,PASS,seguimiento JOIN programas
DIM-ModalidadOrigen-2020-6-Base,dimensiones,dimension=ModalidadOrigen;cohorte=2020;horizonte=6,Base,16467,16467,0,0,PASS,seguimiento JOIN programas
DIM-ModalidadOrigen-2020-6-Carrera,dimensiones,dimension=ModalidadOrigen;cohorte=2020;horizonte=6,Carrera,485,485,0,0,PASS,seguimiento JOIN programas
DIM-ModalidadOrigen-2020-6-Institucion,dimensiones,dimension=ModalidadOrigen;cohorte=2020;horizonte=6,Institucion,1207,1207,0,0,PASS,seguimiento JOIN programas
DIM-ModalidadOrigen-2020-6-EducacionSuperior,dimensiones,dimension=ModalidadOrigen;cohorte=2020;horizonte=6,EducacionSuperior,3500,3500,0,0,PASS,seguimiento JOIN programas
DIM-ModalidadOrigen-2021-1-Base,dimensiones,dimension=ModalidadOrigen;cohorte=2021;horizonte=1,Base,24932,24932,0,0,PASS,seguimiento JOIN programas
DIM-ModalidadOrigen-2021-1-Carrera,dimensiones,dimension=ModalidadOrigen;cohorte=2021;horizonte=1,Carrera,24932,24932,0,0,PASS,seguimiento JOIN programas
DIM-ModalidadOrigen-2021-1-Institucion,dimensiones,dimension=ModalidadOrigen;cohorte=2021;horizonte=1,Institucion,24932,24932,0,0,PASS,seguimiento JOIN programas
DIM-ModalidadOrigen-2021-1-EducacionSuperior,dimensiones,dimension=ModalidadOrigen;cohorte=2021;horizonte=1,EducacionSuperior,24932,24932,0,0,PASS,seguimiento JOIN programas
DIM-ModalidadOrigen-2021-2-Base,dimensiones,dimension=ModalidadOrigen;cohorte=2021;horizonte=2,Base,24932,24932,0,0,PASS,seguimiento JOIN programas
DIM-ModalidadOrigen-2021-2-Carrera,dimensiones,dimension=ModalidadOrigen;cohorte=2021;horizonte=2,Carrera,16097,16097,0,0,PASS,seguimiento JOIN programas
DIM-ModalidadOrigen-2021-2-Institucion,dimensiones,dimension=ModalidadOrigen;cohorte=2021;horizonte=2,Institucion,16452,16452,0,0,PASS,seguimiento JOIN programas
DIM-ModalidadOrigen-2021-2-EducacionSuperior,dimensiones,dimension=ModalidadOrigen;cohorte=2021;horizonte=2,EducacionSuperior,17394,17394,0,0,PASS,seguimiento JOIN programas
DIM-ModalidadOrigen-2021-3-Base,dimensiones,dimension=ModalidadOrigen;cohorte=2021;horizonte=3,Base,24932,24932,0,0,PASS,seguimiento JOIN programas
DIM-ModalidadOrigen-2021-3-Carrera,dimensiones,dimension=ModalidadOrigen;cohorte=2021;horizonte=3,Carrera,11656,11656,0,0,PASS,seguimiento JOIN programas
DIM-ModalidadOrigen-2021-3-Institucion,dimensiones,dimension=ModalidadOrigen;cohorte=2021;horizonte=3,Institucion,12415,12415,0,0,PASS,seguimiento JOIN programas
DIM-ModalidadOrigen-2021-3-EducacionSuperior,dimensiones,dimension=ModalidadOrigen;cohorte=2021;horizonte=3,EducacionSuperior,14025,14025,0,0,PASS,seguimiento JOIN programas
DIM-ModalidadOrigen-2021-4-Base,dimensiones,dimension=ModalidadOrigen;cohorte=2021;horizonte=4,Base,24932,24932,0,0,PASS,seguimiento JOIN programas
DIM-ModalidadOrigen-2021-4-Carrera,dimensiones,dimension=ModalidadOrigen;cohorte=2021;horizonte=4,Carrera,4320,4320,0,0,PASS,seguimiento JOIN programas
DIM-ModalidadOrigen-2021-4-Institucion,dimensiones,dimension=ModalidadOrigen;cohorte=2021;horizonte=4,Institucion,5596,5596,0,0,PASS,seguimiento JOIN programas
DIM-ModalidadOrigen-2021-4-EducacionSuperior,dimensiones,dimension=ModalidadOrigen;cohorte=2021;horizonte=4,EducacionSuperior,8016,8016,0,0,PASS,seguimiento JOIN programas
DIM-ModalidadOrigen-2021-5-Base,dimensiones,dimension=ModalidadOrigen;cohorte=2021;horizonte=5,Base,24932,24932,0,0,PASS,seguimiento JOIN programas
DIM-ModalidadOrigen-2021-5-Carrera,dimensiones,dimension=ModalidadOrigen;cohorte=2021;horizonte=5,Carrera,1958,1958,0,0,PASS,seguimiento JOIN programas
DIM-ModalidadOrigen-2021-5-Institucion,dimensiones,dimension=ModalidadOrigen;cohorte=2021;horizonte=5,Institucion,3355,3355,0,0,PASS,seguimiento JOIN programas
DIM-ModalidadOrigen-2021-5-EducacionSuperior,dimensiones,dimension=ModalidadOrigen;cohorte=2021;horizonte=5,EducacionSuperior,6392,6392,0,0,PASS,seguimiento JOIN programas
DIM-ModalidadOrigen-2022-1-Base,dimensiones,dimension=ModalidadOrigen;cohorte=2022;horizonte=1,Base,32143,32143,0,0,PASS,seguimiento JOIN programas
DIM-ModalidadOrigen-2022-1-Carrera,dimensiones,dimension=ModalidadOrigen;cohorte=2022;horizonte=1,Carrera,32143,32143,0,0,PASS,seguimiento JOIN programas
DIM-ModalidadOrigen-2022-1-Institucion,dimensiones,dimension=ModalidadOrigen;cohorte=2022;horizonte=1,Institucion,32143,32143,0,0,PASS,seguimiento JOIN programas
DIM-ModalidadOrigen-2022-1-EducacionSuperior,dimensiones,dimension=ModalidadOrigen;cohorte=2022;horizonte=1,EducacionSuperior,32143,32143,0,0,PASS,seguimiento JOIN programas
DIM-ModalidadOrigen-2022-2-Base,dimensiones,dimension=ModalidadOrigen;cohorte=2022;horizonte=2,Base,32143,32143,0,0,PASS,seguimiento JOIN programas
DIM-ModalidadOrigen-2022-2-Carrera,dimensiones,dimension=ModalidadOrigen;cohorte=2022;horizonte=2,Carrera,20142,20142,0,0,PASS,seguimiento JOIN programas
DIM-ModalidadOrigen-2022-2-Institucion,dimensiones,dimension=ModalidadOrigen;cohorte=2022;horizonte=2,Institucion,20555,20555,0,0,PASS,seguimiento JOIN programas
DIM-ModalidadOrigen-2022-2-EducacionSuperior,dimensiones,dimension=ModalidadOrigen;cohorte=2022;horizonte=2,EducacionSuperior,22103,22103,0,0,PASS,seguimiento JOIN programas
DIM-ModalidadOrigen-2022-3-Base,dimensiones,dimension=ModalidadOrigen;cohorte=2022;horizonte=3,Base,32143,32143,0,0,PASS,seguimiento JOIN programas
DIM-ModalidadOrigen-2022-3-Carrera,dimensiones,dimension=ModalidadOrigen;cohorte=2022;horizonte=3,Carrera,11806,11806,0,0,PASS,seguimiento JOIN programas
DIM-ModalidadOrigen-2022-3-Institucion,dimensiones,dimension=ModalidadOrigen;cohorte=2022;horizonte=3,Institucion,12893,12893,0,0,PASS,seguimiento JOIN programas
DIM-ModalidadOrigen-2022-3-EducacionSuperior,dimensiones,dimension=ModalidadOrigen;cohorte=2022;horizonte=3,EducacionSuperior,15590,15590,0,0,PASS,seguimiento JOIN programas
DIM-ModalidadOrigen-2022-4-Base,dimensiones,dimension=ModalidadOrigen;cohorte=2022;horizonte=4,Base,32143,32143,0,0,PASS,seguimiento JOIN programas
DIM-ModalidadOrigen-2022-4-Carrera,dimensiones,dimension=ModalidadOrigen;cohorte=2022;horizonte=4,Carrera,5713,5713,0,0,PASS,seguimiento JOIN programas
DIM-ModalidadOrigen-2022-4-Institucion,dimensiones,dimension=ModalidadOrigen;cohorte=2022;horizonte=4,Institucion,7201,7201,0,0,PASS,seguimiento JOIN programas
DIM-ModalidadOrigen-2022-4-EducacionSuperior,dimensiones,dimension=ModalidadOrigen;cohorte=2022;horizonte=4,EducacionSuperior,11007,11007,0,0,PASS,seguimiento JOIN programas
DIM-ModalidadOrigen-2023-1-Base,dimensiones,dimension=ModalidadOrigen;cohorte=2023;horizonte=1,Base,39218,39218,0,0,PASS,seguimiento JOIN programas
DIM-ModalidadOrigen-2023-1-Carrera,dimensiones,dimension=ModalidadOrigen;cohorte=2023;horizonte=1,Carrera,39218,39218,0,0,PASS,seguimiento JOIN programas
DIM-ModalidadOrigen-2023-1-Institucion,dimensiones,dimension=ModalidadOrigen;cohorte=2023;horizonte=1,Institucion,39218,39218,0,0,PASS,seguimiento JOIN programas
DIM-ModalidadOrigen-2023-1-EducacionSuperior,dimensiones,dimension=ModalidadOrigen;cohorte=2023;horizonte=1,EducacionSuperior,39218,39218,0,0,PASS,seguimiento JOIN programas
DIM-ModalidadOrigen-2023-2-Base,dimensiones,dimension=ModalidadOrigen;cohorte=2023;horizonte=2,Base,39218,39218,0,0,PASS,seguimiento JOIN programas
DIM-ModalidadOrigen-2023-2-Carrera,dimensiones,dimension=ModalidadOrigen;cohorte=2023;horizonte=2,Carrera,24297,24297,0,0,PASS,seguimiento JOIN programas
DIM-ModalidadOrigen-2023-2-Institucion,dimensiones,dimension=ModalidadOrigen;cohorte=2023;horizonte=2,Institucion,25113,25113,0,0,PASS,seguimiento JOIN programas
DIM-ModalidadOrigen-2023-2-EducacionSuperior,dimensiones,dimension=ModalidadOrigen;cohorte=2023;horizonte=2,EducacionSuperior,27139,27139,0,0,PASS,seguimiento JOIN programas
DIM-ModalidadOrigen-2023-3-Base,dimensiones,dimension=ModalidadOrigen;cohorte=2023;horizonte=3,Base,39218,39218,0,0,PASS,seguimiento JOIN programas
DIM-ModalidadOrigen-2023-3-Carrera,dimensiones,dimension=ModalidadOrigen;cohorte=2023;horizonte=3,Carrera,15032,15032,0,0,PASS,seguimiento JOIN programas
DIM-ModalidadOrigen-2023-3-Institucion,dimensiones,dimension=ModalidadOrigen;cohorte=2023;horizonte=3,Institucion,16398,16398,0,0,PASS,seguimiento JOIN programas
DIM-ModalidadOrigen-2023-3-EducacionSuperior,dimensiones,dimension=ModalidadOrigen;cohorte=2023;horizonte=3,EducacionSuperior,19836,19836,0,0,PASS,seguimiento JOIN programas
DIM-ModalidadOrigen-2024-1-Base,dimensiones,dimension=ModalidadOrigen;cohorte=2024;horizonte=1,Base,41056,41056,0,0,PASS,seguimiento JOIN programas
DIM-ModalidadOrigen-2024-1-Carrera,dimensiones,dimension=ModalidadOrigen;cohorte=2024;horizonte=1,Carrera,41056,41056,0,0,PASS,seguimiento JOIN programas
DIM-ModalidadOrigen-2024-1-Institucion,dimensiones,dimension=ModalidadOrigen;cohorte=2024;horizonte=1,Institucion,41056,41056,0,0,PASS,seguimiento JOIN programas
DIM-ModalidadOrigen-2024-1-EducacionSuperior,dimensiones,dimension=ModalidadOrigen;cohorte=2024;horizonte=1,EducacionSuperior,41056,41056,0,0,PASS,seguimiento JOIN programas
DIM-ModalidadOrigen-2024-2-Base,dimensiones,dimension=ModalidadOrigen;cohorte=2024;horizonte=2,Base,41056,41056,0,0,PASS,seguimiento JOIN programas
DIM-ModalidadOrigen-2024-2-Carrera,dimensiones,dimension=ModalidadOrigen;cohorte=2024;horizonte=2,Carrera,26470,26470,0,0,PASS,seguimiento JOIN programas
DIM-ModalidadOrigen-2024-2-Institucion,dimensiones,dimension=ModalidadOrigen;cohorte=2024;horizonte=2,Institucion,27111,27111,0,0,PASS,seguimiento JOIN programas
DIM-ModalidadOrigen-2024-2-EducacionSuperior,dimensiones,dimension=ModalidadOrigen;cohorte=2024;horizonte=2,EducacionSuperior,29383,29383,0,0,PASS,seguimiento JOIN programas
DIM-ModalidadOrigen-2025-1-Base,dimensiones,dimension=ModalidadOrigen;cohorte=2025;horizonte=1,Base,50233,50233,0,0,PASS,seguimiento JOIN programas
DIM-ModalidadOrigen-2025-1-Carrera,dimensiones,dimension=ModalidadOrigen;cohorte=2025;horizonte=1,Carrera,50233,50233,0,0,PASS,seguimiento JOIN programas
DIM-ModalidadOrigen-2025-1-Institucion,dimensiones,dimension=ModalidadOrigen;cohorte=2025;horizonte=1,Institucion,50233,50233,0,0,PASS,seguimiento JOIN programas
DIM-ModalidadOrigen-2025-1-EducacionSuperior,dimensiones,dimension=ModalidadOrigen;cohorte=2025;horizonte=1,EducacionSuperior,50233,50233,0,0,PASS,seguimiento JOIN programas
DIM-JornadaOrigen-2011-1-Base,dimensiones,dimension=JornadaOrigen;cohorte=2011;horizonte=1,Base,3641,3641,0,0,PASS,seguimiento JOIN programas
DIM-JornadaOrigen-2011-1-Carrera,dimensiones,dimension=JornadaOrigen;cohorte=2011;horizonte=1,Carrera,3641,3641,0,0,PASS,seguimiento JOIN programas
DIM-JornadaOrigen-2011-1-Institucion,dimensiones,dimension=JornadaOrigen;cohorte=2011;horizonte=1,Institucion,3641,3641,0,0,PASS,seguimiento JOIN programas
DIM-JornadaOrigen-2011-1-EducacionSuperior,dimensiones,dimension=JornadaOrigen;cohorte=2011;horizonte=1,EducacionSuperior,3641,3641,0,0,PASS,seguimiento JOIN programas
DIM-JornadaOrigen-2011-2-Base,dimensiones,dimension=JornadaOrigen;cohorte=2011;horizonte=2,Base,3641,3641,0,0,PASS,seguimiento JOIN programas
DIM-JornadaOrigen-2011-2-Carrera,dimensiones,dimension=JornadaOrigen;cohorte=2011;horizonte=2,Carrera,2162,2162,0,0,PASS,seguimiento JOIN programas
DIM-JornadaOrigen-2011-2-Institucion,dimensiones,dimension=JornadaOrigen;cohorte=2011;horizonte=2,Institucion,2248,2248,0,0,PASS,seguimiento JOIN programas
DIM-JornadaOrigen-2011-2-EducacionSuperior,dimensiones,dimension=JornadaOrigen;cohorte=2011;horizonte=2,EducacionSuperior,2446,2446,0,0,PASS,seguimiento JOIN programas
DIM-JornadaOrigen-2011-3-Base,dimensiones,dimension=JornadaOrigen;cohorte=2011;horizonte=3,Base,3641,3641,0,0,PASS,seguimiento JOIN programas
DIM-JornadaOrigen-2011-3-Carrera,dimensiones,dimension=JornadaOrigen;cohorte=2011;horizonte=3,Carrera,1395,1395,0,0,PASS,seguimiento JOIN programas
DIM-JornadaOrigen-2011-3-Institucion,dimensiones,dimension=JornadaOrigen;cohorte=2011;horizonte=3,Institucion,1770,1770,0,0,PASS,seguimiento JOIN programas
DIM-JornadaOrigen-2011-3-EducacionSuperior,dimensiones,dimension=JornadaOrigen;cohorte=2011;horizonte=3,EducacionSuperior,2159,2159,0,0,PASS,seguimiento JOIN programas
DIM-JornadaOrigen-2011-4-Base,dimensiones,dimension=JornadaOrigen;cohorte=2011;horizonte=4,Base,3641,3641,0,0,PASS,seguimiento JOIN programas
DIM-JornadaOrigen-2011-4-Carrera,dimensiones,dimension=JornadaOrigen;cohorte=2011;horizonte=4,Carrera,486,486,0,0,PASS,seguimiento JOIN programas
DIM-JornadaOrigen-2011-4-Institucion,dimensiones,dimension=JornadaOrigen;cohorte=2011;horizonte=4,Institucion,803,803,0,0,PASS,seguimiento JOIN programas
DIM-JornadaOrigen-2011-4-EducacionSuperior,dimensiones,dimension=JornadaOrigen;cohorte=2011;horizonte=4,EducacionSuperior,1367,1367,0,0,PASS,seguimiento JOIN programas
DIM-JornadaOrigen-2011-5-Base,dimensiones,dimension=JornadaOrigen;cohorte=2011;horizonte=5,Base,3641,3641,0,0,PASS,seguimiento JOIN programas
DIM-JornadaOrigen-2011-5-Carrera,dimensiones,dimension=JornadaOrigen;cohorte=2011;horizonte=5,Carrera,198,198,0,0,PASS,seguimiento JOIN programas
DIM-JornadaOrigen-2011-5-Institucion,dimensiones,dimension=JornadaOrigen;cohorte=2011;horizonte=5,Institucion,380,380,0,0,PASS,seguimiento JOIN programas
DIM-JornadaOrigen-2011-5-EducacionSuperior,dimensiones,dimension=JornadaOrigen;cohorte=2011;horizonte=5,EducacionSuperior,978,978,0,0,PASS,seguimiento JOIN programas
DIM-JornadaOrigen-2011-6-Base,dimensiones,dimension=JornadaOrigen;cohorte=2011;horizonte=6,Base,3641,3641,0,0,PASS,seguimiento JOIN programas
DIM-JornadaOrigen-2011-6-Carrera,dimensiones,dimension=JornadaOrigen;cohorte=2011;horizonte=6,Carrera,87,87,0,0,PASS,seguimiento JOIN programas
DIM-JornadaOrigen-2011-6-Institucion,dimensiones,dimension=JornadaOrigen;cohorte=2011;horizonte=6,Institucion,211,211,0,0,PASS,seguimiento JOIN programas
DIM-JornadaOrigen-2011-6-EducacionSuperior,dimensiones,dimension=JornadaOrigen;cohorte=2011;horizonte=6,EducacionSuperior,805,805,0,0,PASS,seguimiento JOIN programas
DIM-JornadaOrigen-2011-7-Base,dimensiones,dimension=JornadaOrigen;cohorte=2011;horizonte=7,Base,3641,3641,0,0,PASS,seguimiento JOIN programas
DIM-JornadaOrigen-2011-7-Carrera,dimensiones,dimension=JornadaOrigen;cohorte=2011;horizonte=7,Carrera,43,43,0,0,PASS,seguimiento JOIN programas
DIM-JornadaOrigen-2011-7-Institucion,dimensiones,dimension=JornadaOrigen;cohorte=2011;horizonte=7,Institucion,135,135,0,0,PASS,seguimiento JOIN programas
DIM-JornadaOrigen-2011-7-EducacionSuperior,dimensiones,dimension=JornadaOrigen;cohorte=2011;horizonte=7,EducacionSuperior,653,653,0,0,PASS,seguimiento JOIN programas
DIM-JornadaOrigen-2011-8-Base,dimensiones,dimension=JornadaOrigen;cohorte=2011;horizonte=8,Base,3641,3641,0,0,PASS,seguimiento JOIN programas
DIM-JornadaOrigen-2011-8-Carrera,dimensiones,dimension=JornadaOrigen;cohorte=2011;horizonte=8,Carrera,25,25,0,0,PASS,seguimiento JOIN programas
DIM-JornadaOrigen-2011-8-Institucion,dimensiones,dimension=JornadaOrigen;cohorte=2011;horizonte=8,Institucion,80,80,0,0,PASS,seguimiento JOIN programas
DIM-JornadaOrigen-2011-8-EducacionSuperior,dimensiones,dimension=JornadaOrigen;cohorte=2011;horizonte=8,EducacionSuperior,525,525,0,0,PASS,seguimiento JOIN programas
DIM-JornadaOrigen-2011-9-Base,dimensiones,dimension=JornadaOrigen;cohorte=2011;horizonte=9,Base,3641,3641,0,0,PASS,seguimiento JOIN programas
DIM-JornadaOrigen-2011-9-Carrera,dimensiones,dimension=JornadaOrigen;cohorte=2011;horizonte=9,Carrera,17,17,0,0,PASS,seguimiento JOIN programas
DIM-JornadaOrigen-2011-9-Institucion,dimensiones,dimension=JornadaOrigen;cohorte=2011;horizonte=9,Institucion,54,54,0,0,PASS,seguimiento JOIN programas
DIM-JornadaOrigen-2011-9-EducacionSuperior,dimensiones,dimension=JornadaOrigen;cohorte=2011;horizonte=9,EducacionSuperior,472,472,0,0,PASS,seguimiento JOIN programas
DIM-JornadaOrigen-2011-10-Base,dimensiones,dimension=JornadaOrigen;cohorte=2011;horizonte=10,Base,3641,3641,0,0,PASS,seguimiento JOIN programas
DIM-JornadaOrigen-2011-10-Carrera,dimensiones,dimension=JornadaOrigen;cohorte=2011;horizonte=10,Carrera,12,12,0,0,PASS,seguimiento JOIN programas
DIM-JornadaOrigen-2011-10-Institucion,dimensiones,dimension=JornadaOrigen;cohorte=2011;horizonte=10,Institucion,49,49,0,0,PASS,seguimiento JOIN programas
DIM-JornadaOrigen-2011-10-EducacionSuperior,dimensiones,dimension=JornadaOrigen;cohorte=2011;horizonte=10,EducacionSuperior,413,413,0,0,PASS,seguimiento JOIN programas
DIM-JornadaOrigen-2011-11-Base,dimensiones,dimension=JornadaOrigen;cohorte=2011;horizonte=11,Base,3641,3641,0,0,PASS,seguimiento JOIN programas
DIM-JornadaOrigen-2011-11-Carrera,dimensiones,dimension=JornadaOrigen;cohorte=2011;horizonte=11,Carrera,7,7,0,0,PASS,seguimiento JOIN programas
DIM-JornadaOrigen-2011-11-Institucion,dimensiones,dimension=JornadaOrigen;cohorte=2011;horizonte=11,Institucion,38,38,0,0,PASS,seguimiento JOIN programas
DIM-JornadaOrigen-2011-11-EducacionSuperior,dimensiones,dimension=JornadaOrigen;cohorte=2011;horizonte=11,EducacionSuperior,441,441,0,0,PASS,seguimiento JOIN programas
DIM-JornadaOrigen-2011-12-Base,dimensiones,dimension=JornadaOrigen;cohorte=2011;horizonte=12,Base,3641,3641,0,0,PASS,seguimiento JOIN programas
DIM-JornadaOrigen-2011-12-Carrera,dimensiones,dimension=JornadaOrigen;cohorte=2011;horizonte=12,Carrera,8,8,0,0,PASS,seguimiento JOIN programas
DIM-JornadaOrigen-2011-12-Institucion,dimensiones,dimension=JornadaOrigen;cohorte=2011;horizonte=12,Institucion,45,45,0,0,PASS,seguimiento JOIN programas
DIM-JornadaOrigen-2011-12-EducacionSuperior,dimensiones,dimension=JornadaOrigen;cohorte=2011;horizonte=12,EducacionSuperior,436,436,0,0,PASS,seguimiento JOIN programas
DIM-JornadaOrigen-2011-13-Base,dimensiones,dimension=JornadaOrigen;cohorte=2011;horizonte=13,Base,3641,3641,0,0,PASS,seguimiento JOIN programas
DIM-JornadaOrigen-2011-13-Carrera,dimensiones,dimension=JornadaOrigen;cohorte=2011;horizonte=13,Carrera,4,4,0,0,PASS,seguimiento JOIN programas
DIM-JornadaOrigen-2011-13-Institucion,dimensiones,dimension=JornadaOrigen;cohorte=2011;horizonte=13,Institucion,38,38,0,0,PASS,seguimiento JOIN programas
DIM-JornadaOrigen-2011-13-EducacionSuperior,dimensiones,dimension=JornadaOrigen;cohorte=2011;horizonte=13,EducacionSuperior,409,409,0,0,PASS,seguimiento JOIN programas
DIM-JornadaOrigen-2011-14-Base,dimensiones,dimension=JornadaOrigen;cohorte=2011;horizonte=14,Base,3641,3641,0,0,PASS,seguimiento JOIN programas
DIM-JornadaOrigen-2011-14-Carrera,dimensiones,dimension=JornadaOrigen;cohorte=2011;horizonte=14,Carrera,2,2,0,0,PASS,seguimiento JOIN programas
DIM-JornadaOrigen-2011-14-Institucion,dimensiones,dimension=JornadaOrigen;cohorte=2011;horizonte=14,Institucion,30,30,0,0,PASS,seguimiento JOIN programas
DIM-JornadaOrigen-2011-14-EducacionSuperior,dimensiones,dimension=JornadaOrigen;cohorte=2011;horizonte=14,EducacionSuperior,359,359,0,0,PASS,seguimiento JOIN programas
DIM-JornadaOrigen-2011-15-Base,dimensiones,dimension=JornadaOrigen;cohorte=2011;horizonte=15,Base,3641,3641,0,0,PASS,seguimiento JOIN programas
DIM-JornadaOrigen-2011-15-Carrera,dimensiones,dimension=JornadaOrigen;cohorte=2011;horizonte=15,Carrera,1,1,0,0,PASS,seguimiento JOIN programas
DIM-JornadaOrigen-2011-15-Institucion,dimensiones,dimension=JornadaOrigen;cohorte=2011;horizonte=15,Institucion,22,22,0,0,PASS,seguimiento JOIN programas
DIM-JornadaOrigen-2011-15-EducacionSuperior,dimensiones,dimension=JornadaOrigen;cohorte=2011;horizonte=15,EducacionSuperior,356,356,0,0,PASS,seguimiento JOIN programas
DIM-JornadaOrigen-2012-1-Base,dimensiones,dimension=JornadaOrigen;cohorte=2012;horizonte=1,Base,5183,5183,0,0,PASS,seguimiento JOIN programas
DIM-JornadaOrigen-2012-1-Carrera,dimensiones,dimension=JornadaOrigen;cohorte=2012;horizonte=1,Carrera,5183,5183,0,0,PASS,seguimiento JOIN programas
DIM-JornadaOrigen-2012-1-Institucion,dimensiones,dimension=JornadaOrigen;cohorte=2012;horizonte=1,Institucion,5183,5183,0,0,PASS,seguimiento JOIN programas
DIM-JornadaOrigen-2012-1-EducacionSuperior,dimensiones,dimension=JornadaOrigen;cohorte=2012;horizonte=1,EducacionSuperior,5183,5183,0,0,PASS,seguimiento JOIN programas
DIM-JornadaOrigen-2012-2-Base,dimensiones,dimension=JornadaOrigen;cohorte=2012;horizonte=2,Base,5183,5183,0,0,PASS,seguimiento JOIN programas
DIM-JornadaOrigen-2012-2-Carrera,dimensiones,dimension=JornadaOrigen;cohorte=2012;horizonte=2,Carrera,2805,2805,0,0,PASS,seguimiento JOIN programas
DIM-JornadaOrigen-2012-2-Institucion,dimensiones,dimension=JornadaOrigen;cohorte=2012;horizonte=2,Institucion,3233,3233,0,0,PASS,seguimiento JOIN programas
DIM-JornadaOrigen-2012-2-EducacionSuperior,dimensiones,dimension=JornadaOrigen;cohorte=2012;horizonte=2,EducacionSuperior,3524,3524,0,0,PASS,seguimiento JOIN programas
DIM-JornadaOrigen-2012-3-Base,dimensiones,dimension=JornadaOrigen;cohorte=2012;horizonte=3,Base,5183,5183,0,0,PASS,seguimiento JOIN programas
DIM-JornadaOrigen-2012-3-Carrera,dimensiones,dimension=JornadaOrigen;cohorte=2012;horizonte=3,Carrera,2225,2225,0,0,PASS,seguimiento JOIN programas
DIM-JornadaOrigen-2012-3-Institucion,dimensiones,dimension=JornadaOrigen;cohorte=2012;horizonte=3,Institucion,2661,2661,0,0,PASS,seguimiento JOIN programas
DIM-JornadaOrigen-2012-3-EducacionSuperior,dimensiones,dimension=JornadaOrigen;cohorte=2012;horizonte=3,EducacionSuperior,3172,3172,0,0,PASS,seguimiento JOIN programas
DIM-JornadaOrigen-2012-4-Base,dimensiones,dimension=JornadaOrigen;cohorte=2012;horizonte=4,Base,5183,5183,0,0,PASS,seguimiento JOIN programas
DIM-JornadaOrigen-2012-4-Carrera,dimensiones,dimension=JornadaOrigen;cohorte=2012;horizonte=4,Carrera,855,855,0,0,PASS,seguimiento JOIN programas
DIM-JornadaOrigen-2012-4-Institucion,dimensiones,dimension=JornadaOrigen;cohorte=2012;horizonte=4,Institucion,1406,1406,0,0,PASS,seguimiento JOIN programas
DIM-JornadaOrigen-2012-4-EducacionSuperior,dimensiones,dimension=JornadaOrigen;cohorte=2012;horizonte=4,EducacionSuperior,2116,2116,0,0,PASS,seguimiento JOIN programas
DIM-JornadaOrigen-2012-5-Base,dimensiones,dimension=JornadaOrigen;cohorte=2012;horizonte=5,Base,5183,5183,0,0,PASS,seguimiento JOIN programas
DIM-JornadaOrigen-2012-5-Carrera,dimensiones,dimension=JornadaOrigen;cohorte=2012;horizonte=5,Carrera,321,321,0,0,PASS,seguimiento JOIN programas
DIM-JornadaOrigen-2012-5-Institucion,dimensiones,dimension=JornadaOrigen;cohorte=2012;horizonte=5,Institucion,670,670,0,0,PASS,seguimiento JOIN programas
DIM-JornadaOrigen-2012-5-EducacionSuperior,dimensiones,dimension=JornadaOrigen;cohorte=2012;horizonte=5,EducacionSuperior,1439,1439,0,0,PASS,seguimiento JOIN programas
DIM-JornadaOrigen-2012-6-Base,dimensiones,dimension=JornadaOrigen;cohorte=2012;horizonte=6,Base,5183,5183,0,0,PASS,seguimiento JOIN programas
DIM-JornadaOrigen-2012-6-Carrera,dimensiones,dimension=JornadaOrigen;cohorte=2012;horizonte=6,Carrera,98,98,0,0,PASS,seguimiento JOIN programas
DIM-JornadaOrigen-2012-6-Institucion,dimensiones,dimension=JornadaOrigen;cohorte=2012;horizonte=6,Institucion,316,316,0,0,PASS,seguimiento JOIN programas
DIM-JornadaOrigen-2012-6-EducacionSuperior,dimensiones,dimension=JornadaOrigen;cohorte=2012;horizonte=6,EducacionSuperior,1050,1050,0,0,PASS,seguimiento JOIN programas
DIM-JornadaOrigen-2012-7-Base,dimensiones,dimension=JornadaOrigen;cohorte=2012;horizonte=7,Base,5183,5183,0,0,PASS,seguimiento JOIN programas
DIM-JornadaOrigen-2012-7-Carrera,dimensiones,dimension=JornadaOrigen;cohorte=2012;horizonte=7,Carrera,52,52,0,0,PASS,seguimiento JOIN programas
DIM-JornadaOrigen-2012-7-Institucion,dimensiones,dimension=JornadaOrigen;cohorte=2012;horizonte=7,Institucion,183,183,0,0,PASS,seguimiento JOIN programas
DIM-JornadaOrigen-2012-7-EducacionSuperior,dimensiones,dimension=JornadaOrigen;cohorte=2012;horizonte=7,EducacionSuperior,825,825,0,0,PASS,seguimiento JOIN programas
DIM-JornadaOrigen-2012-8-Base,dimensiones,dimension=JornadaOrigen;cohorte=2012;horizonte=8,Base,5183,5183,0,0,PASS,seguimiento JOIN programas
DIM-JornadaOrigen-2012-8-Carrera,dimensiones,dimension=JornadaOrigen;cohorte=2012;horizonte=8,Carrera,32,32,0,0,PASS,seguimiento JOIN programas
DIM-JornadaOrigen-2012-8-Institucion,dimensiones,dimension=JornadaOrigen;cohorte=2012;horizonte=8,Institucion,132,132,0,0,PASS,seguimiento JOIN programas
DIM-JornadaOrigen-2012-8-EducacionSuperior,dimensiones,dimension=JornadaOrigen;cohorte=2012;horizonte=8,EducacionSuperior,693,693,0,0,PASS,seguimiento JOIN programas
DIM-JornadaOrigen-2012-9-Base,dimensiones,dimension=JornadaOrigen;cohorte=2012;horizonte=9,Base,5183,5183,0,0,PASS,seguimiento JOIN programas
DIM-JornadaOrigen-2012-9-Carrera,dimensiones,dimension=JornadaOrigen;cohorte=2012;horizonte=9,Carrera,20,20,0,0,PASS,seguimiento JOIN programas
DIM-JornadaOrigen-2012-9-Institucion,dimensiones,dimension=JornadaOrigen;cohorte=2012;horizonte=9,Institucion,82,82,0,0,PASS,seguimiento JOIN programas
DIM-JornadaOrigen-2012-9-EducacionSuperior,dimensiones,dimension=JornadaOrigen;cohorte=2012;horizonte=9,EducacionSuperior,579,579,0,0,PASS,seguimiento JOIN programas
DIM-JornadaOrigen-2012-10-Base,dimensiones,dimension=JornadaOrigen;cohorte=2012;horizonte=10,Base,5183,5183,0,0,PASS,seguimiento JOIN programas
DIM-JornadaOrigen-2012-10-Carrera,dimensiones,dimension=JornadaOrigen;cohorte=2012;horizonte=10,Carrera,13,13,0,0,PASS,seguimiento JOIN programas
DIM-JornadaOrigen-2012-10-Institucion,dimensiones,dimension=JornadaOrigen;cohorte=2012;horizonte=10,Institucion,93,93,0,0,PASS,seguimiento JOIN programas
DIM-JornadaOrigen-2012-10-EducacionSuperior,dimensiones,dimension=JornadaOrigen;cohorte=2012;horizonte=10,EducacionSuperior,629,629,0,0,PASS,seguimiento JOIN programas
DIM-JornadaOrigen-2012-11-Base,dimensiones,dimension=JornadaOrigen;cohorte=2012;horizonte=11,Base,5183,5183,0,0,PASS,seguimiento JOIN programas
DIM-JornadaOrigen-2012-11-Carrera,dimensiones,dimension=JornadaOrigen;cohorte=2012;horizonte=11,Carrera,15,15,0,0,PASS,seguimiento JOIN programas
DIM-JornadaOrigen-2012-11-Institucion,dimensiones,dimension=JornadaOrigen;cohorte=2012;horizonte=11,Institucion,79,79,0,0,PASS,seguimiento JOIN programas
DIM-JornadaOrigen-2012-11-EducacionSuperior,dimensiones,dimension=JornadaOrigen;cohorte=2012;horizonte=11,EducacionSuperior,631,631,0,0,PASS,seguimiento JOIN programas
DIM-JornadaOrigen-2012-12-Base,dimensiones,dimension=JornadaOrigen;cohorte=2012;horizonte=12,Base,5183,5183,0,0,PASS,seguimiento JOIN programas
DIM-JornadaOrigen-2012-12-Carrera,dimensiones,dimension=JornadaOrigen;cohorte=2012;horizonte=12,Carrera,13,13,0,0,PASS,seguimiento JOIN programas
DIM-JornadaOrigen-2012-12-Institucion,dimensiones,dimension=JornadaOrigen;cohorte=2012;horizonte=12,Institucion,73,73,0,0,PASS,seguimiento JOIN programas
DIM-JornadaOrigen-2012-12-EducacionSuperior,dimensiones,dimension=JornadaOrigen;cohorte=2012;horizonte=12,EducacionSuperior,590,590,0,0,PASS,seguimiento JOIN programas
DIM-JornadaOrigen-2012-13-Base,dimensiones,dimension=JornadaOrigen;cohorte=2012;horizonte=13,Base,5183,5183,0,0,PASS,seguimiento JOIN programas
DIM-JornadaOrigen-2012-13-Carrera,dimensiones,dimension=JornadaOrigen;cohorte=2012;horizonte=13,Carrera,9,9,0,0,PASS,seguimiento JOIN programas
DIM-JornadaOrigen-2012-13-Institucion,dimensiones,dimension=JornadaOrigen;cohorte=2012;horizonte=13,Institucion,54,54,0,0,PASS,seguimiento JOIN programas
DIM-JornadaOrigen-2012-13-EducacionSuperior,dimensiones,dimension=JornadaOrigen;cohorte=2012;horizonte=13,EducacionSuperior,568,568,0,0,PASS,seguimiento JOIN programas
DIM-JornadaOrigen-2012-14-Base,dimensiones,dimension=JornadaOrigen;cohorte=2012;horizonte=14,Base,5183,5183,0,0,PASS,seguimiento JOIN programas
DIM-JornadaOrigen-2012-14-Carrera,dimensiones,dimension=JornadaOrigen;cohorte=2012;horizonte=14,Carrera,2,2,0,0,PASS,seguimiento JOIN programas
DIM-JornadaOrigen-2012-14-Institucion,dimensiones,dimension=JornadaOrigen;cohorte=2012;horizonte=14,Institucion,43,43,0,0,PASS,seguimiento JOIN programas
DIM-JornadaOrigen-2012-14-EducacionSuperior,dimensiones,dimension=JornadaOrigen;cohorte=2012;horizonte=14,EducacionSuperior,554,554,0,0,PASS,seguimiento JOIN programas
DIM-JornadaOrigen-2013-1-Base,dimensiones,dimension=JornadaOrigen;cohorte=2013;horizonte=1,Base,8312,8312,0,0,PASS,seguimiento JOIN programas
DIM-JornadaOrigen-2013-1-Carrera,dimensiones,dimension=JornadaOrigen;cohorte=2013;horizonte=1,Carrera,8312,8312,0,0,PASS,seguimiento JOIN programas
DIM-JornadaOrigen-2013-1-Institucion,dimensiones,dimension=JornadaOrigen;cohorte=2013;horizonte=1,Institucion,8312,8312,0,0,PASS,seguimiento JOIN programas
DIM-JornadaOrigen-2013-1-EducacionSuperior,dimensiones,dimension=JornadaOrigen;cohorte=2013;horizonte=1,EducacionSuperior,8312,8312,0,0,PASS,seguimiento JOIN programas
DIM-JornadaOrigen-2013-2-Base,dimensiones,dimension=JornadaOrigen;cohorte=2013;horizonte=2,Base,8312,8312,0,0,PASS,seguimiento JOIN programas
DIM-JornadaOrigen-2013-2-Carrera,dimensiones,dimension=JornadaOrigen;cohorte=2013;horizonte=2,Carrera,4210,4210,0,0,PASS,seguimiento JOIN programas
DIM-JornadaOrigen-2013-2-Institucion,dimensiones,dimension=JornadaOrigen;cohorte=2013;horizonte=2,Institucion,5178,5178,0,0,PASS,seguimiento JOIN programas
DIM-JornadaOrigen-2013-2-EducacionSuperior,dimensiones,dimension=JornadaOrigen;cohorte=2013;horizonte=2,EducacionSuperior,5626,5626,0,0,PASS,seguimiento JOIN programas
DIM-JornadaOrigen-2013-3-Base,dimensiones,dimension=JornadaOrigen;cohorte=2013;horizonte=3,Base,8312,8312,0,0,PASS,seguimiento JOIN programas
DIM-JornadaOrigen-2013-3-Carrera,dimensiones,dimension=JornadaOrigen;cohorte=2013;horizonte=3,Carrera,2951,2951,0,0,PASS,seguimiento JOIN programas
DIM-JornadaOrigen-2013-3-Institucion,dimensiones,dimension=JornadaOrigen;cohorte=2013;horizonte=3,Institucion,3942,3942,0,0,PASS,seguimiento JOIN programas
DIM-JornadaOrigen-2013-3-EducacionSuperior,dimensiones,dimension=JornadaOrigen;cohorte=2013;horizonte=3,EducacionSuperior,4760,4760,0,0,PASS,seguimiento JOIN programas
DIM-JornadaOrigen-2013-4-Base,dimensiones,dimension=JornadaOrigen;cohorte=2013;horizonte=4,Base,8312,8312,0,0,PASS,seguimiento JOIN programas
DIM-JornadaOrigen-2013-4-Carrera,dimensiones,dimension=JornadaOrigen;cohorte=2013;horizonte=4,Carrera,1086,1086,0,0,PASS,seguimiento JOIN programas
DIM-JornadaOrigen-2013-4-Institucion,dimensiones,dimension=JornadaOrigen;cohorte=2013;horizonte=4,Institucion,2044,2044,0,0,PASS,seguimiento JOIN programas
DIM-JornadaOrigen-2013-4-EducacionSuperior,dimensiones,dimension=JornadaOrigen;cohorte=2013;horizonte=4,EducacionSuperior,3144,3144,0,0,PASS,seguimiento JOIN programas
DIM-JornadaOrigen-2013-5-Base,dimensiones,dimension=JornadaOrigen;cohorte=2013;horizonte=5,Base,8312,8312,0,0,PASS,seguimiento JOIN programas
DIM-JornadaOrigen-2013-5-Carrera,dimensiones,dimension=JornadaOrigen;cohorte=2013;horizonte=5,Carrera,397,397,0,0,PASS,seguimiento JOIN programas
DIM-JornadaOrigen-2013-5-Institucion,dimensiones,dimension=JornadaOrigen;cohorte=2013;horizonte=5,Institucion,977,977,0,0,PASS,seguimiento JOIN programas
DIM-JornadaOrigen-2013-5-EducacionSuperior,dimensiones,dimension=JornadaOrigen;cohorte=2013;horizonte=5,EducacionSuperior,2062,2062,0,0,PASS,seguimiento JOIN programas
DIM-JornadaOrigen-2013-6-Base,dimensiones,dimension=JornadaOrigen;cohorte=2013;horizonte=6,Base,8312,8312,0,0,PASS,seguimiento JOIN programas
DIM-JornadaOrigen-2013-6-Carrera,dimensiones,dimension=JornadaOrigen;cohorte=2013;horizonte=6,Carrera,147,147,0,0,PASS,seguimiento JOIN programas
DIM-JornadaOrigen-2013-6-Institucion,dimensiones,dimension=JornadaOrigen;cohorte=2013;horizonte=6,Institucion,460,460,0,0,PASS,seguimiento JOIN programas
DIM-JornadaOrigen-2013-6-EducacionSuperior,dimensiones,dimension=JornadaOrigen;cohorte=2013;horizonte=6,EducacionSuperior,1482,1482,0,0,PASS,seguimiento JOIN programas
DIM-JornadaOrigen-2013-7-Base,dimensiones,dimension=JornadaOrigen;cohorte=2013;horizonte=7,Base,8312,8312,0,0,PASS,seguimiento JOIN programas
DIM-JornadaOrigen-2013-7-Carrera,dimensiones,dimension=JornadaOrigen;cohorte=2013;horizonte=7,Carrera,61,61,0,0,PASS,seguimiento JOIN programas
DIM-JornadaOrigen-2013-7-Institucion,dimensiones,dimension=JornadaOrigen;cohorte=2013;horizonte=7,Institucion,296,296,0,0,PASS,seguimiento JOIN programas
DIM-JornadaOrigen-2013-7-EducacionSuperior,dimensiones,dimension=JornadaOrigen;cohorte=2013;horizonte=7,EducacionSuperior,1224,1224,0,0,PASS,seguimiento JOIN programas
DIM-JornadaOrigen-2013-8-Base,dimensiones,dimension=JornadaOrigen;cohorte=2013;horizonte=8,Base,8312,8312,0,0,PASS,seguimiento JOIN programas
DIM-JornadaOrigen-2013-8-Carrera,dimensiones,dimension=JornadaOrigen;cohorte=2013;horizonte=8,Carrera,38,38,0,0,PASS,seguimiento JOIN programas
DIM-JornadaOrigen-2013-8-Institucion,dimensiones,dimension=JornadaOrigen;cohorte=2013;horizonte=8,Institucion,204,204,0,0,PASS,seguimiento JOIN programas
DIM-JornadaOrigen-2013-8-EducacionSuperior,dimensiones,dimension=JornadaOrigen;cohorte=2013;horizonte=8,EducacionSuperior,1036,1036,0,0,PASS,seguimiento JOIN programas
DIM-JornadaOrigen-2013-9-Base,dimensiones,dimension=JornadaOrigen;cohorte=2013;horizonte=9,Base,8312,8312,0,0,PASS,seguimiento JOIN programas
DIM-JornadaOrigen-2013-9-Carrera,dimensiones,dimension=JornadaOrigen;cohorte=2013;horizonte=9,Carrera,33,33,0,0,PASS,seguimiento JOIN programas
DIM-JornadaOrigen-2013-9-Institucion,dimensiones,dimension=JornadaOrigen;cohorte=2013;horizonte=9,Institucion,151,151,0,0,PASS,seguimiento JOIN programas
DIM-JornadaOrigen-2013-9-EducacionSuperior,dimensiones,dimension=JornadaOrigen;cohorte=2013;horizonte=9,EducacionSuperior,1106,1106,0,0,PASS,seguimiento JOIN programas
DIM-JornadaOrigen-2013-10-Base,dimensiones,dimension=JornadaOrigen;cohorte=2013;horizonte=10,Base,8312,8312,0,0,PASS,seguimiento JOIN programas
DIM-JornadaOrigen-2013-10-Carrera,dimensiones,dimension=JornadaOrigen;cohorte=2013;horizonte=10,Carrera,27,27,0,0,PASS,seguimiento JOIN programas
DIM-JornadaOrigen-2013-10-Institucion,dimensiones,dimension=JornadaOrigen;cohorte=2013;horizonte=10,Institucion,127,127,0,0,PASS,seguimiento JOIN programas
DIM-JornadaOrigen-2013-10-EducacionSuperior,dimensiones,dimension=JornadaOrigen;cohorte=2013;horizonte=10,EducacionSuperior,1028,1028,0,0,PASS,seguimiento JOIN programas
DIM-JornadaOrigen-2013-11-Base,dimensiones,dimension=JornadaOrigen;cohorte=2013;horizonte=11,Base,8312,8312,0,0,PASS,seguimiento JOIN programas
DIM-JornadaOrigen-2013-11-Carrera,dimensiones,dimension=JornadaOrigen;cohorte=2013;horizonte=11,Carrera,23,23,0,0,PASS,seguimiento JOIN programas
DIM-JornadaOrigen-2013-11-Institucion,dimensiones,dimension=JornadaOrigen;cohorte=2013;horizonte=11,Institucion,127,127,0,0,PASS,seguimiento JOIN programas
DIM-JornadaOrigen-2013-11-EducacionSuperior,dimensiones,dimension=JornadaOrigen;cohorte=2013;horizonte=11,EducacionSuperior,990,990,0,0,PASS,seguimiento JOIN programas
DIM-JornadaOrigen-2013-12-Base,dimensiones,dimension=JornadaOrigen;cohorte=2013;horizonte=12,Base,8312,8312,0,0,PASS,seguimiento JOIN programas
DIM-JornadaOrigen-2013-12-Carrera,dimensiones,dimension=JornadaOrigen;cohorte=2013;horizonte=12,Carrera,17,17,0,0,PASS,seguimiento JOIN programas
DIM-JornadaOrigen-2013-12-Institucion,dimensiones,dimension=JornadaOrigen;cohorte=2013;horizonte=12,Institucion,90,90,0,0,PASS,seguimiento JOIN programas
DIM-JornadaOrigen-2013-12-EducacionSuperior,dimensiones,dimension=JornadaOrigen;cohorte=2013;horizonte=12,EducacionSuperior,909,909,0,0,PASS,seguimiento JOIN programas
DIM-JornadaOrigen-2013-13-Base,dimensiones,dimension=JornadaOrigen;cohorte=2013;horizonte=13,Base,8312,8312,0,0,PASS,seguimiento JOIN programas
DIM-JornadaOrigen-2013-13-Carrera,dimensiones,dimension=JornadaOrigen;cohorte=2013;horizonte=13,Carrera,10,10,0,0,PASS,seguimiento JOIN programas
DIM-JornadaOrigen-2013-13-Institucion,dimensiones,dimension=JornadaOrigen;cohorte=2013;horizonte=13,Institucion,68,68,0,0,PASS,seguimiento JOIN programas
DIM-JornadaOrigen-2013-13-EducacionSuperior,dimensiones,dimension=JornadaOrigen;cohorte=2013;horizonte=13,EducacionSuperior,902,902,0,0,PASS,seguimiento JOIN programas
DIM-JornadaOrigen-2014-1-Base,dimensiones,dimension=JornadaOrigen;cohorte=2014;horizonte=1,Base,11812,11812,0,0,PASS,seguimiento JOIN programas
DIM-JornadaOrigen-2014-1-Carrera,dimensiones,dimension=JornadaOrigen;cohorte=2014;horizonte=1,Carrera,11812,11812,0,0,PASS,seguimiento JOIN programas
DIM-JornadaOrigen-2014-1-Institucion,dimensiones,dimension=JornadaOrigen;cohorte=2014;horizonte=1,Institucion,11812,11812,0,0,PASS,seguimiento JOIN programas
DIM-JornadaOrigen-2014-1-EducacionSuperior,dimensiones,dimension=JornadaOrigen;cohorte=2014;horizonte=1,EducacionSuperior,11812,11812,0,0,PASS,seguimiento JOIN programas
DIM-JornadaOrigen-2014-2-Base,dimensiones,dimension=JornadaOrigen;cohorte=2014;horizonte=2,Base,11812,11812,0,0,PASS,seguimiento JOIN programas
DIM-JornadaOrigen-2014-2-Carrera,dimensiones,dimension=JornadaOrigen;cohorte=2014;horizonte=2,Carrera,6721,6721,0,0,PASS,seguimiento JOIN programas
DIM-JornadaOrigen-2014-2-Institucion,dimensiones,dimension=JornadaOrigen;cohorte=2014;horizonte=2,Institucion,7042,7042,0,0,PASS,seguimiento JOIN programas
DIM-JornadaOrigen-2014-2-EducacionSuperior,dimensiones,dimension=JornadaOrigen;cohorte=2014;horizonte=2,EducacionSuperior,7667,7667,0,0,PASS,seguimiento JOIN programas
DIM-JornadaOrigen-2014-3-Base,dimensiones,dimension=JornadaOrigen;cohorte=2014;horizonte=3,Base,11812,11812,0,0,PASS,seguimiento JOIN programas
DIM-JornadaOrigen-2014-3-Carrera,dimensiones,dimension=JornadaOrigen;cohorte=2014;horizonte=3,Carrera,4187,4187,0,0,PASS,seguimiento JOIN programas
DIM-JornadaOrigen-2014-3-Institucion,dimensiones,dimension=JornadaOrigen;cohorte=2014;horizonte=3,Institucion,4966,4966,0,0,PASS,seguimiento JOIN programas
DIM-JornadaOrigen-2014-3-EducacionSuperior,dimensiones,dimension=JornadaOrigen;cohorte=2014;horizonte=3,EducacionSuperior,6085,6085,0,0,PASS,seguimiento JOIN programas
DIM-JornadaOrigen-2014-4-Base,dimensiones,dimension=JornadaOrigen;cohorte=2014;horizonte=4,Base,11812,11812,0,0,PASS,seguimiento JOIN programas
DIM-JornadaOrigen-2014-4-Carrera,dimensiones,dimension=JornadaOrigen;cohorte=2014;horizonte=4,Carrera,1299,1299,0,0,PASS,seguimiento JOIN programas
DIM-JornadaOrigen-2014-4-Institucion,dimensiones,dimension=JornadaOrigen;cohorte=2014;horizonte=4,Institucion,2440,2440,0,0,PASS,seguimiento JOIN programas
DIM-JornadaOrigen-2014-4-EducacionSuperior,dimensiones,dimension=JornadaOrigen;cohorte=2014;horizonte=4,EducacionSuperior,3896,3896,0,0,PASS,seguimiento JOIN programas
DIM-JornadaOrigen-2014-5-Base,dimensiones,dimension=JornadaOrigen;cohorte=2014;horizonte=5,Base,11812,11812,0,0,PASS,seguimiento JOIN programas
DIM-JornadaOrigen-2014-5-Carrera,dimensiones,dimension=JornadaOrigen;cohorte=2014;horizonte=5,Carrera,548,548,0,0,PASS,seguimiento JOIN programas
DIM-JornadaOrigen-2014-5-Institucion,dimensiones,dimension=JornadaOrigen;cohorte=2014;horizonte=5,Institucion,1211,1211,0,0,PASS,seguimiento JOIN programas
DIM-JornadaOrigen-2014-5-EducacionSuperior,dimensiones,dimension=JornadaOrigen;cohorte=2014;horizonte=5,EducacionSuperior,2583,2583,0,0,PASS,seguimiento JOIN programas
DIM-JornadaOrigen-2014-6-Base,dimensiones,dimension=JornadaOrigen;cohorte=2014;horizonte=6,Base,11812,11812,0,0,PASS,seguimiento JOIN programas
DIM-JornadaOrigen-2014-6-Carrera,dimensiones,dimension=JornadaOrigen;cohorte=2014;horizonte=6,Carrera,206,206,0,0,PASS,seguimiento JOIN programas
DIM-JornadaOrigen-2014-6-Institucion,dimensiones,dimension=JornadaOrigen;cohorte=2014;horizonte=6,Institucion,570,570,0,0,PASS,seguimiento JOIN programas
DIM-JornadaOrigen-2014-6-EducacionSuperior,dimensiones,dimension=JornadaOrigen;cohorte=2014;horizonte=6,EducacionSuperior,1911,1911,0,0,PASS,seguimiento JOIN programas
DIM-JornadaOrigen-2014-7-Base,dimensiones,dimension=JornadaOrigen;cohorte=2014;horizonte=7,Base,11812,11812,0,0,PASS,seguimiento JOIN programas
DIM-JornadaOrigen-2014-7-Carrera,dimensiones,dimension=JornadaOrigen;cohorte=2014;horizonte=7,Carrera,81,81,0,0,PASS,seguimiento JOIN programas
DIM-JornadaOrigen-2014-7-Institucion,dimensiones,dimension=JornadaOrigen;cohorte=2014;horizonte=7,Institucion,291,291,0,0,PASS,seguimiento JOIN programas
DIM-JornadaOrigen-2014-7-EducacionSuperior,dimensiones,dimension=JornadaOrigen;cohorte=2014;horizonte=7,EducacionSuperior,1500,1500,0,0,PASS,seguimiento JOIN programas
DIM-JornadaOrigen-2014-8-Base,dimensiones,dimension=JornadaOrigen;cohorte=2014;horizonte=8,Base,11812,11812,0,0,PASS,seguimiento JOIN programas
DIM-JornadaOrigen-2014-8-Carrera,dimensiones,dimension=JornadaOrigen;cohorte=2014;horizonte=8,Carrera,67,67,0,0,PASS,seguimiento JOIN programas
DIM-JornadaOrigen-2014-8-Institucion,dimensiones,dimension=JornadaOrigen;cohorte=2014;horizonte=8,Institucion,256,256,0,0,PASS,seguimiento JOIN programas
DIM-JornadaOrigen-2014-8-EducacionSuperior,dimensiones,dimension=JornadaOrigen;cohorte=2014;horizonte=8,EducacionSuperior,1638,1638,0,0,PASS,seguimiento JOIN programas
DIM-JornadaOrigen-2014-9-Base,dimensiones,dimension=JornadaOrigen;cohorte=2014;horizonte=9,Base,11812,11812,0,0,PASS,seguimiento JOIN programas
DIM-JornadaOrigen-2014-9-Carrera,dimensiones,dimension=JornadaOrigen;cohorte=2014;horizonte=9,Carrera,39,39,0,0,PASS,seguimiento JOIN programas
DIM-JornadaOrigen-2014-9-Institucion,dimensiones,dimension=JornadaOrigen;cohorte=2014;horizonte=9,Institucion,222,222,0,0,PASS,seguimiento JOIN programas
DIM-JornadaOrigen-2014-9-EducacionSuperior,dimensiones,dimension=JornadaOrigen;cohorte=2014;horizonte=9,EducacionSuperior,1565,1565,0,0,PASS,seguimiento JOIN programas
DIM-JornadaOrigen-2014-10-Base,dimensiones,dimension=JornadaOrigen;cohorte=2014;horizonte=10,Base,11812,11812,0,0,PASS,seguimiento JOIN programas
DIM-JornadaOrigen-2014-10-Carrera,dimensiones,dimension=JornadaOrigen;cohorte=2014;horizonte=10,Carrera,32,32,0,0,PASS,seguimiento JOIN programas
DIM-JornadaOrigen-2014-10-Institucion,dimensiones,dimension=JornadaOrigen;cohorte=2014;horizonte=10,Institucion,213,213,0,0,PASS,seguimiento JOIN programas
DIM-JornadaOrigen-2014-10-EducacionSuperior,dimensiones,dimension=JornadaOrigen;cohorte=2014;horizonte=10,EducacionSuperior,1458,1458,0,0,PASS,seguimiento JOIN programas
DIM-JornadaOrigen-2014-11-Base,dimensiones,dimension=JornadaOrigen;cohorte=2014;horizonte=11,Base,11812,11812,0,0,PASS,seguimiento JOIN programas
DIM-JornadaOrigen-2014-11-Carrera,dimensiones,dimension=JornadaOrigen;cohorte=2014;horizonte=11,Carrera,28,28,0,0,PASS,seguimiento JOIN programas
DIM-JornadaOrigen-2014-11-Institucion,dimensiones,dimension=JornadaOrigen;cohorte=2014;horizonte=11,Institucion,176,176,0,0,PASS,seguimiento JOIN programas
DIM-JornadaOrigen-2014-11-EducacionSuperior,dimensiones,dimension=JornadaOrigen;cohorte=2014;horizonte=11,EducacionSuperior,1413,1413,0,0,PASS,seguimiento JOIN programas
DIM-JornadaOrigen-2014-12-Base,dimensiones,dimension=JornadaOrigen;cohorte=2014;horizonte=12,Base,11812,11812,0,0,PASS,seguimiento JOIN programas
DIM-JornadaOrigen-2014-12-Carrera,dimensiones,dimension=JornadaOrigen;cohorte=2014;horizonte=12,Carrera,16,16,0,0,PASS,seguimiento JOIN programas
DIM-JornadaOrigen-2014-12-Institucion,dimensiones,dimension=JornadaOrigen;cohorte=2014;horizonte=12,Institucion,135,135,0,0,PASS,seguimiento JOIN programas
DIM-JornadaOrigen-2014-12-EducacionSuperior,dimensiones,dimension=JornadaOrigen;cohorte=2014;horizonte=12,EducacionSuperior,1371,1371,0,0,PASS,seguimiento JOIN programas
DIM-JornadaOrigen-2015-1-Base,dimensiones,dimension=JornadaOrigen;cohorte=2015;horizonte=1,Base,11982,11982,0,0,PASS,seguimiento JOIN programas
DIM-JornadaOrigen-2015-1-Carrera,dimensiones,dimension=JornadaOrigen;cohorte=2015;horizonte=1,Carrera,11982,11982,0,0,PASS,seguimiento JOIN programas
DIM-JornadaOrigen-2015-1-Institucion,dimensiones,dimension=JornadaOrigen;cohorte=2015;horizonte=1,Institucion,11982,11982,0,0,PASS,seguimiento JOIN programas
DIM-JornadaOrigen-2015-1-EducacionSuperior,dimensiones,dimension=JornadaOrigen;cohorte=2015;horizonte=1,EducacionSuperior,11982,11982,0,0,PASS,seguimiento JOIN programas
DIM-JornadaOrigen-2015-2-Base,dimensiones,dimension=JornadaOrigen;cohorte=2015;horizonte=2,Base,11982,11982,0,0,PASS,seguimiento JOIN programas
DIM-JornadaOrigen-2015-2-Carrera,dimensiones,dimension=JornadaOrigen;cohorte=2015;horizonte=2,Carrera,6678,6678,0,0,PASS,seguimiento JOIN programas
DIM-JornadaOrigen-2015-2-Institucion,dimensiones,dimension=JornadaOrigen;cohorte=2015;horizonte=2,Institucion,7008,7008,0,0,PASS,seguimiento JOIN programas
DIM-JornadaOrigen-2015-2-EducacionSuperior,dimensiones,dimension=JornadaOrigen;cohorte=2015;horizonte=2,EducacionSuperior,7651,7651,0,0,PASS,seguimiento JOIN programas
DIM-JornadaOrigen-2015-3-Base,dimensiones,dimension=JornadaOrigen;cohorte=2015;horizonte=3,Base,11982,11982,0,0,PASS,seguimiento JOIN programas
DIM-JornadaOrigen-2015-3-Carrera,dimensiones,dimension=JornadaOrigen;cohorte=2015;horizonte=3,Carrera,4485,4485,0,0,PASS,seguimiento JOIN programas
DIM-JornadaOrigen-2015-3-Institucion,dimensiones,dimension=JornadaOrigen;cohorte=2015;horizonte=3,Institucion,5245,5245,0,0,PASS,seguimiento JOIN programas
DIM-JornadaOrigen-2015-3-EducacionSuperior,dimensiones,dimension=JornadaOrigen;cohorte=2015;horizonte=3,EducacionSuperior,6407,6407,0,0,PASS,seguimiento JOIN programas
DIM-JornadaOrigen-2015-4-Base,dimensiones,dimension=JornadaOrigen;cohorte=2015;horizonte=4,Base,11982,11982,0,0,PASS,seguimiento JOIN programas
DIM-JornadaOrigen-2015-4-Carrera,dimensiones,dimension=JornadaOrigen;cohorte=2015;horizonte=4,Carrera,1565,1565,0,0,PASS,seguimiento JOIN programas
DIM-JornadaOrigen-2015-4-Institucion,dimensiones,dimension=JornadaOrigen;cohorte=2015;horizonte=4,Institucion,2642,2642,0,0,PASS,seguimiento JOIN programas
DIM-JornadaOrigen-2015-4-EducacionSuperior,dimensiones,dimension=JornadaOrigen;cohorte=2015;horizonte=4,EducacionSuperior,4165,4165,0,0,PASS,seguimiento JOIN programas
DIM-JornadaOrigen-2015-5-Base,dimensiones,dimension=JornadaOrigen;cohorte=2015;horizonte=5,Base,11982,11982,0,0,PASS,seguimiento JOIN programas
DIM-JornadaOrigen-2015-5-Carrera,dimensiones,dimension=JornadaOrigen;cohorte=2015;horizonte=5,Carrera,592,592,0,0,PASS,seguimiento JOIN programas
DIM-JornadaOrigen-2015-5-Institucion,dimensiones,dimension=JornadaOrigen;cohorte=2015;horizonte=5,Institucion,1206,1206,0,0,PASS,seguimiento JOIN programas
DIM-JornadaOrigen-2015-5-EducacionSuperior,dimensiones,dimension=JornadaOrigen;cohorte=2015;horizonte=5,EducacionSuperior,2701,2701,0,0,PASS,seguimiento JOIN programas
DIM-JornadaOrigen-2015-6-Base,dimensiones,dimension=JornadaOrigen;cohorte=2015;horizonte=6,Base,11982,11982,0,0,PASS,seguimiento JOIN programas
DIM-JornadaOrigen-2015-6-Carrera,dimensiones,dimension=JornadaOrigen;cohorte=2015;horizonte=6,Carrera,152,152,0,0,PASS,seguimiento JOIN programas
DIM-JornadaOrigen-2015-6-Institucion,dimensiones,dimension=JornadaOrigen;cohorte=2015;horizonte=6,Institucion,499,499,0,0,PASS,seguimiento JOIN programas
DIM-JornadaOrigen-2015-6-EducacionSuperior,dimensiones,dimension=JornadaOrigen;cohorte=2015;horizonte=6,EducacionSuperior,1880,1880,0,0,PASS,seguimiento JOIN programas
DIM-JornadaOrigen-2015-7-Base,dimensiones,dimension=JornadaOrigen;cohorte=2015;horizonte=7,Base,11982,11982,0,0,PASS,seguimiento JOIN programas
DIM-JornadaOrigen-2015-7-Carrera,dimensiones,dimension=JornadaOrigen;cohorte=2015;horizonte=7,Carrera,109,109,0,0,PASS,seguimiento JOIN programas
DIM-JornadaOrigen-2015-7-Institucion,dimensiones,dimension=JornadaOrigen;cohorte=2015;horizonte=7,Institucion,400,400,0,0,PASS,seguimiento JOIN programas
DIM-JornadaOrigen-2015-7-EducacionSuperior,dimensiones,dimension=JornadaOrigen;cohorte=2015;horizonte=7,EducacionSuperior,1913,1913,0,0,PASS,seguimiento JOIN programas
DIM-JornadaOrigen-2015-8-Base,dimensiones,dimension=JornadaOrigen;cohorte=2015;horizonte=8,Base,11982,11982,0,0,PASS,seguimiento JOIN programas
DIM-JornadaOrigen-2015-8-Carrera,dimensiones,dimension=JornadaOrigen;cohorte=2015;horizonte=8,Carrera,90,90,0,0,PASS,seguimiento JOIN programas
DIM-JornadaOrigen-2015-8-Institucion,dimensiones,dimension=JornadaOrigen;cohorte=2015;horizonte=8,Institucion,315,315,0,0,PASS,seguimiento JOIN programas
DIM-JornadaOrigen-2015-8-EducacionSuperior,dimensiones,dimension=JornadaOrigen;cohorte=2015;horizonte=8,EducacionSuperior,1791,1791,0,0,PASS,seguimiento JOIN programas
DIM-JornadaOrigen-2015-9-Base,dimensiones,dimension=JornadaOrigen;cohorte=2015;horizonte=9,Base,11982,11982,0,0,PASS,seguimiento JOIN programas
DIM-JornadaOrigen-2015-9-Carrera,dimensiones,dimension=JornadaOrigen;cohorte=2015;horizonte=9,Carrera,68,68,0,0,PASS,seguimiento JOIN programas
DIM-JornadaOrigen-2015-9-Institucion,dimensiones,dimension=JornadaOrigen;cohorte=2015;horizonte=9,Institucion,258,258,0,0,PASS,seguimiento JOIN programas
DIM-JornadaOrigen-2015-9-EducacionSuperior,dimensiones,dimension=JornadaOrigen;cohorte=2015;horizonte=9,EducacionSuperior,1671,1671,0,0,PASS,seguimiento JOIN programas
DIM-JornadaOrigen-2015-10-Base,dimensiones,dimension=JornadaOrigen;cohorte=2015;horizonte=10,Base,11982,11982,0,0,PASS,seguimiento JOIN programas
DIM-JornadaOrigen-2015-10-Carrera,dimensiones,dimension=JornadaOrigen;cohorte=2015;horizonte=10,Carrera,41,41,0,0,PASS,seguimiento JOIN programas
DIM-JornadaOrigen-2015-10-Institucion,dimensiones,dimension=JornadaOrigen;cohorte=2015;horizonte=10,Institucion,199,199,0,0,PASS,seguimiento JOIN programas
DIM-JornadaOrigen-2015-10-EducacionSuperior,dimensiones,dimension=JornadaOrigen;cohorte=2015;horizonte=10,EducacionSuperior,1541,1541,0,0,PASS,seguimiento JOIN programas
DIM-JornadaOrigen-2015-11-Base,dimensiones,dimension=JornadaOrigen;cohorte=2015;horizonte=11,Base,11982,11982,0,0,PASS,seguimiento JOIN programas
DIM-JornadaOrigen-2015-11-Carrera,dimensiones,dimension=JornadaOrigen;cohorte=2015;horizonte=11,Carrera,25,25,0,0,PASS,seguimiento JOIN programas
DIM-JornadaOrigen-2015-11-Institucion,dimensiones,dimension=JornadaOrigen;cohorte=2015;horizonte=11,Institucion,170,170,0,0,PASS,seguimiento JOIN programas
DIM-JornadaOrigen-2015-11-EducacionSuperior,dimensiones,dimension=JornadaOrigen;cohorte=2015;horizonte=11,EducacionSuperior,1474,1474,0,0,PASS,seguimiento JOIN programas
DIM-JornadaOrigen-2016-1-Base,dimensiones,dimension=JornadaOrigen;cohorte=2016;horizonte=1,Base,13664,13664,0,0,PASS,seguimiento JOIN programas
DIM-JornadaOrigen-2016-1-Carrera,dimensiones,dimension=JornadaOrigen;cohorte=2016;horizonte=1,Carrera,13664,13664,0,0,PASS,seguimiento JOIN programas
DIM-JornadaOrigen-2016-1-Institucion,dimensiones,dimension=JornadaOrigen;cohorte=2016;horizonte=1,Institucion,13664,13664,0,0,PASS,seguimiento JOIN programas
DIM-JornadaOrigen-2016-1-EducacionSuperior,dimensiones,dimension=JornadaOrigen;cohorte=2016;horizonte=1,EducacionSuperior,13664,13664,0,0,PASS,seguimiento JOIN programas
DIM-JornadaOrigen-2016-2-Base,dimensiones,dimension=JornadaOrigen;cohorte=2016;horizonte=2,Base,13664,13664,0,0,PASS,seguimiento JOIN programas
DIM-JornadaOrigen-2016-2-Carrera,dimensiones,dimension=JornadaOrigen;cohorte=2016;horizonte=2,Carrera,7905,7905,0,0,PASS,seguimiento JOIN programas
DIM-JornadaOrigen-2016-2-Institucion,dimensiones,dimension=JornadaOrigen;cohorte=2016;horizonte=2,Institucion,8304,8304,0,0,PASS,seguimiento JOIN programas
DIM-JornadaOrigen-2016-2-EducacionSuperior,dimensiones,dimension=JornadaOrigen;cohorte=2016;horizonte=2,EducacionSuperior,8896,8896,0,0,PASS,seguimiento JOIN programas
DIM-JornadaOrigen-2016-3-Base,dimensiones,dimension=JornadaOrigen;cohorte=2016;horizonte=3,Base,13664,13664,0,0,PASS,seguimiento JOIN programas
DIM-JornadaOrigen-2016-3-Carrera,dimensiones,dimension=JornadaOrigen;cohorte=2016;horizonte=3,Carrera,4462,4462,0,0,PASS,seguimiento JOIN programas
DIM-JornadaOrigen-2016-3-Institucion,dimensiones,dimension=JornadaOrigen;cohorte=2016;horizonte=3,Institucion,5563,5563,0,0,PASS,seguimiento JOIN programas
DIM-JornadaOrigen-2016-3-EducacionSuperior,dimensiones,dimension=JornadaOrigen;cohorte=2016;horizonte=3,EducacionSuperior,6669,6669,0,0,PASS,seguimiento JOIN programas
DIM-JornadaOrigen-2016-4-Base,dimensiones,dimension=JornadaOrigen;cohorte=2016;horizonte=4,Base,13664,13664,0,0,PASS,seguimiento JOIN programas
DIM-JornadaOrigen-2016-4-Carrera,dimensiones,dimension=JornadaOrigen;cohorte=2016;horizonte=4,Carrera,2245,2245,0,0,PASS,seguimiento JOIN programas
DIM-JornadaOrigen-2016-4-Institucion,dimensiones,dimension=JornadaOrigen;cohorte=2016;horizonte=4,Institucion,3383,3383,0,0,PASS,seguimiento JOIN programas
DIM-JornadaOrigen-2016-4-EducacionSuperior,dimensiones,dimension=JornadaOrigen;cohorte=2016;horizonte=4,EducacionSuperior,4733,4733,0,0,PASS,seguimiento JOIN programas
DIM-JornadaOrigen-2016-5-Base,dimensiones,dimension=JornadaOrigen;cohorte=2016;horizonte=5,Base,13664,13664,0,0,PASS,seguimiento JOIN programas
DIM-JornadaOrigen-2016-5-Carrera,dimensiones,dimension=JornadaOrigen;cohorte=2016;horizonte=5,Carrera,606,606,0,0,PASS,seguimiento JOIN programas
DIM-JornadaOrigen-2016-5-Institucion,dimensiones,dimension=JornadaOrigen;cohorte=2016;horizonte=5,Institucion,1249,1249,0,0,PASS,seguimiento JOIN programas
DIM-JornadaOrigen-2016-5-EducacionSuperior,dimensiones,dimension=JornadaOrigen;cohorte=2016;horizonte=5,EducacionSuperior,2637,2637,0,0,PASS,seguimiento JOIN programas
DIM-JornadaOrigen-2016-6-Base,dimensiones,dimension=JornadaOrigen;cohorte=2016;horizonte=6,Base,13664,13664,0,0,PASS,seguimiento JOIN programas
DIM-JornadaOrigen-2016-6-Carrera,dimensiones,dimension=JornadaOrigen;cohorte=2016;horizonte=6,Carrera,371,371,0,0,PASS,seguimiento JOIN programas
DIM-JornadaOrigen-2016-6-Institucion,dimensiones,dimension=JornadaOrigen;cohorte=2016;horizonte=6,Institucion,850,850,0,0,PASS,seguimiento JOIN programas
DIM-JornadaOrigen-2016-6-EducacionSuperior,dimensiones,dimension=JornadaOrigen;cohorte=2016;horizonte=6,EducacionSuperior,2520,2520,0,0,PASS,seguimiento JOIN programas
DIM-JornadaOrigen-2016-7-Base,dimensiones,dimension=JornadaOrigen;cohorte=2016;horizonte=7,Base,13664,13664,0,0,PASS,seguimiento JOIN programas
DIM-JornadaOrigen-2016-7-Carrera,dimensiones,dimension=JornadaOrigen;cohorte=2016;horizonte=7,Carrera,224,224,0,0,PASS,seguimiento JOIN programas
DIM-JornadaOrigen-2016-7-Institucion,dimensiones,dimension=JornadaOrigen;cohorte=2016;horizonte=7,Institucion,613,613,0,0,PASS,seguimiento JOIN programas
DIM-JornadaOrigen-2016-7-EducacionSuperior,dimensiones,dimension=JornadaOrigen;cohorte=2016;horizonte=7,EducacionSuperior,2259,2259,0,0,PASS,seguimiento JOIN programas
DIM-JornadaOrigen-2016-8-Base,dimensiones,dimension=JornadaOrigen;cohorte=2016;horizonte=8,Base,13664,13664,0,0,PASS,seguimiento JOIN programas
DIM-JornadaOrigen-2016-8-Carrera,dimensiones,dimension=JornadaOrigen;cohorte=2016;horizonte=8,Carrera,140,140,0,0,PASS,seguimiento JOIN programas
DIM-JornadaOrigen-2016-8-Institucion,dimensiones,dimension=JornadaOrigen;cohorte=2016;horizonte=8,Institucion,489,489,0,0,PASS,seguimiento JOIN programas
DIM-JornadaOrigen-2016-8-EducacionSuperior,dimensiones,dimension=JornadaOrigen;cohorte=2016;horizonte=8,EducacionSuperior,2072,2072,0,0,PASS,seguimiento JOIN programas
DIM-JornadaOrigen-2016-9-Base,dimensiones,dimension=JornadaOrigen;cohorte=2016;horizonte=9,Base,13664,13664,0,0,PASS,seguimiento JOIN programas
DIM-JornadaOrigen-2016-9-Carrera,dimensiones,dimension=JornadaOrigen;cohorte=2016;horizonte=9,Carrera,74,74,0,0,PASS,seguimiento JOIN programas
DIM-JornadaOrigen-2016-9-Institucion,dimensiones,dimension=JornadaOrigen;cohorte=2016;horizonte=9,Institucion,344,344,0,0,PASS,seguimiento JOIN programas
DIM-JornadaOrigen-2016-9-EducacionSuperior,dimensiones,dimension=JornadaOrigen;cohorte=2016;horizonte=9,EducacionSuperior,1874,1874,0,0,PASS,seguimiento JOIN programas
DIM-JornadaOrigen-2016-10-Base,dimensiones,dimension=JornadaOrigen;cohorte=2016;horizonte=10,Base,13664,13664,0,0,PASS,seguimiento JOIN programas
DIM-JornadaOrigen-2016-10-Carrera,dimensiones,dimension=JornadaOrigen;cohorte=2016;horizonte=10,Carrera,52,52,0,0,PASS,seguimiento JOIN programas
DIM-JornadaOrigen-2016-10-Institucion,dimensiones,dimension=JornadaOrigen;cohorte=2016;horizonte=10,Institucion,283,283,0,0,PASS,seguimiento JOIN programas
DIM-JornadaOrigen-2016-10-EducacionSuperior,dimensiones,dimension=JornadaOrigen;cohorte=2016;horizonte=10,EducacionSuperior,1894,1894,0,0,PASS,seguimiento JOIN programas
DIM-JornadaOrigen-2017-1-Base,dimensiones,dimension=JornadaOrigen;cohorte=2017;horizonte=1,Base,13882,13882,0,0,PASS,seguimiento JOIN programas
DIM-JornadaOrigen-2017-1-Carrera,dimensiones,dimension=JornadaOrigen;cohorte=2017;horizonte=1,Carrera,13882,13882,0,0,PASS,seguimiento JOIN programas
DIM-JornadaOrigen-2017-1-Institucion,dimensiones,dimension=JornadaOrigen;cohorte=2017;horizonte=1,Institucion,13882,13882,0,0,PASS,seguimiento JOIN programas
DIM-JornadaOrigen-2017-1-EducacionSuperior,dimensiones,dimension=JornadaOrigen;cohorte=2017;horizonte=1,EducacionSuperior,13882,13882,0,0,PASS,seguimiento JOIN programas
DIM-JornadaOrigen-2017-2-Base,dimensiones,dimension=JornadaOrigen;cohorte=2017;horizonte=2,Base,13882,13882,0,0,PASS,seguimiento JOIN programas
DIM-JornadaOrigen-2017-2-Carrera,dimensiones,dimension=JornadaOrigen;cohorte=2017;horizonte=2,Carrera,7545,7545,0,0,PASS,seguimiento JOIN programas
DIM-JornadaOrigen-2017-2-Institucion,dimensiones,dimension=JornadaOrigen;cohorte=2017;horizonte=2,Institucion,7825,7825,0,0,PASS,seguimiento JOIN programas
DIM-JornadaOrigen-2017-2-EducacionSuperior,dimensiones,dimension=JornadaOrigen;cohorte=2017;horizonte=2,EducacionSuperior,8605,8605,0,0,PASS,seguimiento JOIN programas
DIM-JornadaOrigen-2017-3-Base,dimensiones,dimension=JornadaOrigen;cohorte=2017;horizonte=3,Base,13882,13882,0,0,PASS,seguimiento JOIN programas
DIM-JornadaOrigen-2017-3-Carrera,dimensiones,dimension=JornadaOrigen;cohorte=2017;horizonte=3,Carrera,4177,4177,0,0,PASS,seguimiento JOIN programas
DIM-JornadaOrigen-2017-3-Institucion,dimensiones,dimension=JornadaOrigen;cohorte=2017;horizonte=3,Institucion,5000,5000,0,0,PASS,seguimiento JOIN programas
DIM-JornadaOrigen-2017-3-EducacionSuperior,dimensiones,dimension=JornadaOrigen;cohorte=2017;horizonte=3,EducacionSuperior,6217,6217,0,0,PASS,seguimiento JOIN programas
DIM-JornadaOrigen-2017-4-Base,dimensiones,dimension=JornadaOrigen;cohorte=2017;horizonte=4,Base,13882,13882,0,0,PASS,seguimiento JOIN programas
DIM-JornadaOrigen-2017-4-Carrera,dimensiones,dimension=JornadaOrigen;cohorte=2017;horizonte=4,Carrera,1765,1765,0,0,PASS,seguimiento JOIN programas
DIM-JornadaOrigen-2017-4-Institucion,dimensiones,dimension=JornadaOrigen;cohorte=2017;horizonte=4,Institucion,2664,2664,0,0,PASS,seguimiento JOIN programas
DIM-JornadaOrigen-2017-4-EducacionSuperior,dimensiones,dimension=JornadaOrigen;cohorte=2017;horizonte=4,EducacionSuperior,4082,4082,0,0,PASS,seguimiento JOIN programas
DIM-JornadaOrigen-2017-5-Base,dimensiones,dimension=JornadaOrigen;cohorte=2017;horizonte=5,Base,13882,13882,0,0,PASS,seguimiento JOIN programas
DIM-JornadaOrigen-2017-5-Carrera,dimensiones,dimension=JornadaOrigen;cohorte=2017;horizonte=5,Carrera,827,827,0,0,PASS,seguimiento JOIN programas
DIM-JornadaOrigen-2017-5-Institucion,dimensiones,dimension=JornadaOrigen;cohorte=2017;horizonte=5,Institucion,1552,1552,0,0,PASS,seguimiento JOIN programas
DIM-JornadaOrigen-2017-5-EducacionSuperior,dimensiones,dimension=JornadaOrigen;cohorte=2017;horizonte=5,EducacionSuperior,3306,3306,0,0,PASS,seguimiento JOIN programas
DIM-JornadaOrigen-2017-6-Base,dimensiones,dimension=JornadaOrigen;cohorte=2017;horizonte=6,Base,13882,13882,0,0,PASS,seguimiento JOIN programas
DIM-JornadaOrigen-2017-6-Carrera,dimensiones,dimension=JornadaOrigen;cohorte=2017;horizonte=6,Carrera,340,340,0,0,PASS,seguimiento JOIN programas
DIM-JornadaOrigen-2017-6-Institucion,dimensiones,dimension=JornadaOrigen;cohorte=2017;horizonte=6,Institucion,869,869,0,0,PASS,seguimiento JOIN programas
DIM-JornadaOrigen-2017-6-EducacionSuperior,dimensiones,dimension=JornadaOrigen;cohorte=2017;horizonte=6,EducacionSuperior,2741,2741,0,0,PASS,seguimiento JOIN programas
DIM-JornadaOrigen-2017-7-Base,dimensiones,dimension=JornadaOrigen;cohorte=2017;horizonte=7,Base,13882,13882,0,0,PASS,seguimiento JOIN programas
DIM-JornadaOrigen-2017-7-Carrera,dimensiones,dimension=JornadaOrigen;cohorte=2017;horizonte=7,Carrera,215,215,0,0,PASS,seguimiento JOIN programas
DIM-JornadaOrigen-2017-7-Institucion,dimensiones,dimension=JornadaOrigen;cohorte=2017;horizonte=7,Institucion,625,625,0,0,PASS,seguimiento JOIN programas
DIM-JornadaOrigen-2017-7-EducacionSuperior,dimensiones,dimension=JornadaOrigen;cohorte=2017;horizonte=7,EducacionSuperior,2415,2415,0,0,PASS,seguimiento JOIN programas
DIM-JornadaOrigen-2017-8-Base,dimensiones,dimension=JornadaOrigen;cohorte=2017;horizonte=8,Base,13882,13882,0,0,PASS,seguimiento JOIN programas
DIM-JornadaOrigen-2017-8-Carrera,dimensiones,dimension=JornadaOrigen;cohorte=2017;horizonte=8,Carrera,109,109,0,0,PASS,seguimiento JOIN programas
DIM-JornadaOrigen-2017-8-Institucion,dimensiones,dimension=JornadaOrigen;cohorte=2017;horizonte=8,Institucion,424,424,0,0,PASS,seguimiento JOIN programas
DIM-JornadaOrigen-2017-8-EducacionSuperior,dimensiones,dimension=JornadaOrigen;cohorte=2017;horizonte=8,EducacionSuperior,2185,2185,0,0,PASS,seguimiento JOIN programas
DIM-JornadaOrigen-2017-9-Base,dimensiones,dimension=JornadaOrigen;cohorte=2017;horizonte=9,Base,13882,13882,0,0,PASS,seguimiento JOIN programas
DIM-JornadaOrigen-2017-9-Carrera,dimensiones,dimension=JornadaOrigen;cohorte=2017;horizonte=9,Carrera,71,71,0,0,PASS,seguimiento JOIN programas
DIM-JornadaOrigen-2017-9-Institucion,dimensiones,dimension=JornadaOrigen;cohorte=2017;horizonte=9,Institucion,339,339,0,0,PASS,seguimiento JOIN programas
DIM-JornadaOrigen-2017-9-EducacionSuperior,dimensiones,dimension=JornadaOrigen;cohorte=2017;horizonte=9,EducacionSuperior,2176,2176,0,0,PASS,seguimiento JOIN programas
DIM-JornadaOrigen-2018-1-Base,dimensiones,dimension=JornadaOrigen;cohorte=2018;horizonte=1,Base,17130,17130,0,0,PASS,seguimiento JOIN programas
DIM-JornadaOrigen-2018-1-Carrera,dimensiones,dimension=JornadaOrigen;cohorte=2018;horizonte=1,Carrera,17130,17130,0,0,PASS,seguimiento JOIN programas
DIM-JornadaOrigen-2018-1-Institucion,dimensiones,dimension=JornadaOrigen;cohorte=2018;horizonte=1,Institucion,17130,17130,0,0,PASS,seguimiento JOIN programas
DIM-JornadaOrigen-2018-1-EducacionSuperior,dimensiones,dimension=JornadaOrigen;cohorte=2018;horizonte=1,EducacionSuperior,17130,17130,0,0,PASS,seguimiento JOIN programas
DIM-JornadaOrigen-2018-2-Base,dimensiones,dimension=JornadaOrigen;cohorte=2018;horizonte=2,Base,17130,17130,0,0,PASS,seguimiento JOIN programas
DIM-JornadaOrigen-2018-2-Carrera,dimensiones,dimension=JornadaOrigen;cohorte=2018;horizonte=2,Carrera,10087,10087,0,0,PASS,seguimiento JOIN programas
DIM-JornadaOrigen-2018-2-Institucion,dimensiones,dimension=JornadaOrigen;cohorte=2018;horizonte=2,Institucion,10328,10328,0,0,PASS,seguimiento JOIN programas
DIM-JornadaOrigen-2018-2-EducacionSuperior,dimensiones,dimension=JornadaOrigen;cohorte=2018;horizonte=2,EducacionSuperior,11041,11041,0,0,PASS,seguimiento JOIN programas
DIM-JornadaOrigen-2018-3-Base,dimensiones,dimension=JornadaOrigen;cohorte=2018;horizonte=3,Base,17130,17130,0,0,PASS,seguimiento JOIN programas
DIM-JornadaOrigen-2018-3-Carrera,dimensiones,dimension=JornadaOrigen;cohorte=2018;horizonte=3,Carrera,5901,5901,0,0,PASS,seguimiento JOIN programas
DIM-JornadaOrigen-2018-3-Institucion,dimensiones,dimension=JornadaOrigen;cohorte=2018;horizonte=3,Institucion,6597,6597,0,0,PASS,seguimiento JOIN programas
DIM-JornadaOrigen-2018-3-EducacionSuperior,dimensiones,dimension=JornadaOrigen;cohorte=2018;horizonte=3,EducacionSuperior,7863,7863,0,0,PASS,seguimiento JOIN programas
DIM-JornadaOrigen-2018-4-Base,dimensiones,dimension=JornadaOrigen;cohorte=2018;horizonte=4,Base,17130,17130,0,0,PASS,seguimiento JOIN programas
DIM-JornadaOrigen-2018-4-Carrera,dimensiones,dimension=JornadaOrigen;cohorte=2018;horizonte=4,Carrera,2568,2568,0,0,PASS,seguimiento JOIN programas
DIM-JornadaOrigen-2018-4-Institucion,dimensiones,dimension=JornadaOrigen;cohorte=2018;horizonte=4,Institucion,3617,3617,0,0,PASS,seguimiento JOIN programas
DIM-JornadaOrigen-2018-4-EducacionSuperior,dimensiones,dimension=JornadaOrigen;cohorte=2018;horizonte=4,EducacionSuperior,5556,5556,0,0,PASS,seguimiento JOIN programas
DIM-JornadaOrigen-2018-5-Base,dimensiones,dimension=JornadaOrigen;cohorte=2018;horizonte=5,Base,17130,17130,0,0,PASS,seguimiento JOIN programas
DIM-JornadaOrigen-2018-5-Carrera,dimensiones,dimension=JornadaOrigen;cohorte=2018;horizonte=5,Carrera,1069,1069,0,0,PASS,seguimiento JOIN programas
DIM-JornadaOrigen-2018-5-Institucion,dimensiones,dimension=JornadaOrigen;cohorte=2018;horizonte=5,Institucion,1925,1925,0,0,PASS,seguimiento JOIN programas
DIM-JornadaOrigen-2018-5-EducacionSuperior,dimensiones,dimension=JornadaOrigen;cohorte=2018;horizonte=5,EducacionSuperior,4054,4054,0,0,PASS,seguimiento JOIN programas
DIM-JornadaOrigen-2018-6-Base,dimensiones,dimension=JornadaOrigen;cohorte=2018;horizonte=6,Base,17130,17130,0,0,PASS,seguimiento JOIN programas
DIM-JornadaOrigen-2018-6-Carrera,dimensiones,dimension=JornadaOrigen;cohorte=2018;horizonte=6,Carrera,478,478,0,0,PASS,seguimiento JOIN programas
DIM-JornadaOrigen-2018-6-Institucion,dimensiones,dimension=JornadaOrigen;cohorte=2018;horizonte=6,Institucion,1138,1138,0,0,PASS,seguimiento JOIN programas
DIM-JornadaOrigen-2018-6-EducacionSuperior,dimensiones,dimension=JornadaOrigen;cohorte=2018;horizonte=6,EducacionSuperior,3275,3275,0,0,PASS,seguimiento JOIN programas
DIM-JornadaOrigen-2018-7-Base,dimensiones,dimension=JornadaOrigen;cohorte=2018;horizonte=7,Base,17130,17130,0,0,PASS,seguimiento JOIN programas
DIM-JornadaOrigen-2018-7-Carrera,dimensiones,dimension=JornadaOrigen;cohorte=2018;horizonte=7,Carrera,213,213,0,0,PASS,seguimiento JOIN programas
DIM-JornadaOrigen-2018-7-Institucion,dimensiones,dimension=JornadaOrigen;cohorte=2018;horizonte=7,Institucion,711,711,0,0,PASS,seguimiento JOIN programas
DIM-JornadaOrigen-2018-7-EducacionSuperior,dimensiones,dimension=JornadaOrigen;cohorte=2018;horizonte=7,EducacionSuperior,2867,2867,0,0,PASS,seguimiento JOIN programas
DIM-JornadaOrigen-2018-8-Base,dimensiones,dimension=JornadaOrigen;cohorte=2018;horizonte=8,Base,17130,17130,0,0,PASS,seguimiento JOIN programas
DIM-JornadaOrigen-2018-8-Carrera,dimensiones,dimension=JornadaOrigen;cohorte=2018;horizonte=8,Carrera,150,150,0,0,PASS,seguimiento JOIN programas
DIM-JornadaOrigen-2018-8-Institucion,dimensiones,dimension=JornadaOrigen;cohorte=2018;horizonte=8,Institucion,594,594,0,0,PASS,seguimiento JOIN programas
DIM-JornadaOrigen-2018-8-EducacionSuperior,dimensiones,dimension=JornadaOrigen;cohorte=2018;horizonte=8,EducacionSuperior,2828,2828,0,0,PASS,seguimiento JOIN programas
DIM-JornadaOrigen-2019-1-Base,dimensiones,dimension=JornadaOrigen;cohorte=2019;horizonte=1,Base,17822,17822,0,0,PASS,seguimiento JOIN programas
DIM-JornadaOrigen-2019-1-Carrera,dimensiones,dimension=JornadaOrigen;cohorte=2019;horizonte=1,Carrera,17822,17822,0,0,PASS,seguimiento JOIN programas
DIM-JornadaOrigen-2019-1-Institucion,dimensiones,dimension=JornadaOrigen;cohorte=2019;horizonte=1,Institucion,17822,17822,0,0,PASS,seguimiento JOIN programas
DIM-JornadaOrigen-2019-1-EducacionSuperior,dimensiones,dimension=JornadaOrigen;cohorte=2019;horizonte=1,EducacionSuperior,17822,17822,0,0,PASS,seguimiento JOIN programas
DIM-JornadaOrigen-2019-2-Base,dimensiones,dimension=JornadaOrigen;cohorte=2019;horizonte=2,Base,17822,17822,0,0,PASS,seguimiento JOIN programas
DIM-JornadaOrigen-2019-2-Carrera,dimensiones,dimension=JornadaOrigen;cohorte=2019;horizonte=2,Carrera,10419,10419,0,0,PASS,seguimiento JOIN programas
DIM-JornadaOrigen-2019-2-Institucion,dimensiones,dimension=JornadaOrigen;cohorte=2019;horizonte=2,Institucion,10661,10661,0,0,PASS,seguimiento JOIN programas
DIM-JornadaOrigen-2019-2-EducacionSuperior,dimensiones,dimension=JornadaOrigen;cohorte=2019;horizonte=2,EducacionSuperior,11365,11365,0,0,PASS,seguimiento JOIN programas
DIM-JornadaOrigen-2019-3-Base,dimensiones,dimension=JornadaOrigen;cohorte=2019;horizonte=3,Base,17822,17822,0,0,PASS,seguimiento JOIN programas
DIM-JornadaOrigen-2019-3-Carrera,dimensiones,dimension=JornadaOrigen;cohorte=2019;horizonte=3,Carrera,6830,6830,0,0,PASS,seguimiento JOIN programas
DIM-JornadaOrigen-2019-3-Institucion,dimensiones,dimension=JornadaOrigen;cohorte=2019;horizonte=3,Institucion,7619,7619,0,0,PASS,seguimiento JOIN programas
DIM-JornadaOrigen-2019-3-EducacionSuperior,dimensiones,dimension=JornadaOrigen;cohorte=2019;horizonte=3,EducacionSuperior,9015,9015,0,0,PASS,seguimiento JOIN programas
DIM-JornadaOrigen-2019-4-Base,dimensiones,dimension=JornadaOrigen;cohorte=2019;horizonte=4,Base,17822,17822,0,0,PASS,seguimiento JOIN programas
DIM-JornadaOrigen-2019-4-Carrera,dimensiones,dimension=JornadaOrigen;cohorte=2019;horizonte=4,Carrera,2805,2805,0,0,PASS,seguimiento JOIN programas
DIM-JornadaOrigen-2019-4-Institucion,dimensiones,dimension=JornadaOrigen;cohorte=2019;horizonte=4,Institucion,3920,3920,0,0,PASS,seguimiento JOIN programas
DIM-JornadaOrigen-2019-4-EducacionSuperior,dimensiones,dimension=JornadaOrigen;cohorte=2019;horizonte=4,EducacionSuperior,5854,5854,0,0,PASS,seguimiento JOIN programas
DIM-JornadaOrigen-2019-5-Base,dimensiones,dimension=JornadaOrigen;cohorte=2019;horizonte=5,Base,17822,17822,0,0,PASS,seguimiento JOIN programas
DIM-JornadaOrigen-2019-5-Carrera,dimensiones,dimension=JornadaOrigen;cohorte=2019;horizonte=5,Carrera,1382,1382,0,0,PASS,seguimiento JOIN programas
DIM-JornadaOrigen-2019-5-Institucion,dimensiones,dimension=JornadaOrigen;cohorte=2019;horizonte=5,Institucion,2369,2369,0,0,PASS,seguimiento JOIN programas
DIM-JornadaOrigen-2019-5-EducacionSuperior,dimensiones,dimension=JornadaOrigen;cohorte=2019;horizonte=5,EducacionSuperior,4488,4488,0,0,PASS,seguimiento JOIN programas
DIM-JornadaOrigen-2019-6-Base,dimensiones,dimension=JornadaOrigen;cohorte=2019;horizonte=6,Base,17822,17822,0,0,PASS,seguimiento JOIN programas
DIM-JornadaOrigen-2019-6-Carrera,dimensiones,dimension=JornadaOrigen;cohorte=2019;horizonte=6,Carrera,413,413,0,0,PASS,seguimiento JOIN programas
DIM-JornadaOrigen-2019-6-Institucion,dimensiones,dimension=JornadaOrigen;cohorte=2019;horizonte=6,Institucion,1145,1145,0,0,PASS,seguimiento JOIN programas
DIM-JornadaOrigen-2019-6-EducacionSuperior,dimensiones,dimension=JornadaOrigen;cohorte=2019;horizonte=6,EducacionSuperior,3392,3392,0,0,PASS,seguimiento JOIN programas
DIM-JornadaOrigen-2019-7-Base,dimensiones,dimension=JornadaOrigen;cohorte=2019;horizonte=7,Base,17822,17822,0,0,PASS,seguimiento JOIN programas
DIM-JornadaOrigen-2019-7-Carrera,dimensiones,dimension=JornadaOrigen;cohorte=2019;horizonte=7,Carrera,228,228,0,0,PASS,seguimiento JOIN programas
DIM-JornadaOrigen-2019-7-Institucion,dimensiones,dimension=JornadaOrigen;cohorte=2019;horizonte=7,Institucion,822,822,0,0,PASS,seguimiento JOIN programas
DIM-JornadaOrigen-2019-7-EducacionSuperior,dimensiones,dimension=JornadaOrigen;cohorte=2019;horizonte=7,EducacionSuperior,3204,3204,0,0,PASS,seguimiento JOIN programas
DIM-JornadaOrigen-2020-1-Base,dimensiones,dimension=JornadaOrigen;cohorte=2020;horizonte=1,Base,16467,16467,0,0,PASS,seguimiento JOIN programas
DIM-JornadaOrigen-2020-1-Carrera,dimensiones,dimension=JornadaOrigen;cohorte=2020;horizonte=1,Carrera,16467,16467,0,0,PASS,seguimiento JOIN programas
DIM-JornadaOrigen-2020-1-Institucion,dimensiones,dimension=JornadaOrigen;cohorte=2020;horizonte=1,Institucion,16467,16467,0,0,PASS,seguimiento JOIN programas
DIM-JornadaOrigen-2020-1-EducacionSuperior,dimensiones,dimension=JornadaOrigen;cohorte=2020;horizonte=1,EducacionSuperior,16467,16467,0,0,PASS,seguimiento JOIN programas
DIM-JornadaOrigen-2020-2-Base,dimensiones,dimension=JornadaOrigen;cohorte=2020;horizonte=2,Base,16467,16467,0,0,PASS,seguimiento JOIN programas
DIM-JornadaOrigen-2020-2-Carrera,dimensiones,dimension=JornadaOrigen;cohorte=2020;horizonte=2,Carrera,10794,10794,0,0,PASS,seguimiento JOIN programas
DIM-JornadaOrigen-2020-2-Institucion,dimensiones,dimension=JornadaOrigen;cohorte=2020;horizonte=2,Institucion,11038,11038,0,0,PASS,seguimiento JOIN programas
DIM-JornadaOrigen-2020-2-EducacionSuperior,dimensiones,dimension=JornadaOrigen;cohorte=2020;horizonte=2,EducacionSuperior,11811,11811,0,0,PASS,seguimiento JOIN programas
DIM-JornadaOrigen-2020-3-Base,dimensiones,dimension=JornadaOrigen;cohorte=2020;horizonte=3,Base,16467,16467,0,0,PASS,seguimiento JOIN programas
DIM-JornadaOrigen-2020-3-Carrera,dimensiones,dimension=JornadaOrigen;cohorte=2020;horizonte=3,Carrera,6499,6499,0,0,PASS,seguimiento JOIN programas
DIM-JornadaOrigen-2020-3-Institucion,dimensiones,dimension=JornadaOrigen;cohorte=2020;horizonte=3,Institucion,7174,7174,0,0,PASS,seguimiento JOIN programas
DIM-JornadaOrigen-2020-3-EducacionSuperior,dimensiones,dimension=JornadaOrigen;cohorte=2020;horizonte=3,EducacionSuperior,8456,8456,0,0,PASS,seguimiento JOIN programas
DIM-JornadaOrigen-2020-4-Base,dimensiones,dimension=JornadaOrigen;cohorte=2020;horizonte=4,Base,16467,16467,0,0,PASS,seguimiento JOIN programas
DIM-JornadaOrigen-2020-4-Carrera,dimensiones,dimension=JornadaOrigen;cohorte=2020;horizonte=4,Carrera,3266,3266,0,0,PASS,seguimiento JOIN programas
DIM-JornadaOrigen-2020-4-Institucion,dimensiones,dimension=JornadaOrigen;cohorte=2020;horizonte=4,Institucion,4232,4232,0,0,PASS,seguimiento JOIN programas
DIM-JornadaOrigen-2020-4-EducacionSuperior,dimensiones,dimension=JornadaOrigen;cohorte=2020;horizonte=4,EducacionSuperior,5927,5927,0,0,PASS,seguimiento JOIN programas
DIM-JornadaOrigen-2020-5-Base,dimensiones,dimension=JornadaOrigen;cohorte=2020;horizonte=5,Base,16467,16467,0,0,PASS,seguimiento JOIN programas
DIM-JornadaOrigen-2020-5-Carrera,dimensiones,dimension=JornadaOrigen;cohorte=2020;horizonte=5,Carrera,1399,1399,0,0,PASS,seguimiento JOIN programas
DIM-JornadaOrigen-2020-5-Institucion,dimensiones,dimension=JornadaOrigen;cohorte=2020;horizonte=5,Institucion,2378,2378,0,0,PASS,seguimiento JOIN programas
DIM-JornadaOrigen-2020-5-EducacionSuperior,dimensiones,dimension=JornadaOrigen;cohorte=2020;horizonte=5,EducacionSuperior,4426,4426,0,0,PASS,seguimiento JOIN programas
DIM-JornadaOrigen-2020-6-Base,dimensiones,dimension=JornadaOrigen;cohorte=2020;horizonte=6,Base,16467,16467,0,0,PASS,seguimiento JOIN programas
DIM-JornadaOrigen-2020-6-Carrera,dimensiones,dimension=JornadaOrigen;cohorte=2020;horizonte=6,Carrera,485,485,0,0,PASS,seguimiento JOIN programas
DIM-JornadaOrigen-2020-6-Institucion,dimensiones,dimension=JornadaOrigen;cohorte=2020;horizonte=6,Institucion,1207,1207,0,0,PASS,seguimiento JOIN programas
DIM-JornadaOrigen-2020-6-EducacionSuperior,dimensiones,dimension=JornadaOrigen;cohorte=2020;horizonte=6,EducacionSuperior,3500,3500,0,0,PASS,seguimiento JOIN programas
DIM-JornadaOrigen-2021-1-Base,dimensiones,dimension=JornadaOrigen;cohorte=2021;horizonte=1,Base,24932,24932,0,0,PASS,seguimiento JOIN programas
DIM-JornadaOrigen-2021-1-Carrera,dimensiones,dimension=JornadaOrigen;cohorte=2021;horizonte=1,Carrera,24932,24932,0,0,PASS,seguimiento JOIN programas
DIM-JornadaOrigen-2021-1-Institucion,dimensiones,dimension=JornadaOrigen;cohorte=2021;horizonte=1,Institucion,24932,24932,0,0,PASS,seguimiento JOIN programas
DIM-JornadaOrigen-2021-1-EducacionSuperior,dimensiones,dimension=JornadaOrigen;cohorte=2021;horizonte=1,EducacionSuperior,24932,24932,0,0,PASS,seguimiento JOIN programas
DIM-JornadaOrigen-2021-2-Base,dimensiones,dimension=JornadaOrigen;cohorte=2021;horizonte=2,Base,24932,24932,0,0,PASS,seguimiento JOIN programas
DIM-JornadaOrigen-2021-2-Carrera,dimensiones,dimension=JornadaOrigen;cohorte=2021;horizonte=2,Carrera,16097,16097,0,0,PASS,seguimiento JOIN programas
DIM-JornadaOrigen-2021-2-Institucion,dimensiones,dimension=JornadaOrigen;cohorte=2021;horizonte=2,Institucion,16452,16452,0,0,PASS,seguimiento JOIN programas
DIM-JornadaOrigen-2021-2-EducacionSuperior,dimensiones,dimension=JornadaOrigen;cohorte=2021;horizonte=2,EducacionSuperior,17394,17394,0,0,PASS,seguimiento JOIN programas
DIM-JornadaOrigen-2021-3-Base,dimensiones,dimension=JornadaOrigen;cohorte=2021;horizonte=3,Base,24932,24932,0,0,PASS,seguimiento JOIN programas
DIM-JornadaOrigen-2021-3-Carrera,dimensiones,dimension=JornadaOrigen;cohorte=2021;horizonte=3,Carrera,11656,11656,0,0,PASS,seguimiento JOIN programas
DIM-JornadaOrigen-2021-3-Institucion,dimensiones,dimension=JornadaOrigen;cohorte=2021;horizonte=3,Institucion,12415,12415,0,0,PASS,seguimiento JOIN programas
DIM-JornadaOrigen-2021-3-EducacionSuperior,dimensiones,dimension=JornadaOrigen;cohorte=2021;horizonte=3,EducacionSuperior,14025,14025,0,0,PASS,seguimiento JOIN programas
DIM-JornadaOrigen-2021-4-Base,dimensiones,dimension=JornadaOrigen;cohorte=2021;horizonte=4,Base,24932,24932,0,0,PASS,seguimiento JOIN programas
DIM-JornadaOrigen-2021-4-Carrera,dimensiones,dimension=JornadaOrigen;cohorte=2021;horizonte=4,Carrera,4320,4320,0,0,PASS,seguimiento JOIN programas
DIM-JornadaOrigen-2021-4-Institucion,dimensiones,dimension=JornadaOrigen;cohorte=2021;horizonte=4,Institucion,5596,5596,0,0,PASS,seguimiento JOIN programas
DIM-JornadaOrigen-2021-4-EducacionSuperior,dimensiones,dimension=JornadaOrigen;cohorte=2021;horizonte=4,EducacionSuperior,8016,8016,0,0,PASS,seguimiento JOIN programas
DIM-JornadaOrigen-2021-5-Base,dimensiones,dimension=JornadaOrigen;cohorte=2021;horizonte=5,Base,24932,24932,0,0,PASS,seguimiento JOIN programas
DIM-JornadaOrigen-2021-5-Carrera,dimensiones,dimension=JornadaOrigen;cohorte=2021;horizonte=5,Carrera,1958,1958,0,0,PASS,seguimiento JOIN programas
DIM-JornadaOrigen-2021-5-Institucion,dimensiones,dimension=JornadaOrigen;cohorte=2021;horizonte=5,Institucion,3355,3355,0,0,PASS,seguimiento JOIN programas
DIM-JornadaOrigen-2021-5-EducacionSuperior,dimensiones,dimension=JornadaOrigen;cohorte=2021;horizonte=5,EducacionSuperior,6392,6392,0,0,PASS,seguimiento JOIN programas
DIM-JornadaOrigen-2022-1-Base,dimensiones,dimension=JornadaOrigen;cohorte=2022;horizonte=1,Base,32143,32143,0,0,PASS,seguimiento JOIN programas
DIM-JornadaOrigen-2022-1-Carrera,dimensiones,dimension=JornadaOrigen;cohorte=2022;horizonte=1,Carrera,32143,32143,0,0,PASS,seguimiento JOIN programas
DIM-JornadaOrigen-2022-1-Institucion,dimensiones,dimension=JornadaOrigen;cohorte=2022;horizonte=1,Institucion,32143,32143,0,0,PASS,seguimiento JOIN programas
DIM-JornadaOrigen-2022-1-EducacionSuperior,dimensiones,dimension=JornadaOrigen;cohorte=2022;horizonte=1,EducacionSuperior,32143,32143,0,0,PASS,seguimiento JOIN programas
DIM-JornadaOrigen-2022-2-Base,dimensiones,dimension=JornadaOrigen;cohorte=2022;horizonte=2,Base,32143,32143,0,0,PASS,seguimiento JOIN programas
DIM-JornadaOrigen-2022-2-Carrera,dimensiones,dimension=JornadaOrigen;cohorte=2022;horizonte=2,Carrera,20142,20142,0,0,PASS,seguimiento JOIN programas
DIM-JornadaOrigen-2022-2-Institucion,dimensiones,dimension=JornadaOrigen;cohorte=2022;horizonte=2,Institucion,20555,20555,0,0,PASS,seguimiento JOIN programas
DIM-JornadaOrigen-2022-2-EducacionSuperior,dimensiones,dimension=JornadaOrigen;cohorte=2022;horizonte=2,EducacionSuperior,22103,22103,0,0,PASS,seguimiento JOIN programas
DIM-JornadaOrigen-2022-3-Base,dimensiones,dimension=JornadaOrigen;cohorte=2022;horizonte=3,Base,32143,32143,0,0,PASS,seguimiento JOIN programas
DIM-JornadaOrigen-2022-3-Carrera,dimensiones,dimension=JornadaOrigen;cohorte=2022;horizonte=3,Carrera,11806,11806,0,0,PASS,seguimiento JOIN programas
DIM-JornadaOrigen-2022-3-Institucion,dimensiones,dimension=JornadaOrigen;cohorte=2022;horizonte=3,Institucion,12893,12893,0,0,PASS,seguimiento JOIN programas
DIM-JornadaOrigen-2022-3-EducacionSuperior,dimensiones,dimension=JornadaOrigen;cohorte=2022;horizonte=3,EducacionSuperior,15590,15590,0,0,PASS,seguimiento JOIN programas
DIM-JornadaOrigen-2022-4-Base,dimensiones,dimension=JornadaOrigen;cohorte=2022;horizonte=4,Base,32143,32143,0,0,PASS,seguimiento JOIN programas
DIM-JornadaOrigen-2022-4-Carrera,dimensiones,dimension=JornadaOrigen;cohorte=2022;horizonte=4,Carrera,5713,5713,0,0,PASS,seguimiento JOIN programas
DIM-JornadaOrigen-2022-4-Institucion,dimensiones,dimension=JornadaOrigen;cohorte=2022;horizonte=4,Institucion,7201,7201,0,0,PASS,seguimiento JOIN programas
DIM-JornadaOrigen-2022-4-EducacionSuperior,dimensiones,dimension=JornadaOrigen;cohorte=2022;horizonte=4,EducacionSuperior,11007,11007,0,0,PASS,seguimiento JOIN programas
DIM-JornadaOrigen-2023-1-Base,dimensiones,dimension=JornadaOrigen;cohorte=2023;horizonte=1,Base,39218,39218,0,0,PASS,seguimiento JOIN programas
DIM-JornadaOrigen-2023-1-Carrera,dimensiones,dimension=JornadaOrigen;cohorte=2023;horizonte=1,Carrera,39218,39218,0,0,PASS,seguimiento JOIN programas
DIM-JornadaOrigen-2023-1-Institucion,dimensiones,dimension=JornadaOrigen;cohorte=2023;horizonte=1,Institucion,39218,39218,0,0,PASS,seguimiento JOIN programas
DIM-JornadaOrigen-2023-1-EducacionSuperior,dimensiones,dimension=JornadaOrigen;cohorte=2023;horizonte=1,EducacionSuperior,39218,39218,0,0,PASS,seguimiento JOIN programas
DIM-JornadaOrigen-2023-2-Base,dimensiones,dimension=JornadaOrigen;cohorte=2023;horizonte=2,Base,39218,39218,0,0,PASS,seguimiento JOIN programas
DIM-JornadaOrigen-2023-2-Carrera,dimensiones,dimension=JornadaOrigen;cohorte=2023;horizonte=2,Carrera,24297,24297,0,0,PASS,seguimiento JOIN programas
DIM-JornadaOrigen-2023-2-Institucion,dimensiones,dimension=JornadaOrigen;cohorte=2023;horizonte=2,Institucion,25113,25113,0,0,PASS,seguimiento JOIN programas
DIM-JornadaOrigen-2023-2-EducacionSuperior,dimensiones,dimension=JornadaOrigen;cohorte=2023;horizonte=2,EducacionSuperior,27139,27139,0,0,PASS,seguimiento JOIN programas
DIM-JornadaOrigen-2023-3-Base,dimensiones,dimension=JornadaOrigen;cohorte=2023;horizonte=3,Base,39218,39218,0,0,PASS,seguimiento JOIN programas
DIM-JornadaOrigen-2023-3-Carrera,dimensiones,dimension=JornadaOrigen;cohorte=2023;horizonte=3,Carrera,15032,15032,0,0,PASS,seguimiento JOIN programas
DIM-JornadaOrigen-2023-3-Institucion,dimensiones,dimension=JornadaOrigen;cohorte=2023;horizonte=3,Institucion,16398,16398,0,0,PASS,seguimiento JOIN programas
DIM-JornadaOrigen-2023-3-EducacionSuperior,dimensiones,dimension=JornadaOrigen;cohorte=2023;horizonte=3,EducacionSuperior,19836,19836,0,0,PASS,seguimiento JOIN programas
DIM-JornadaOrigen-2024-1-Base,dimensiones,dimension=JornadaOrigen;cohorte=2024;horizonte=1,Base,41056,41056,0,0,PASS,seguimiento JOIN programas
DIM-JornadaOrigen-2024-1-Carrera,dimensiones,dimension=JornadaOrigen;cohorte=2024;horizonte=1,Carrera,41056,41056,0,0,PASS,seguimiento JOIN programas
DIM-JornadaOrigen-2024-1-Institucion,dimensiones,dimension=JornadaOrigen;cohorte=2024;horizonte=1,Institucion,41056,41056,0,0,PASS,seguimiento JOIN programas
DIM-JornadaOrigen-2024-1-EducacionSuperior,dimensiones,dimension=JornadaOrigen;cohorte=2024;horizonte=1,EducacionSuperior,41056,41056,0,0,PASS,seguimiento JOIN programas
DIM-JornadaOrigen-2024-2-Base,dimensiones,dimension=JornadaOrigen;cohorte=2024;horizonte=2,Base,41056,41056,0,0,PASS,seguimiento JOIN programas
DIM-JornadaOrigen-2024-2-Carrera,dimensiones,dimension=JornadaOrigen;cohorte=2024;horizonte=2,Carrera,26470,26470,0,0,PASS,seguimiento JOIN programas
DIM-JornadaOrigen-2024-2-Institucion,dimensiones,dimension=JornadaOrigen;cohorte=2024;horizonte=2,Institucion,27111,27111,0,0,PASS,seguimiento JOIN programas
DIM-JornadaOrigen-2024-2-EducacionSuperior,dimensiones,dimension=JornadaOrigen;cohorte=2024;horizonte=2,EducacionSuperior,29383,29383,0,0,PASS,seguimiento JOIN programas
DIM-JornadaOrigen-2025-1-Base,dimensiones,dimension=JornadaOrigen;cohorte=2025;horizonte=1,Base,50233,50233,0,0,PASS,seguimiento JOIN programas
DIM-JornadaOrigen-2025-1-Carrera,dimensiones,dimension=JornadaOrigen;cohorte=2025;horizonte=1,Carrera,50233,50233,0,0,PASS,seguimiento JOIN programas
DIM-JornadaOrigen-2025-1-Institucion,dimensiones,dimension=JornadaOrigen;cohorte=2025;horizonte=1,Institucion,50233,50233,0,0,PASS,seguimiento JOIN programas
DIM-JornadaOrigen-2025-1-EducacionSuperior,dimensiones,dimension=JornadaOrigen;cohorte=2025;horizonte=1,EducacionSuperior,50233,50233,0,0,PASS,seguimiento JOIN programas
DIM-AmbitoFlexible-2011-1-Base,dimensiones,dimension=AmbitoFlexible;cohorte=2011;horizonte=1,Base,3641,3641,0,0,PASS,seguimiento JOIN programas
DIM-AmbitoFlexible-2011-1-Carrera,dimensiones,dimension=AmbitoFlexible;cohorte=2011;horizonte=1,Carrera,3641,3641,0,0,PASS,seguimiento JOIN programas
DIM-AmbitoFlexible-2011-1-Institucion,dimensiones,dimension=AmbitoFlexible;cohorte=2011;horizonte=1,Institucion,3641,3641,0,0,PASS,seguimiento JOIN programas
DIM-AmbitoFlexible-2011-1-EducacionSuperior,dimensiones,dimension=AmbitoFlexible;cohorte=2011;horizonte=1,EducacionSuperior,3641,3641,0,0,PASS,seguimiento JOIN programas
DIM-AmbitoFlexible-2011-2-Base,dimensiones,dimension=AmbitoFlexible;cohorte=2011;horizonte=2,Base,3641,3641,0,0,PASS,seguimiento JOIN programas
DIM-AmbitoFlexible-2011-2-Carrera,dimensiones,dimension=AmbitoFlexible;cohorte=2011;horizonte=2,Carrera,2162,2162,0,0,PASS,seguimiento JOIN programas
DIM-AmbitoFlexible-2011-2-Institucion,dimensiones,dimension=AmbitoFlexible;cohorte=2011;horizonte=2,Institucion,2248,2248,0,0,PASS,seguimiento JOIN programas
DIM-AmbitoFlexible-2011-2-EducacionSuperior,dimensiones,dimension=AmbitoFlexible;cohorte=2011;horizonte=2,EducacionSuperior,2446,2446,0,0,PASS,seguimiento JOIN programas
DIM-AmbitoFlexible-2011-3-Base,dimensiones,dimension=AmbitoFlexible;cohorte=2011;horizonte=3,Base,3641,3641,0,0,PASS,seguimiento JOIN programas
DIM-AmbitoFlexible-2011-3-Carrera,dimensiones,dimension=AmbitoFlexible;cohorte=2011;horizonte=3,Carrera,1395,1395,0,0,PASS,seguimiento JOIN programas
DIM-AmbitoFlexible-2011-3-Institucion,dimensiones,dimension=AmbitoFlexible;cohorte=2011;horizonte=3,Institucion,1770,1770,0,0,PASS,seguimiento JOIN programas
DIM-AmbitoFlexible-2011-3-EducacionSuperior,dimensiones,dimension=AmbitoFlexible;cohorte=2011;horizonte=3,EducacionSuperior,2159,2159,0,0,PASS,seguimiento JOIN programas
DIM-AmbitoFlexible-2011-4-Base,dimensiones,dimension=AmbitoFlexible;cohorte=2011;horizonte=4,Base,3641,3641,0,0,PASS,seguimiento JOIN programas
DIM-AmbitoFlexible-2011-4-Carrera,dimensiones,dimension=AmbitoFlexible;cohorte=2011;horizonte=4,Carrera,486,486,0,0,PASS,seguimiento JOIN programas
DIM-AmbitoFlexible-2011-4-Institucion,dimensiones,dimension=AmbitoFlexible;cohorte=2011;horizonte=4,Institucion,803,803,0,0,PASS,seguimiento JOIN programas
DIM-AmbitoFlexible-2011-4-EducacionSuperior,dimensiones,dimension=AmbitoFlexible;cohorte=2011;horizonte=4,EducacionSuperior,1367,1367,0,0,PASS,seguimiento JOIN programas
DIM-AmbitoFlexible-2011-5-Base,dimensiones,dimension=AmbitoFlexible;cohorte=2011;horizonte=5,Base,3641,3641,0,0,PASS,seguimiento JOIN programas
DIM-AmbitoFlexible-2011-5-Carrera,dimensiones,dimension=AmbitoFlexible;cohorte=2011;horizonte=5,Carrera,198,198,0,0,PASS,seguimiento JOIN programas
DIM-AmbitoFlexible-2011-5-Institucion,dimensiones,dimension=AmbitoFlexible;cohorte=2011;horizonte=5,Institucion,380,380,0,0,PASS,seguimiento JOIN programas
DIM-AmbitoFlexible-2011-5-EducacionSuperior,dimensiones,dimension=AmbitoFlexible;cohorte=2011;horizonte=5,EducacionSuperior,978,978,0,0,PASS,seguimiento JOIN programas
DIM-AmbitoFlexible-2011-6-Base,dimensiones,dimension=AmbitoFlexible;cohorte=2011;horizonte=6,Base,3641,3641,0,0,PASS,seguimiento JOIN programas
DIM-AmbitoFlexible-2011-6-Carrera,dimensiones,dimension=AmbitoFlexible;cohorte=2011;horizonte=6,Carrera,87,87,0,0,PASS,seguimiento JOIN programas
DIM-AmbitoFlexible-2011-6-Institucion,dimensiones,dimension=AmbitoFlexible;cohorte=2011;horizonte=6,Institucion,211,211,0,0,PASS,seguimiento JOIN programas
DIM-AmbitoFlexible-2011-6-EducacionSuperior,dimensiones,dimension=AmbitoFlexible;cohorte=2011;horizonte=6,EducacionSuperior,805,805,0,0,PASS,seguimiento JOIN programas
DIM-AmbitoFlexible-2011-7-Base,dimensiones,dimension=AmbitoFlexible;cohorte=2011;horizonte=7,Base,3641,3641,0,0,PASS,seguimiento JOIN programas
DIM-AmbitoFlexible-2011-7-Carrera,dimensiones,dimension=AmbitoFlexible;cohorte=2011;horizonte=7,Carrera,43,43,0,0,PASS,seguimiento JOIN programas
DIM-AmbitoFlexible-2011-7-Institucion,dimensiones,dimension=AmbitoFlexible;cohorte=2011;horizonte=7,Institucion,135,135,0,0,PASS,seguimiento JOIN programas
DIM-AmbitoFlexible-2011-7-EducacionSuperior,dimensiones,dimension=AmbitoFlexible;cohorte=2011;horizonte=7,EducacionSuperior,653,653,0,0,PASS,seguimiento JOIN programas
DIM-AmbitoFlexible-2011-8-Base,dimensiones,dimension=AmbitoFlexible;cohorte=2011;horizonte=8,Base,3641,3641,0,0,PASS,seguimiento JOIN programas
DIM-AmbitoFlexible-2011-8-Carrera,dimensiones,dimension=AmbitoFlexible;cohorte=2011;horizonte=8,Carrera,25,25,0,0,PASS,seguimiento JOIN programas
DIM-AmbitoFlexible-2011-8-Institucion,dimensiones,dimension=AmbitoFlexible;cohorte=2011;horizonte=8,Institucion,80,80,0,0,PASS,seguimiento JOIN programas
DIM-AmbitoFlexible-2011-8-EducacionSuperior,dimensiones,dimension=AmbitoFlexible;cohorte=2011;horizonte=8,EducacionSuperior,525,525,0,0,PASS,seguimiento JOIN programas
DIM-AmbitoFlexible-2011-9-Base,dimensiones,dimension=AmbitoFlexible;cohorte=2011;horizonte=9,Base,3641,3641,0,0,PASS,seguimiento JOIN programas
DIM-AmbitoFlexible-2011-9-Carrera,dimensiones,dimension=AmbitoFlexible;cohorte=2011;horizonte=9,Carrera,17,17,0,0,PASS,seguimiento JOIN programas
DIM-AmbitoFlexible-2011-9-Institucion,dimensiones,dimension=AmbitoFlexible;cohorte=2011;horizonte=9,Institucion,54,54,0,0,PASS,seguimiento JOIN programas
DIM-AmbitoFlexible-2011-9-EducacionSuperior,dimensiones,dimension=AmbitoFlexible;cohorte=2011;horizonte=9,EducacionSuperior,472,472,0,0,PASS,seguimiento JOIN programas
DIM-AmbitoFlexible-2011-10-Base,dimensiones,dimension=AmbitoFlexible;cohorte=2011;horizonte=10,Base,3641,3641,0,0,PASS,seguimiento JOIN programas
DIM-AmbitoFlexible-2011-10-Carrera,dimensiones,dimension=AmbitoFlexible;cohorte=2011;horizonte=10,Carrera,12,12,0,0,PASS,seguimiento JOIN programas
DIM-AmbitoFlexible-2011-10-Institucion,dimensiones,dimension=AmbitoFlexible;cohorte=2011;horizonte=10,Institucion,49,49,0,0,PASS,seguimiento JOIN programas
DIM-AmbitoFlexible-2011-10-EducacionSuperior,dimensiones,dimension=AmbitoFlexible;cohorte=2011;horizonte=10,EducacionSuperior,413,413,0,0,PASS,seguimiento JOIN programas
DIM-AmbitoFlexible-2011-11-Base,dimensiones,dimension=AmbitoFlexible;cohorte=2011;horizonte=11,Base,3641,3641,0,0,PASS,seguimiento JOIN programas
DIM-AmbitoFlexible-2011-11-Carrera,dimensiones,dimension=AmbitoFlexible;cohorte=2011;horizonte=11,Carrera,7,7,0,0,PASS,seguimiento JOIN programas
DIM-AmbitoFlexible-2011-11-Institucion,dimensiones,dimension=AmbitoFlexible;cohorte=2011;horizonte=11,Institucion,38,38,0,0,PASS,seguimiento JOIN programas
DIM-AmbitoFlexible-2011-11-EducacionSuperior,dimensiones,dimension=AmbitoFlexible;cohorte=2011;horizonte=11,EducacionSuperior,441,441,0,0,PASS,seguimiento JOIN programas
DIM-AmbitoFlexible-2011-12-Base,dimensiones,dimension=AmbitoFlexible;cohorte=2011;horizonte=12,Base,3641,3641,0,0,PASS,seguimiento JOIN programas
DIM-AmbitoFlexible-2011-12-Carrera,dimensiones,dimension=AmbitoFlexible;cohorte=2011;horizonte=12,Carrera,8,8,0,0,PASS,seguimiento JOIN programas
DIM-AmbitoFlexible-2011-12-Institucion,dimensiones,dimension=AmbitoFlexible;cohorte=2011;horizonte=12,Institucion,45,45,0,0,PASS,seguimiento JOIN programas
DIM-AmbitoFlexible-2011-12-EducacionSuperior,dimensiones,dimension=AmbitoFlexible;cohorte=2011;horizonte=12,EducacionSuperior,436,436,0,0,PASS,seguimiento JOIN programas
DIM-AmbitoFlexible-2011-13-Base,dimensiones,dimension=AmbitoFlexible;cohorte=2011;horizonte=13,Base,3641,3641,0,0,PASS,seguimiento JOIN programas
DIM-AmbitoFlexible-2011-13-Carrera,dimensiones,dimension=AmbitoFlexible;cohorte=2011;horizonte=13,Carrera,4,4,0,0,PASS,seguimiento JOIN programas
DIM-AmbitoFlexible-2011-13-Institucion,dimensiones,dimension=AmbitoFlexible;cohorte=2011;horizonte=13,Institucion,38,38,0,0,PASS,seguimiento JOIN programas
DIM-AmbitoFlexible-2011-13-EducacionSuperior,dimensiones,dimension=AmbitoFlexible;cohorte=2011;horizonte=13,EducacionSuperior,409,409,0,0,PASS,seguimiento JOIN programas
DIM-AmbitoFlexible-2011-14-Base,dimensiones,dimension=AmbitoFlexible;cohorte=2011;horizonte=14,Base,3641,3641,0,0,PASS,seguimiento JOIN programas
DIM-AmbitoFlexible-2011-14-Carrera,dimensiones,dimension=AmbitoFlexible;cohorte=2011;horizonte=14,Carrera,2,2,0,0,PASS,seguimiento JOIN programas
DIM-AmbitoFlexible-2011-14-Institucion,dimensiones,dimension=AmbitoFlexible;cohorte=2011;horizonte=14,Institucion,30,30,0,0,PASS,seguimiento JOIN programas
DIM-AmbitoFlexible-2011-14-EducacionSuperior,dimensiones,dimension=AmbitoFlexible;cohorte=2011;horizonte=14,EducacionSuperior,359,359,0,0,PASS,seguimiento JOIN programas
DIM-AmbitoFlexible-2011-15-Base,dimensiones,dimension=AmbitoFlexible;cohorte=2011;horizonte=15,Base,3641,3641,0,0,PASS,seguimiento JOIN programas
DIM-AmbitoFlexible-2011-15-Carrera,dimensiones,dimension=AmbitoFlexible;cohorte=2011;horizonte=15,Carrera,1,1,0,0,PASS,seguimiento JOIN programas
DIM-AmbitoFlexible-2011-15-Institucion,dimensiones,dimension=AmbitoFlexible;cohorte=2011;horizonte=15,Institucion,22,22,0,0,PASS,seguimiento JOIN programas
DIM-AmbitoFlexible-2011-15-EducacionSuperior,dimensiones,dimension=AmbitoFlexible;cohorte=2011;horizonte=15,EducacionSuperior,356,356,0,0,PASS,seguimiento JOIN programas
DIM-AmbitoFlexible-2012-1-Base,dimensiones,dimension=AmbitoFlexible;cohorte=2012;horizonte=1,Base,5183,5183,0,0,PASS,seguimiento JOIN programas
DIM-AmbitoFlexible-2012-1-Carrera,dimensiones,dimension=AmbitoFlexible;cohorte=2012;horizonte=1,Carrera,5183,5183,0,0,PASS,seguimiento JOIN programas
DIM-AmbitoFlexible-2012-1-Institucion,dimensiones,dimension=AmbitoFlexible;cohorte=2012;horizonte=1,Institucion,5183,5183,0,0,PASS,seguimiento JOIN programas
DIM-AmbitoFlexible-2012-1-EducacionSuperior,dimensiones,dimension=AmbitoFlexible;cohorte=2012;horizonte=1,EducacionSuperior,5183,5183,0,0,PASS,seguimiento JOIN programas
DIM-AmbitoFlexible-2012-2-Base,dimensiones,dimension=AmbitoFlexible;cohorte=2012;horizonte=2,Base,5183,5183,0,0,PASS,seguimiento JOIN programas
DIM-AmbitoFlexible-2012-2-Carrera,dimensiones,dimension=AmbitoFlexible;cohorte=2012;horizonte=2,Carrera,2805,2805,0,0,PASS,seguimiento JOIN programas
DIM-AmbitoFlexible-2012-2-Institucion,dimensiones,dimension=AmbitoFlexible;cohorte=2012;horizonte=2,Institucion,3233,3233,0,0,PASS,seguimiento JOIN programas
DIM-AmbitoFlexible-2012-2-EducacionSuperior,dimensiones,dimension=AmbitoFlexible;cohorte=2012;horizonte=2,EducacionSuperior,3524,3524,0,0,PASS,seguimiento JOIN programas
DIM-AmbitoFlexible-2012-3-Base,dimensiones,dimension=AmbitoFlexible;cohorte=2012;horizonte=3,Base,5183,5183,0,0,PASS,seguimiento JOIN programas
DIM-AmbitoFlexible-2012-3-Carrera,dimensiones,dimension=AmbitoFlexible;cohorte=2012;horizonte=3,Carrera,2225,2225,0,0,PASS,seguimiento JOIN programas
DIM-AmbitoFlexible-2012-3-Institucion,dimensiones,dimension=AmbitoFlexible;cohorte=2012;horizonte=3,Institucion,2661,2661,0,0,PASS,seguimiento JOIN programas
DIM-AmbitoFlexible-2012-3-EducacionSuperior,dimensiones,dimension=AmbitoFlexible;cohorte=2012;horizonte=3,EducacionSuperior,3172,3172,0,0,PASS,seguimiento JOIN programas
DIM-AmbitoFlexible-2012-4-Base,dimensiones,dimension=AmbitoFlexible;cohorte=2012;horizonte=4,Base,5183,5183,0,0,PASS,seguimiento JOIN programas
DIM-AmbitoFlexible-2012-4-Carrera,dimensiones,dimension=AmbitoFlexible;cohorte=2012;horizonte=4,Carrera,855,855,0,0,PASS,seguimiento JOIN programas
DIM-AmbitoFlexible-2012-4-Institucion,dimensiones,dimension=AmbitoFlexible;cohorte=2012;horizonte=4,Institucion,1406,1406,0,0,PASS,seguimiento JOIN programas
DIM-AmbitoFlexible-2012-4-EducacionSuperior,dimensiones,dimension=AmbitoFlexible;cohorte=2012;horizonte=4,EducacionSuperior,2116,2116,0,0,PASS,seguimiento JOIN programas
DIM-AmbitoFlexible-2012-5-Base,dimensiones,dimension=AmbitoFlexible;cohorte=2012;horizonte=5,Base,5183,5183,0,0,PASS,seguimiento JOIN programas
DIM-AmbitoFlexible-2012-5-Carrera,dimensiones,dimension=AmbitoFlexible;cohorte=2012;horizonte=5,Carrera,321,321,0,0,PASS,seguimiento JOIN programas
DIM-AmbitoFlexible-2012-5-Institucion,dimensiones,dimension=AmbitoFlexible;cohorte=2012;horizonte=5,Institucion,670,670,0,0,PASS,seguimiento JOIN programas
DIM-AmbitoFlexible-2012-5-EducacionSuperior,dimensiones,dimension=AmbitoFlexible;cohorte=2012;horizonte=5,EducacionSuperior,1439,1439,0,0,PASS,seguimiento JOIN programas
DIM-AmbitoFlexible-2012-6-Base,dimensiones,dimension=AmbitoFlexible;cohorte=2012;horizonte=6,Base,5183,5183,0,0,PASS,seguimiento JOIN programas
DIM-AmbitoFlexible-2012-6-Carrera,dimensiones,dimension=AmbitoFlexible;cohorte=2012;horizonte=6,Carrera,98,98,0,0,PASS,seguimiento JOIN programas
DIM-AmbitoFlexible-2012-6-Institucion,dimensiones,dimension=AmbitoFlexible;cohorte=2012;horizonte=6,Institucion,316,316,0,0,PASS,seguimiento JOIN programas
DIM-AmbitoFlexible-2012-6-EducacionSuperior,dimensiones,dimension=AmbitoFlexible;cohorte=2012;horizonte=6,EducacionSuperior,1050,1050,0,0,PASS,seguimiento JOIN programas
DIM-AmbitoFlexible-2012-7-Base,dimensiones,dimension=AmbitoFlexible;cohorte=2012;horizonte=7,Base,5183,5183,0,0,PASS,seguimiento JOIN programas
DIM-AmbitoFlexible-2012-7-Carrera,dimensiones,dimension=AmbitoFlexible;cohorte=2012;horizonte=7,Carrera,52,52,0,0,PASS,seguimiento JOIN programas
DIM-AmbitoFlexible-2012-7-Institucion,dimensiones,dimension=AmbitoFlexible;cohorte=2012;horizonte=7,Institucion,183,183,0,0,PASS,seguimiento JOIN programas
DIM-AmbitoFlexible-2012-7-EducacionSuperior,dimensiones,dimension=AmbitoFlexible;cohorte=2012;horizonte=7,EducacionSuperior,825,825,0,0,PASS,seguimiento JOIN programas
DIM-AmbitoFlexible-2012-8-Base,dimensiones,dimension=AmbitoFlexible;cohorte=2012;horizonte=8,Base,5183,5183,0,0,PASS,seguimiento JOIN programas
DIM-AmbitoFlexible-2012-8-Carrera,dimensiones,dimension=AmbitoFlexible;cohorte=2012;horizonte=8,Carrera,32,32,0,0,PASS,seguimiento JOIN programas
DIM-AmbitoFlexible-2012-8-Institucion,dimensiones,dimension=AmbitoFlexible;cohorte=2012;horizonte=8,Institucion,132,132,0,0,PASS,seguimiento JOIN programas
DIM-AmbitoFlexible-2012-8-EducacionSuperior,dimensiones,dimension=AmbitoFlexible;cohorte=2012;horizonte=8,EducacionSuperior,693,693,0,0,PASS,seguimiento JOIN programas
DIM-AmbitoFlexible-2012-9-Base,dimensiones,dimension=AmbitoFlexible;cohorte=2012;horizonte=9,Base,5183,5183,0,0,PASS,seguimiento JOIN programas
DIM-AmbitoFlexible-2012-9-Carrera,dimensiones,dimension=AmbitoFlexible;cohorte=2012;horizonte=9,Carrera,20,20,0,0,PASS,seguimiento JOIN programas
DIM-AmbitoFlexible-2012-9-Institucion,dimensiones,dimension=AmbitoFlexible;cohorte=2012;horizonte=9,Institucion,82,82,0,0,PASS,seguimiento JOIN programas
DIM-AmbitoFlexible-2012-9-EducacionSuperior,dimensiones,dimension=AmbitoFlexible;cohorte=2012;horizonte=9,EducacionSuperior,579,579,0,0,PASS,seguimiento JOIN programas
DIM-AmbitoFlexible-2012-10-Base,dimensiones,dimension=AmbitoFlexible;cohorte=2012;horizonte=10,Base,5183,5183,0,0,PASS,seguimiento JOIN programas
DIM-AmbitoFlexible-2012-10-Carrera,dimensiones,dimension=AmbitoFlexible;cohorte=2012;horizonte=10,Carrera,13,13,0,0,PASS,seguimiento JOIN programas
DIM-AmbitoFlexible-2012-10-Institucion,dimensiones,dimension=AmbitoFlexible;cohorte=2012;horizonte=10,Institucion,93,93,0,0,PASS,seguimiento JOIN programas
DIM-AmbitoFlexible-2012-10-EducacionSuperior,dimensiones,dimension=AmbitoFlexible;cohorte=2012;horizonte=10,EducacionSuperior,629,629,0,0,PASS,seguimiento JOIN programas
DIM-AmbitoFlexible-2012-11-Base,dimensiones,dimension=AmbitoFlexible;cohorte=2012;horizonte=11,Base,5183,5183,0,0,PASS,seguimiento JOIN programas
DIM-AmbitoFlexible-2012-11-Carrera,dimensiones,dimension=AmbitoFlexible;cohorte=2012;horizonte=11,Carrera,15,15,0,0,PASS,seguimiento JOIN programas
DIM-AmbitoFlexible-2012-11-Institucion,dimensiones,dimension=AmbitoFlexible;cohorte=2012;horizonte=11,Institucion,79,79,0,0,PASS,seguimiento JOIN programas
DIM-AmbitoFlexible-2012-11-EducacionSuperior,dimensiones,dimension=AmbitoFlexible;cohorte=2012;horizonte=11,EducacionSuperior,631,631,0,0,PASS,seguimiento JOIN programas
DIM-AmbitoFlexible-2012-12-Base,dimensiones,dimension=AmbitoFlexible;cohorte=2012;horizonte=12,Base,5183,5183,0,0,PASS,seguimiento JOIN programas
DIM-AmbitoFlexible-2012-12-Carrera,dimensiones,dimension=AmbitoFlexible;cohorte=2012;horizonte=12,Carrera,13,13,0,0,PASS,seguimiento JOIN programas
DIM-AmbitoFlexible-2012-12-Institucion,dimensiones,dimension=AmbitoFlexible;cohorte=2012;horizonte=12,Institucion,73,73,0,0,PASS,seguimiento JOIN programas
DIM-AmbitoFlexible-2012-12-EducacionSuperior,dimensiones,dimension=AmbitoFlexible;cohorte=2012;horizonte=12,EducacionSuperior,590,590,0,0,PASS,seguimiento JOIN programas
DIM-AmbitoFlexible-2012-13-Base,dimensiones,dimension=AmbitoFlexible;cohorte=2012;horizonte=13,Base,5183,5183,0,0,PASS,seguimiento JOIN programas
DIM-AmbitoFlexible-2012-13-Carrera,dimensiones,dimension=AmbitoFlexible;cohorte=2012;horizonte=13,Carrera,9,9,0,0,PASS,seguimiento JOIN programas
DIM-AmbitoFlexible-2012-13-Institucion,dimensiones,dimension=AmbitoFlexible;cohorte=2012;horizonte=13,Institucion,54,54,0,0,PASS,seguimiento JOIN programas
DIM-AmbitoFlexible-2012-13-EducacionSuperior,dimensiones,dimension=AmbitoFlexible;cohorte=2012;horizonte=13,EducacionSuperior,568,568,0,0,PASS,seguimiento JOIN programas
DIM-AmbitoFlexible-2012-14-Base,dimensiones,dimension=AmbitoFlexible;cohorte=2012;horizonte=14,Base,5183,5183,0,0,PASS,seguimiento JOIN programas
DIM-AmbitoFlexible-2012-14-Carrera,dimensiones,dimension=AmbitoFlexible;cohorte=2012;horizonte=14,Carrera,2,2,0,0,PASS,seguimiento JOIN programas
DIM-AmbitoFlexible-2012-14-Institucion,dimensiones,dimension=AmbitoFlexible;cohorte=2012;horizonte=14,Institucion,43,43,0,0,PASS,seguimiento JOIN programas
DIM-AmbitoFlexible-2012-14-EducacionSuperior,dimensiones,dimension=AmbitoFlexible;cohorte=2012;horizonte=14,EducacionSuperior,554,554,0,0,PASS,seguimiento JOIN programas
DIM-AmbitoFlexible-2013-1-Base,dimensiones,dimension=AmbitoFlexible;cohorte=2013;horizonte=1,Base,8312,8312,0,0,PASS,seguimiento JOIN programas
DIM-AmbitoFlexible-2013-1-Carrera,dimensiones,dimension=AmbitoFlexible;cohorte=2013;horizonte=1,Carrera,8312,8312,0,0,PASS,seguimiento JOIN programas
DIM-AmbitoFlexible-2013-1-Institucion,dimensiones,dimension=AmbitoFlexible;cohorte=2013;horizonte=1,Institucion,8312,8312,0,0,PASS,seguimiento JOIN programas
DIM-AmbitoFlexible-2013-1-EducacionSuperior,dimensiones,dimension=AmbitoFlexible;cohorte=2013;horizonte=1,EducacionSuperior,8312,8312,0,0,PASS,seguimiento JOIN programas
DIM-AmbitoFlexible-2013-2-Base,dimensiones,dimension=AmbitoFlexible;cohorte=2013;horizonte=2,Base,8312,8312,0,0,PASS,seguimiento JOIN programas
DIM-AmbitoFlexible-2013-2-Carrera,dimensiones,dimension=AmbitoFlexible;cohorte=2013;horizonte=2,Carrera,4210,4210,0,0,PASS,seguimiento JOIN programas
DIM-AmbitoFlexible-2013-2-Institucion,dimensiones,dimension=AmbitoFlexible;cohorte=2013;horizonte=2,Institucion,5178,5178,0,0,PASS,seguimiento JOIN programas
DIM-AmbitoFlexible-2013-2-EducacionSuperior,dimensiones,dimension=AmbitoFlexible;cohorte=2013;horizonte=2,EducacionSuperior,5626,5626,0,0,PASS,seguimiento JOIN programas
DIM-AmbitoFlexible-2013-3-Base,dimensiones,dimension=AmbitoFlexible;cohorte=2013;horizonte=3,Base,8312,8312,0,0,PASS,seguimiento JOIN programas
DIM-AmbitoFlexible-2013-3-Carrera,dimensiones,dimension=AmbitoFlexible;cohorte=2013;horizonte=3,Carrera,2951,2951,0,0,PASS,seguimiento JOIN programas
DIM-AmbitoFlexible-2013-3-Institucion,dimensiones,dimension=AmbitoFlexible;cohorte=2013;horizonte=3,Institucion,3942,3942,0,0,PASS,seguimiento JOIN programas
DIM-AmbitoFlexible-2013-3-EducacionSuperior,dimensiones,dimension=AmbitoFlexible;cohorte=2013;horizonte=3,EducacionSuperior,4760,4760,0,0,PASS,seguimiento JOIN programas
DIM-AmbitoFlexible-2013-4-Base,dimensiones,dimension=AmbitoFlexible;cohorte=2013;horizonte=4,Base,8312,8312,0,0,PASS,seguimiento JOIN programas
DIM-AmbitoFlexible-2013-4-Carrera,dimensiones,dimension=AmbitoFlexible;cohorte=2013;horizonte=4,Carrera,1086,1086,0,0,PASS,seguimiento JOIN programas
DIM-AmbitoFlexible-2013-4-Institucion,dimensiones,dimension=AmbitoFlexible;cohorte=2013;horizonte=4,Institucion,2044,2044,0,0,PASS,seguimiento JOIN programas
DIM-AmbitoFlexible-2013-4-EducacionSuperior,dimensiones,dimension=AmbitoFlexible;cohorte=2013;horizonte=4,EducacionSuperior,3144,3144,0,0,PASS,seguimiento JOIN programas
DIM-AmbitoFlexible-2013-5-Base,dimensiones,dimension=AmbitoFlexible;cohorte=2013;horizonte=5,Base,8312,8312,0,0,PASS,seguimiento JOIN programas
DIM-AmbitoFlexible-2013-5-Carrera,dimensiones,dimension=AmbitoFlexible;cohorte=2013;horizonte=5,Carrera,397,397,0,0,PASS,seguimiento JOIN programas
DIM-AmbitoFlexible-2013-5-Institucion,dimensiones,dimension=AmbitoFlexible;cohorte=2013;horizonte=5,Institucion,977,977,0,0,PASS,seguimiento JOIN programas
DIM-AmbitoFlexible-2013-5-EducacionSuperior,dimensiones,dimension=AmbitoFlexible;cohorte=2013;horizonte=5,EducacionSuperior,2062,2062,0,0,PASS,seguimiento JOIN programas
DIM-AmbitoFlexible-2013-6-Base,dimensiones,dimension=AmbitoFlexible;cohorte=2013;horizonte=6,Base,8312,8312,0,0,PASS,seguimiento JOIN programas
DIM-AmbitoFlexible-2013-6-Carrera,dimensiones,dimension=AmbitoFlexible;cohorte=2013;horizonte=6,Carrera,147,147,0,0,PASS,seguimiento JOIN programas
DIM-AmbitoFlexible-2013-6-Institucion,dimensiones,dimension=AmbitoFlexible;cohorte=2013;horizonte=6,Institucion,460,460,0,0,PASS,seguimiento JOIN programas
DIM-AmbitoFlexible-2013-6-EducacionSuperior,dimensiones,dimension=AmbitoFlexible;cohorte=2013;horizonte=6,EducacionSuperior,1482,1482,0,0,PASS,seguimiento JOIN programas
DIM-AmbitoFlexible-2013-7-Base,dimensiones,dimension=AmbitoFlexible;cohorte=2013;horizonte=7,Base,8312,8312,0,0,PASS,seguimiento JOIN programas
DIM-AmbitoFlexible-2013-7-Carrera,dimensiones,dimension=AmbitoFlexible;cohorte=2013;horizonte=7,Carrera,61,61,0,0,PASS,seguimiento JOIN programas
DIM-AmbitoFlexible-2013-7-Institucion,dimensiones,dimension=AmbitoFlexible;cohorte=2013;horizonte=7,Institucion,296,296,0,0,PASS,seguimiento JOIN programas
DIM-AmbitoFlexible-2013-7-EducacionSuperior,dimensiones,dimension=AmbitoFlexible;cohorte=2013;horizonte=7,EducacionSuperior,1224,1224,0,0,PASS,seguimiento JOIN programas
DIM-AmbitoFlexible-2013-8-Base,dimensiones,dimension=AmbitoFlexible;cohorte=2013;horizonte=8,Base,8312,8312,0,0,PASS,seguimiento JOIN programas
DIM-AmbitoFlexible-2013-8-Carrera,dimensiones,dimension=AmbitoFlexible;cohorte=2013;horizonte=8,Carrera,38,38,0,0,PASS,seguimiento JOIN programas
DIM-AmbitoFlexible-2013-8-Institucion,dimensiones,dimension=AmbitoFlexible;cohorte=2013;horizonte=8,Institucion,204,204,0,0,PASS,seguimiento JOIN programas
DIM-AmbitoFlexible-2013-8-EducacionSuperior,dimensiones,dimension=AmbitoFlexible;cohorte=2013;horizonte=8,EducacionSuperior,1036,1036,0,0,PASS,seguimiento JOIN programas
DIM-AmbitoFlexible-2013-9-Base,dimensiones,dimension=AmbitoFlexible;cohorte=2013;horizonte=9,Base,8312,8312,0,0,PASS,seguimiento JOIN programas
DIM-AmbitoFlexible-2013-9-Carrera,dimensiones,dimension=AmbitoFlexible;cohorte=2013;horizonte=9,Carrera,33,33,0,0,PASS,seguimiento JOIN programas
DIM-AmbitoFlexible-2013-9-Institucion,dimensiones,dimension=AmbitoFlexible;cohorte=2013;horizonte=9,Institucion,151,151,0,0,PASS,seguimiento JOIN programas
DIM-AmbitoFlexible-2013-9-EducacionSuperior,dimensiones,dimension=AmbitoFlexible;cohorte=2013;horizonte=9,EducacionSuperior,1106,1106,0,0,PASS,seguimiento JOIN programas
DIM-AmbitoFlexible-2013-10-Base,dimensiones,dimension=AmbitoFlexible;cohorte=2013;horizonte=10,Base,8312,8312,0,0,PASS,seguimiento JOIN programas
DIM-AmbitoFlexible-2013-10-Carrera,dimensiones,dimension=AmbitoFlexible;cohorte=2013;horizonte=10,Carrera,27,27,0,0,PASS,seguimiento JOIN programas
DIM-AmbitoFlexible-2013-10-Institucion,dimensiones,dimension=AmbitoFlexible;cohorte=2013;horizonte=10,Institucion,127,127,0,0,PASS,seguimiento JOIN programas
DIM-AmbitoFlexible-2013-10-EducacionSuperior,dimensiones,dimension=AmbitoFlexible;cohorte=2013;horizonte=10,EducacionSuperior,1028,1028,0,0,PASS,seguimiento JOIN programas
DIM-AmbitoFlexible-2013-11-Base,dimensiones,dimension=AmbitoFlexible;cohorte=2013;horizonte=11,Base,8312,8312,0,0,PASS,seguimiento JOIN programas
DIM-AmbitoFlexible-2013-11-Carrera,dimensiones,dimension=AmbitoFlexible;cohorte=2013;horizonte=11,Carrera,23,23,0,0,PASS,seguimiento JOIN programas
DIM-AmbitoFlexible-2013-11-Institucion,dimensiones,dimension=AmbitoFlexible;cohorte=2013;horizonte=11,Institucion,127,127,0,0,PASS,seguimiento JOIN programas
DIM-AmbitoFlexible-2013-11-EducacionSuperior,dimensiones,dimension=AmbitoFlexible;cohorte=2013;horizonte=11,EducacionSuperior,990,990,0,0,PASS,seguimiento JOIN programas
DIM-AmbitoFlexible-2013-12-Base,dimensiones,dimension=AmbitoFlexible;cohorte=2013;horizonte=12,Base,8312,8312,0,0,PASS,seguimiento JOIN programas
DIM-AmbitoFlexible-2013-12-Carrera,dimensiones,dimension=AmbitoFlexible;cohorte=2013;horizonte=12,Carrera,17,17,0,0,PASS,seguimiento JOIN programas
DIM-AmbitoFlexible-2013-12-Institucion,dimensiones,dimension=AmbitoFlexible;cohorte=2013;horizonte=12,Institucion,90,90,0,0,PASS,seguimiento JOIN programas
DIM-AmbitoFlexible-2013-12-EducacionSuperior,dimensiones,dimension=AmbitoFlexible;cohorte=2013;horizonte=12,EducacionSuperior,909,909,0,0,PASS,seguimiento JOIN programas
DIM-AmbitoFlexible-2013-13-Base,dimensiones,dimension=AmbitoFlexible;cohorte=2013;horizonte=13,Base,8312,8312,0,0,PASS,seguimiento JOIN programas
DIM-AmbitoFlexible-2013-13-Carrera,dimensiones,dimension=AmbitoFlexible;cohorte=2013;horizonte=13,Carrera,10,10,0,0,PASS,seguimiento JOIN programas
DIM-AmbitoFlexible-2013-13-Institucion,dimensiones,dimension=AmbitoFlexible;cohorte=2013;horizonte=13,Institucion,68,68,0,0,PASS,seguimiento JOIN programas
DIM-AmbitoFlexible-2013-13-EducacionSuperior,dimensiones,dimension=AmbitoFlexible;cohorte=2013;horizonte=13,EducacionSuperior,902,902,0,0,PASS,seguimiento JOIN programas
DIM-AmbitoFlexible-2014-1-Base,dimensiones,dimension=AmbitoFlexible;cohorte=2014;horizonte=1,Base,11812,11812,0,0,PASS,seguimiento JOIN programas
DIM-AmbitoFlexible-2014-1-Carrera,dimensiones,dimension=AmbitoFlexible;cohorte=2014;horizonte=1,Carrera,11812,11812,0,0,PASS,seguimiento JOIN programas
DIM-AmbitoFlexible-2014-1-Institucion,dimensiones,dimension=AmbitoFlexible;cohorte=2014;horizonte=1,Institucion,11812,11812,0,0,PASS,seguimiento JOIN programas
DIM-AmbitoFlexible-2014-1-EducacionSuperior,dimensiones,dimension=AmbitoFlexible;cohorte=2014;horizonte=1,EducacionSuperior,11812,11812,0,0,PASS,seguimiento JOIN programas
DIM-AmbitoFlexible-2014-2-Base,dimensiones,dimension=AmbitoFlexible;cohorte=2014;horizonte=2,Base,11812,11812,0,0,PASS,seguimiento JOIN programas
DIM-AmbitoFlexible-2014-2-Carrera,dimensiones,dimension=AmbitoFlexible;cohorte=2014;horizonte=2,Carrera,6721,6721,0,0,PASS,seguimiento JOIN programas
DIM-AmbitoFlexible-2014-2-Institucion,dimensiones,dimension=AmbitoFlexible;cohorte=2014;horizonte=2,Institucion,7042,7042,0,0,PASS,seguimiento JOIN programas
DIM-AmbitoFlexible-2014-2-EducacionSuperior,dimensiones,dimension=AmbitoFlexible;cohorte=2014;horizonte=2,EducacionSuperior,7667,7667,0,0,PASS,seguimiento JOIN programas
DIM-AmbitoFlexible-2014-3-Base,dimensiones,dimension=AmbitoFlexible;cohorte=2014;horizonte=3,Base,11812,11812,0,0,PASS,seguimiento JOIN programas
DIM-AmbitoFlexible-2014-3-Carrera,dimensiones,dimension=AmbitoFlexible;cohorte=2014;horizonte=3,Carrera,4187,4187,0,0,PASS,seguimiento JOIN programas
DIM-AmbitoFlexible-2014-3-Institucion,dimensiones,dimension=AmbitoFlexible;cohorte=2014;horizonte=3,Institucion,4966,4966,0,0,PASS,seguimiento JOIN programas
DIM-AmbitoFlexible-2014-3-EducacionSuperior,dimensiones,dimension=AmbitoFlexible;cohorte=2014;horizonte=3,EducacionSuperior,6085,6085,0,0,PASS,seguimiento JOIN programas
DIM-AmbitoFlexible-2014-4-Base,dimensiones,dimension=AmbitoFlexible;cohorte=2014;horizonte=4,Base,11812,11812,0,0,PASS,seguimiento JOIN programas
DIM-AmbitoFlexible-2014-4-Carrera,dimensiones,dimension=AmbitoFlexible;cohorte=2014;horizonte=4,Carrera,1299,1299,0,0,PASS,seguimiento JOIN programas
DIM-AmbitoFlexible-2014-4-Institucion,dimensiones,dimension=AmbitoFlexible;cohorte=2014;horizonte=4,Institucion,2440,2440,0,0,PASS,seguimiento JOIN programas
DIM-AmbitoFlexible-2014-4-EducacionSuperior,dimensiones,dimension=AmbitoFlexible;cohorte=2014;horizonte=4,EducacionSuperior,3896,3896,0,0,PASS,seguimiento JOIN programas
DIM-AmbitoFlexible-2014-5-Base,dimensiones,dimension=AmbitoFlexible;cohorte=2014;horizonte=5,Base,11812,11812,0,0,PASS,seguimiento JOIN programas
DIM-AmbitoFlexible-2014-5-Carrera,dimensiones,dimension=AmbitoFlexible;cohorte=2014;horizonte=5,Carrera,548,548,0,0,PASS,seguimiento JOIN programas
DIM-AmbitoFlexible-2014-5-Institucion,dimensiones,dimension=AmbitoFlexible;cohorte=2014;horizonte=5,Institucion,1211,1211,0,0,PASS,seguimiento JOIN programas
DIM-AmbitoFlexible-2014-5-EducacionSuperior,dimensiones,dimension=AmbitoFlexible;cohorte=2014;horizonte=5,EducacionSuperior,2583,2583,0,0,PASS,seguimiento JOIN programas
DIM-AmbitoFlexible-2014-6-Base,dimensiones,dimension=AmbitoFlexible;cohorte=2014;horizonte=6,Base,11812,11812,0,0,PASS,seguimiento JOIN programas
DIM-AmbitoFlexible-2014-6-Carrera,dimensiones,dimension=AmbitoFlexible;cohorte=2014;horizonte=6,Carrera,206,206,0,0,PASS,seguimiento JOIN programas
DIM-AmbitoFlexible-2014-6-Institucion,dimensiones,dimension=AmbitoFlexible;cohorte=2014;horizonte=6,Institucion,570,570,0,0,PASS,seguimiento JOIN programas
DIM-AmbitoFlexible-2014-6-EducacionSuperior,dimensiones,dimension=AmbitoFlexible;cohorte=2014;horizonte=6,EducacionSuperior,1911,1911,0,0,PASS,seguimiento JOIN programas
DIM-AmbitoFlexible-2014-7-Base,dimensiones,dimension=AmbitoFlexible;cohorte=2014;horizonte=7,Base,11812,11812,0,0,PASS,seguimiento JOIN programas
DIM-AmbitoFlexible-2014-7-Carrera,dimensiones,dimension=AmbitoFlexible;cohorte=2014;horizonte=7,Carrera,81,81,0,0,PASS,seguimiento JOIN programas
DIM-AmbitoFlexible-2014-7-Institucion,dimensiones,dimension=AmbitoFlexible;cohorte=2014;horizonte=7,Institucion,291,291,0,0,PASS,seguimiento JOIN programas
DIM-AmbitoFlexible-2014-7-EducacionSuperior,dimensiones,dimension=AmbitoFlexible;cohorte=2014;horizonte=7,EducacionSuperior,1500,1500,0,0,PASS,seguimiento JOIN programas
DIM-AmbitoFlexible-2014-8-Base,dimensiones,dimension=AmbitoFlexible;cohorte=2014;horizonte=8,Base,11812,11812,0,0,PASS,seguimiento JOIN programas
DIM-AmbitoFlexible-2014-8-Carrera,dimensiones,dimension=AmbitoFlexible;cohorte=2014;horizonte=8,Carrera,67,67,0,0,PASS,seguimiento JOIN programas
DIM-AmbitoFlexible-2014-8-Institucion,dimensiones,dimension=AmbitoFlexible;cohorte=2014;horizonte=8,Institucion,256,256,0,0,PASS,seguimiento JOIN programas
DIM-AmbitoFlexible-2014-8-EducacionSuperior,dimensiones,dimension=AmbitoFlexible;cohorte=2014;horizonte=8,EducacionSuperior,1638,1638,0,0,PASS,seguimiento JOIN programas
DIM-AmbitoFlexible-2014-9-Base,dimensiones,dimension=AmbitoFlexible;cohorte=2014;horizonte=9,Base,11812,11812,0,0,PASS,seguimiento JOIN programas
DIM-AmbitoFlexible-2014-9-Carrera,dimensiones,dimension=AmbitoFlexible;cohorte=2014;horizonte=9,Carrera,39,39,0,0,PASS,seguimiento JOIN programas
DIM-AmbitoFlexible-2014-9-Institucion,dimensiones,dimension=AmbitoFlexible;cohorte=2014;horizonte=9,Institucion,222,222,0,0,PASS,seguimiento JOIN programas
DIM-AmbitoFlexible-2014-9-EducacionSuperior,dimensiones,dimension=AmbitoFlexible;cohorte=2014;horizonte=9,EducacionSuperior,1565,1565,0,0,PASS,seguimiento JOIN programas
DIM-AmbitoFlexible-2014-10-Base,dimensiones,dimension=AmbitoFlexible;cohorte=2014;horizonte=10,Base,11812,11812,0,0,PASS,seguimiento JOIN programas
DIM-AmbitoFlexible-2014-10-Carrera,dimensiones,dimension=AmbitoFlexible;cohorte=2014;horizonte=10,Carrera,32,32,0,0,PASS,seguimiento JOIN programas
DIM-AmbitoFlexible-2014-10-Institucion,dimensiones,dimension=AmbitoFlexible;cohorte=2014;horizonte=10,Institucion,213,213,0,0,PASS,seguimiento JOIN programas
DIM-AmbitoFlexible-2014-10-EducacionSuperior,dimensiones,dimension=AmbitoFlexible;cohorte=2014;horizonte=10,EducacionSuperior,1458,1458,0,0,PASS,seguimiento JOIN programas
DIM-AmbitoFlexible-2014-11-Base,dimensiones,dimension=AmbitoFlexible;cohorte=2014;horizonte=11,Base,11812,11812,0,0,PASS,seguimiento JOIN programas
DIM-AmbitoFlexible-2014-11-Carrera,dimensiones,dimension=AmbitoFlexible;cohorte=2014;horizonte=11,Carrera,28,28,0,0,PASS,seguimiento JOIN programas
DIM-AmbitoFlexible-2014-11-Institucion,dimensiones,dimension=AmbitoFlexible;cohorte=2014;horizonte=11,Institucion,176,176,0,0,PASS,seguimiento JOIN programas
DIM-AmbitoFlexible-2014-11-EducacionSuperior,dimensiones,dimension=AmbitoFlexible;cohorte=2014;horizonte=11,EducacionSuperior,1413,1413,0,0,PASS,seguimiento JOIN programas
DIM-AmbitoFlexible-2014-12-Base,dimensiones,dimension=AmbitoFlexible;cohorte=2014;horizonte=12,Base,11812,11812,0,0,PASS,seguimiento JOIN programas
DIM-AmbitoFlexible-2014-12-Carrera,dimensiones,dimension=AmbitoFlexible;cohorte=2014;horizonte=12,Carrera,16,16,0,0,PASS,seguimiento JOIN programas
DIM-AmbitoFlexible-2014-12-Institucion,dimensiones,dimension=AmbitoFlexible;cohorte=2014;horizonte=12,Institucion,135,135,0,0,PASS,seguimiento JOIN programas
DIM-AmbitoFlexible-2014-12-EducacionSuperior,dimensiones,dimension=AmbitoFlexible;cohorte=2014;horizonte=12,EducacionSuperior,1371,1371,0,0,PASS,seguimiento JOIN programas
DIM-AmbitoFlexible-2015-1-Base,dimensiones,dimension=AmbitoFlexible;cohorte=2015;horizonte=1,Base,11982,11982,0,0,PASS,seguimiento JOIN programas
DIM-AmbitoFlexible-2015-1-Carrera,dimensiones,dimension=AmbitoFlexible;cohorte=2015;horizonte=1,Carrera,11982,11982,0,0,PASS,seguimiento JOIN programas
DIM-AmbitoFlexible-2015-1-Institucion,dimensiones,dimension=AmbitoFlexible;cohorte=2015;horizonte=1,Institucion,11982,11982,0,0,PASS,seguimiento JOIN programas
DIM-AmbitoFlexible-2015-1-EducacionSuperior,dimensiones,dimension=AmbitoFlexible;cohorte=2015;horizonte=1,EducacionSuperior,11982,11982,0,0,PASS,seguimiento JOIN programas
DIM-AmbitoFlexible-2015-2-Base,dimensiones,dimension=AmbitoFlexible;cohorte=2015;horizonte=2,Base,11982,11982,0,0,PASS,seguimiento JOIN programas
DIM-AmbitoFlexible-2015-2-Carrera,dimensiones,dimension=AmbitoFlexible;cohorte=2015;horizonte=2,Carrera,6678,6678,0,0,PASS,seguimiento JOIN programas
DIM-AmbitoFlexible-2015-2-Institucion,dimensiones,dimension=AmbitoFlexible;cohorte=2015;horizonte=2,Institucion,7008,7008,0,0,PASS,seguimiento JOIN programas
DIM-AmbitoFlexible-2015-2-EducacionSuperior,dimensiones,dimension=AmbitoFlexible;cohorte=2015;horizonte=2,EducacionSuperior,7651,7651,0,0,PASS,seguimiento JOIN programas
DIM-AmbitoFlexible-2015-3-Base,dimensiones,dimension=AmbitoFlexible;cohorte=2015;horizonte=3,Base,11982,11982,0,0,PASS,seguimiento JOIN programas
DIM-AmbitoFlexible-2015-3-Carrera,dimensiones,dimension=AmbitoFlexible;cohorte=2015;horizonte=3,Carrera,4485,4485,0,0,PASS,seguimiento JOIN programas
DIM-AmbitoFlexible-2015-3-Institucion,dimensiones,dimension=AmbitoFlexible;cohorte=2015;horizonte=3,Institucion,5245,5245,0,0,PASS,seguimiento JOIN programas
DIM-AmbitoFlexible-2015-3-EducacionSuperior,dimensiones,dimension=AmbitoFlexible;cohorte=2015;horizonte=3,EducacionSuperior,6407,6407,0,0,PASS,seguimiento JOIN programas
DIM-AmbitoFlexible-2015-4-Base,dimensiones,dimension=AmbitoFlexible;cohorte=2015;horizonte=4,Base,11982,11982,0,0,PASS,seguimiento JOIN programas
DIM-AmbitoFlexible-2015-4-Carrera,dimensiones,dimension=AmbitoFlexible;cohorte=2015;horizonte=4,Carrera,1565,1565,0,0,PASS,seguimiento JOIN programas
DIM-AmbitoFlexible-2015-4-Institucion,dimensiones,dimension=AmbitoFlexible;cohorte=2015;horizonte=4,Institucion,2642,2642,0,0,PASS,seguimiento JOIN programas
DIM-AmbitoFlexible-2015-4-EducacionSuperior,dimensiones,dimension=AmbitoFlexible;cohorte=2015;horizonte=4,EducacionSuperior,4165,4165,0,0,PASS,seguimiento JOIN programas
DIM-AmbitoFlexible-2015-5-Base,dimensiones,dimension=AmbitoFlexible;cohorte=2015;horizonte=5,Base,11982,11982,0,0,PASS,seguimiento JOIN programas
DIM-AmbitoFlexible-2015-5-Carrera,dimensiones,dimension=AmbitoFlexible;cohorte=2015;horizonte=5,Carrera,592,592,0,0,PASS,seguimiento JOIN programas
DIM-AmbitoFlexible-2015-5-Institucion,dimensiones,dimension=AmbitoFlexible;cohorte=2015;horizonte=5,Institucion,1206,1206,0,0,PASS,seguimiento JOIN programas
DIM-AmbitoFlexible-2015-5-EducacionSuperior,dimensiones,dimension=AmbitoFlexible;cohorte=2015;horizonte=5,EducacionSuperior,2701,2701,0,0,PASS,seguimiento JOIN programas
DIM-AmbitoFlexible-2015-6-Base,dimensiones,dimension=AmbitoFlexible;cohorte=2015;horizonte=6,Base,11982,11982,0,0,PASS,seguimiento JOIN programas
DIM-AmbitoFlexible-2015-6-Carrera,dimensiones,dimension=AmbitoFlexible;cohorte=2015;horizonte=6,Carrera,152,152,0,0,PASS,seguimiento JOIN programas
DIM-AmbitoFlexible-2015-6-Institucion,dimensiones,dimension=AmbitoFlexible;cohorte=2015;horizonte=6,Institucion,499,499,0,0,PASS,seguimiento JOIN programas
DIM-AmbitoFlexible-2015-6-EducacionSuperior,dimensiones,dimension=AmbitoFlexible;cohorte=2015;horizonte=6,EducacionSuperior,1880,1880,0,0,PASS,seguimiento JOIN programas
DIM-AmbitoFlexible-2015-7-Base,dimensiones,dimension=AmbitoFlexible;cohorte=2015;horizonte=7,Base,11982,11982,0,0,PASS,seguimiento JOIN programas
DIM-AmbitoFlexible-2015-7-Carrera,dimensiones,dimension=AmbitoFlexible;cohorte=2015;horizonte=7,Carrera,109,109,0,0,PASS,seguimiento JOIN programas
DIM-AmbitoFlexible-2015-7-Institucion,dimensiones,dimension=AmbitoFlexible;cohorte=2015;horizonte=7,Institucion,400,400,0,0,PASS,seguimiento JOIN programas
DIM-AmbitoFlexible-2015-7-EducacionSuperior,dimensiones,dimension=AmbitoFlexible;cohorte=2015;horizonte=7,EducacionSuperior,1913,1913,0,0,PASS,seguimiento JOIN programas
DIM-AmbitoFlexible-2015-8-Base,dimensiones,dimension=AmbitoFlexible;cohorte=2015;horizonte=8,Base,11982,11982,0,0,PASS,seguimiento JOIN programas
DIM-AmbitoFlexible-2015-8-Carrera,dimensiones,dimension=AmbitoFlexible;cohorte=2015;horizonte=8,Carrera,90,90,0,0,PASS,seguimiento JOIN programas
DIM-AmbitoFlexible-2015-8-Institucion,dimensiones,dimension=AmbitoFlexible;cohorte=2015;horizonte=8,Institucion,315,315,0,0,PASS,seguimiento JOIN programas
DIM-AmbitoFlexible-2015-8-EducacionSuperior,dimensiones,dimension=AmbitoFlexible;cohorte=2015;horizonte=8,EducacionSuperior,1791,1791,0,0,PASS,seguimiento JOIN programas
DIM-AmbitoFlexible-2015-9-Base,dimensiones,dimension=AmbitoFlexible;cohorte=2015;horizonte=9,Base,11982,11982,0,0,PASS,seguimiento JOIN programas
DIM-AmbitoFlexible-2015-9-Carrera,dimensiones,dimension=AmbitoFlexible;cohorte=2015;horizonte=9,Carrera,68,68,0,0,PASS,seguimiento JOIN programas
DIM-AmbitoFlexible-2015-9-Institucion,dimensiones,dimension=AmbitoFlexible;cohorte=2015;horizonte=9,Institucion,258,258,0,0,PASS,seguimiento JOIN programas
DIM-AmbitoFlexible-2015-9-EducacionSuperior,dimensiones,dimension=AmbitoFlexible;cohorte=2015;horizonte=9,EducacionSuperior,1671,1671,0,0,PASS,seguimiento JOIN programas
DIM-AmbitoFlexible-2015-10-Base,dimensiones,dimension=AmbitoFlexible;cohorte=2015;horizonte=10,Base,11982,11982,0,0,PASS,seguimiento JOIN programas
DIM-AmbitoFlexible-2015-10-Carrera,dimensiones,dimension=AmbitoFlexible;cohorte=2015;horizonte=10,Carrera,41,41,0,0,PASS,seguimiento JOIN programas
DIM-AmbitoFlexible-2015-10-Institucion,dimensiones,dimension=AmbitoFlexible;cohorte=2015;horizonte=10,Institucion,199,199,0,0,PASS,seguimiento JOIN programas
DIM-AmbitoFlexible-2015-10-EducacionSuperior,dimensiones,dimension=AmbitoFlexible;cohorte=2015;horizonte=10,EducacionSuperior,1541,1541,0,0,PASS,seguimiento JOIN programas
DIM-AmbitoFlexible-2015-11-Base,dimensiones,dimension=AmbitoFlexible;cohorte=2015;horizonte=11,Base,11982,11982,0,0,PASS,seguimiento JOIN programas
DIM-AmbitoFlexible-2015-11-Carrera,dimensiones,dimension=AmbitoFlexible;cohorte=2015;horizonte=11,Carrera,25,25,0,0,PASS,seguimiento JOIN programas
DIM-AmbitoFlexible-2015-11-Institucion,dimensiones,dimension=AmbitoFlexible;cohorte=2015;horizonte=11,Institucion,170,170,0,0,PASS,seguimiento JOIN programas
DIM-AmbitoFlexible-2015-11-EducacionSuperior,dimensiones,dimension=AmbitoFlexible;cohorte=2015;horizonte=11,EducacionSuperior,1474,1474,0,0,PASS,seguimiento JOIN programas
DIM-AmbitoFlexible-2016-1-Base,dimensiones,dimension=AmbitoFlexible;cohorte=2016;horizonte=1,Base,13664,13664,0,0,PASS,seguimiento JOIN programas
DIM-AmbitoFlexible-2016-1-Carrera,dimensiones,dimension=AmbitoFlexible;cohorte=2016;horizonte=1,Carrera,13664,13664,0,0,PASS,seguimiento JOIN programas
DIM-AmbitoFlexible-2016-1-Institucion,dimensiones,dimension=AmbitoFlexible;cohorte=2016;horizonte=1,Institucion,13664,13664,0,0,PASS,seguimiento JOIN programas
DIM-AmbitoFlexible-2016-1-EducacionSuperior,dimensiones,dimension=AmbitoFlexible;cohorte=2016;horizonte=1,EducacionSuperior,13664,13664,0,0,PASS,seguimiento JOIN programas
DIM-AmbitoFlexible-2016-2-Base,dimensiones,dimension=AmbitoFlexible;cohorte=2016;horizonte=2,Base,13664,13664,0,0,PASS,seguimiento JOIN programas
DIM-AmbitoFlexible-2016-2-Carrera,dimensiones,dimension=AmbitoFlexible;cohorte=2016;horizonte=2,Carrera,7905,7905,0,0,PASS,seguimiento JOIN programas
DIM-AmbitoFlexible-2016-2-Institucion,dimensiones,dimension=AmbitoFlexible;cohorte=2016;horizonte=2,Institucion,8304,8304,0,0,PASS,seguimiento JOIN programas
DIM-AmbitoFlexible-2016-2-EducacionSuperior,dimensiones,dimension=AmbitoFlexible;cohorte=2016;horizonte=2,EducacionSuperior,8896,8896,0,0,PASS,seguimiento JOIN programas
DIM-AmbitoFlexible-2016-3-Base,dimensiones,dimension=AmbitoFlexible;cohorte=2016;horizonte=3,Base,13664,13664,0,0,PASS,seguimiento JOIN programas
DIM-AmbitoFlexible-2016-3-Carrera,dimensiones,dimension=AmbitoFlexible;cohorte=2016;horizonte=3,Carrera,4462,4462,0,0,PASS,seguimiento JOIN programas
DIM-AmbitoFlexible-2016-3-Institucion,dimensiones,dimension=AmbitoFlexible;cohorte=2016;horizonte=3,Institucion,5563,5563,0,0,PASS,seguimiento JOIN programas
DIM-AmbitoFlexible-2016-3-EducacionSuperior,dimensiones,dimension=AmbitoFlexible;cohorte=2016;horizonte=3,EducacionSuperior,6669,6669,0,0,PASS,seguimiento JOIN programas
DIM-AmbitoFlexible-2016-4-Base,dimensiones,dimension=AmbitoFlexible;cohorte=2016;horizonte=4,Base,13664,13664,0,0,PASS,seguimiento JOIN programas
DIM-AmbitoFlexible-2016-4-Carrera,dimensiones,dimension=AmbitoFlexible;cohorte=2016;horizonte=4,Carrera,2245,2245,0,0,PASS,seguimiento JOIN programas
DIM-AmbitoFlexible-2016-4-Institucion,dimensiones,dimension=AmbitoFlexible;cohorte=2016;horizonte=4,Institucion,3383,3383,0,0,PASS,seguimiento JOIN programas
DIM-AmbitoFlexible-2016-4-EducacionSuperior,dimensiones,dimension=AmbitoFlexible;cohorte=2016;horizonte=4,EducacionSuperior,4733,4733,0,0,PASS,seguimiento JOIN programas
DIM-AmbitoFlexible-2016-5-Base,dimensiones,dimension=AmbitoFlexible;cohorte=2016;horizonte=5,Base,13664,13664,0,0,PASS,seguimiento JOIN programas
DIM-AmbitoFlexible-2016-5-Carrera,dimensiones,dimension=AmbitoFlexible;cohorte=2016;horizonte=5,Carrera,606,606,0,0,PASS,seguimiento JOIN programas
DIM-AmbitoFlexible-2016-5-Institucion,dimensiones,dimension=AmbitoFlexible;cohorte=2016;horizonte=5,Institucion,1249,1249,0,0,PASS,seguimiento JOIN programas
DIM-AmbitoFlexible-2016-5-EducacionSuperior,dimensiones,dimension=AmbitoFlexible;cohorte=2016;horizonte=5,EducacionSuperior,2637,2637,0,0,PASS,seguimiento JOIN programas
DIM-AmbitoFlexible-2016-6-Base,dimensiones,dimension=AmbitoFlexible;cohorte=2016;horizonte=6,Base,13664,13664,0,0,PASS,seguimiento JOIN programas
DIM-AmbitoFlexible-2016-6-Carrera,dimensiones,dimension=AmbitoFlexible;cohorte=2016;horizonte=6,Carrera,371,371,0,0,PASS,seguimiento JOIN programas
DIM-AmbitoFlexible-2016-6-Institucion,dimensiones,dimension=AmbitoFlexible;cohorte=2016;horizonte=6,Institucion,850,850,0,0,PASS,seguimiento JOIN programas
DIM-AmbitoFlexible-2016-6-EducacionSuperior,dimensiones,dimension=AmbitoFlexible;cohorte=2016;horizonte=6,EducacionSuperior,2520,2520,0,0,PASS,seguimiento JOIN programas
DIM-AmbitoFlexible-2016-7-Base,dimensiones,dimension=AmbitoFlexible;cohorte=2016;horizonte=7,Base,13664,13664,0,0,PASS,seguimiento JOIN programas
DIM-AmbitoFlexible-2016-7-Carrera,dimensiones,dimension=AmbitoFlexible;cohorte=2016;horizonte=7,Carrera,224,224,0,0,PASS,seguimiento JOIN programas
DIM-AmbitoFlexible-2016-7-Institucion,dimensiones,dimension=AmbitoFlexible;cohorte=2016;horizonte=7,Institucion,613,613,0,0,PASS,seguimiento JOIN programas
DIM-AmbitoFlexible-2016-7-EducacionSuperior,dimensiones,dimension=AmbitoFlexible;cohorte=2016;horizonte=7,EducacionSuperior,2259,2259,0,0,PASS,seguimiento JOIN programas
DIM-AmbitoFlexible-2016-8-Base,dimensiones,dimension=AmbitoFlexible;cohorte=2016;horizonte=8,Base,13664,13664,0,0,PASS,seguimiento JOIN programas
DIM-AmbitoFlexible-2016-8-Carrera,dimensiones,dimension=AmbitoFlexible;cohorte=2016;horizonte=8,Carrera,140,140,0,0,PASS,seguimiento JOIN programas
DIM-AmbitoFlexible-2016-8-Institucion,dimensiones,dimension=AmbitoFlexible;cohorte=2016;horizonte=8,Institucion,489,489,0,0,PASS,seguimiento JOIN programas
DIM-AmbitoFlexible-2016-8-EducacionSuperior,dimensiones,dimension=AmbitoFlexible;cohorte=2016;horizonte=8,EducacionSuperior,2072,2072,0,0,PASS,seguimiento JOIN programas
DIM-AmbitoFlexible-2016-9-Base,dimensiones,dimension=AmbitoFlexible;cohorte=2016;horizonte=9,Base,13664,13664,0,0,PASS,seguimiento JOIN programas
DIM-AmbitoFlexible-2016-9-Carrera,dimensiones,dimension=AmbitoFlexible;cohorte=2016;horizonte=9,Carrera,74,74,0,0,PASS,seguimiento JOIN programas
DIM-AmbitoFlexible-2016-9-Institucion,dimensiones,dimension=AmbitoFlexible;cohorte=2016;horizonte=9,Institucion,344,344,0,0,PASS,seguimiento JOIN programas
DIM-AmbitoFlexible-2016-9-EducacionSuperior,dimensiones,dimension=AmbitoFlexible;cohorte=2016;horizonte=9,EducacionSuperior,1874,1874,0,0,PASS,seguimiento JOIN programas
DIM-AmbitoFlexible-2016-10-Base,dimensiones,dimension=AmbitoFlexible;cohorte=2016;horizonte=10,Base,13664,13664,0,0,PASS,seguimiento JOIN programas
DIM-AmbitoFlexible-2016-10-Carrera,dimensiones,dimension=AmbitoFlexible;cohorte=2016;horizonte=10,Carrera,52,52,0,0,PASS,seguimiento JOIN programas
DIM-AmbitoFlexible-2016-10-Institucion,dimensiones,dimension=AmbitoFlexible;cohorte=2016;horizonte=10,Institucion,283,283,0,0,PASS,seguimiento JOIN programas
DIM-AmbitoFlexible-2016-10-EducacionSuperior,dimensiones,dimension=AmbitoFlexible;cohorte=2016;horizonte=10,EducacionSuperior,1894,1894,0,0,PASS,seguimiento JOIN programas
DIM-AmbitoFlexible-2017-1-Base,dimensiones,dimension=AmbitoFlexible;cohorte=2017;horizonte=1,Base,13882,13882,0,0,PASS,seguimiento JOIN programas
DIM-AmbitoFlexible-2017-1-Carrera,dimensiones,dimension=AmbitoFlexible;cohorte=2017;horizonte=1,Carrera,13882,13882,0,0,PASS,seguimiento JOIN programas
DIM-AmbitoFlexible-2017-1-Institucion,dimensiones,dimension=AmbitoFlexible;cohorte=2017;horizonte=1,Institucion,13882,13882,0,0,PASS,seguimiento JOIN programas
DIM-AmbitoFlexible-2017-1-EducacionSuperior,dimensiones,dimension=AmbitoFlexible;cohorte=2017;horizonte=1,EducacionSuperior,13882,13882,0,0,PASS,seguimiento JOIN programas
DIM-AmbitoFlexible-2017-2-Base,dimensiones,dimension=AmbitoFlexible;cohorte=2017;horizonte=2,Base,13882,13882,0,0,PASS,seguimiento JOIN programas
DIM-AmbitoFlexible-2017-2-Carrera,dimensiones,dimension=AmbitoFlexible;cohorte=2017;horizonte=2,Carrera,7545,7545,0,0,PASS,seguimiento JOIN programas
DIM-AmbitoFlexible-2017-2-Institucion,dimensiones,dimension=AmbitoFlexible;cohorte=2017;horizonte=2,Institucion,7825,7825,0,0,PASS,seguimiento JOIN programas
DIM-AmbitoFlexible-2017-2-EducacionSuperior,dimensiones,dimension=AmbitoFlexible;cohorte=2017;horizonte=2,EducacionSuperior,8605,8605,0,0,PASS,seguimiento JOIN programas
DIM-AmbitoFlexible-2017-3-Base,dimensiones,dimension=AmbitoFlexible;cohorte=2017;horizonte=3,Base,13882,13882,0,0,PASS,seguimiento JOIN programas
DIM-AmbitoFlexible-2017-3-Carrera,dimensiones,dimension=AmbitoFlexible;cohorte=2017;horizonte=3,Carrera,4177,4177,0,0,PASS,seguimiento JOIN programas
DIM-AmbitoFlexible-2017-3-Institucion,dimensiones,dimension=AmbitoFlexible;cohorte=2017;horizonte=3,Institucion,5000,5000,0,0,PASS,seguimiento JOIN programas
DIM-AmbitoFlexible-2017-3-EducacionSuperior,dimensiones,dimension=AmbitoFlexible;cohorte=2017;horizonte=3,EducacionSuperior,6217,6217,0,0,PASS,seguimiento JOIN programas
DIM-AmbitoFlexible-2017-4-Base,dimensiones,dimension=AmbitoFlexible;cohorte=2017;horizonte=4,Base,13882,13882,0,0,PASS,seguimiento JOIN programas
DIM-AmbitoFlexible-2017-4-Carrera,dimensiones,dimension=AmbitoFlexible;cohorte=2017;horizonte=4,Carrera,1765,1765,0,0,PASS,seguimiento JOIN programas
DIM-AmbitoFlexible-2017-4-Institucion,dimensiones,dimension=AmbitoFlexible;cohorte=2017;horizonte=4,Institucion,2664,2664,0,0,PASS,seguimiento JOIN programas
DIM-AmbitoFlexible-2017-4-EducacionSuperior,dimensiones,dimension=AmbitoFlexible;cohorte=2017;horizonte=4,EducacionSuperior,4082,4082,0,0,PASS,seguimiento JOIN programas
DIM-AmbitoFlexible-2017-5-Base,dimensiones,dimension=AmbitoFlexible;cohorte=2017;horizonte=5,Base,13882,13882,0,0,PASS,seguimiento JOIN programas
DIM-AmbitoFlexible-2017-5-Carrera,dimensiones,dimension=AmbitoFlexible;cohorte=2017;horizonte=5,Carrera,827,827,0,0,PASS,seguimiento JOIN programas
DIM-AmbitoFlexible-2017-5-Institucion,dimensiones,dimension=AmbitoFlexible;cohorte=2017;horizonte=5,Institucion,1552,1552,0,0,PASS,seguimiento JOIN programas
DIM-AmbitoFlexible-2017-5-EducacionSuperior,dimensiones,dimension=AmbitoFlexible;cohorte=2017;horizonte=5,EducacionSuperior,3306,3306,0,0,PASS,seguimiento JOIN programas
DIM-AmbitoFlexible-2017-6-Base,dimensiones,dimension=AmbitoFlexible;cohorte=2017;horizonte=6,Base,13882,13882,0,0,PASS,seguimiento JOIN programas
DIM-AmbitoFlexible-2017-6-Carrera,dimensiones,dimension=AmbitoFlexible;cohorte=2017;horizonte=6,Carrera,340,340,0,0,PASS,seguimiento JOIN programas
DIM-AmbitoFlexible-2017-6-Institucion,dimensiones,dimension=AmbitoFlexible;cohorte=2017;horizonte=6,Institucion,869,869,0,0,PASS,seguimiento JOIN programas
DIM-AmbitoFlexible-2017-6-EducacionSuperior,dimensiones,dimension=AmbitoFlexible;cohorte=2017;horizonte=6,EducacionSuperior,2741,2741,0,0,PASS,seguimiento JOIN programas
DIM-AmbitoFlexible-2017-7-Base,dimensiones,dimension=AmbitoFlexible;cohorte=2017;horizonte=7,Base,13882,13882,0,0,PASS,seguimiento JOIN programas
DIM-AmbitoFlexible-2017-7-Carrera,dimensiones,dimension=AmbitoFlexible;cohorte=2017;horizonte=7,Carrera,215,215,0,0,PASS,seguimiento JOIN programas
DIM-AmbitoFlexible-2017-7-Institucion,dimensiones,dimension=AmbitoFlexible;cohorte=2017;horizonte=7,Institucion,625,625,0,0,PASS,seguimiento JOIN programas
DIM-AmbitoFlexible-2017-7-EducacionSuperior,dimensiones,dimension=AmbitoFlexible;cohorte=2017;horizonte=7,EducacionSuperior,2415,2415,0,0,PASS,seguimiento JOIN programas
DIM-AmbitoFlexible-2017-8-Base,dimensiones,dimension=AmbitoFlexible;cohorte=2017;horizonte=8,Base,13882,13882,0,0,PASS,seguimiento JOIN programas
DIM-AmbitoFlexible-2017-8-Carrera,dimensiones,dimension=AmbitoFlexible;cohorte=2017;horizonte=8,Carrera,109,109,0,0,PASS,seguimiento JOIN programas
DIM-AmbitoFlexible-2017-8-Institucion,dimensiones,dimension=AmbitoFlexible;cohorte=2017;horizonte=8,Institucion,424,424,0,0,PASS,seguimiento JOIN programas
DIM-AmbitoFlexible-2017-8-EducacionSuperior,dimensiones,dimension=AmbitoFlexible;cohorte=2017;horizonte=8,EducacionSuperior,2185,2185,0,0,PASS,seguimiento JOIN programas
DIM-AmbitoFlexible-2017-9-Base,dimensiones,dimension=AmbitoFlexible;cohorte=2017;horizonte=9,Base,13882,13882,0,0,PASS,seguimiento JOIN programas
DIM-AmbitoFlexible-2017-9-Carrera,dimensiones,dimension=AmbitoFlexible;cohorte=2017;horizonte=9,Carrera,71,71,0,0,PASS,seguimiento JOIN programas
DIM-AmbitoFlexible-2017-9-Institucion,dimensiones,dimension=AmbitoFlexible;cohorte=2017;horizonte=9,Institucion,339,339,0,0,PASS,seguimiento JOIN programas
DIM-AmbitoFlexible-2017-9-EducacionSuperior,dimensiones,dimension=AmbitoFlexible;cohorte=2017;horizonte=9,EducacionSuperior,2176,2176,0,0,PASS,seguimiento JOIN programas
DIM-AmbitoFlexible-2018-1-Base,dimensiones,dimension=AmbitoFlexible;cohorte=2018;horizonte=1,Base,17130,17130,0,0,PASS,seguimiento JOIN programas
DIM-AmbitoFlexible-2018-1-Carrera,dimensiones,dimension=AmbitoFlexible;cohorte=2018;horizonte=1,Carrera,17130,17130,0,0,PASS,seguimiento JOIN programas
DIM-AmbitoFlexible-2018-1-Institucion,dimensiones,dimension=AmbitoFlexible;cohorte=2018;horizonte=1,Institucion,17130,17130,0,0,PASS,seguimiento JOIN programas
DIM-AmbitoFlexible-2018-1-EducacionSuperior,dimensiones,dimension=AmbitoFlexible;cohorte=2018;horizonte=1,EducacionSuperior,17130,17130,0,0,PASS,seguimiento JOIN programas
DIM-AmbitoFlexible-2018-2-Base,dimensiones,dimension=AmbitoFlexible;cohorte=2018;horizonte=2,Base,17130,17130,0,0,PASS,seguimiento JOIN programas
DIM-AmbitoFlexible-2018-2-Carrera,dimensiones,dimension=AmbitoFlexible;cohorte=2018;horizonte=2,Carrera,10087,10087,0,0,PASS,seguimiento JOIN programas
DIM-AmbitoFlexible-2018-2-Institucion,dimensiones,dimension=AmbitoFlexible;cohorte=2018;horizonte=2,Institucion,10328,10328,0,0,PASS,seguimiento JOIN programas
DIM-AmbitoFlexible-2018-2-EducacionSuperior,dimensiones,dimension=AmbitoFlexible;cohorte=2018;horizonte=2,EducacionSuperior,11041,11041,0,0,PASS,seguimiento JOIN programas
DIM-AmbitoFlexible-2018-3-Base,dimensiones,dimension=AmbitoFlexible;cohorte=2018;horizonte=3,Base,17130,17130,0,0,PASS,seguimiento JOIN programas
DIM-AmbitoFlexible-2018-3-Carrera,dimensiones,dimension=AmbitoFlexible;cohorte=2018;horizonte=3,Carrera,5901,5901,0,0,PASS,seguimiento JOIN programas
DIM-AmbitoFlexible-2018-3-Institucion,dimensiones,dimension=AmbitoFlexible;cohorte=2018;horizonte=3,Institucion,6597,6597,0,0,PASS,seguimiento JOIN programas
DIM-AmbitoFlexible-2018-3-EducacionSuperior,dimensiones,dimension=AmbitoFlexible;cohorte=2018;horizonte=3,EducacionSuperior,7863,7863,0,0,PASS,seguimiento JOIN programas
DIM-AmbitoFlexible-2018-4-Base,dimensiones,dimension=AmbitoFlexible;cohorte=2018;horizonte=4,Base,17130,17130,0,0,PASS,seguimiento JOIN programas
DIM-AmbitoFlexible-2018-4-Carrera,dimensiones,dimension=AmbitoFlexible;cohorte=2018;horizonte=4,Carrera,2568,2568,0,0,PASS,seguimiento JOIN programas
DIM-AmbitoFlexible-2018-4-Institucion,dimensiones,dimension=AmbitoFlexible;cohorte=2018;horizonte=4,Institucion,3617,3617,0,0,PASS,seguimiento JOIN programas
DIM-AmbitoFlexible-2018-4-EducacionSuperior,dimensiones,dimension=AmbitoFlexible;cohorte=2018;horizonte=4,EducacionSuperior,5556,5556,0,0,PASS,seguimiento JOIN programas
DIM-AmbitoFlexible-2018-5-Base,dimensiones,dimension=AmbitoFlexible;cohorte=2018;horizonte=5,Base,17130,17130,0,0,PASS,seguimiento JOIN programas
DIM-AmbitoFlexible-2018-5-Carrera,dimensiones,dimension=AmbitoFlexible;cohorte=2018;horizonte=5,Carrera,1069,1069,0,0,PASS,seguimiento JOIN programas
DIM-AmbitoFlexible-2018-5-Institucion,dimensiones,dimension=AmbitoFlexible;cohorte=2018;horizonte=5,Institucion,1925,1925,0,0,PASS,seguimiento JOIN programas
DIM-AmbitoFlexible-2018-5-EducacionSuperior,dimensiones,dimension=AmbitoFlexible;cohorte=2018;horizonte=5,EducacionSuperior,4054,4054,0,0,PASS,seguimiento JOIN programas
DIM-AmbitoFlexible-2018-6-Base,dimensiones,dimension=AmbitoFlexible;cohorte=2018;horizonte=6,Base,17130,17130,0,0,PASS,seguimiento JOIN programas
DIM-AmbitoFlexible-2018-6-Carrera,dimensiones,dimension=AmbitoFlexible;cohorte=2018;horizonte=6,Carrera,478,478,0,0,PASS,seguimiento JOIN programas
DIM-AmbitoFlexible-2018-6-Institucion,dimensiones,dimension=AmbitoFlexible;cohorte=2018;horizonte=6,Institucion,1138,1138,0,0,PASS,seguimiento JOIN programas
DIM-AmbitoFlexible-2018-6-EducacionSuperior,dimensiones,dimension=AmbitoFlexible;cohorte=2018;horizonte=6,EducacionSuperior,3275,3275,0,0,PASS,seguimiento JOIN programas
DIM-AmbitoFlexible-2018-7-Base,dimensiones,dimension=AmbitoFlexible;cohorte=2018;horizonte=7,Base,17130,17130,0,0,PASS,seguimiento JOIN programas
DIM-AmbitoFlexible-2018-7-Carrera,dimensiones,dimension=AmbitoFlexible;cohorte=2018;horizonte=7,Carrera,213,213,0,0,PASS,seguimiento JOIN programas
DIM-AmbitoFlexible-2018-7-Institucion,dimensiones,dimension=AmbitoFlexible;cohorte=2018;horizonte=7,Institucion,711,711,0,0,PASS,seguimiento JOIN programas
DIM-AmbitoFlexible-2018-7-EducacionSuperior,dimensiones,dimension=AmbitoFlexible;cohorte=2018;horizonte=7,EducacionSuperior,2867,2867,0,0,PASS,seguimiento JOIN programas
DIM-AmbitoFlexible-2018-8-Base,dimensiones,dimension=AmbitoFlexible;cohorte=2018;horizonte=8,Base,17130,17130,0,0,PASS,seguimiento JOIN programas
DIM-AmbitoFlexible-2018-8-Carrera,dimensiones,dimension=AmbitoFlexible;cohorte=2018;horizonte=8,Carrera,150,150,0,0,PASS,seguimiento JOIN programas
DIM-AmbitoFlexible-2018-8-Institucion,dimensiones,dimension=AmbitoFlexible;cohorte=2018;horizonte=8,Institucion,594,594,0,0,PASS,seguimiento JOIN programas
DIM-AmbitoFlexible-2018-8-EducacionSuperior,dimensiones,dimension=AmbitoFlexible;cohorte=2018;horizonte=8,EducacionSuperior,2828,2828,0,0,PASS,seguimiento JOIN programas
DIM-AmbitoFlexible-2019-1-Base,dimensiones,dimension=AmbitoFlexible;cohorte=2019;horizonte=1,Base,17822,17822,0,0,PASS,seguimiento JOIN programas
DIM-AmbitoFlexible-2019-1-Carrera,dimensiones,dimension=AmbitoFlexible;cohorte=2019;horizonte=1,Carrera,17822,17822,0,0,PASS,seguimiento JOIN programas
DIM-AmbitoFlexible-2019-1-Institucion,dimensiones,dimension=AmbitoFlexible;cohorte=2019;horizonte=1,Institucion,17822,17822,0,0,PASS,seguimiento JOIN programas
DIM-AmbitoFlexible-2019-1-EducacionSuperior,dimensiones,dimension=AmbitoFlexible;cohorte=2019;horizonte=1,EducacionSuperior,17822,17822,0,0,PASS,seguimiento JOIN programas
DIM-AmbitoFlexible-2019-2-Base,dimensiones,dimension=AmbitoFlexible;cohorte=2019;horizonte=2,Base,17822,17822,0,0,PASS,seguimiento JOIN programas
DIM-AmbitoFlexible-2019-2-Carrera,dimensiones,dimension=AmbitoFlexible;cohorte=2019;horizonte=2,Carrera,10419,10419,0,0,PASS,seguimiento JOIN programas
DIM-AmbitoFlexible-2019-2-Institucion,dimensiones,dimension=AmbitoFlexible;cohorte=2019;horizonte=2,Institucion,10661,10661,0,0,PASS,seguimiento JOIN programas
DIM-AmbitoFlexible-2019-2-EducacionSuperior,dimensiones,dimension=AmbitoFlexible;cohorte=2019;horizonte=2,EducacionSuperior,11365,11365,0,0,PASS,seguimiento JOIN programas
DIM-AmbitoFlexible-2019-3-Base,dimensiones,dimension=AmbitoFlexible;cohorte=2019;horizonte=3,Base,17822,17822,0,0,PASS,seguimiento JOIN programas
DIM-AmbitoFlexible-2019-3-Carrera,dimensiones,dimension=AmbitoFlexible;cohorte=2019;horizonte=3,Carrera,6830,6830,0,0,PASS,seguimiento JOIN programas
DIM-AmbitoFlexible-2019-3-Institucion,dimensiones,dimension=AmbitoFlexible;cohorte=2019;horizonte=3,Institucion,7619,7619,0,0,PASS,seguimiento JOIN programas
DIM-AmbitoFlexible-2019-3-EducacionSuperior,dimensiones,dimension=AmbitoFlexible;cohorte=2019;horizonte=3,EducacionSuperior,9015,9015,0,0,PASS,seguimiento JOIN programas
DIM-AmbitoFlexible-2019-4-Base,dimensiones,dimension=AmbitoFlexible;cohorte=2019;horizonte=4,Base,17822,17822,0,0,PASS,seguimiento JOIN programas
DIM-AmbitoFlexible-2019-4-Carrera,dimensiones,dimension=AmbitoFlexible;cohorte=2019;horizonte=4,Carrera,2805,2805,0,0,PASS,seguimiento JOIN programas
DIM-AmbitoFlexible-2019-4-Institucion,dimensiones,dimension=AmbitoFlexible;cohorte=2019;horizonte=4,Institucion,3920,3920,0,0,PASS,seguimiento JOIN programas
DIM-AmbitoFlexible-2019-4-EducacionSuperior,dimensiones,dimension=AmbitoFlexible;cohorte=2019;horizonte=4,EducacionSuperior,5854,5854,0,0,PASS,seguimiento JOIN programas
DIM-AmbitoFlexible-2019-5-Base,dimensiones,dimension=AmbitoFlexible;cohorte=2019;horizonte=5,Base,17822,17822,0,0,PASS,seguimiento JOIN programas
DIM-AmbitoFlexible-2019-5-Carrera,dimensiones,dimension=AmbitoFlexible;cohorte=2019;horizonte=5,Carrera,1382,1382,0,0,PASS,seguimiento JOIN programas
DIM-AmbitoFlexible-2019-5-Institucion,dimensiones,dimension=AmbitoFlexible;cohorte=2019;horizonte=5,Institucion,2369,2369,0,0,PASS,seguimiento JOIN programas
DIM-AmbitoFlexible-2019-5-EducacionSuperior,dimensiones,dimension=AmbitoFlexible;cohorte=2019;horizonte=5,EducacionSuperior,4488,4488,0,0,PASS,seguimiento JOIN programas
DIM-AmbitoFlexible-2019-6-Base,dimensiones,dimension=AmbitoFlexible;cohorte=2019;horizonte=6,Base,17822,17822,0,0,PASS,seguimiento JOIN programas
DIM-AmbitoFlexible-2019-6-Carrera,dimensiones,dimension=AmbitoFlexible;cohorte=2019;horizonte=6,Carrera,413,413,0,0,PASS,seguimiento JOIN programas
DIM-AmbitoFlexible-2019-6-Institucion,dimensiones,dimension=AmbitoFlexible;cohorte=2019;horizonte=6,Institucion,1145,1145,0,0,PASS,seguimiento JOIN programas
DIM-AmbitoFlexible-2019-6-EducacionSuperior,dimensiones,dimension=AmbitoFlexible;cohorte=2019;horizonte=6,EducacionSuperior,3392,3392,0,0,PASS,seguimiento JOIN programas
DIM-AmbitoFlexible-2019-7-Base,dimensiones,dimension=AmbitoFlexible;cohorte=2019;horizonte=7,Base,17822,17822,0,0,PASS,seguimiento JOIN programas
DIM-AmbitoFlexible-2019-7-Carrera,dimensiones,dimension=AmbitoFlexible;cohorte=2019;horizonte=7,Carrera,228,228,0,0,PASS,seguimiento JOIN programas
DIM-AmbitoFlexible-2019-7-Institucion,dimensiones,dimension=AmbitoFlexible;cohorte=2019;horizonte=7,Institucion,822,822,0,0,PASS,seguimiento JOIN programas
DIM-AmbitoFlexible-2019-7-EducacionSuperior,dimensiones,dimension=AmbitoFlexible;cohorte=2019;horizonte=7,EducacionSuperior,3204,3204,0,0,PASS,seguimiento JOIN programas
DIM-AmbitoFlexible-2020-1-Base,dimensiones,dimension=AmbitoFlexible;cohorte=2020;horizonte=1,Base,16467,16467,0,0,PASS,seguimiento JOIN programas
DIM-AmbitoFlexible-2020-1-Carrera,dimensiones,dimension=AmbitoFlexible;cohorte=2020;horizonte=1,Carrera,16467,16467,0,0,PASS,seguimiento JOIN programas
DIM-AmbitoFlexible-2020-1-Institucion,dimensiones,dimension=AmbitoFlexible;cohorte=2020;horizonte=1,Institucion,16467,16467,0,0,PASS,seguimiento JOIN programas
DIM-AmbitoFlexible-2020-1-EducacionSuperior,dimensiones,dimension=AmbitoFlexible;cohorte=2020;horizonte=1,EducacionSuperior,16467,16467,0,0,PASS,seguimiento JOIN programas
DIM-AmbitoFlexible-2020-2-Base,dimensiones,dimension=AmbitoFlexible;cohorte=2020;horizonte=2,Base,16467,16467,0,0,PASS,seguimiento JOIN programas
DIM-AmbitoFlexible-2020-2-Carrera,dimensiones,dimension=AmbitoFlexible;cohorte=2020;horizonte=2,Carrera,10794,10794,0,0,PASS,seguimiento JOIN programas
DIM-AmbitoFlexible-2020-2-Institucion,dimensiones,dimension=AmbitoFlexible;cohorte=2020;horizonte=2,Institucion,11038,11038,0,0,PASS,seguimiento JOIN programas
DIM-AmbitoFlexible-2020-2-EducacionSuperior,dimensiones,dimension=AmbitoFlexible;cohorte=2020;horizonte=2,EducacionSuperior,11811,11811,0,0,PASS,seguimiento JOIN programas
DIM-AmbitoFlexible-2020-3-Base,dimensiones,dimension=AmbitoFlexible;cohorte=2020;horizonte=3,Base,16467,16467,0,0,PASS,seguimiento JOIN programas
DIM-AmbitoFlexible-2020-3-Carrera,dimensiones,dimension=AmbitoFlexible;cohorte=2020;horizonte=3,Carrera,6499,6499,0,0,PASS,seguimiento JOIN programas
DIM-AmbitoFlexible-2020-3-Institucion,dimensiones,dimension=AmbitoFlexible;cohorte=2020;horizonte=3,Institucion,7174,7174,0,0,PASS,seguimiento JOIN programas
DIM-AmbitoFlexible-2020-3-EducacionSuperior,dimensiones,dimension=AmbitoFlexible;cohorte=2020;horizonte=3,EducacionSuperior,8456,8456,0,0,PASS,seguimiento JOIN programas
DIM-AmbitoFlexible-2020-4-Base,dimensiones,dimension=AmbitoFlexible;cohorte=2020;horizonte=4,Base,16467,16467,0,0,PASS,seguimiento JOIN programas
DIM-AmbitoFlexible-2020-4-Carrera,dimensiones,dimension=AmbitoFlexible;cohorte=2020;horizonte=4,Carrera,3266,3266,0,0,PASS,seguimiento JOIN programas
DIM-AmbitoFlexible-2020-4-Institucion,dimensiones,dimension=AmbitoFlexible;cohorte=2020;horizonte=4,Institucion,4232,4232,0,0,PASS,seguimiento JOIN programas
DIM-AmbitoFlexible-2020-4-EducacionSuperior,dimensiones,dimension=AmbitoFlexible;cohorte=2020;horizonte=4,EducacionSuperior,5927,5927,0,0,PASS,seguimiento JOIN programas
DIM-AmbitoFlexible-2020-5-Base,dimensiones,dimension=AmbitoFlexible;cohorte=2020;horizonte=5,Base,16467,16467,0,0,PASS,seguimiento JOIN programas
DIM-AmbitoFlexible-2020-5-Carrera,dimensiones,dimension=AmbitoFlexible;cohorte=2020;horizonte=5,Carrera,1399,1399,0,0,PASS,seguimiento JOIN programas
DIM-AmbitoFlexible-2020-5-Institucion,dimensiones,dimension=AmbitoFlexible;cohorte=2020;horizonte=5,Institucion,2378,2378,0,0,PASS,seguimiento JOIN programas
DIM-AmbitoFlexible-2020-5-EducacionSuperior,dimensiones,dimension=AmbitoFlexible;cohorte=2020;horizonte=5,EducacionSuperior,4426,4426,0,0,PASS,seguimiento JOIN programas
DIM-AmbitoFlexible-2020-6-Base,dimensiones,dimension=AmbitoFlexible;cohorte=2020;horizonte=6,Base,16467,16467,0,0,PASS,seguimiento JOIN programas
DIM-AmbitoFlexible-2020-6-Carrera,dimensiones,dimension=AmbitoFlexible;cohorte=2020;horizonte=6,Carrera,485,485,0,0,PASS,seguimiento JOIN programas
DIM-AmbitoFlexible-2020-6-Institucion,dimensiones,dimension=AmbitoFlexible;cohorte=2020;horizonte=6,Institucion,1207,1207,0,0,PASS,seguimiento JOIN programas
DIM-AmbitoFlexible-2020-6-EducacionSuperior,dimensiones,dimension=AmbitoFlexible;cohorte=2020;horizonte=6,EducacionSuperior,3500,3500,0,0,PASS,seguimiento JOIN programas
DIM-AmbitoFlexible-2021-1-Base,dimensiones,dimension=AmbitoFlexible;cohorte=2021;horizonte=1,Base,24932,24932,0,0,PASS,seguimiento JOIN programas
DIM-AmbitoFlexible-2021-1-Carrera,dimensiones,dimension=AmbitoFlexible;cohorte=2021;horizonte=1,Carrera,24932,24932,0,0,PASS,seguimiento JOIN programas
DIM-AmbitoFlexible-2021-1-Institucion,dimensiones,dimension=AmbitoFlexible;cohorte=2021;horizonte=1,Institucion,24932,24932,0,0,PASS,seguimiento JOIN programas
DIM-AmbitoFlexible-2021-1-EducacionSuperior,dimensiones,dimension=AmbitoFlexible;cohorte=2021;horizonte=1,EducacionSuperior,24932,24932,0,0,PASS,seguimiento JOIN programas
DIM-AmbitoFlexible-2021-2-Base,dimensiones,dimension=AmbitoFlexible;cohorte=2021;horizonte=2,Base,24932,24932,0,0,PASS,seguimiento JOIN programas
DIM-AmbitoFlexible-2021-2-Carrera,dimensiones,dimension=AmbitoFlexible;cohorte=2021;horizonte=2,Carrera,16097,16097,0,0,PASS,seguimiento JOIN programas
DIM-AmbitoFlexible-2021-2-Institucion,dimensiones,dimension=AmbitoFlexible;cohorte=2021;horizonte=2,Institucion,16452,16452,0,0,PASS,seguimiento JOIN programas
DIM-AmbitoFlexible-2021-2-EducacionSuperior,dimensiones,dimension=AmbitoFlexible;cohorte=2021;horizonte=2,EducacionSuperior,17394,17394,0,0,PASS,seguimiento JOIN programas
DIM-AmbitoFlexible-2021-3-Base,dimensiones,dimension=AmbitoFlexible;cohorte=2021;horizonte=3,Base,24932,24932,0,0,PASS,seguimiento JOIN programas
DIM-AmbitoFlexible-2021-3-Carrera,dimensiones,dimension=AmbitoFlexible;cohorte=2021;horizonte=3,Carrera,11656,11656,0,0,PASS,seguimiento JOIN programas
DIM-AmbitoFlexible-2021-3-Institucion,dimensiones,dimension=AmbitoFlexible;cohorte=2021;horizonte=3,Institucion,12415,12415,0,0,PASS,seguimiento JOIN programas
DIM-AmbitoFlexible-2021-3-EducacionSuperior,dimensiones,dimension=AmbitoFlexible;cohorte=2021;horizonte=3,EducacionSuperior,14025,14025,0,0,PASS,seguimiento JOIN programas
DIM-AmbitoFlexible-2021-4-Base,dimensiones,dimension=AmbitoFlexible;cohorte=2021;horizonte=4,Base,24932,24932,0,0,PASS,seguimiento JOIN programas
DIM-AmbitoFlexible-2021-4-Carrera,dimensiones,dimension=AmbitoFlexible;cohorte=2021;horizonte=4,Carrera,4320,4320,0,0,PASS,seguimiento JOIN programas
DIM-AmbitoFlexible-2021-4-Institucion,dimensiones,dimension=AmbitoFlexible;cohorte=2021;horizonte=4,Institucion,5596,5596,0,0,PASS,seguimiento JOIN programas
DIM-AmbitoFlexible-2021-4-EducacionSuperior,dimensiones,dimension=AmbitoFlexible;cohorte=2021;horizonte=4,EducacionSuperior,8016,8016,0,0,PASS,seguimiento JOIN programas
DIM-AmbitoFlexible-2021-5-Base,dimensiones,dimension=AmbitoFlexible;cohorte=2021;horizonte=5,Base,24932,24932,0,0,PASS,seguimiento JOIN programas
DIM-AmbitoFlexible-2021-5-Carrera,dimensiones,dimension=AmbitoFlexible;cohorte=2021;horizonte=5,Carrera,1958,1958,0,0,PASS,seguimiento JOIN programas
DIM-AmbitoFlexible-2021-5-Institucion,dimensiones,dimension=AmbitoFlexible;cohorte=2021;horizonte=5,Institucion,3355,3355,0,0,PASS,seguimiento JOIN programas
DIM-AmbitoFlexible-2021-5-EducacionSuperior,dimensiones,dimension=AmbitoFlexible;cohorte=2021;horizonte=5,EducacionSuperior,6392,6392,0,0,PASS,seguimiento JOIN programas
DIM-AmbitoFlexible-2022-1-Base,dimensiones,dimension=AmbitoFlexible;cohorte=2022;horizonte=1,Base,32143,32143,0,0,PASS,seguimiento JOIN programas
DIM-AmbitoFlexible-2022-1-Carrera,dimensiones,dimension=AmbitoFlexible;cohorte=2022;horizonte=1,Carrera,32143,32143,0,0,PASS,seguimiento JOIN programas
DIM-AmbitoFlexible-2022-1-Institucion,dimensiones,dimension=AmbitoFlexible;cohorte=2022;horizonte=1,Institucion,32143,32143,0,0,PASS,seguimiento JOIN programas
DIM-AmbitoFlexible-2022-1-EducacionSuperior,dimensiones,dimension=AmbitoFlexible;cohorte=2022;horizonte=1,EducacionSuperior,32143,32143,0,0,PASS,seguimiento JOIN programas
DIM-AmbitoFlexible-2022-2-Base,dimensiones,dimension=AmbitoFlexible;cohorte=2022;horizonte=2,Base,32143,32143,0,0,PASS,seguimiento JOIN programas
DIM-AmbitoFlexible-2022-2-Carrera,dimensiones,dimension=AmbitoFlexible;cohorte=2022;horizonte=2,Carrera,20142,20142,0,0,PASS,seguimiento JOIN programas
DIM-AmbitoFlexible-2022-2-Institucion,dimensiones,dimension=AmbitoFlexible;cohorte=2022;horizonte=2,Institucion,20555,20555,0,0,PASS,seguimiento JOIN programas
DIM-AmbitoFlexible-2022-2-EducacionSuperior,dimensiones,dimension=AmbitoFlexible;cohorte=2022;horizonte=2,EducacionSuperior,22103,22103,0,0,PASS,seguimiento JOIN programas
DIM-AmbitoFlexible-2022-3-Base,dimensiones,dimension=AmbitoFlexible;cohorte=2022;horizonte=3,Base,32143,32143,0,0,PASS,seguimiento JOIN programas
DIM-AmbitoFlexible-2022-3-Carrera,dimensiones,dimension=AmbitoFlexible;cohorte=2022;horizonte=3,Carrera,11806,11806,0,0,PASS,seguimiento JOIN programas
DIM-AmbitoFlexible-2022-3-Institucion,dimensiones,dimension=AmbitoFlexible;cohorte=2022;horizonte=3,Institucion,12893,12893,0,0,PASS,seguimiento JOIN programas
DIM-AmbitoFlexible-2022-3-EducacionSuperior,dimensiones,dimension=AmbitoFlexible;cohorte=2022;horizonte=3,EducacionSuperior,15590,15590,0,0,PASS,seguimiento JOIN programas
DIM-AmbitoFlexible-2022-4-Base,dimensiones,dimension=AmbitoFlexible;cohorte=2022;horizonte=4,Base,32143,32143,0,0,PASS,seguimiento JOIN programas
DIM-AmbitoFlexible-2022-4-Carrera,dimensiones,dimension=AmbitoFlexible;cohorte=2022;horizonte=4,Carrera,5713,5713,0,0,PASS,seguimiento JOIN programas
DIM-AmbitoFlexible-2022-4-Institucion,dimensiones,dimension=AmbitoFlexible;cohorte=2022;horizonte=4,Institucion,7201,7201,0,0,PASS,seguimiento JOIN programas
DIM-AmbitoFlexible-2022-4-EducacionSuperior,dimensiones,dimension=AmbitoFlexible;cohorte=2022;horizonte=4,EducacionSuperior,11007,11007,0,0,PASS,seguimiento JOIN programas
DIM-AmbitoFlexible-2023-1-Base,dimensiones,dimension=AmbitoFlexible;cohorte=2023;horizonte=1,Base,39218,39218,0,0,PASS,seguimiento JOIN programas
DIM-AmbitoFlexible-2023-1-Carrera,dimensiones,dimension=AmbitoFlexible;cohorte=2023;horizonte=1,Carrera,39218,39218,0,0,PASS,seguimiento JOIN programas
DIM-AmbitoFlexible-2023-1-Institucion,dimensiones,dimension=AmbitoFlexible;cohorte=2023;horizonte=1,Institucion,39218,39218,0,0,PASS,seguimiento JOIN programas
DIM-AmbitoFlexible-2023-1-EducacionSuperior,dimensiones,dimension=AmbitoFlexible;cohorte=2023;horizonte=1,EducacionSuperior,39218,39218,0,0,PASS,seguimiento JOIN programas
DIM-AmbitoFlexible-2023-2-Base,dimensiones,dimension=AmbitoFlexible;cohorte=2023;horizonte=2,Base,39218,39218,0,0,PASS,seguimiento JOIN programas
DIM-AmbitoFlexible-2023-2-Carrera,dimensiones,dimension=AmbitoFlexible;cohorte=2023;horizonte=2,Carrera,24297,24297,0,0,PASS,seguimiento JOIN programas
DIM-AmbitoFlexible-2023-2-Institucion,dimensiones,dimension=AmbitoFlexible;cohorte=2023;horizonte=2,Institucion,25113,25113,0,0,PASS,seguimiento JOIN programas
DIM-AmbitoFlexible-2023-2-EducacionSuperior,dimensiones,dimension=AmbitoFlexible;cohorte=2023;horizonte=2,EducacionSuperior,27139,27139,0,0,PASS,seguimiento JOIN programas
DIM-AmbitoFlexible-2023-3-Base,dimensiones,dimension=AmbitoFlexible;cohorte=2023;horizonte=3,Base,39218,39218,0,0,PASS,seguimiento JOIN programas
DIM-AmbitoFlexible-2023-3-Carrera,dimensiones,dimension=AmbitoFlexible;cohorte=2023;horizonte=3,Carrera,15032,15032,0,0,PASS,seguimiento JOIN programas
DIM-AmbitoFlexible-2023-3-Institucion,dimensiones,dimension=AmbitoFlexible;cohorte=2023;horizonte=3,Institucion,16398,16398,0,0,PASS,seguimiento JOIN programas
DIM-AmbitoFlexible-2023-3-EducacionSuperior,dimensiones,dimension=AmbitoFlexible;cohorte=2023;horizonte=3,EducacionSuperior,19836,19836,0,0,PASS,seguimiento JOIN programas
DIM-AmbitoFlexible-2024-1-Base,dimensiones,dimension=AmbitoFlexible;cohorte=2024;horizonte=1,Base,41056,41056,0,0,PASS,seguimiento JOIN programas
DIM-AmbitoFlexible-2024-1-Carrera,dimensiones,dimension=AmbitoFlexible;cohorte=2024;horizonte=1,Carrera,41056,41056,0,0,PASS,seguimiento JOIN programas
DIM-AmbitoFlexible-2024-1-Institucion,dimensiones,dimension=AmbitoFlexible;cohorte=2024;horizonte=1,Institucion,41056,41056,0,0,PASS,seguimiento JOIN programas
DIM-AmbitoFlexible-2024-1-EducacionSuperior,dimensiones,dimension=AmbitoFlexible;cohorte=2024;horizonte=1,EducacionSuperior,41056,41056,0,0,PASS,seguimiento JOIN programas
DIM-AmbitoFlexible-2024-2-Base,dimensiones,dimension=AmbitoFlexible;cohorte=2024;horizonte=2,Base,41056,41056,0,0,PASS,seguimiento JOIN programas
DIM-AmbitoFlexible-2024-2-Carrera,dimensiones,dimension=AmbitoFlexible;cohorte=2024;horizonte=2,Carrera,26470,26470,0,0,PASS,seguimiento JOIN programas
DIM-AmbitoFlexible-2024-2-Institucion,dimensiones,dimension=AmbitoFlexible;cohorte=2024;horizonte=2,Institucion,27111,27111,0,0,PASS,seguimiento JOIN programas
DIM-AmbitoFlexible-2024-2-EducacionSuperior,dimensiones,dimension=AmbitoFlexible;cohorte=2024;horizonte=2,EducacionSuperior,29383,29383,0,0,PASS,seguimiento JOIN programas
DIM-AmbitoFlexible-2025-1-Base,dimensiones,dimension=AmbitoFlexible;cohorte=2025;horizonte=1,Base,50233,50233,0,0,PASS,seguimiento JOIN programas
DIM-AmbitoFlexible-2025-1-Carrera,dimensiones,dimension=AmbitoFlexible;cohorte=2025;horizonte=1,Carrera,50233,50233,0,0,PASS,seguimiento JOIN programas
DIM-AmbitoFlexible-2025-1-Institucion,dimensiones,dimension=AmbitoFlexible;cohorte=2025;horizonte=1,Institucion,50233,50233,0,0,PASS,seguimiento JOIN programas
DIM-AmbitoFlexible-2025-1-EducacionSuperior,dimensiones,dimension=AmbitoFlexible;cohorte=2025;horizonte=1,EducacionSuperior,50233,50233,0,0,PASS,seguimiento JOIN programas
DIM-GrupoECS-2011-1-Base,dimensiones,dimension=GrupoECS;cohorte=2011;horizonte=1,Base,3641,3641,0,0,PASS,seguimiento JOIN programas
DIM-GrupoECS-2011-1-Carrera,dimensiones,dimension=GrupoECS;cohorte=2011;horizonte=1,Carrera,3641,3641,0,0,PASS,seguimiento JOIN programas
DIM-GrupoECS-2011-1-Institucion,dimensiones,dimension=GrupoECS;cohorte=2011;horizonte=1,Institucion,3641,3641,0,0,PASS,seguimiento JOIN programas
DIM-GrupoECS-2011-1-EducacionSuperior,dimensiones,dimension=GrupoECS;cohorte=2011;horizonte=1,EducacionSuperior,3641,3641,0,0,PASS,seguimiento JOIN programas
DIM-GrupoECS-2011-2-Base,dimensiones,dimension=GrupoECS;cohorte=2011;horizonte=2,Base,3641,3641,0,0,PASS,seguimiento JOIN programas
DIM-GrupoECS-2011-2-Carrera,dimensiones,dimension=GrupoECS;cohorte=2011;horizonte=2,Carrera,2162,2162,0,0,PASS,seguimiento JOIN programas
DIM-GrupoECS-2011-2-Institucion,dimensiones,dimension=GrupoECS;cohorte=2011;horizonte=2,Institucion,2248,2248,0,0,PASS,seguimiento JOIN programas
DIM-GrupoECS-2011-2-EducacionSuperior,dimensiones,dimension=GrupoECS;cohorte=2011;horizonte=2,EducacionSuperior,2446,2446,0,0,PASS,seguimiento JOIN programas
DIM-GrupoECS-2011-3-Base,dimensiones,dimension=GrupoECS;cohorte=2011;horizonte=3,Base,3641,3641,0,0,PASS,seguimiento JOIN programas
DIM-GrupoECS-2011-3-Carrera,dimensiones,dimension=GrupoECS;cohorte=2011;horizonte=3,Carrera,1395,1395,0,0,PASS,seguimiento JOIN programas
DIM-GrupoECS-2011-3-Institucion,dimensiones,dimension=GrupoECS;cohorte=2011;horizonte=3,Institucion,1770,1770,0,0,PASS,seguimiento JOIN programas
DIM-GrupoECS-2011-3-EducacionSuperior,dimensiones,dimension=GrupoECS;cohorte=2011;horizonte=3,EducacionSuperior,2159,2159,0,0,PASS,seguimiento JOIN programas
DIM-GrupoECS-2011-4-Base,dimensiones,dimension=GrupoECS;cohorte=2011;horizonte=4,Base,3641,3641,0,0,PASS,seguimiento JOIN programas
DIM-GrupoECS-2011-4-Carrera,dimensiones,dimension=GrupoECS;cohorte=2011;horizonte=4,Carrera,486,486,0,0,PASS,seguimiento JOIN programas
DIM-GrupoECS-2011-4-Institucion,dimensiones,dimension=GrupoECS;cohorte=2011;horizonte=4,Institucion,803,803,0,0,PASS,seguimiento JOIN programas
DIM-GrupoECS-2011-4-EducacionSuperior,dimensiones,dimension=GrupoECS;cohorte=2011;horizonte=4,EducacionSuperior,1367,1367,0,0,PASS,seguimiento JOIN programas
DIM-GrupoECS-2011-5-Base,dimensiones,dimension=GrupoECS;cohorte=2011;horizonte=5,Base,3641,3641,0,0,PASS,seguimiento JOIN programas
DIM-GrupoECS-2011-5-Carrera,dimensiones,dimension=GrupoECS;cohorte=2011;horizonte=5,Carrera,198,198,0,0,PASS,seguimiento JOIN programas
DIM-GrupoECS-2011-5-Institucion,dimensiones,dimension=GrupoECS;cohorte=2011;horizonte=5,Institucion,380,380,0,0,PASS,seguimiento JOIN programas
DIM-GrupoECS-2011-5-EducacionSuperior,dimensiones,dimension=GrupoECS;cohorte=2011;horizonte=5,EducacionSuperior,978,978,0,0,PASS,seguimiento JOIN programas
DIM-GrupoECS-2011-6-Base,dimensiones,dimension=GrupoECS;cohorte=2011;horizonte=6,Base,3641,3641,0,0,PASS,seguimiento JOIN programas
DIM-GrupoECS-2011-6-Carrera,dimensiones,dimension=GrupoECS;cohorte=2011;horizonte=6,Carrera,87,87,0,0,PASS,seguimiento JOIN programas
DIM-GrupoECS-2011-6-Institucion,dimensiones,dimension=GrupoECS;cohorte=2011;horizonte=6,Institucion,211,211,0,0,PASS,seguimiento JOIN programas
DIM-GrupoECS-2011-6-EducacionSuperior,dimensiones,dimension=GrupoECS;cohorte=2011;horizonte=6,EducacionSuperior,805,805,0,0,PASS,seguimiento JOIN programas
DIM-GrupoECS-2011-7-Base,dimensiones,dimension=GrupoECS;cohorte=2011;horizonte=7,Base,3641,3641,0,0,PASS,seguimiento JOIN programas
DIM-GrupoECS-2011-7-Carrera,dimensiones,dimension=GrupoECS;cohorte=2011;horizonte=7,Carrera,43,43,0,0,PASS,seguimiento JOIN programas
DIM-GrupoECS-2011-7-Institucion,dimensiones,dimension=GrupoECS;cohorte=2011;horizonte=7,Institucion,135,135,0,0,PASS,seguimiento JOIN programas
DIM-GrupoECS-2011-7-EducacionSuperior,dimensiones,dimension=GrupoECS;cohorte=2011;horizonte=7,EducacionSuperior,653,653,0,0,PASS,seguimiento JOIN programas
DIM-GrupoECS-2011-8-Base,dimensiones,dimension=GrupoECS;cohorte=2011;horizonte=8,Base,3641,3641,0,0,PASS,seguimiento JOIN programas
DIM-GrupoECS-2011-8-Carrera,dimensiones,dimension=GrupoECS;cohorte=2011;horizonte=8,Carrera,25,25,0,0,PASS,seguimiento JOIN programas
DIM-GrupoECS-2011-8-Institucion,dimensiones,dimension=GrupoECS;cohorte=2011;horizonte=8,Institucion,80,80,0,0,PASS,seguimiento JOIN programas
DIM-GrupoECS-2011-8-EducacionSuperior,dimensiones,dimension=GrupoECS;cohorte=2011;horizonte=8,EducacionSuperior,525,525,0,0,PASS,seguimiento JOIN programas
DIM-GrupoECS-2011-9-Base,dimensiones,dimension=GrupoECS;cohorte=2011;horizonte=9,Base,3641,3641,0,0,PASS,seguimiento JOIN programas
DIM-GrupoECS-2011-9-Carrera,dimensiones,dimension=GrupoECS;cohorte=2011;horizonte=9,Carrera,17,17,0,0,PASS,seguimiento JOIN programas
DIM-GrupoECS-2011-9-Institucion,dimensiones,dimension=GrupoECS;cohorte=2011;horizonte=9,Institucion,54,54,0,0,PASS,seguimiento JOIN programas
DIM-GrupoECS-2011-9-EducacionSuperior,dimensiones,dimension=GrupoECS;cohorte=2011;horizonte=9,EducacionSuperior,472,472,0,0,PASS,seguimiento JOIN programas
DIM-GrupoECS-2011-10-Base,dimensiones,dimension=GrupoECS;cohorte=2011;horizonte=10,Base,3641,3641,0,0,PASS,seguimiento JOIN programas
DIM-GrupoECS-2011-10-Carrera,dimensiones,dimension=GrupoECS;cohorte=2011;horizonte=10,Carrera,12,12,0,0,PASS,seguimiento JOIN programas
DIM-GrupoECS-2011-10-Institucion,dimensiones,dimension=GrupoECS;cohorte=2011;horizonte=10,Institucion,49,49,0,0,PASS,seguimiento JOIN programas
DIM-GrupoECS-2011-10-EducacionSuperior,dimensiones,dimension=GrupoECS;cohorte=2011;horizonte=10,EducacionSuperior,413,413,0,0,PASS,seguimiento JOIN programas
DIM-GrupoECS-2011-11-Base,dimensiones,dimension=GrupoECS;cohorte=2011;horizonte=11,Base,3641,3641,0,0,PASS,seguimiento JOIN programas
DIM-GrupoECS-2011-11-Carrera,dimensiones,dimension=GrupoECS;cohorte=2011;horizonte=11,Carrera,7,7,0,0,PASS,seguimiento JOIN programas
DIM-GrupoECS-2011-11-Institucion,dimensiones,dimension=GrupoECS;cohorte=2011;horizonte=11,Institucion,38,38,0,0,PASS,seguimiento JOIN programas
DIM-GrupoECS-2011-11-EducacionSuperior,dimensiones,dimension=GrupoECS;cohorte=2011;horizonte=11,EducacionSuperior,441,441,0,0,PASS,seguimiento JOIN programas
DIM-GrupoECS-2011-12-Base,dimensiones,dimension=GrupoECS;cohorte=2011;horizonte=12,Base,3641,3641,0,0,PASS,seguimiento JOIN programas
DIM-GrupoECS-2011-12-Carrera,dimensiones,dimension=GrupoECS;cohorte=2011;horizonte=12,Carrera,8,8,0,0,PASS,seguimiento JOIN programas
DIM-GrupoECS-2011-12-Institucion,dimensiones,dimension=GrupoECS;cohorte=2011;horizonte=12,Institucion,45,45,0,0,PASS,seguimiento JOIN programas
DIM-GrupoECS-2011-12-EducacionSuperior,dimensiones,dimension=GrupoECS;cohorte=2011;horizonte=12,EducacionSuperior,436,436,0,0,PASS,seguimiento JOIN programas
DIM-GrupoECS-2011-13-Base,dimensiones,dimension=GrupoECS;cohorte=2011;horizonte=13,Base,3641,3641,0,0,PASS,seguimiento JOIN programas
DIM-GrupoECS-2011-13-Carrera,dimensiones,dimension=GrupoECS;cohorte=2011;horizonte=13,Carrera,4,4,0,0,PASS,seguimiento JOIN programas
DIM-GrupoECS-2011-13-Institucion,dimensiones,dimension=GrupoECS;cohorte=2011;horizonte=13,Institucion,38,38,0,0,PASS,seguimiento JOIN programas
DIM-GrupoECS-2011-13-EducacionSuperior,dimensiones,dimension=GrupoECS;cohorte=2011;horizonte=13,EducacionSuperior,409,409,0,0,PASS,seguimiento JOIN programas
DIM-GrupoECS-2011-14-Base,dimensiones,dimension=GrupoECS;cohorte=2011;horizonte=14,Base,3641,3641,0,0,PASS,seguimiento JOIN programas
DIM-GrupoECS-2011-14-Carrera,dimensiones,dimension=GrupoECS;cohorte=2011;horizonte=14,Carrera,2,2,0,0,PASS,seguimiento JOIN programas
DIM-GrupoECS-2011-14-Institucion,dimensiones,dimension=GrupoECS;cohorte=2011;horizonte=14,Institucion,30,30,0,0,PASS,seguimiento JOIN programas
DIM-GrupoECS-2011-14-EducacionSuperior,dimensiones,dimension=GrupoECS;cohorte=2011;horizonte=14,EducacionSuperior,359,359,0,0,PASS,seguimiento JOIN programas
DIM-GrupoECS-2011-15-Base,dimensiones,dimension=GrupoECS;cohorte=2011;horizonte=15,Base,3641,3641,0,0,PASS,seguimiento JOIN programas
DIM-GrupoECS-2011-15-Carrera,dimensiones,dimension=GrupoECS;cohorte=2011;horizonte=15,Carrera,1,1,0,0,PASS,seguimiento JOIN programas
DIM-GrupoECS-2011-15-Institucion,dimensiones,dimension=GrupoECS;cohorte=2011;horizonte=15,Institucion,22,22,0,0,PASS,seguimiento JOIN programas
DIM-GrupoECS-2011-15-EducacionSuperior,dimensiones,dimension=GrupoECS;cohorte=2011;horizonte=15,EducacionSuperior,356,356,0,0,PASS,seguimiento JOIN programas
DIM-GrupoECS-2012-1-Base,dimensiones,dimension=GrupoECS;cohorte=2012;horizonte=1,Base,5183,5183,0,0,PASS,seguimiento JOIN programas
DIM-GrupoECS-2012-1-Carrera,dimensiones,dimension=GrupoECS;cohorte=2012;horizonte=1,Carrera,5183,5183,0,0,PASS,seguimiento JOIN programas
DIM-GrupoECS-2012-1-Institucion,dimensiones,dimension=GrupoECS;cohorte=2012;horizonte=1,Institucion,5183,5183,0,0,PASS,seguimiento JOIN programas
DIM-GrupoECS-2012-1-EducacionSuperior,dimensiones,dimension=GrupoECS;cohorte=2012;horizonte=1,EducacionSuperior,5183,5183,0,0,PASS,seguimiento JOIN programas
DIM-GrupoECS-2012-2-Base,dimensiones,dimension=GrupoECS;cohorte=2012;horizonte=2,Base,5183,5183,0,0,PASS,seguimiento JOIN programas
DIM-GrupoECS-2012-2-Carrera,dimensiones,dimension=GrupoECS;cohorte=2012;horizonte=2,Carrera,2805,2805,0,0,PASS,seguimiento JOIN programas
DIM-GrupoECS-2012-2-Institucion,dimensiones,dimension=GrupoECS;cohorte=2012;horizonte=2,Institucion,3233,3233,0,0,PASS,seguimiento JOIN programas
DIM-GrupoECS-2012-2-EducacionSuperior,dimensiones,dimension=GrupoECS;cohorte=2012;horizonte=2,EducacionSuperior,3524,3524,0,0,PASS,seguimiento JOIN programas
DIM-GrupoECS-2012-3-Base,dimensiones,dimension=GrupoECS;cohorte=2012;horizonte=3,Base,5183,5183,0,0,PASS,seguimiento JOIN programas
DIM-GrupoECS-2012-3-Carrera,dimensiones,dimension=GrupoECS;cohorte=2012;horizonte=3,Carrera,2225,2225,0,0,PASS,seguimiento JOIN programas
DIM-GrupoECS-2012-3-Institucion,dimensiones,dimension=GrupoECS;cohorte=2012;horizonte=3,Institucion,2661,2661,0,0,PASS,seguimiento JOIN programas
DIM-GrupoECS-2012-3-EducacionSuperior,dimensiones,dimension=GrupoECS;cohorte=2012;horizonte=3,EducacionSuperior,3172,3172,0,0,PASS,seguimiento JOIN programas
DIM-GrupoECS-2012-4-Base,dimensiones,dimension=GrupoECS;cohorte=2012;horizonte=4,Base,5183,5183,0,0,PASS,seguimiento JOIN programas
DIM-GrupoECS-2012-4-Carrera,dimensiones,dimension=GrupoECS;cohorte=2012;horizonte=4,Carrera,855,855,0,0,PASS,seguimiento JOIN programas
DIM-GrupoECS-2012-4-Institucion,dimensiones,dimension=GrupoECS;cohorte=2012;horizonte=4,Institucion,1406,1406,0,0,PASS,seguimiento JOIN programas
DIM-GrupoECS-2012-4-EducacionSuperior,dimensiones,dimension=GrupoECS;cohorte=2012;horizonte=4,EducacionSuperior,2116,2116,0,0,PASS,seguimiento JOIN programas
DIM-GrupoECS-2012-5-Base,dimensiones,dimension=GrupoECS;cohorte=2012;horizonte=5,Base,5183,5183,0,0,PASS,seguimiento JOIN programas
DIM-GrupoECS-2012-5-Carrera,dimensiones,dimension=GrupoECS;cohorte=2012;horizonte=5,Carrera,321,321,0,0,PASS,seguimiento JOIN programas
DIM-GrupoECS-2012-5-Institucion,dimensiones,dimension=GrupoECS;cohorte=2012;horizonte=5,Institucion,670,670,0,0,PASS,seguimiento JOIN programas
DIM-GrupoECS-2012-5-EducacionSuperior,dimensiones,dimension=GrupoECS;cohorte=2012;horizonte=5,EducacionSuperior,1439,1439,0,0,PASS,seguimiento JOIN programas
DIM-GrupoECS-2012-6-Base,dimensiones,dimension=GrupoECS;cohorte=2012;horizonte=6,Base,5183,5183,0,0,PASS,seguimiento JOIN programas
DIM-GrupoECS-2012-6-Carrera,dimensiones,dimension=GrupoECS;cohorte=2012;horizonte=6,Carrera,98,98,0,0,PASS,seguimiento JOIN programas
DIM-GrupoECS-2012-6-Institucion,dimensiones,dimension=GrupoECS;cohorte=2012;horizonte=6,Institucion,316,316,0,0,PASS,seguimiento JOIN programas
DIM-GrupoECS-2012-6-EducacionSuperior,dimensiones,dimension=GrupoECS;cohorte=2012;horizonte=6,EducacionSuperior,1050,1050,0,0,PASS,seguimiento JOIN programas
DIM-GrupoECS-2012-7-Base,dimensiones,dimension=GrupoECS;cohorte=2012;horizonte=7,Base,5183,5183,0,0,PASS,seguimiento JOIN programas
DIM-GrupoECS-2012-7-Carrera,dimensiones,dimension=GrupoECS;cohorte=2012;horizonte=7,Carrera,52,52,0,0,PASS,seguimiento JOIN programas
DIM-GrupoECS-2012-7-Institucion,dimensiones,dimension=GrupoECS;cohorte=2012;horizonte=7,Institucion,183,183,0,0,PASS,seguimiento JOIN programas
DIM-GrupoECS-2012-7-EducacionSuperior,dimensiones,dimension=GrupoECS;cohorte=2012;horizonte=7,EducacionSuperior,825,825,0,0,PASS,seguimiento JOIN programas
DIM-GrupoECS-2012-8-Base,dimensiones,dimension=GrupoECS;cohorte=2012;horizonte=8,Base,5183,5183,0,0,PASS,seguimiento JOIN programas
DIM-GrupoECS-2012-8-Carrera,dimensiones,dimension=GrupoECS;cohorte=2012;horizonte=8,Carrera,32,32,0,0,PASS,seguimiento JOIN programas
DIM-GrupoECS-2012-8-Institucion,dimensiones,dimension=GrupoECS;cohorte=2012;horizonte=8,Institucion,132,132,0,0,PASS,seguimiento JOIN programas
DIM-GrupoECS-2012-8-EducacionSuperior,dimensiones,dimension=GrupoECS;cohorte=2012;horizonte=8,EducacionSuperior,693,693,0,0,PASS,seguimiento JOIN programas
DIM-GrupoECS-2012-9-Base,dimensiones,dimension=GrupoECS;cohorte=2012;horizonte=9,Base,5183,5183,0,0,PASS,seguimiento JOIN programas
DIM-GrupoECS-2012-9-Carrera,dimensiones,dimension=GrupoECS;cohorte=2012;horizonte=9,Carrera,20,20,0,0,PASS,seguimiento JOIN programas
DIM-GrupoECS-2012-9-Institucion,dimensiones,dimension=GrupoECS;cohorte=2012;horizonte=9,Institucion,82,82,0,0,PASS,seguimiento JOIN programas
DIM-GrupoECS-2012-9-EducacionSuperior,dimensiones,dimension=GrupoECS;cohorte=2012;horizonte=9,EducacionSuperior,579,579,0,0,PASS,seguimiento JOIN programas
DIM-GrupoECS-2012-10-Base,dimensiones,dimension=GrupoECS;cohorte=2012;horizonte=10,Base,5183,5183,0,0,PASS,seguimiento JOIN programas
DIM-GrupoECS-2012-10-Carrera,dimensiones,dimension=GrupoECS;cohorte=2012;horizonte=10,Carrera,13,13,0,0,PASS,seguimiento JOIN programas
DIM-GrupoECS-2012-10-Institucion,dimensiones,dimension=GrupoECS;cohorte=2012;horizonte=10,Institucion,93,93,0,0,PASS,seguimiento JOIN programas
DIM-GrupoECS-2012-10-EducacionSuperior,dimensiones,dimension=GrupoECS;cohorte=2012;horizonte=10,EducacionSuperior,629,629,0,0,PASS,seguimiento JOIN programas
DIM-GrupoECS-2012-11-Base,dimensiones,dimension=GrupoECS;cohorte=2012;horizonte=11,Base,5183,5183,0,0,PASS,seguimiento JOIN programas
DIM-GrupoECS-2012-11-Carrera,dimensiones,dimension=GrupoECS;cohorte=2012;horizonte=11,Carrera,15,15,0,0,PASS,seguimiento JOIN programas
DIM-GrupoECS-2012-11-Institucion,dimensiones,dimension=GrupoECS;cohorte=2012;horizonte=11,Institucion,79,79,0,0,PASS,seguimiento JOIN programas
DIM-GrupoECS-2012-11-EducacionSuperior,dimensiones,dimension=GrupoECS;cohorte=2012;horizonte=11,EducacionSuperior,631,631,0,0,PASS,seguimiento JOIN programas
DIM-GrupoECS-2012-12-Base,dimensiones,dimension=GrupoECS;cohorte=2012;horizonte=12,Base,5183,5183,0,0,PASS,seguimiento JOIN programas
DIM-GrupoECS-2012-12-Carrera,dimensiones,dimension=GrupoECS;cohorte=2012;horizonte=12,Carrera,13,13,0,0,PASS,seguimiento JOIN programas
DIM-GrupoECS-2012-12-Institucion,dimensiones,dimension=GrupoECS;cohorte=2012;horizonte=12,Institucion,73,73,0,0,PASS,seguimiento JOIN programas
DIM-GrupoECS-2012-12-EducacionSuperior,dimensiones,dimension=GrupoECS;cohorte=2012;horizonte=12,EducacionSuperior,590,590,0,0,PASS,seguimiento JOIN programas
DIM-GrupoECS-2012-13-Base,dimensiones,dimension=GrupoECS;cohorte=2012;horizonte=13,Base,5183,5183,0,0,PASS,seguimiento JOIN programas
DIM-GrupoECS-2012-13-Carrera,dimensiones,dimension=GrupoECS;cohorte=2012;horizonte=13,Carrera,9,9,0,0,PASS,seguimiento JOIN programas
DIM-GrupoECS-2012-13-Institucion,dimensiones,dimension=GrupoECS;cohorte=2012;horizonte=13,Institucion,54,54,0,0,PASS,seguimiento JOIN programas
DIM-GrupoECS-2012-13-EducacionSuperior,dimensiones,dimension=GrupoECS;cohorte=2012;horizonte=13,EducacionSuperior,568,568,0,0,PASS,seguimiento JOIN programas
DIM-GrupoECS-2012-14-Base,dimensiones,dimension=GrupoECS;cohorte=2012;horizonte=14,Base,5183,5183,0,0,PASS,seguimiento JOIN programas
DIM-GrupoECS-2012-14-Carrera,dimensiones,dimension=GrupoECS;cohorte=2012;horizonte=14,Carrera,2,2,0,0,PASS,seguimiento JOIN programas
DIM-GrupoECS-2012-14-Institucion,dimensiones,dimension=GrupoECS;cohorte=2012;horizonte=14,Institucion,43,43,0,0,PASS,seguimiento JOIN programas
DIM-GrupoECS-2012-14-EducacionSuperior,dimensiones,dimension=GrupoECS;cohorte=2012;horizonte=14,EducacionSuperior,554,554,0,0,PASS,seguimiento JOIN programas
DIM-GrupoECS-2013-1-Base,dimensiones,dimension=GrupoECS;cohorte=2013;horizonte=1,Base,8312,8312,0,0,PASS,seguimiento JOIN programas
DIM-GrupoECS-2013-1-Carrera,dimensiones,dimension=GrupoECS;cohorte=2013;horizonte=1,Carrera,8312,8312,0,0,PASS,seguimiento JOIN programas
DIM-GrupoECS-2013-1-Institucion,dimensiones,dimension=GrupoECS;cohorte=2013;horizonte=1,Institucion,8312,8312,0,0,PASS,seguimiento JOIN programas
DIM-GrupoECS-2013-1-EducacionSuperior,dimensiones,dimension=GrupoECS;cohorte=2013;horizonte=1,EducacionSuperior,8312,8312,0,0,PASS,seguimiento JOIN programas
DIM-GrupoECS-2013-2-Base,dimensiones,dimension=GrupoECS;cohorte=2013;horizonte=2,Base,8312,8312,0,0,PASS,seguimiento JOIN programas
DIM-GrupoECS-2013-2-Carrera,dimensiones,dimension=GrupoECS;cohorte=2013;horizonte=2,Carrera,4210,4210,0,0,PASS,seguimiento JOIN programas
DIM-GrupoECS-2013-2-Institucion,dimensiones,dimension=GrupoECS;cohorte=2013;horizonte=2,Institucion,5178,5178,0,0,PASS,seguimiento JOIN programas
DIM-GrupoECS-2013-2-EducacionSuperior,dimensiones,dimension=GrupoECS;cohorte=2013;horizonte=2,EducacionSuperior,5626,5626,0,0,PASS,seguimiento JOIN programas
DIM-GrupoECS-2013-3-Base,dimensiones,dimension=GrupoECS;cohorte=2013;horizonte=3,Base,8312,8312,0,0,PASS,seguimiento JOIN programas
DIM-GrupoECS-2013-3-Carrera,dimensiones,dimension=GrupoECS;cohorte=2013;horizonte=3,Carrera,2951,2951,0,0,PASS,seguimiento JOIN programas
DIM-GrupoECS-2013-3-Institucion,dimensiones,dimension=GrupoECS;cohorte=2013;horizonte=3,Institucion,3942,3942,0,0,PASS,seguimiento JOIN programas
DIM-GrupoECS-2013-3-EducacionSuperior,dimensiones,dimension=GrupoECS;cohorte=2013;horizonte=3,EducacionSuperior,4760,4760,0,0,PASS,seguimiento JOIN programas
DIM-GrupoECS-2013-4-Base,dimensiones,dimension=GrupoECS;cohorte=2013;horizonte=4,Base,8312,8312,0,0,PASS,seguimiento JOIN programas
DIM-GrupoECS-2013-4-Carrera,dimensiones,dimension=GrupoECS;cohorte=2013;horizonte=4,Carrera,1086,1086,0,0,PASS,seguimiento JOIN programas
DIM-GrupoECS-2013-4-Institucion,dimensiones,dimension=GrupoECS;cohorte=2013;horizonte=4,Institucion,2044,2044,0,0,PASS,seguimiento JOIN programas
DIM-GrupoECS-2013-4-EducacionSuperior,dimensiones,dimension=GrupoECS;cohorte=2013;horizonte=4,EducacionSuperior,3144,3144,0,0,PASS,seguimiento JOIN programas
DIM-GrupoECS-2013-5-Base,dimensiones,dimension=GrupoECS;cohorte=2013;horizonte=5,Base,8312,8312,0,0,PASS,seguimiento JOIN programas
DIM-GrupoECS-2013-5-Carrera,dimensiones,dimension=GrupoECS;cohorte=2013;horizonte=5,Carrera,397,397,0,0,PASS,seguimiento JOIN programas
DIM-GrupoECS-2013-5-Institucion,dimensiones,dimension=GrupoECS;cohorte=2013;horizonte=5,Institucion,977,977,0,0,PASS,seguimiento JOIN programas
DIM-GrupoECS-2013-5-EducacionSuperior,dimensiones,dimension=GrupoECS;cohorte=2013;horizonte=5,EducacionSuperior,2062,2062,0,0,PASS,seguimiento JOIN programas
DIM-GrupoECS-2013-6-Base,dimensiones,dimension=GrupoECS;cohorte=2013;horizonte=6,Base,8312,8312,0,0,PASS,seguimiento JOIN programas
DIM-GrupoECS-2013-6-Carrera,dimensiones,dimension=GrupoECS;cohorte=2013;horizonte=6,Carrera,147,147,0,0,PASS,seguimiento JOIN programas
DIM-GrupoECS-2013-6-Institucion,dimensiones,dimension=GrupoECS;cohorte=2013;horizonte=6,Institucion,460,460,0,0,PASS,seguimiento JOIN programas
DIM-GrupoECS-2013-6-EducacionSuperior,dimensiones,dimension=GrupoECS;cohorte=2013;horizonte=6,EducacionSuperior,1482,1482,0,0,PASS,seguimiento JOIN programas
DIM-GrupoECS-2013-7-Base,dimensiones,dimension=GrupoECS;cohorte=2013;horizonte=7,Base,8312,8312,0,0,PASS,seguimiento JOIN programas
DIM-GrupoECS-2013-7-Carrera,dimensiones,dimension=GrupoECS;cohorte=2013;horizonte=7,Carrera,61,61,0,0,PASS,seguimiento JOIN programas
DIM-GrupoECS-2013-7-Institucion,dimensiones,dimension=GrupoECS;cohorte=2013;horizonte=7,Institucion,296,296,0,0,PASS,seguimiento JOIN programas
DIM-GrupoECS-2013-7-EducacionSuperior,dimensiones,dimension=GrupoECS;cohorte=2013;horizonte=7,EducacionSuperior,1224,1224,0,0,PASS,seguimiento JOIN programas
DIM-GrupoECS-2013-8-Base,dimensiones,dimension=GrupoECS;cohorte=2013;horizonte=8,Base,8312,8312,0,0,PASS,seguimiento JOIN programas
DIM-GrupoECS-2013-8-Carrera,dimensiones,dimension=GrupoECS;cohorte=2013;horizonte=8,Carrera,38,38,0,0,PASS,seguimiento JOIN programas
DIM-GrupoECS-2013-8-Institucion,dimensiones,dimension=GrupoECS;cohorte=2013;horizonte=8,Institucion,204,204,0,0,PASS,seguimiento JOIN programas
DIM-GrupoECS-2013-8-EducacionSuperior,dimensiones,dimension=GrupoECS;cohorte=2013;horizonte=8,EducacionSuperior,1036,1036,0,0,PASS,seguimiento JOIN programas
DIM-GrupoECS-2013-9-Base,dimensiones,dimension=GrupoECS;cohorte=2013;horizonte=9,Base,8312,8312,0,0,PASS,seguimiento JOIN programas
DIM-GrupoECS-2013-9-Carrera,dimensiones,dimension=GrupoECS;cohorte=2013;horizonte=9,Carrera,33,33,0,0,PASS,seguimiento JOIN programas
DIM-GrupoECS-2013-9-Institucion,dimensiones,dimension=GrupoECS;cohorte=2013;horizonte=9,Institucion,151,151,0,0,PASS,seguimiento JOIN programas
DIM-GrupoECS-2013-9-EducacionSuperior,dimensiones,dimension=GrupoECS;cohorte=2013;horizonte=9,EducacionSuperior,1106,1106,0,0,PASS,seguimiento JOIN programas
DIM-GrupoECS-2013-10-Base,dimensiones,dimension=GrupoECS;cohorte=2013;horizonte=10,Base,8312,8312,0,0,PASS,seguimiento JOIN programas
DIM-GrupoECS-2013-10-Carrera,dimensiones,dimension=GrupoECS;cohorte=2013;horizonte=10,Carrera,27,27,0,0,PASS,seguimiento JOIN programas
DIM-GrupoECS-2013-10-Institucion,dimensiones,dimension=GrupoECS;cohorte=2013;horizonte=10,Institucion,127,127,0,0,PASS,seguimiento JOIN programas
DIM-GrupoECS-2013-10-EducacionSuperior,dimensiones,dimension=GrupoECS;cohorte=2013;horizonte=10,EducacionSuperior,1028,1028,0,0,PASS,seguimiento JOIN programas
DIM-GrupoECS-2013-11-Base,dimensiones,dimension=GrupoECS;cohorte=2013;horizonte=11,Base,8312,8312,0,0,PASS,seguimiento JOIN programas
DIM-GrupoECS-2013-11-Carrera,dimensiones,dimension=GrupoECS;cohorte=2013;horizonte=11,Carrera,23,23,0,0,PASS,seguimiento JOIN programas
DIM-GrupoECS-2013-11-Institucion,dimensiones,dimension=GrupoECS;cohorte=2013;horizonte=11,Institucion,127,127,0,0,PASS,seguimiento JOIN programas
DIM-GrupoECS-2013-11-EducacionSuperior,dimensiones,dimension=GrupoECS;cohorte=2013;horizonte=11,EducacionSuperior,990,990,0,0,PASS,seguimiento JOIN programas
DIM-GrupoECS-2013-12-Base,dimensiones,dimension=GrupoECS;cohorte=2013;horizonte=12,Base,8312,8312,0,0,PASS,seguimiento JOIN programas
DIM-GrupoECS-2013-12-Carrera,dimensiones,dimension=GrupoECS;cohorte=2013;horizonte=12,Carrera,17,17,0,0,PASS,seguimiento JOIN programas
DIM-GrupoECS-2013-12-Institucion,dimensiones,dimension=GrupoECS;cohorte=2013;horizonte=12,Institucion,90,90,0,0,PASS,seguimiento JOIN programas
DIM-GrupoECS-2013-12-EducacionSuperior,dimensiones,dimension=GrupoECS;cohorte=2013;horizonte=12,EducacionSuperior,909,909,0,0,PASS,seguimiento JOIN programas
DIM-GrupoECS-2013-13-Base,dimensiones,dimension=GrupoECS;cohorte=2013;horizonte=13,Base,8312,8312,0,0,PASS,seguimiento JOIN programas
DIM-GrupoECS-2013-13-Carrera,dimensiones,dimension=GrupoECS;cohorte=2013;horizonte=13,Carrera,10,10,0,0,PASS,seguimiento JOIN programas
DIM-GrupoECS-2013-13-Institucion,dimensiones,dimension=GrupoECS;cohorte=2013;horizonte=13,Institucion,68,68,0,0,PASS,seguimiento JOIN programas
DIM-GrupoECS-2013-13-EducacionSuperior,dimensiones,dimension=GrupoECS;cohorte=2013;horizonte=13,EducacionSuperior,902,902,0,0,PASS,seguimiento JOIN programas
DIM-GrupoECS-2014-1-Base,dimensiones,dimension=GrupoECS;cohorte=2014;horizonte=1,Base,11812,11812,0,0,PASS,seguimiento JOIN programas
DIM-GrupoECS-2014-1-Carrera,dimensiones,dimension=GrupoECS;cohorte=2014;horizonte=1,Carrera,11812,11812,0,0,PASS,seguimiento JOIN programas
DIM-GrupoECS-2014-1-Institucion,dimensiones,dimension=GrupoECS;cohorte=2014;horizonte=1,Institucion,11812,11812,0,0,PASS,seguimiento JOIN programas
DIM-GrupoECS-2014-1-EducacionSuperior,dimensiones,dimension=GrupoECS;cohorte=2014;horizonte=1,EducacionSuperior,11812,11812,0,0,PASS,seguimiento JOIN programas
DIM-GrupoECS-2014-2-Base,dimensiones,dimension=GrupoECS;cohorte=2014;horizonte=2,Base,11812,11812,0,0,PASS,seguimiento JOIN programas
DIM-GrupoECS-2014-2-Carrera,dimensiones,dimension=GrupoECS;cohorte=2014;horizonte=2,Carrera,6721,6721,0,0,PASS,seguimiento JOIN programas
DIM-GrupoECS-2014-2-Institucion,dimensiones,dimension=GrupoECS;cohorte=2014;horizonte=2,Institucion,7042,7042,0,0,PASS,seguimiento JOIN programas
DIM-GrupoECS-2014-2-EducacionSuperior,dimensiones,dimension=GrupoECS;cohorte=2014;horizonte=2,EducacionSuperior,7667,7667,0,0,PASS,seguimiento JOIN programas
DIM-GrupoECS-2014-3-Base,dimensiones,dimension=GrupoECS;cohorte=2014;horizonte=3,Base,11812,11812,0,0,PASS,seguimiento JOIN programas
DIM-GrupoECS-2014-3-Carrera,dimensiones,dimension=GrupoECS;cohorte=2014;horizonte=3,Carrera,4187,4187,0,0,PASS,seguimiento JOIN programas
DIM-GrupoECS-2014-3-Institucion,dimensiones,dimension=GrupoECS;cohorte=2014;horizonte=3,Institucion,4966,4966,0,0,PASS,seguimiento JOIN programas
DIM-GrupoECS-2014-3-EducacionSuperior,dimensiones,dimension=GrupoECS;cohorte=2014;horizonte=3,EducacionSuperior,6085,6085,0,0,PASS,seguimiento JOIN programas
DIM-GrupoECS-2014-4-Base,dimensiones,dimension=GrupoECS;cohorte=2014;horizonte=4,Base,11812,11812,0,0,PASS,seguimiento JOIN programas
DIM-GrupoECS-2014-4-Carrera,dimensiones,dimension=GrupoECS;cohorte=2014;horizonte=4,Carrera,1299,1299,0,0,PASS,seguimiento JOIN programas
DIM-GrupoECS-2014-4-Institucion,dimensiones,dimension=GrupoECS;cohorte=2014;horizonte=4,Institucion,2440,2440,0,0,PASS,seguimiento JOIN programas
DIM-GrupoECS-2014-4-EducacionSuperior,dimensiones,dimension=GrupoECS;cohorte=2014;horizonte=4,EducacionSuperior,3896,3896,0,0,PASS,seguimiento JOIN programas
DIM-GrupoECS-2014-5-Base,dimensiones,dimension=GrupoECS;cohorte=2014;horizonte=5,Base,11812,11812,0,0,PASS,seguimiento JOIN programas
DIM-GrupoECS-2014-5-Carrera,dimensiones,dimension=GrupoECS;cohorte=2014;horizonte=5,Carrera,548,548,0,0,PASS,seguimiento JOIN programas
DIM-GrupoECS-2014-5-Institucion,dimensiones,dimension=GrupoECS;cohorte=2014;horizonte=5,Institucion,1211,1211,0,0,PASS,seguimiento JOIN programas
DIM-GrupoECS-2014-5-EducacionSuperior,dimensiones,dimension=GrupoECS;cohorte=2014;horizonte=5,EducacionSuperior,2583,2583,0,0,PASS,seguimiento JOIN programas
DIM-GrupoECS-2014-6-Base,dimensiones,dimension=GrupoECS;cohorte=2014;horizonte=6,Base,11812,11812,0,0,PASS,seguimiento JOIN programas
DIM-GrupoECS-2014-6-Carrera,dimensiones,dimension=GrupoECS;cohorte=2014;horizonte=6,Carrera,206,206,0,0,PASS,seguimiento JOIN programas
DIM-GrupoECS-2014-6-Institucion,dimensiones,dimension=GrupoECS;cohorte=2014;horizonte=6,Institucion,570,570,0,0,PASS,seguimiento JOIN programas
DIM-GrupoECS-2014-6-EducacionSuperior,dimensiones,dimension=GrupoECS;cohorte=2014;horizonte=6,EducacionSuperior,1911,1911,0,0,PASS,seguimiento JOIN programas
DIM-GrupoECS-2014-7-Base,dimensiones,dimension=GrupoECS;cohorte=2014;horizonte=7,Base,11812,11812,0,0,PASS,seguimiento JOIN programas
DIM-GrupoECS-2014-7-Carrera,dimensiones,dimension=GrupoECS;cohorte=2014;horizonte=7,Carrera,81,81,0,0,PASS,seguimiento JOIN programas
DIM-GrupoECS-2014-7-Institucion,dimensiones,dimension=GrupoECS;cohorte=2014;horizonte=7,Institucion,291,291,0,0,PASS,seguimiento JOIN programas
DIM-GrupoECS-2014-7-EducacionSuperior,dimensiones,dimension=GrupoECS;cohorte=2014;horizonte=7,EducacionSuperior,1500,1500,0,0,PASS,seguimiento JOIN programas
DIM-GrupoECS-2014-8-Base,dimensiones,dimension=GrupoECS;cohorte=2014;horizonte=8,Base,11812,11812,0,0,PASS,seguimiento JOIN programas
DIM-GrupoECS-2014-8-Carrera,dimensiones,dimension=GrupoECS;cohorte=2014;horizonte=8,Carrera,67,67,0,0,PASS,seguimiento JOIN programas
DIM-GrupoECS-2014-8-Institucion,dimensiones,dimension=GrupoECS;cohorte=2014;horizonte=8,Institucion,256,256,0,0,PASS,seguimiento JOIN programas
DIM-GrupoECS-2014-8-EducacionSuperior,dimensiones,dimension=GrupoECS;cohorte=2014;horizonte=8,EducacionSuperior,1638,1638,0,0,PASS,seguimiento JOIN programas
DIM-GrupoECS-2014-9-Base,dimensiones,dimension=GrupoECS;cohorte=2014;horizonte=9,Base,11812,11812,0,0,PASS,seguimiento JOIN programas
DIM-GrupoECS-2014-9-Carrera,dimensiones,dimension=GrupoECS;cohorte=2014;horizonte=9,Carrera,39,39,0,0,PASS,seguimiento JOIN programas
DIM-GrupoECS-2014-9-Institucion,dimensiones,dimension=GrupoECS;cohorte=2014;horizonte=9,Institucion,222,222,0,0,PASS,seguimiento JOIN programas
DIM-GrupoECS-2014-9-EducacionSuperior,dimensiones,dimension=GrupoECS;cohorte=2014;horizonte=9,EducacionSuperior,1565,1565,0,0,PASS,seguimiento JOIN programas
DIM-GrupoECS-2014-10-Base,dimensiones,dimension=GrupoECS;cohorte=2014;horizonte=10,Base,11812,11812,0,0,PASS,seguimiento JOIN programas
DIM-GrupoECS-2014-10-Carrera,dimensiones,dimension=GrupoECS;cohorte=2014;horizonte=10,Carrera,32,32,0,0,PASS,seguimiento JOIN programas
DIM-GrupoECS-2014-10-Institucion,dimensiones,dimension=GrupoECS;cohorte=2014;horizonte=10,Institucion,213,213,0,0,PASS,seguimiento JOIN programas
DIM-GrupoECS-2014-10-EducacionSuperior,dimensiones,dimension=GrupoECS;cohorte=2014;horizonte=10,EducacionSuperior,1458,1458,0,0,PASS,seguimiento JOIN programas
DIM-GrupoECS-2014-11-Base,dimensiones,dimension=GrupoECS;cohorte=2014;horizonte=11,Base,11812,11812,0,0,PASS,seguimiento JOIN programas
DIM-GrupoECS-2014-11-Carrera,dimensiones,dimension=GrupoECS;cohorte=2014;horizonte=11,Carrera,28,28,0,0,PASS,seguimiento JOIN programas
DIM-GrupoECS-2014-11-Institucion,dimensiones,dimension=GrupoECS;cohorte=2014;horizonte=11,Institucion,176,176,0,0,PASS,seguimiento JOIN programas
DIM-GrupoECS-2014-11-EducacionSuperior,dimensiones,dimension=GrupoECS;cohorte=2014;horizonte=11,EducacionSuperior,1413,1413,0,0,PASS,seguimiento JOIN programas
DIM-GrupoECS-2014-12-Base,dimensiones,dimension=GrupoECS;cohorte=2014;horizonte=12,Base,11812,11812,0,0,PASS,seguimiento JOIN programas
DIM-GrupoECS-2014-12-Carrera,dimensiones,dimension=GrupoECS;cohorte=2014;horizonte=12,Carrera,16,16,0,0,PASS,seguimiento JOIN programas
DIM-GrupoECS-2014-12-Institucion,dimensiones,dimension=GrupoECS;cohorte=2014;horizonte=12,Institucion,135,135,0,0,PASS,seguimiento JOIN programas
DIM-GrupoECS-2014-12-EducacionSuperior,dimensiones,dimension=GrupoECS;cohorte=2014;horizonte=12,EducacionSuperior,1371,1371,0,0,PASS,seguimiento JOIN programas
DIM-GrupoECS-2015-1-Base,dimensiones,dimension=GrupoECS;cohorte=2015;horizonte=1,Base,11982,11982,0,0,PASS,seguimiento JOIN programas
DIM-GrupoECS-2015-1-Carrera,dimensiones,dimension=GrupoECS;cohorte=2015;horizonte=1,Carrera,11982,11982,0,0,PASS,seguimiento JOIN programas
DIM-GrupoECS-2015-1-Institucion,dimensiones,dimension=GrupoECS;cohorte=2015;horizonte=1,Institucion,11982,11982,0,0,PASS,seguimiento JOIN programas
DIM-GrupoECS-2015-1-EducacionSuperior,dimensiones,dimension=GrupoECS;cohorte=2015;horizonte=1,EducacionSuperior,11982,11982,0,0,PASS,seguimiento JOIN programas
DIM-GrupoECS-2015-2-Base,dimensiones,dimension=GrupoECS;cohorte=2015;horizonte=2,Base,11982,11982,0,0,PASS,seguimiento JOIN programas
DIM-GrupoECS-2015-2-Carrera,dimensiones,dimension=GrupoECS;cohorte=2015;horizonte=2,Carrera,6678,6678,0,0,PASS,seguimiento JOIN programas
DIM-GrupoECS-2015-2-Institucion,dimensiones,dimension=GrupoECS;cohorte=2015;horizonte=2,Institucion,7008,7008,0,0,PASS,seguimiento JOIN programas
DIM-GrupoECS-2015-2-EducacionSuperior,dimensiones,dimension=GrupoECS;cohorte=2015;horizonte=2,EducacionSuperior,7651,7651,0,0,PASS,seguimiento JOIN programas
DIM-GrupoECS-2015-3-Base,dimensiones,dimension=GrupoECS;cohorte=2015;horizonte=3,Base,11982,11982,0,0,PASS,seguimiento JOIN programas
DIM-GrupoECS-2015-3-Carrera,dimensiones,dimension=GrupoECS;cohorte=2015;horizonte=3,Carrera,4485,4485,0,0,PASS,seguimiento JOIN programas
DIM-GrupoECS-2015-3-Institucion,dimensiones,dimension=GrupoECS;cohorte=2015;horizonte=3,Institucion,5245,5245,0,0,PASS,seguimiento JOIN programas
DIM-GrupoECS-2015-3-EducacionSuperior,dimensiones,dimension=GrupoECS;cohorte=2015;horizonte=3,EducacionSuperior,6407,6407,0,0,PASS,seguimiento JOIN programas
DIM-GrupoECS-2015-4-Base,dimensiones,dimension=GrupoECS;cohorte=2015;horizonte=4,Base,11982,11982,0,0,PASS,seguimiento JOIN programas
DIM-GrupoECS-2015-4-Carrera,dimensiones,dimension=GrupoECS;cohorte=2015;horizonte=4,Carrera,1565,1565,0,0,PASS,seguimiento JOIN programas
DIM-GrupoECS-2015-4-Institucion,dimensiones,dimension=GrupoECS;cohorte=2015;horizonte=4,Institucion,2642,2642,0,0,PASS,seguimiento JOIN programas
DIM-GrupoECS-2015-4-EducacionSuperior,dimensiones,dimension=GrupoECS;cohorte=2015;horizonte=4,EducacionSuperior,4165,4165,0,0,PASS,seguimiento JOIN programas
DIM-GrupoECS-2015-5-Base,dimensiones,dimension=GrupoECS;cohorte=2015;horizonte=5,Base,11982,11982,0,0,PASS,seguimiento JOIN programas
DIM-GrupoECS-2015-5-Carrera,dimensiones,dimension=GrupoECS;cohorte=2015;horizonte=5,Carrera,592,592,0,0,PASS,seguimiento JOIN programas
DIM-GrupoECS-2015-5-Institucion,dimensiones,dimension=GrupoECS;cohorte=2015;horizonte=5,Institucion,1206,1206,0,0,PASS,seguimiento JOIN programas
DIM-GrupoECS-2015-5-EducacionSuperior,dimensiones,dimension=GrupoECS;cohorte=2015;horizonte=5,EducacionSuperior,2701,2701,0,0,PASS,seguimiento JOIN programas
DIM-GrupoECS-2015-6-Base,dimensiones,dimension=GrupoECS;cohorte=2015;horizonte=6,Base,11982,11982,0,0,PASS,seguimiento JOIN programas
DIM-GrupoECS-2015-6-Carrera,dimensiones,dimension=GrupoECS;cohorte=2015;horizonte=6,Carrera,152,152,0,0,PASS,seguimiento JOIN programas
DIM-GrupoECS-2015-6-Institucion,dimensiones,dimension=GrupoECS;cohorte=2015;horizonte=6,Institucion,499,499,0,0,PASS,seguimiento JOIN programas
DIM-GrupoECS-2015-6-EducacionSuperior,dimensiones,dimension=GrupoECS;cohorte=2015;horizonte=6,EducacionSuperior,1880,1880,0,0,PASS,seguimiento JOIN programas
DIM-GrupoECS-2015-7-Base,dimensiones,dimension=GrupoECS;cohorte=2015;horizonte=7,Base,11982,11982,0,0,PASS,seguimiento JOIN programas
DIM-GrupoECS-2015-7-Carrera,dimensiones,dimension=GrupoECS;cohorte=2015;horizonte=7,Carrera,109,109,0,0,PASS,seguimiento JOIN programas
DIM-GrupoECS-2015-7-Institucion,dimensiones,dimension=GrupoECS;cohorte=2015;horizonte=7,Institucion,400,400,0,0,PASS,seguimiento JOIN programas
DIM-GrupoECS-2015-7-EducacionSuperior,dimensiones,dimension=GrupoECS;cohorte=2015;horizonte=7,EducacionSuperior,1913,1913,0,0,PASS,seguimiento JOIN programas
DIM-GrupoECS-2015-8-Base,dimensiones,dimension=GrupoECS;cohorte=2015;horizonte=8,Base,11982,11982,0,0,PASS,seguimiento JOIN programas
DIM-GrupoECS-2015-8-Carrera,dimensiones,dimension=GrupoECS;cohorte=2015;horizonte=8,Carrera,90,90,0,0,PASS,seguimiento JOIN programas
DIM-GrupoECS-2015-8-Institucion,dimensiones,dimension=GrupoECS;cohorte=2015;horizonte=8,Institucion,315,315,0,0,PASS,seguimiento JOIN programas
DIM-GrupoECS-2015-8-EducacionSuperior,dimensiones,dimension=GrupoECS;cohorte=2015;horizonte=8,EducacionSuperior,1791,1791,0,0,PASS,seguimiento JOIN programas
DIM-GrupoECS-2015-9-Base,dimensiones,dimension=GrupoECS;cohorte=2015;horizonte=9,Base,11982,11982,0,0,PASS,seguimiento JOIN programas
DIM-GrupoECS-2015-9-Carrera,dimensiones,dimension=GrupoECS;cohorte=2015;horizonte=9,Carrera,68,68,0,0,PASS,seguimiento JOIN programas
DIM-GrupoECS-2015-9-Institucion,dimensiones,dimension=GrupoECS;cohorte=2015;horizonte=9,Institucion,258,258,0,0,PASS,seguimiento JOIN programas
DIM-GrupoECS-2015-9-EducacionSuperior,dimensiones,dimension=GrupoECS;cohorte=2015;horizonte=9,EducacionSuperior,1671,1671,0,0,PASS,seguimiento JOIN programas
DIM-GrupoECS-2015-10-Base,dimensiones,dimension=GrupoECS;cohorte=2015;horizonte=10,Base,11982,11982,0,0,PASS,seguimiento JOIN programas
DIM-GrupoECS-2015-10-Carrera,dimensiones,dimension=GrupoECS;cohorte=2015;horizonte=10,Carrera,41,41,0,0,PASS,seguimiento JOIN programas
DIM-GrupoECS-2015-10-Institucion,dimensiones,dimension=GrupoECS;cohorte=2015;horizonte=10,Institucion,199,199,0,0,PASS,seguimiento JOIN programas
DIM-GrupoECS-2015-10-EducacionSuperior,dimensiones,dimension=GrupoECS;cohorte=2015;horizonte=10,EducacionSuperior,1541,1541,0,0,PASS,seguimiento JOIN programas
DIM-GrupoECS-2015-11-Base,dimensiones,dimension=GrupoECS;cohorte=2015;horizonte=11,Base,11982,11982,0,0,PASS,seguimiento JOIN programas
DIM-GrupoECS-2015-11-Carrera,dimensiones,dimension=GrupoECS;cohorte=2015;horizonte=11,Carrera,25,25,0,0,PASS,seguimiento JOIN programas
DIM-GrupoECS-2015-11-Institucion,dimensiones,dimension=GrupoECS;cohorte=2015;horizonte=11,Institucion,170,170,0,0,PASS,seguimiento JOIN programas
DIM-GrupoECS-2015-11-EducacionSuperior,dimensiones,dimension=GrupoECS;cohorte=2015;horizonte=11,EducacionSuperior,1474,1474,0,0,PASS,seguimiento JOIN programas
DIM-GrupoECS-2016-1-Base,dimensiones,dimension=GrupoECS;cohorte=2016;horizonte=1,Base,13664,13664,0,0,PASS,seguimiento JOIN programas
DIM-GrupoECS-2016-1-Carrera,dimensiones,dimension=GrupoECS;cohorte=2016;horizonte=1,Carrera,13664,13664,0,0,PASS,seguimiento JOIN programas
DIM-GrupoECS-2016-1-Institucion,dimensiones,dimension=GrupoECS;cohorte=2016;horizonte=1,Institucion,13664,13664,0,0,PASS,seguimiento JOIN programas
DIM-GrupoECS-2016-1-EducacionSuperior,dimensiones,dimension=GrupoECS;cohorte=2016;horizonte=1,EducacionSuperior,13664,13664,0,0,PASS,seguimiento JOIN programas
DIM-GrupoECS-2016-2-Base,dimensiones,dimension=GrupoECS;cohorte=2016;horizonte=2,Base,13664,13664,0,0,PASS,seguimiento JOIN programas
DIM-GrupoECS-2016-2-Carrera,dimensiones,dimension=GrupoECS;cohorte=2016;horizonte=2,Carrera,7905,7905,0,0,PASS,seguimiento JOIN programas
DIM-GrupoECS-2016-2-Institucion,dimensiones,dimension=GrupoECS;cohorte=2016;horizonte=2,Institucion,8304,8304,0,0,PASS,seguimiento JOIN programas
DIM-GrupoECS-2016-2-EducacionSuperior,dimensiones,dimension=GrupoECS;cohorte=2016;horizonte=2,EducacionSuperior,8896,8896,0,0,PASS,seguimiento JOIN programas
DIM-GrupoECS-2016-3-Base,dimensiones,dimension=GrupoECS;cohorte=2016;horizonte=3,Base,13664,13664,0,0,PASS,seguimiento JOIN programas
DIM-GrupoECS-2016-3-Carrera,dimensiones,dimension=GrupoECS;cohorte=2016;horizonte=3,Carrera,4462,4462,0,0,PASS,seguimiento JOIN programas
DIM-GrupoECS-2016-3-Institucion,dimensiones,dimension=GrupoECS;cohorte=2016;horizonte=3,Institucion,5563,5563,0,0,PASS,seguimiento JOIN programas
DIM-GrupoECS-2016-3-EducacionSuperior,dimensiones,dimension=GrupoECS;cohorte=2016;horizonte=3,EducacionSuperior,6669,6669,0,0,PASS,seguimiento JOIN programas
DIM-GrupoECS-2016-4-Base,dimensiones,dimension=GrupoECS;cohorte=2016;horizonte=4,Base,13664,13664,0,0,PASS,seguimiento JOIN programas
DIM-GrupoECS-2016-4-Carrera,dimensiones,dimension=GrupoECS;cohorte=2016;horizonte=4,Carrera,2245,2245,0,0,PASS,seguimiento JOIN programas
DIM-GrupoECS-2016-4-Institucion,dimensiones,dimension=GrupoECS;cohorte=2016;horizonte=4,Institucion,3383,3383,0,0,PASS,seguimiento JOIN programas
DIM-GrupoECS-2016-4-EducacionSuperior,dimensiones,dimension=GrupoECS;cohorte=2016;horizonte=4,EducacionSuperior,4733,4733,0,0,PASS,seguimiento JOIN programas
DIM-GrupoECS-2016-5-Base,dimensiones,dimension=GrupoECS;cohorte=2016;horizonte=5,Base,13664,13664,0,0,PASS,seguimiento JOIN programas
DIM-GrupoECS-2016-5-Carrera,dimensiones,dimension=GrupoECS;cohorte=2016;horizonte=5,Carrera,606,606,0,0,PASS,seguimiento JOIN programas
DIM-GrupoECS-2016-5-Institucion,dimensiones,dimension=GrupoECS;cohorte=2016;horizonte=5,Institucion,1249,1249,0,0,PASS,seguimiento JOIN programas
DIM-GrupoECS-2016-5-EducacionSuperior,dimensiones,dimension=GrupoECS;cohorte=2016;horizonte=5,EducacionSuperior,2637,2637,0,0,PASS,seguimiento JOIN programas
DIM-GrupoECS-2016-6-Base,dimensiones,dimension=GrupoECS;cohorte=2016;horizonte=6,Base,13664,13664,0,0,PASS,seguimiento JOIN programas
DIM-GrupoECS-2016-6-Carrera,dimensiones,dimension=GrupoECS;cohorte=2016;horizonte=6,Carrera,371,371,0,0,PASS,seguimiento JOIN programas
DIM-GrupoECS-2016-6-Institucion,dimensiones,dimension=GrupoECS;cohorte=2016;horizonte=6,Institucion,850,850,0,0,PASS,seguimiento JOIN programas
DIM-GrupoECS-2016-6-EducacionSuperior,dimensiones,dimension=GrupoECS;cohorte=2016;horizonte=6,EducacionSuperior,2520,2520,0,0,PASS,seguimiento JOIN programas
DIM-GrupoECS-2016-7-Base,dimensiones,dimension=GrupoECS;cohorte=2016;horizonte=7,Base,13664,13664,0,0,PASS,seguimiento JOIN programas
DIM-GrupoECS-2016-7-Carrera,dimensiones,dimension=GrupoECS;cohorte=2016;horizonte=7,Carrera,224,224,0,0,PASS,seguimiento JOIN programas
DIM-GrupoECS-2016-7-Institucion,dimensiones,dimension=GrupoECS;cohorte=2016;horizonte=7,Institucion,613,613,0,0,PASS,seguimiento JOIN programas
DIM-GrupoECS-2016-7-EducacionSuperior,dimensiones,dimension=GrupoECS;cohorte=2016;horizonte=7,EducacionSuperior,2259,2259,0,0,PASS,seguimiento JOIN programas
DIM-GrupoECS-2016-8-Base,dimensiones,dimension=GrupoECS;cohorte=2016;horizonte=8,Base,13664,13664,0,0,PASS,seguimiento JOIN programas
DIM-GrupoECS-2016-8-Carrera,dimensiones,dimension=GrupoECS;cohorte=2016;horizonte=8,Carrera,140,140,0,0,PASS,seguimiento JOIN programas
DIM-GrupoECS-2016-8-Institucion,dimensiones,dimension=GrupoECS;cohorte=2016;horizonte=8,Institucion,489,489,0,0,PASS,seguimiento JOIN programas
DIM-GrupoECS-2016-8-EducacionSuperior,dimensiones,dimension=GrupoECS;cohorte=2016;horizonte=8,EducacionSuperior,2072,2072,0,0,PASS,seguimiento JOIN programas
DIM-GrupoECS-2016-9-Base,dimensiones,dimension=GrupoECS;cohorte=2016;horizonte=9,Base,13664,13664,0,0,PASS,seguimiento JOIN programas
DIM-GrupoECS-2016-9-Carrera,dimensiones,dimension=GrupoECS;cohorte=2016;horizonte=9,Carrera,74,74,0,0,PASS,seguimiento JOIN programas
DIM-GrupoECS-2016-9-Institucion,dimensiones,dimension=GrupoECS;cohorte=2016;horizonte=9,Institucion,344,344,0,0,PASS,seguimiento JOIN programas
DIM-GrupoECS-2016-9-EducacionSuperior,dimensiones,dimension=GrupoECS;cohorte=2016;horizonte=9,EducacionSuperior,1874,1874,0,0,PASS,seguimiento JOIN programas
DIM-GrupoECS-2016-10-Base,dimensiones,dimension=GrupoECS;cohorte=2016;horizonte=10,Base,13664,13664,0,0,PASS,seguimiento JOIN programas
DIM-GrupoECS-2016-10-Carrera,dimensiones,dimension=GrupoECS;cohorte=2016;horizonte=10,Carrera,52,52,0,0,PASS,seguimiento JOIN programas
DIM-GrupoECS-2016-10-Institucion,dimensiones,dimension=GrupoECS;cohorte=2016;horizonte=10,Institucion,283,283,0,0,PASS,seguimiento JOIN programas
DIM-GrupoECS-2016-10-EducacionSuperior,dimensiones,dimension=GrupoECS;cohorte=2016;horizonte=10,EducacionSuperior,1894,1894,0,0,PASS,seguimiento JOIN programas
DIM-GrupoECS-2017-1-Base,dimensiones,dimension=GrupoECS;cohorte=2017;horizonte=1,Base,13882,13882,0,0,PASS,seguimiento JOIN programas
DIM-GrupoECS-2017-1-Carrera,dimensiones,dimension=GrupoECS;cohorte=2017;horizonte=1,Carrera,13882,13882,0,0,PASS,seguimiento JOIN programas
DIM-GrupoECS-2017-1-Institucion,dimensiones,dimension=GrupoECS;cohorte=2017;horizonte=1,Institucion,13882,13882,0,0,PASS,seguimiento JOIN programas
DIM-GrupoECS-2017-1-EducacionSuperior,dimensiones,dimension=GrupoECS;cohorte=2017;horizonte=1,EducacionSuperior,13882,13882,0,0,PASS,seguimiento JOIN programas
DIM-GrupoECS-2017-2-Base,dimensiones,dimension=GrupoECS;cohorte=2017;horizonte=2,Base,13882,13882,0,0,PASS,seguimiento JOIN programas
DIM-GrupoECS-2017-2-Carrera,dimensiones,dimension=GrupoECS;cohorte=2017;horizonte=2,Carrera,7545,7545,0,0,PASS,seguimiento JOIN programas
DIM-GrupoECS-2017-2-Institucion,dimensiones,dimension=GrupoECS;cohorte=2017;horizonte=2,Institucion,7825,7825,0,0,PASS,seguimiento JOIN programas
DIM-GrupoECS-2017-2-EducacionSuperior,dimensiones,dimension=GrupoECS;cohorte=2017;horizonte=2,EducacionSuperior,8605,8605,0,0,PASS,seguimiento JOIN programas
DIM-GrupoECS-2017-3-Base,dimensiones,dimension=GrupoECS;cohorte=2017;horizonte=3,Base,13882,13882,0,0,PASS,seguimiento JOIN programas
DIM-GrupoECS-2017-3-Carrera,dimensiones,dimension=GrupoECS;cohorte=2017;horizonte=3,Carrera,4177,4177,0,0,PASS,seguimiento JOIN programas
DIM-GrupoECS-2017-3-Institucion,dimensiones,dimension=GrupoECS;cohorte=2017;horizonte=3,Institucion,5000,5000,0,0,PASS,seguimiento JOIN programas
DIM-GrupoECS-2017-3-EducacionSuperior,dimensiones,dimension=GrupoECS;cohorte=2017;horizonte=3,EducacionSuperior,6217,6217,0,0,PASS,seguimiento JOIN programas
DIM-GrupoECS-2017-4-Base,dimensiones,dimension=GrupoECS;cohorte=2017;horizonte=4,Base,13882,13882,0,0,PASS,seguimiento JOIN programas
DIM-GrupoECS-2017-4-Carrera,dimensiones,dimension=GrupoECS;cohorte=2017;horizonte=4,Carrera,1765,1765,0,0,PASS,seguimiento JOIN programas
DIM-GrupoECS-2017-4-Institucion,dimensiones,dimension=GrupoECS;cohorte=2017;horizonte=4,Institucion,2664,2664,0,0,PASS,seguimiento JOIN programas
DIM-GrupoECS-2017-4-EducacionSuperior,dimensiones,dimension=GrupoECS;cohorte=2017;horizonte=4,EducacionSuperior,4082,4082,0,0,PASS,seguimiento JOIN programas
DIM-GrupoECS-2017-5-Base,dimensiones,dimension=GrupoECS;cohorte=2017;horizonte=5,Base,13882,13882,0,0,PASS,seguimiento JOIN programas
DIM-GrupoECS-2017-5-Carrera,dimensiones,dimension=GrupoECS;cohorte=2017;horizonte=5,Carrera,827,827,0,0,PASS,seguimiento JOIN programas
DIM-GrupoECS-2017-5-Institucion,dimensiones,dimension=GrupoECS;cohorte=2017;horizonte=5,Institucion,1552,1552,0,0,PASS,seguimiento JOIN programas
DIM-GrupoECS-2017-5-EducacionSuperior,dimensiones,dimension=GrupoECS;cohorte=2017;horizonte=5,EducacionSuperior,3306,3306,0,0,PASS,seguimiento JOIN programas
DIM-GrupoECS-2017-6-Base,dimensiones,dimension=GrupoECS;cohorte=2017;horizonte=6,Base,13882,13882,0,0,PASS,seguimiento JOIN programas
DIM-GrupoECS-2017-6-Carrera,dimensiones,dimension=GrupoECS;cohorte=2017;horizonte=6,Carrera,340,340,0,0,PASS,seguimiento JOIN programas
DIM-GrupoECS-2017-6-Institucion,dimensiones,dimension=GrupoECS;cohorte=2017;horizonte=6,Institucion,869,869,0,0,PASS,seguimiento JOIN programas
DIM-GrupoECS-2017-6-EducacionSuperior,dimensiones,dimension=GrupoECS;cohorte=2017;horizonte=6,EducacionSuperior,2741,2741,0,0,PASS,seguimiento JOIN programas
DIM-GrupoECS-2017-7-Base,dimensiones,dimension=GrupoECS;cohorte=2017;horizonte=7,Base,13882,13882,0,0,PASS,seguimiento JOIN programas
DIM-GrupoECS-2017-7-Carrera,dimensiones,dimension=GrupoECS;cohorte=2017;horizonte=7,Carrera,215,215,0,0,PASS,seguimiento JOIN programas
DIM-GrupoECS-2017-7-Institucion,dimensiones,dimension=GrupoECS;cohorte=2017;horizonte=7,Institucion,625,625,0,0,PASS,seguimiento JOIN programas
DIM-GrupoECS-2017-7-EducacionSuperior,dimensiones,dimension=GrupoECS;cohorte=2017;horizonte=7,EducacionSuperior,2415,2415,0,0,PASS,seguimiento JOIN programas
DIM-GrupoECS-2017-8-Base,dimensiones,dimension=GrupoECS;cohorte=2017;horizonte=8,Base,13882,13882,0,0,PASS,seguimiento JOIN programas
DIM-GrupoECS-2017-8-Carrera,dimensiones,dimension=GrupoECS;cohorte=2017;horizonte=8,Carrera,109,109,0,0,PASS,seguimiento JOIN programas
DIM-GrupoECS-2017-8-Institucion,dimensiones,dimension=GrupoECS;cohorte=2017;horizonte=8,Institucion,424,424,0,0,PASS,seguimiento JOIN programas
DIM-GrupoECS-2017-8-EducacionSuperior,dimensiones,dimension=GrupoECS;cohorte=2017;horizonte=8,EducacionSuperior,2185,2185,0,0,PASS,seguimiento JOIN programas
DIM-GrupoECS-2017-9-Base,dimensiones,dimension=GrupoECS;cohorte=2017;horizonte=9,Base,13882,13882,0,0,PASS,seguimiento JOIN programas
DIM-GrupoECS-2017-9-Carrera,dimensiones,dimension=GrupoECS;cohorte=2017;horizonte=9,Carrera,71,71,0,0,PASS,seguimiento JOIN programas
DIM-GrupoECS-2017-9-Institucion,dimensiones,dimension=GrupoECS;cohorte=2017;horizonte=9,Institucion,339,339,0,0,PASS,seguimiento JOIN programas
DIM-GrupoECS-2017-9-EducacionSuperior,dimensiones,dimension=GrupoECS;cohorte=2017;horizonte=9,EducacionSuperior,2176,2176,0,0,PASS,seguimiento JOIN programas
DIM-GrupoECS-2018-1-Base,dimensiones,dimension=GrupoECS;cohorte=2018;horizonte=1,Base,17130,17130,0,0,PASS,seguimiento JOIN programas
DIM-GrupoECS-2018-1-Carrera,dimensiones,dimension=GrupoECS;cohorte=2018;horizonte=1,Carrera,17130,17130,0,0,PASS,seguimiento JOIN programas
DIM-GrupoECS-2018-1-Institucion,dimensiones,dimension=GrupoECS;cohorte=2018;horizonte=1,Institucion,17130,17130,0,0,PASS,seguimiento JOIN programas
DIM-GrupoECS-2018-1-EducacionSuperior,dimensiones,dimension=GrupoECS;cohorte=2018;horizonte=1,EducacionSuperior,17130,17130,0,0,PASS,seguimiento JOIN programas
DIM-GrupoECS-2018-2-Base,dimensiones,dimension=GrupoECS;cohorte=2018;horizonte=2,Base,17130,17130,0,0,PASS,seguimiento JOIN programas
DIM-GrupoECS-2018-2-Carrera,dimensiones,dimension=GrupoECS;cohorte=2018;horizonte=2,Carrera,10087,10087,0,0,PASS,seguimiento JOIN programas
DIM-GrupoECS-2018-2-Institucion,dimensiones,dimension=GrupoECS;cohorte=2018;horizonte=2,Institucion,10328,10328,0,0,PASS,seguimiento JOIN programas
DIM-GrupoECS-2018-2-EducacionSuperior,dimensiones,dimension=GrupoECS;cohorte=2018;horizonte=2,EducacionSuperior,11041,11041,0,0,PASS,seguimiento JOIN programas
DIM-GrupoECS-2018-3-Base,dimensiones,dimension=GrupoECS;cohorte=2018;horizonte=3,Base,17130,17130,0,0,PASS,seguimiento JOIN programas
DIM-GrupoECS-2018-3-Carrera,dimensiones,dimension=GrupoECS;cohorte=2018;horizonte=3,Carrera,5901,5901,0,0,PASS,seguimiento JOIN programas
DIM-GrupoECS-2018-3-Institucion,dimensiones,dimension=GrupoECS;cohorte=2018;horizonte=3,Institucion,6597,6597,0,0,PASS,seguimiento JOIN programas
DIM-GrupoECS-2018-3-EducacionSuperior,dimensiones,dimension=GrupoECS;cohorte=2018;horizonte=3,EducacionSuperior,7863,7863,0,0,PASS,seguimiento JOIN programas
DIM-GrupoECS-2018-4-Base,dimensiones,dimension=GrupoECS;cohorte=2018;horizonte=4,Base,17130,17130,0,0,PASS,seguimiento JOIN programas
DIM-GrupoECS-2018-4-Carrera,dimensiones,dimension=GrupoECS;cohorte=2018;horizonte=4,Carrera,2568,2568,0,0,PASS,seguimiento JOIN programas
DIM-GrupoECS-2018-4-Institucion,dimensiones,dimension=GrupoECS;cohorte=2018;horizonte=4,Institucion,3617,3617,0,0,PASS,seguimiento JOIN programas
DIM-GrupoECS-2018-4-EducacionSuperior,dimensiones,dimension=GrupoECS;cohorte=2018;horizonte=4,EducacionSuperior,5556,5556,0,0,PASS,seguimiento JOIN programas
DIM-GrupoECS-2018-5-Base,dimensiones,dimension=GrupoECS;cohorte=2018;horizonte=5,Base,17130,17130,0,0,PASS,seguimiento JOIN programas
DIM-GrupoECS-2018-5-Carrera,dimensiones,dimension=GrupoECS;cohorte=2018;horizonte=5,Carrera,1069,1069,0,0,PASS,seguimiento JOIN programas
DIM-GrupoECS-2018-5-Institucion,dimensiones,dimension=GrupoECS;cohorte=2018;horizonte=5,Institucion,1925,1925,0,0,PASS,seguimiento JOIN programas
DIM-GrupoECS-2018-5-EducacionSuperior,dimensiones,dimension=GrupoECS;cohorte=2018;horizonte=5,EducacionSuperior,4054,4054,0,0,PASS,seguimiento JOIN programas
DIM-GrupoECS-2018-6-Base,dimensiones,dimension=GrupoECS;cohorte=2018;horizonte=6,Base,17130,17130,0,0,PASS,seguimiento JOIN programas
DIM-GrupoECS-2018-6-Carrera,dimensiones,dimension=GrupoECS;cohorte=2018;horizonte=6,Carrera,478,478,0,0,PASS,seguimiento JOIN programas
DIM-GrupoECS-2018-6-Institucion,dimensiones,dimension=GrupoECS;cohorte=2018;horizonte=6,Institucion,1138,1138,0,0,PASS,seguimiento JOIN programas
DIM-GrupoECS-2018-6-EducacionSuperior,dimensiones,dimension=GrupoECS;cohorte=2018;horizonte=6,EducacionSuperior,3275,3275,0,0,PASS,seguimiento JOIN programas
DIM-GrupoECS-2018-7-Base,dimensiones,dimension=GrupoECS;cohorte=2018;horizonte=7,Base,17130,17130,0,0,PASS,seguimiento JOIN programas
DIM-GrupoECS-2018-7-Carrera,dimensiones,dimension=GrupoECS;cohorte=2018;horizonte=7,Carrera,213,213,0,0,PASS,seguimiento JOIN programas
DIM-GrupoECS-2018-7-Institucion,dimensiones,dimension=GrupoECS;cohorte=2018;horizonte=7,Institucion,711,711,0,0,PASS,seguimiento JOIN programas
DIM-GrupoECS-2018-7-EducacionSuperior,dimensiones,dimension=GrupoECS;cohorte=2018;horizonte=7,EducacionSuperior,2867,2867,0,0,PASS,seguimiento JOIN programas
DIM-GrupoECS-2018-8-Base,dimensiones,dimension=GrupoECS;cohorte=2018;horizonte=8,Base,17130,17130,0,0,PASS,seguimiento JOIN programas
DIM-GrupoECS-2018-8-Carrera,dimensiones,dimension=GrupoECS;cohorte=2018;horizonte=8,Carrera,150,150,0,0,PASS,seguimiento JOIN programas
DIM-GrupoECS-2018-8-Institucion,dimensiones,dimension=GrupoECS;cohorte=2018;horizonte=8,Institucion,594,594,0,0,PASS,seguimiento JOIN programas
DIM-GrupoECS-2018-8-EducacionSuperior,dimensiones,dimension=GrupoECS;cohorte=2018;horizonte=8,EducacionSuperior,2828,2828,0,0,PASS,seguimiento JOIN programas
DIM-GrupoECS-2019-1-Base,dimensiones,dimension=GrupoECS;cohorte=2019;horizonte=1,Base,17822,17822,0,0,PASS,seguimiento JOIN programas
DIM-GrupoECS-2019-1-Carrera,dimensiones,dimension=GrupoECS;cohorte=2019;horizonte=1,Carrera,17822,17822,0,0,PASS,seguimiento JOIN programas
DIM-GrupoECS-2019-1-Institucion,dimensiones,dimension=GrupoECS;cohorte=2019;horizonte=1,Institucion,17822,17822,0,0,PASS,seguimiento JOIN programas
DIM-GrupoECS-2019-1-EducacionSuperior,dimensiones,dimension=GrupoECS;cohorte=2019;horizonte=1,EducacionSuperior,17822,17822,0,0,PASS,seguimiento JOIN programas
DIM-GrupoECS-2019-2-Base,dimensiones,dimension=GrupoECS;cohorte=2019;horizonte=2,Base,17822,17822,0,0,PASS,seguimiento JOIN programas
DIM-GrupoECS-2019-2-Carrera,dimensiones,dimension=GrupoECS;cohorte=2019;horizonte=2,Carrera,10419,10419,0,0,PASS,seguimiento JOIN programas
DIM-GrupoECS-2019-2-Institucion,dimensiones,dimension=GrupoECS;cohorte=2019;horizonte=2,Institucion,10661,10661,0,0,PASS,seguimiento JOIN programas
DIM-GrupoECS-2019-2-EducacionSuperior,dimensiones,dimension=GrupoECS;cohorte=2019;horizonte=2,EducacionSuperior,11365,11365,0,0,PASS,seguimiento JOIN programas
DIM-GrupoECS-2019-3-Base,dimensiones,dimension=GrupoECS;cohorte=2019;horizonte=3,Base,17822,17822,0,0,PASS,seguimiento JOIN programas
DIM-GrupoECS-2019-3-Carrera,dimensiones,dimension=GrupoECS;cohorte=2019;horizonte=3,Carrera,6830,6830,0,0,PASS,seguimiento JOIN programas
DIM-GrupoECS-2019-3-Institucion,dimensiones,dimension=GrupoECS;cohorte=2019;horizonte=3,Institucion,7619,7619,0,0,PASS,seguimiento JOIN programas
DIM-GrupoECS-2019-3-EducacionSuperior,dimensiones,dimension=GrupoECS;cohorte=2019;horizonte=3,EducacionSuperior,9015,9015,0,0,PASS,seguimiento JOIN programas
DIM-GrupoECS-2019-4-Base,dimensiones,dimension=GrupoECS;cohorte=2019;horizonte=4,Base,17822,17822,0,0,PASS,seguimiento JOIN programas
DIM-GrupoECS-2019-4-Carrera,dimensiones,dimension=GrupoECS;cohorte=2019;horizonte=4,Carrera,2805,2805,0,0,PASS,seguimiento JOIN programas
DIM-GrupoECS-2019-4-Institucion,dimensiones,dimension=GrupoECS;cohorte=2019;horizonte=4,Institucion,3920,3920,0,0,PASS,seguimiento JOIN programas
DIM-GrupoECS-2019-4-EducacionSuperior,dimensiones,dimension=GrupoECS;cohorte=2019;horizonte=4,EducacionSuperior,5854,5854,0,0,PASS,seguimiento JOIN programas
DIM-GrupoECS-2019-5-Base,dimensiones,dimension=GrupoECS;cohorte=2019;horizonte=5,Base,17822,17822,0,0,PASS,seguimiento JOIN programas
DIM-GrupoECS-2019-5-Carrera,dimensiones,dimension=GrupoECS;cohorte=2019;horizonte=5,Carrera,1382,1382,0,0,PASS,seguimiento JOIN programas
DIM-GrupoECS-2019-5-Institucion,dimensiones,dimension=GrupoECS;cohorte=2019;horizonte=5,Institucion,2369,2369,0,0,PASS,seguimiento JOIN programas
DIM-GrupoECS-2019-5-EducacionSuperior,dimensiones,dimension=GrupoECS;cohorte=2019;horizonte=5,EducacionSuperior,4488,4488,0,0,PASS,seguimiento JOIN programas
DIM-GrupoECS-2019-6-Base,dimensiones,dimension=GrupoECS;cohorte=2019;horizonte=6,Base,17822,17822,0,0,PASS,seguimiento JOIN programas
DIM-GrupoECS-2019-6-Carrera,dimensiones,dimension=GrupoECS;cohorte=2019;horizonte=6,Carrera,413,413,0,0,PASS,seguimiento JOIN programas
DIM-GrupoECS-2019-6-Institucion,dimensiones,dimension=GrupoECS;cohorte=2019;horizonte=6,Institucion,1145,1145,0,0,PASS,seguimiento JOIN programas
DIM-GrupoECS-2019-6-EducacionSuperior,dimensiones,dimension=GrupoECS;cohorte=2019;horizonte=6,EducacionSuperior,3392,3392,0,0,PASS,seguimiento JOIN programas
DIM-GrupoECS-2019-7-Base,dimensiones,dimension=GrupoECS;cohorte=2019;horizonte=7,Base,17822,17822,0,0,PASS,seguimiento JOIN programas
DIM-GrupoECS-2019-7-Carrera,dimensiones,dimension=GrupoECS;cohorte=2019;horizonte=7,Carrera,228,228,0,0,PASS,seguimiento JOIN programas
DIM-GrupoECS-2019-7-Institucion,dimensiones,dimension=GrupoECS;cohorte=2019;horizonte=7,Institucion,822,822,0,0,PASS,seguimiento JOIN programas
DIM-GrupoECS-2019-7-EducacionSuperior,dimensiones,dimension=GrupoECS;cohorte=2019;horizonte=7,EducacionSuperior,3204,3204,0,0,PASS,seguimiento JOIN programas
DIM-GrupoECS-2020-1-Base,dimensiones,dimension=GrupoECS;cohorte=2020;horizonte=1,Base,16467,16467,0,0,PASS,seguimiento JOIN programas
DIM-GrupoECS-2020-1-Carrera,dimensiones,dimension=GrupoECS;cohorte=2020;horizonte=1,Carrera,16467,16467,0,0,PASS,seguimiento JOIN programas
DIM-GrupoECS-2020-1-Institucion,dimensiones,dimension=GrupoECS;cohorte=2020;horizonte=1,Institucion,16467,16467,0,0,PASS,seguimiento JOIN programas
DIM-GrupoECS-2020-1-EducacionSuperior,dimensiones,dimension=GrupoECS;cohorte=2020;horizonte=1,EducacionSuperior,16467,16467,0,0,PASS,seguimiento JOIN programas
DIM-GrupoECS-2020-2-Base,dimensiones,dimension=GrupoECS;cohorte=2020;horizonte=2,Base,16467,16467,0,0,PASS,seguimiento JOIN programas
DIM-GrupoECS-2020-2-Carrera,dimensiones,dimension=GrupoECS;cohorte=2020;horizonte=2,Carrera,10794,10794,0,0,PASS,seguimiento JOIN programas
DIM-GrupoECS-2020-2-Institucion,dimensiones,dimension=GrupoECS;cohorte=2020;horizonte=2,Institucion,11038,11038,0,0,PASS,seguimiento JOIN programas
DIM-GrupoECS-2020-2-EducacionSuperior,dimensiones,dimension=GrupoECS;cohorte=2020;horizonte=2,EducacionSuperior,11811,11811,0,0,PASS,seguimiento JOIN programas
DIM-GrupoECS-2020-3-Base,dimensiones,dimension=GrupoECS;cohorte=2020;horizonte=3,Base,16467,16467,0,0,PASS,seguimiento JOIN programas
DIM-GrupoECS-2020-3-Carrera,dimensiones,dimension=GrupoECS;cohorte=2020;horizonte=3,Carrera,6499,6499,0,0,PASS,seguimiento JOIN programas
DIM-GrupoECS-2020-3-Institucion,dimensiones,dimension=GrupoECS;cohorte=2020;horizonte=3,Institucion,7174,7174,0,0,PASS,seguimiento JOIN programas
DIM-GrupoECS-2020-3-EducacionSuperior,dimensiones,dimension=GrupoECS;cohorte=2020;horizonte=3,EducacionSuperior,8456,8456,0,0,PASS,seguimiento JOIN programas
DIM-GrupoECS-2020-4-Base,dimensiones,dimension=GrupoECS;cohorte=2020;horizonte=4,Base,16467,16467,0,0,PASS,seguimiento JOIN programas
DIM-GrupoECS-2020-4-Carrera,dimensiones,dimension=GrupoECS;cohorte=2020;horizonte=4,Carrera,3266,3266,0,0,PASS,seguimiento JOIN programas
DIM-GrupoECS-2020-4-Institucion,dimensiones,dimension=GrupoECS;cohorte=2020;horizonte=4,Institucion,4232,4232,0,0,PASS,seguimiento JOIN programas
DIM-GrupoECS-2020-4-EducacionSuperior,dimensiones,dimension=GrupoECS;cohorte=2020;horizonte=4,EducacionSuperior,5927,5927,0,0,PASS,seguimiento JOIN programas
DIM-GrupoECS-2020-5-Base,dimensiones,dimension=GrupoECS;cohorte=2020;horizonte=5,Base,16467,16467,0,0,PASS,seguimiento JOIN programas
DIM-GrupoECS-2020-5-Carrera,dimensiones,dimension=GrupoECS;cohorte=2020;horizonte=5,Carrera,1399,1399,0,0,PASS,seguimiento JOIN programas
DIM-GrupoECS-2020-5-Institucion,dimensiones,dimension=GrupoECS;cohorte=2020;horizonte=5,Institucion,2378,2378,0,0,PASS,seguimiento JOIN programas
DIM-GrupoECS-2020-5-EducacionSuperior,dimensiones,dimension=GrupoECS;cohorte=2020;horizonte=5,EducacionSuperior,4426,4426,0,0,PASS,seguimiento JOIN programas
DIM-GrupoECS-2020-6-Base,dimensiones,dimension=GrupoECS;cohorte=2020;horizonte=6,Base,16467,16467,0,0,PASS,seguimiento JOIN programas
DIM-GrupoECS-2020-6-Carrera,dimensiones,dimension=GrupoECS;cohorte=2020;horizonte=6,Carrera,485,485,0,0,PASS,seguimiento JOIN programas
DIM-GrupoECS-2020-6-Institucion,dimensiones,dimension=GrupoECS;cohorte=2020;horizonte=6,Institucion,1207,1207,0,0,PASS,seguimiento JOIN programas
DIM-GrupoECS-2020-6-EducacionSuperior,dimensiones,dimension=GrupoECS;cohorte=2020;horizonte=6,EducacionSuperior,3500,3500,0,0,PASS,seguimiento JOIN programas
DIM-GrupoECS-2021-1-Base,dimensiones,dimension=GrupoECS;cohorte=2021;horizonte=1,Base,24932,24932,0,0,PASS,seguimiento JOIN programas
DIM-GrupoECS-2021-1-Carrera,dimensiones,dimension=GrupoECS;cohorte=2021;horizonte=1,Carrera,24932,24932,0,0,PASS,seguimiento JOIN programas
DIM-GrupoECS-2021-1-Institucion,dimensiones,dimension=GrupoECS;cohorte=2021;horizonte=1,Institucion,24932,24932,0,0,PASS,seguimiento JOIN programas
DIM-GrupoECS-2021-1-EducacionSuperior,dimensiones,dimension=GrupoECS;cohorte=2021;horizonte=1,EducacionSuperior,24932,24932,0,0,PASS,seguimiento JOIN programas
DIM-GrupoECS-2021-2-Base,dimensiones,dimension=GrupoECS;cohorte=2021;horizonte=2,Base,24932,24932,0,0,PASS,seguimiento JOIN programas
DIM-GrupoECS-2021-2-Carrera,dimensiones,dimension=GrupoECS;cohorte=2021;horizonte=2,Carrera,16097,16097,0,0,PASS,seguimiento JOIN programas
DIM-GrupoECS-2021-2-Institucion,dimensiones,dimension=GrupoECS;cohorte=2021;horizonte=2,Institucion,16452,16452,0,0,PASS,seguimiento JOIN programas
DIM-GrupoECS-2021-2-EducacionSuperior,dimensiones,dimension=GrupoECS;cohorte=2021;horizonte=2,EducacionSuperior,17394,17394,0,0,PASS,seguimiento JOIN programas
DIM-GrupoECS-2021-3-Base,dimensiones,dimension=GrupoECS;cohorte=2021;horizonte=3,Base,24932,24932,0,0,PASS,seguimiento JOIN programas
DIM-GrupoECS-2021-3-Carrera,dimensiones,dimension=GrupoECS;cohorte=2021;horizonte=3,Carrera,11656,11656,0,0,PASS,seguimiento JOIN programas
DIM-GrupoECS-2021-3-Institucion,dimensiones,dimension=GrupoECS;cohorte=2021;horizonte=3,Institucion,12415,12415,0,0,PASS,seguimiento JOIN programas
DIM-GrupoECS-2021-3-EducacionSuperior,dimensiones,dimension=GrupoECS;cohorte=2021;horizonte=3,EducacionSuperior,14025,14025,0,0,PASS,seguimiento JOIN programas
DIM-GrupoECS-2021-4-Base,dimensiones,dimension=GrupoECS;cohorte=2021;horizonte=4,Base,24932,24932,0,0,PASS,seguimiento JOIN programas
DIM-GrupoECS-2021-4-Carrera,dimensiones,dimension=GrupoECS;cohorte=2021;horizonte=4,Carrera,4320,4320,0,0,PASS,seguimiento JOIN programas
DIM-GrupoECS-2021-4-Institucion,dimensiones,dimension=GrupoECS;cohorte=2021;horizonte=4,Institucion,5596,5596,0,0,PASS,seguimiento JOIN programas
DIM-GrupoECS-2021-4-EducacionSuperior,dimensiones,dimension=GrupoECS;cohorte=2021;horizonte=4,EducacionSuperior,8016,8016,0,0,PASS,seguimiento JOIN programas
DIM-GrupoECS-2021-5-Base,dimensiones,dimension=GrupoECS;cohorte=2021;horizonte=5,Base,24932,24932,0,0,PASS,seguimiento JOIN programas
DIM-GrupoECS-2021-5-Carrera,dimensiones,dimension=GrupoECS;cohorte=2021;horizonte=5,Carrera,1958,1958,0,0,PASS,seguimiento JOIN programas
DIM-GrupoECS-2021-5-Institucion,dimensiones,dimension=GrupoECS;cohorte=2021;horizonte=5,Institucion,3355,3355,0,0,PASS,seguimiento JOIN programas
DIM-GrupoECS-2021-5-EducacionSuperior,dimensiones,dimension=GrupoECS;cohorte=2021;horizonte=5,EducacionSuperior,6392,6392,0,0,PASS,seguimiento JOIN programas
DIM-GrupoECS-2022-1-Base,dimensiones,dimension=GrupoECS;cohorte=2022;horizonte=1,Base,32143,32143,0,0,PASS,seguimiento JOIN programas
DIM-GrupoECS-2022-1-Carrera,dimensiones,dimension=GrupoECS;cohorte=2022;horizonte=1,Carrera,32143,32143,0,0,PASS,seguimiento JOIN programas
DIM-GrupoECS-2022-1-Institucion,dimensiones,dimension=GrupoECS;cohorte=2022;horizonte=1,Institucion,32143,32143,0,0,PASS,seguimiento JOIN programas
DIM-GrupoECS-2022-1-EducacionSuperior,dimensiones,dimension=GrupoECS;cohorte=2022;horizonte=1,EducacionSuperior,32143,32143,0,0,PASS,seguimiento JOIN programas
DIM-GrupoECS-2022-2-Base,dimensiones,dimension=GrupoECS;cohorte=2022;horizonte=2,Base,32143,32143,0,0,PASS,seguimiento JOIN programas
DIM-GrupoECS-2022-2-Carrera,dimensiones,dimension=GrupoECS;cohorte=2022;horizonte=2,Carrera,20142,20142,0,0,PASS,seguimiento JOIN programas
DIM-GrupoECS-2022-2-Institucion,dimensiones,dimension=GrupoECS;cohorte=2022;horizonte=2,Institucion,20555,20555,0,0,PASS,seguimiento JOIN programas
DIM-GrupoECS-2022-2-EducacionSuperior,dimensiones,dimension=GrupoECS;cohorte=2022;horizonte=2,EducacionSuperior,22103,22103,0,0,PASS,seguimiento JOIN programas
DIM-GrupoECS-2022-3-Base,dimensiones,dimension=GrupoECS;cohorte=2022;horizonte=3,Base,32143,32143,0,0,PASS,seguimiento JOIN programas
DIM-GrupoECS-2022-3-Carrera,dimensiones,dimension=GrupoECS;cohorte=2022;horizonte=3,Carrera,11806,11806,0,0,PASS,seguimiento JOIN programas
DIM-GrupoECS-2022-3-Institucion,dimensiones,dimension=GrupoECS;cohorte=2022;horizonte=3,Institucion,12893,12893,0,0,PASS,seguimiento JOIN programas
DIM-GrupoECS-2022-3-EducacionSuperior,dimensiones,dimension=GrupoECS;cohorte=2022;horizonte=3,EducacionSuperior,15590,15590,0,0,PASS,seguimiento JOIN programas
DIM-GrupoECS-2022-4-Base,dimensiones,dimension=GrupoECS;cohorte=2022;horizonte=4,Base,32143,32143,0,0,PASS,seguimiento JOIN programas
DIM-GrupoECS-2022-4-Carrera,dimensiones,dimension=GrupoECS;cohorte=2022;horizonte=4,Carrera,5713,5713,0,0,PASS,seguimiento JOIN programas
DIM-GrupoECS-2022-4-Institucion,dimensiones,dimension=GrupoECS;cohorte=2022;horizonte=4,Institucion,7201,7201,0,0,PASS,seguimiento JOIN programas
DIM-GrupoECS-2022-4-EducacionSuperior,dimensiones,dimension=GrupoECS;cohorte=2022;horizonte=4,EducacionSuperior,11007,11007,0,0,PASS,seguimiento JOIN programas
DIM-GrupoECS-2023-1-Base,dimensiones,dimension=GrupoECS;cohorte=2023;horizonte=1,Base,39218,39218,0,0,PASS,seguimiento JOIN programas
DIM-GrupoECS-2023-1-Carrera,dimensiones,dimension=GrupoECS;cohorte=2023;horizonte=1,Carrera,39218,39218,0,0,PASS,seguimiento JOIN programas
DIM-GrupoECS-2023-1-Institucion,dimensiones,dimension=GrupoECS;cohorte=2023;horizonte=1,Institucion,39218,39218,0,0,PASS,seguimiento JOIN programas
DIM-GrupoECS-2023-1-EducacionSuperior,dimensiones,dimension=GrupoECS;cohorte=2023;horizonte=1,EducacionSuperior,39218,39218,0,0,PASS,seguimiento JOIN programas
DIM-GrupoECS-2023-2-Base,dimensiones,dimension=GrupoECS;cohorte=2023;horizonte=2,Base,39218,39218,0,0,PASS,seguimiento JOIN programas
DIM-GrupoECS-2023-2-Carrera,dimensiones,dimension=GrupoECS;cohorte=2023;horizonte=2,Carrera,24297,24297,0,0,PASS,seguimiento JOIN programas
DIM-GrupoECS-2023-2-Institucion,dimensiones,dimension=GrupoECS;cohorte=2023;horizonte=2,Institucion,25113,25113,0,0,PASS,seguimiento JOIN programas
DIM-GrupoECS-2023-2-EducacionSuperior,dimensiones,dimension=GrupoECS;cohorte=2023;horizonte=2,EducacionSuperior,27139,27139,0,0,PASS,seguimiento JOIN programas
DIM-GrupoECS-2023-3-Base,dimensiones,dimension=GrupoECS;cohorte=2023;horizonte=3,Base,39218,39218,0,0,PASS,seguimiento JOIN programas
DIM-GrupoECS-2023-3-Carrera,dimensiones,dimension=GrupoECS;cohorte=2023;horizonte=3,Carrera,15032,15032,0,0,PASS,seguimiento JOIN programas
DIM-GrupoECS-2023-3-Institucion,dimensiones,dimension=GrupoECS;cohorte=2023;horizonte=3,Institucion,16398,16398,0,0,PASS,seguimiento JOIN programas
DIM-GrupoECS-2023-3-EducacionSuperior,dimensiones,dimension=GrupoECS;cohorte=2023;horizonte=3,EducacionSuperior,19836,19836,0,0,PASS,seguimiento JOIN programas
DIM-GrupoECS-2024-1-Base,dimensiones,dimension=GrupoECS;cohorte=2024;horizonte=1,Base,41056,41056,0,0,PASS,seguimiento JOIN programas
DIM-GrupoECS-2024-1-Carrera,dimensiones,dimension=GrupoECS;cohorte=2024;horizonte=1,Carrera,41056,41056,0,0,PASS,seguimiento JOIN programas
DIM-GrupoECS-2024-1-Institucion,dimensiones,dimension=GrupoECS;cohorte=2024;horizonte=1,Institucion,41056,41056,0,0,PASS,seguimiento JOIN programas
DIM-GrupoECS-2024-1-EducacionSuperior,dimensiones,dimension=GrupoECS;cohorte=2024;horizonte=1,EducacionSuperior,41056,41056,0,0,PASS,seguimiento JOIN programas
DIM-GrupoECS-2024-2-Base,dimensiones,dimension=GrupoECS;cohorte=2024;horizonte=2,Base,41056,41056,0,0,PASS,seguimiento JOIN programas
DIM-GrupoECS-2024-2-Carrera,dimensiones,dimension=GrupoECS;cohorte=2024;horizonte=2,Carrera,26470,26470,0,0,PASS,seguimiento JOIN programas
DIM-GrupoECS-2024-2-Institucion,dimensiones,dimension=GrupoECS;cohorte=2024;horizonte=2,Institucion,27111,27111,0,0,PASS,seguimiento JOIN programas
DIM-GrupoECS-2024-2-EducacionSuperior,dimensiones,dimension=GrupoECS;cohorte=2024;horizonte=2,EducacionSuperior,29383,29383,0,0,PASS,seguimiento JOIN programas
DIM-GrupoECS-2025-1-Base,dimensiones,dimension=GrupoECS;cohorte=2025;horizonte=1,Base,50233,50233,0,0,PASS,seguimiento JOIN programas
DIM-GrupoECS-2025-1-Carrera,dimensiones,dimension=GrupoECS;cohorte=2025;horizonte=1,Carrera,50233,50233,0,0,PASS,seguimiento JOIN programas
DIM-GrupoECS-2025-1-Institucion,dimensiones,dimension=GrupoECS;cohorte=2025;horizonte=1,Institucion,50233,50233,0,0,PASS,seguimiento JOIN programas
DIM-GrupoECS-2025-1-EducacionSuperior,dimensiones,dimension=GrupoECS;cohorte=2025;horizonte=1,EducacionSuperior,50233,50233,0,0,PASS,seguimiento JOIN programas
CERT-NACIONAL-Base,certificados,cohorte=2024;horizonte=2,Base,41056,41056,0,0,PASS,control ejecutivo 3.0.0
CERT-NACIONAL-Carrera,certificados,cohorte=2024;horizonte=2,Carrera,26470,26470,0,0,PASS,control ejecutivo 3.0.0
CERT-NACIONAL-Institucion,certificados,cohorte=2024;horizonte=2,Institucion,27111,27111,0,0,PASS,control ejecutivo 3.0.0
CERT-NACIONAL-EducacionSuperior,certificados,cohorte=2024;horizonte=2,EducacionSuperior,29383,29383,0,0,PASS,control ejecutivo 3.0.0
CERT-ECS-Base,certificados,grupo=ECS;cohorte=2024;horizonte=2,Base,1697,1697,0,0,PASS,control ejecutivo 3.0.0
CERT-ECS-Carrera,certificados,grupo=ECS;cohorte=2024;horizonte=2,Carrera,1137,1137,0,0,PASS,control ejecutivo 3.0.0
CERT-ECS-Institucion,certificados,grupo=ECS;cohorte=2024;horizonte=2,Institucion,1155,1155,0,0,PASS,control ejecutivo 3.0.0
CERT-ECS-EducacionSuperior,certificados,grupo=ECS;cohorte=2024;horizonte=2,EducacionSuperior,1266,1266,0,0,PASS,control ejecutivo 3.0.0
CERT-IPLACEX-TotalTrayectorias,certificados,cohortes=2012-2025,TotalTrayectorias,61905,61905,0,0,PASS,iplacex_procedencia_cohortes.csv
CERT-IPLACEX-SinMatriculaPrevia,certificados,cohortes=2012-2025,SinMatriculaPrevia,29751,29751,0,0,PASS,iplacex_procedencia_cohortes.csv
CERT-IPLACEX-ConMatriculaPrevia,certificados,cohortes=2012-2025,ConMatriculaPrevia,32154,32154,0,0,PASS,iplacex_procedencia_cohortes.csv
CERT-IPLACEX-AntecedenteOtraIES,certificados,cohortes=2012-2025,AntecedenteOtraIES,31448,31448,0,0,PASS,iplacex_procedencia_cohortes.csv
CERT-IPLACEX-AntecedenteOnlineOtraIES,certificados,cohortes=2012-2025,AntecedenteOnlineOtraIES,6618,6618,0,0,PASS,iplacex_procedencia_cohortes.csv
CERT-IPLACEX-RECIENTE-TotalTrayectorias,certificados,cohortes=2024-2025,TotalTrayectorias,27874,27874,0,0,PASS,iplacex_procedencia_cohortes.csv
CERT-IPLACEX-RECIENTE-AntecedenteOtraIES,certificados,cohortes=2024-2025,AntecedenteOtraIES,15664,15664,0,0,PASS,iplacex_procedencia_cohortes.csv
CERT-IPLACEX-RECIENTE-AntecedenteOnlineOtraIES,certificados,cohortes=2024-2025,AntecedenteOnlineOtraIES,3469,3469,0,0,PASS,iplacex_procedencia_cohortes.csv
HASH-iplacex_procedencia_cohortes.csv,integridad,global,iplacex_procedencia_cohortes.csv,E54CAB7E463FC3B019E43DA12D49A078F4E5E6E87CA7A167A29AEF539B418878,E54CAB7E463FC3B019E43DA12D49A078F4E5E6E87CA7A167A29AEF539B418878,0,0,PASS,archivos_analiticos.sha256
HASH-programas.csv,integridad,global,programas.csv,6D55DA3BE8BC8896FF3199000ED689F43704B9D8292CA378122384E03094EFB7,6D55DA3BE8BC8896FF3199000ED689F43704B9D8292CA378122384E03094EFB7,0,0,PASS,archivos_analiticos.sha256
HASH-resultados_control.csv,integridad,global,resultados_control.csv,6B95F887FE32CD06C5E6F7C440F275DA26A22090089BD71866A7EE0CB5793F82,6B95F887FE32CD06C5E6F7C440F275DA26A22090089BD71866A7EE0CB5793F82,0,0,PASS,archivos_analiticos.sha256
HASH-seguimiento_2011.csv.gz,integridad,global,seguimiento_2011.csv.gz,9C54A7D96E59D5BE4D5E3B275E1541808300DC7983F03D3CAA58CA979588682A,9C54A7D96E59D5BE4D5E3B275E1541808300DC7983F03D3CAA58CA979588682A,0,0,PASS,archivos_analiticos.sha256
HASH-seguimiento_2012.csv.gz,integridad,global,seguimiento_2012.csv.gz,949B898C096E23A387B73185A96434E47114A3D7AB529C068DF6C9ABB521E034,949B898C096E23A387B73185A96434E47114A3D7AB529C068DF6C9ABB521E034,0,0,PASS,archivos_analiticos.sha256
HASH-seguimiento_2013.csv.gz,integridad,global,seguimiento_2013.csv.gz,4209CEDB1493A8CA06101950B37AAB810203D5A295F2654B8AE1E7F75AA22B3A,4209CEDB1493A8CA06101950B37AAB810203D5A295F2654B8AE1E7F75AA22B3A,0,0,PASS,archivos_analiticos.sha256
HASH-seguimiento_2014.csv.gz,integridad,global,seguimiento_2014.csv.gz,BB945191029594A6B1DBD49F7621E975EEDF96FB70EE29119F8F7CD2BD370C22,BB945191029594A6B1DBD49F7621E975EEDF96FB70EE29119F8F7CD2BD370C22,0,0,PASS,archivos_analiticos.sha256
HASH-seguimiento_2015.csv.gz,integridad,global,seguimiento_2015.csv.gz,9355253D0FEE26A1DB4D208AAE27AA8C2B9B89E7D9EFE0D30C73BCB5D9FC75F1,9355253D0FEE26A1DB4D208AAE27AA8C2B9B89E7D9EFE0D30C73BCB5D9FC75F1,0,0,PASS,archivos_analiticos.sha256
HASH-seguimiento_2016.csv.gz,integridad,global,seguimiento_2016.csv.gz,8072A8FA1DF4592D55E34BA7A74AB7595D5FFE80B8886C101816074588A184BE,8072A8FA1DF4592D55E34BA7A74AB7595D5FFE80B8886C101816074588A184BE,0,0,PASS,archivos_analiticos.sha256
HASH-seguimiento_2017.csv.gz,integridad,global,seguimiento_2017.csv.gz,966F03038F83A7CD57219547EF54E88DEE2768501AB548233599F5D237751468,966F03038F83A7CD57219547EF54E88DEE2768501AB548233599F5D237751468,0,0,PASS,archivos_analiticos.sha256
HASH-seguimiento_2018.csv.gz,integridad,global,seguimiento_2018.csv.gz,A67ADD7332D522D3424FA658E4EFBBB58A1C73AA3B077CEEE813D2586A18EE37,A67ADD7332D522D3424FA658E4EFBBB58A1C73AA3B077CEEE813D2586A18EE37,0,0,PASS,archivos_analiticos.sha256
HASH-seguimiento_2019.csv.gz,integridad,global,seguimiento_2019.csv.gz,7935A76676A22E127B584806FD16DE74391F1BDB6204CE212221C9E6DED67513,7935A76676A22E127B584806FD16DE74391F1BDB6204CE212221C9E6DED67513,0,0,PASS,archivos_analiticos.sha256
HASH-seguimiento_2020.csv.gz,integridad,global,seguimiento_2020.csv.gz,029585274E71E5AE13C48EAD8B39FDFC0508926959796CA38D757A83C9D24792,029585274E71E5AE13C48EAD8B39FDFC0508926959796CA38D757A83C9D24792,0,0,PASS,archivos_analiticos.sha256
HASH-seguimiento_2021.csv.gz,integridad,global,seguimiento_2021.csv.gz,686D880457342E78994BC6F0298744A97BEDD4DA10B4844A33B9C3828B992CDC,686D880457342E78994BC6F0298744A97BEDD4DA10B4844A33B9C3828B992CDC,0,0,PASS,archivos_analiticos.sha256
HASH-seguimiento_2022.csv.gz,integridad,global,seguimiento_2022.csv.gz,536477A88E4069CA91C8530A0F2407572F9A9DD8DCFEF4A3E21C4175C1314B77,536477A88E4069CA91C8530A0F2407572F9A9DD8DCFEF4A3E21C4175C1314B77,0,0,PASS,archivos_analiticos.sha256
HASH-seguimiento_2023.csv.gz,integridad,global,seguimiento_2023.csv.gz,37FAB850C7C7962A41E965997AECCB9AF43ACE691DFBCC511285947FE43A05A0,37FAB850C7C7962A41E965997AECCB9AF43ACE691DFBCC511285947FE43A05A0,0,0,PASS,archivos_analiticos.sha256
HASH-seguimiento_2024.csv.gz,integridad,global,seguimiento_2024.csv.gz,3B1E13C977684EF0B55ABA1337C30AC652DE5FEE98DA81560A44A6A5B4FEFE37,3B1E13C977684EF0B55ABA1337C30AC652DE5FEE98DA81560A44A6A5B4FEFE37,0,0,PASS,archivos_analiticos.sha256
HASH-seguimiento_2025.csv.gz,integridad,global,seguimiento_2025.csv.gz,929472ACCDEAB39DD49A4C1E914797D09171AF98C877F5552A3F10F89D0710B7,929472ACCDEAB39DD49A4C1E914797D09171AF98C877F5552A3F10F89D0710B7,0,0,PASS,archivos_analiticos.sha256
