ProgramaID;Cohorte;InstitucionID;Institucion;TipoInstitucion;CodigoCarrera;Carrera;Nivel;Area;ModalidadOrigen;JornadaOrigen;AmbitoFlexible;GrupoECS;RegistrosOrigen
8dd2e1375481b326bf99121e83410d9a;2011;221;CFT DUOC UC;Centros de Formación Técnica;50;ADMINISTRACION DE EMPRESAS MENCION MARKETING.PEV;Técnico de Nivel Superior;Administración y Comercio;Semipresencial;Vespertina;Semipresencial;Resto IP+CFT;111
822958a2bf00afa3cf50cafc002c8d94;2011;221;CFT DUOC UC;Centros de Formación Técnica;63;ADMINISTRACION DE RECURSOS HUMANOS.PEV;Técnico de Nivel Superior;Administración y Comercio;Semipresencial;Vespertina;Semipresencial;Resto IP+CFT;215
4149934846d8f45146f65933b51ee99e;2011;221;CFT DUOC UC;Centros de Formación Técnica;51;ADMINISTRACION FINANCIERA.PEV;Técnico de Nivel Superior;Administración y Comercio;Semipresencial;Vespertina;Semipresencial;Resto IP+CFT;105
55773a341c09882b58ce57e70973b36b;2011;221;CFT DUOC UC;Centros de Formación Técnica;64;COMERCIO EXTERIOR.PEV;Técnico de Nivel Superior;Administración y Comercio;Semipresencial;Vespertina;Semipresencial;Resto IP+CFT;103
046d7e389ba4ef29e4e94f23cce3ff5c;2011;221;CFT DUOC UC;Centros de Formación Técnica;52;CONTABILIDAD GENERAL MENCION LEGISLACION TRIBUTARIA.PEV;Técnico de Nivel Superior;Administración y Comercio;Semipresencial;Vespertina;Semipresencial;Resto IP+CFT;141
25bd8db96de5a103bd9b9fe996914f95;2011;221;CFT DUOC UC;Centros de Formación Técnica;113;TECNICO EN GESTION LOGISTICA.PEV;Técnico de Nivel Superior;Administración y Comercio;Semipresencial;Vespertina;Semipresencial;Resto IP+CFT;140
1ab4a2ee8c711a74b419972d2e8f9670;2011;221;CFT DUOC UC;Centros de Formación Técnica;139;TECNICO EN PREVENCION DE RIESGOS.PEV;Técnico de Nivel Superior;Tecnología;Semipresencial;Vespertina;Semipresencial;Resto IP+CFT;40
622827a11a1bb51b8d4df43ee191dfce;2011;221;CFT DUOC UC;Centros de Formación Técnica;136;TECNICO EN SERVICIOS FINANCIEROS Y BANCARIOS;Técnico de Nivel Superior;Administración y Comercio;Semipresencial;Vespertina;Semipresencial;Resto IP+CFT;40
4c845a75f190352ce3d9afc1f1fcf4fb;2011;221;CFT DUOC UC;Centros de Formación Técnica;70;TECNICO JURIDICO.PEV;Técnico de Nivel Superior;Derecho;Semipresencial;Vespertina;Semipresencial;Resto IP+CFT;30
f2c3f9326e515a6bdda3cfc880aeb1f4;2011;214;CFT INSTITUTO CENTRAL DE CAPACITACION EDUCACIONAL ICCE;Centros de Formación Técnica;31;ADMINISTRACION BANCARIA;Técnico de Nivel Superior;Administración y Comercio;Semipresencial;Semipresencial;Semipresencial;Resto IP+CFT;2
99f4a1068c8663edc96b236f4d3bc583;2011;214;CFT INSTITUTO CENTRAL DE CAPACITACION EDUCACIONAL ICCE;Centros de Formación Técnica;28;ADMINISTRACION DE EMPRESAS;Técnico de Nivel Superior;Administración y Comercio;No Presencial;A Distancia;No presencial;Resto IP+CFT;4
b0118e5fa2ee11c8e7971a000a6c560e;2011;214;CFT INSTITUTO CENTRAL DE CAPACITACION EDUCACIONAL ICCE;Centros de Formación Técnica;28;ADMINISTRACION DE EMPRESAS;Técnico de Nivel Superior;Administración y Comercio;Semipresencial;Semipresencial;Semipresencial;Resto IP+CFT;5
4e0d54f915276bd76299c1405047c60f;2011;214;CFT INSTITUTO CENTRAL DE CAPACITACION EDUCACIONAL ICCE;Centros de Formación Técnica;100;ADMINISTRACION PUBLICA;Técnico de Nivel Superior;Ciencias Sociales;Semipresencial;Vespertina;Semipresencial;Resto IP+CFT;3
740ad9deb694789c53b5a21b93469ad9;2011;214;CFT INSTITUTO CENTRAL DE CAPACITACION EDUCACIONAL ICCE;Centros de Formación Técnica;100;ADMINISTRACION PUBLICA;Técnico de Nivel Superior;Ciencias Sociales;Semipresencial;Diurna;Semipresencial;Resto IP+CFT;9
a4601dc4c00549626a355f3283c121ef;2011;214;CFT INSTITUTO CENTRAL DE CAPACITACION EDUCACIONAL ICCE;Centros de Formación Técnica;8;CONTABILIDAD GENERAL;Técnico de Nivel Superior;Administración y Comercio;No Presencial;A Distancia;No presencial;Resto IP+CFT;4
d6086944682337fe2ce1a556449438aa;2011;214;CFT INSTITUTO CENTRAL DE CAPACITACION EDUCACIONAL ICCE;Centros de Formación Técnica;8;CONTABILIDAD GENERAL;Técnico de Nivel Superior;Administración y Comercio;Semipresencial;Semipresencial;Semipresencial;Resto IP+CFT;2
0eed2c1797e5a58a66f092686e53d8c4;2011;214;CFT INSTITUTO CENTRAL DE CAPACITACION EDUCACIONAL ICCE;Centros de Formación Técnica;102;PREVENCION DE RIESGOS;Técnico de Nivel Superior;Tecnología;Semipresencial;Diurna;Semipresencial;Resto IP+CFT;22
d05ea76c40438c81a8b05d81ac4ef703;2011;214;CFT INSTITUTO CENTRAL DE CAPACITACION EDUCACIONAL ICCE;Centros de Formación Técnica;102;PREVENCION DE RIESGOS;Técnico de Nivel Superior;Tecnología;Semipresencial;Vespertina;Semipresencial;Resto IP+CFT;3
0000228f319b5bdd215fcec07bff7654;2011;214;CFT INSTITUTO CENTRAL DE CAPACITACION EDUCACIONAL ICCE;Centros de Formación Técnica;18;TECNICO FINANCIERO;Técnico de Nivel Superior;Administración y Comercio;No Presencial;A Distancia;No presencial;Resto IP+CFT;1
06087032a8cce1689d9689218146cbc6;2011;214;CFT INSTITUTO CENTRAL DE CAPACITACION EDUCACIONAL ICCE;Centros de Formación Técnica;22;TECNICO JURIDICO;Técnico de Nivel Superior;Derecho;Semipresencial;Vespertina;Semipresencial;Resto IP+CFT;1
07373e7216ff784ee696072529546b4c;2011;214;CFT INSTITUTO CENTRAL DE CAPACITACION EDUCACIONAL ICCE;Centros de Formación Técnica;22;TECNICO JURIDICO;Técnico de Nivel Superior;Derecho;No Presencial;A Distancia;No presencial;Resto IP+CFT;5
ae6c2f02cffac0a46d59b255c007f481;2011;183;IP CARLOS CASANUEVA;Institutos Profesionales;9;TECNICO EN BIBLIOTECOLOGIA Y CENTROS DE INFORMACION;Técnico de Nivel Superior;Humanidades;Semipresencial;Semipresencial;Semipresencial;Resto IP+CFT;34
481da6ad4b137764e966635f5c786469;2011;176;IP DEL VALLE CENTRAL;Institutos Profesionales;1;AUDITORIA;Profesional Sin Licenciatura;Administración y Comercio;Semipresencial;Semipresencial;Semipresencial;Resto IP+CFT;1
e06d065a6535b268b17d486932bfe935;2011;176;IP DEL VALLE CENTRAL;Institutos Profesionales;271;CONTADOR GENERAL;Técnico de Nivel Superior;Administración y Comercio;Semipresencial;Semipresencial;Semipresencial;Resto IP+CFT;12
ec8a0329ad781d1d1e3b70d6b593de11;2011;176;IP DEL VALLE CENTRAL;Institutos Profesionales;545;INGENIERIA DE EJECUCION EN ADMINISTRACION DE EMPRESAS;Profesional Sin Licenciatura;Administración y Comercio;Semipresencial;Semipresencial;Semipresencial;Resto IP+CFT;10
7903bda887a640103e7be58e0e814111;2011;176;IP DEL VALLE CENTRAL;Institutos Profesionales;570;INGENIERIA DE EJECUCION EN ADMINISTRACION PUBLICA;Profesional Sin Licenciatura;Ciencias Sociales;Semipresencial;Semipresencial;Semipresencial;Resto IP+CFT;10
51d0678c4b4c36d05a6bc0b38f1a1ab9;2011;176;IP DEL VALLE CENTRAL;Institutos Profesionales;42;PSICOPEDAGOGIA;Profesional Sin Licenciatura;Educación;Semipresencial;Semipresencial;Semipresencial;Resto IP+CFT;17
cb72e740e04912b1b64dd779085f44f1;2011;176;IP DEL VALLE CENTRAL;Institutos Profesionales;115;TECNICO DE NIVEL SUPERIOR EN ADMINISTRACION DE EMPRESAS MENCION EN RECURSOS HUMANOS;Técnico de Nivel Superior;Administración y Comercio;Semipresencial;Semipresencial;Semipresencial;Resto IP+CFT;63
3f5daa2d4cc74056cbc30cca84126ada;2011;176;IP DEL VALLE CENTRAL;Institutos Profesionales;41;TECNICO DE NIVEL SUPERIOR EN EDUCACION PARVULARIA;Técnico de Nivel Superior;Educación;Semipresencial;Semipresencial;Semipresencial;Resto IP+CFT;45
010cd8168073e59967212d6f1251bcc8;2011;176;IP DEL VALLE CENTRAL;Institutos Profesionales;40;TECNICO DE NIVEL SUPERIOR EN TRABAJO SOCIAL;Técnico de Nivel Superior;Ciencias Sociales;Semipresencial;Semipresencial;Semipresencial;Resto IP+CFT;20
7b46478acd78ecc00f773366659dc14a;2011;176;IP DEL VALLE CENTRAL;Institutos Profesionales;3;TRABAJO SOCIAL;Profesional Sin Licenciatura;Ciencias Sociales;Semipresencial;Semipresencial;Semipresencial;Resto IP+CFT;22
541fede08f7fb139b40ef9a537b75d3d;2011;120;IP DIEGO PORTALES;Institutos Profesionales;101;CONTADOR AUDITOR A DISTANCIA;Profesional Sin Licenciatura;Administración y Comercio;No Presencial;A Distancia;No presencial;Resto IP+CFT;23
ba3d77dbf31cf29ca5e67bdf5fd212e1;2011;120;IP DIEGO PORTALES;Institutos Profesionales;104;INGENIERIA EN ADMINISTRACION DE EMPRESAS A DISTANCIA;Profesional Sin Licenciatura;Administración y Comercio;No Presencial;A Distancia;No presencial;Resto IP+CFT;37
8a9d1e132ba2cf369ae1f9c4cf43d881;2011;120;IP DIEGO PORTALES;Institutos Profesionales;105;INGENIERIA EN PREVENCION DE RIESGOS A DISTANCIA;Profesional Sin Licenciatura;Tecnología;No Presencial;A Distancia;No presencial;Resto IP+CFT;90
f7b72195c22dd86b54d6c1f977a72dd7;2011;120;IP DIEGO PORTALES;Institutos Profesionales;114;SERVICIO SOCIAL A DISTANCIA;Profesional Sin Licenciatura;Ciencias Sociales;No Presencial;A Distancia;No presencial;Resto IP+CFT;44
8d59f0bad36a26b4bffd7161dffcbba4;2011;111;IP DUOC UC;Institutos Profesionales;285;ADMINISTRACION DE EMPRESAS MENCION MARKETING.PEV;Técnico de Nivel Superior;Administración y Comercio;Semipresencial;Vespertina;Semipresencial;Resto IP+CFT;140
23565015d2ae82b056233629750f31b2;2011;111;IP DUOC UC;Institutos Profesionales;144;ADMINISTRACION DE VENTAS.PEV;Técnico de Nivel Superior;Administración y Comercio;Semipresencial;Vespertina;Semipresencial;Resto IP+CFT;54
6d6af4a7511ba2b951356a72b5258c06;2011;111;IP DUOC UC;Institutos Profesionales;259;ADMINISTRACION FINANCIERA.PEV;Técnico de Nivel Superior;Administración y Comercio;Semipresencial;Vespertina;Semipresencial;Resto IP+CFT;174
fdcb3cfbc0eca9e96a370a026e0867ff;2011;111;IP DUOC UC;Institutos Profesionales;202;COMERCIO EXTERIOR.PEV;Técnico de Nivel Superior;Administración y Comercio;Semipresencial;Vespertina;Semipresencial;Resto IP+CFT;40
c9b6802b550d478353a2f8b7750286a4;2011;111;IP DUOC UC;Institutos Profesionales;204;CONTABILIDAD GENERAL MENCION LEGISLACION TRIBUTARIA.PEV;Técnico de Nivel Superior;Administración y Comercio;Semipresencial;Vespertina;Semipresencial;Resto IP+CFT;60
a3c4c13422c504aa6382042e30c41de6;2011;111;IP DUOC UC;Institutos Profesionales;281;INGENIERIA EN ADMINISTRACION DE RECURSOS HUMANOS.PEV;Profesional Sin Licenciatura;Administración y Comercio;Semipresencial;Vespertina;Semipresencial;Resto IP+CFT;104
b46f5bf697d7c2df09ae7dec37180001;2011;111;IP DUOC UC;Institutos Profesionales;139;INGENIERIA EN ADMINISTRACION.PEV;Profesional Sin Licenciatura;Administración y Comercio;Semipresencial;Vespertina;Semipresencial;Resto IP+CFT;84
d76dc96b52a588a209826565ab1ac98a;2011;111;IP DUOC UC;Institutos Profesionales;282;INGENIERIA EN GESTION COMERCIAL.PEV;Profesional Sin Licenciatura;Administración y Comercio;Semipresencial;Diurna;Semipresencial;Resto IP+CFT;18
bd30f4805c38961858a2d588ff98b094;2011;111;IP DUOC UC;Institutos Profesionales;141;INGENIERIA EN MARKETING.PEV;Profesional Sin Licenciatura;Administración y Comercio;Semipresencial;Vespertina;Semipresencial;Resto IP+CFT;74
6c756364b86ee79ac1e5bd215630e4aa;2011;111;IP DUOC UC;Institutos Profesionales;309;TECNICO EN GESTION LOGISTICA.PEV;Técnico de Nivel Superior;Administración y Comercio;Semipresencial;Vespertina;Semipresencial;Resto IP+CFT;79
55238915f85f754a7bde2654a1864588;2011;111;IP DUOC UC;Institutos Profesionales;124;TECNICO EN PREVENCION DE RIESGOS.PEV;Técnico de Nivel Superior;Tecnología;Semipresencial;Vespertina;Semipresencial;Resto IP+CFT;487
ec581d914ba79449a5f58fe8a41c8772;2011;148;IP HOGAR CATEQUISTICO;Institutos Profesionales;11;MENCION EN RELIGION PARA LA EDUCACION BASICA;Profesional Sin Licenciatura;Educación;Semipresencial;Otra;Semipresencial;Resto IP+CFT;22
b759bbe2ab433214514ba918db67434a;2011;117;IP IACC;Institutos Profesionales;2;INGENIERIA EN ADMINISTRACION DE EMPRESAS;Profesional Sin Licenciatura;Administración y Comercio;No Presencial;A Distancia;No presencial;Resto IP+CFT;39
f9fc804a44f20eb392e27d38a755e12b;2011;117;IP IACC;Institutos Profesionales;1;TECNICO SUPERIOR EN ADMINISTRACION DE EMPRESAS;Técnico de Nivel Superior;Administración y Comercio;No Presencial;A Distancia;No presencial;Resto IP+CFT;41
365f06dbe2a213e10b13ff012f5d961f;2011;117;IP IACC;Institutos Profesionales;16;TECNICO SUPERIOR EN COMERCIO INTERNACIONAL;Técnico de Nivel Superior;Administración y Comercio;No Presencial;A Distancia;No presencial;Resto IP+CFT;11
5b99a8d2b27cc3283a54cfe8bdb6d173;2011;117;IP IACC;Institutos Profesionales;17;TECNICO SUPERIOR EN INFORMATICA;Técnico de Nivel Superior;Tecnología;No Presencial;A Distancia;No presencial;Resto IP+CFT;63
857afce4584a2bd22a34af7dbf736850;2011;152;IP LATINOAMERICANO DE COMERCIO EXTERIOR - IPLACEX;Institutos Profesionales;15;ADMINISTRACION DE EMPRESAS, MENCION FINANZAS;Técnico de Nivel Superior;Administración y Comercio;No Presencial;A Distancia;No presencial;Resto IP+CFT;33
66a1d4ebb9f09e904533067bd07aa40c;2011;152;IP LATINOAMERICANO DE COMERCIO EXTERIOR - IPLACEX;Institutos Profesionales;100;ADMINISTRACION PUBLICA, MENCION GESTION Y DESARROLLO REGIONAL Y LOCAL;Profesional Sin Licenciatura;Ciencias Sociales;No Presencial;A Distancia;No presencial;Resto IP+CFT;18
0eb2bedccfb04477df47b728a52d610b;2011;152;IP LATINOAMERICANO DE COMERCIO EXTERIOR - IPLACEX;Institutos Profesionales;9;AUDITORIA;Profesional Sin Licenciatura;Administración y Comercio;No Presencial;A Distancia;No presencial;Resto IP+CFT;13
516d54918025cb5e964fb4b7b593e96b;2011;152;IP LATINOAMERICANO DE COMERCIO EXTERIOR - IPLACEX;Institutos Profesionales;16;CONTABILIDAD MENCION AUDITORIA;Técnico de Nivel Superior;Administración y Comercio;No Presencial;A Distancia;No presencial;Resto IP+CFT;15
85e8026bfc9da6bf462a54d9828870a4;2011;152;IP LATINOAMERICANO DE COMERCIO EXTERIOR - IPLACEX;Institutos Profesionales;0;EDUCADOR ASISTENTE EN EDUCACION DE PARVULOS;Técnico de Nivel Superior;Educación;No Presencial;A Distancia;No presencial;Resto IP+CFT;44
187385cc8398881ab9fa16993f4fb09f;2011;152;IP LATINOAMERICANO DE COMERCIO EXTERIOR - IPLACEX;Institutos Profesionales;24;EDUCADOR ASISTENTE EN EDUCACION ESPECIAL Y DIFERENCIAL;Técnico de Nivel Superior;Educación;No Presencial;A Distancia;No presencial;Resto IP+CFT;21
cefcada389bf392a8e37f464c32acfe4;2011;152;IP LATINOAMERICANO DE COMERCIO EXTERIOR - IPLACEX;Institutos Profesionales;107;INGENIERIA EN ADMINISTRACION DE EMPRESAS;Profesional Sin Licenciatura;Administración y Comercio;No Presencial;A Distancia;No presencial;Resto IP+CFT;22
ca31672d93082f616042773e719ce4ac;2011;152;IP LATINOAMERICANO DE COMERCIO EXTERIOR - IPLACEX;Institutos Profesionales;102;PEDAGOGIA EN EDUCACION MEDIA TECNICO PROFESIONAL;Profesional Sin Licenciatura;Educación;No Presencial;A Distancia;No presencial;Resto IP+CFT;12
c581e17536eae2f3c859090b9d15b34f;2011;152;IP LATINOAMERICANO DE COMERCIO EXTERIOR - IPLACEX;Institutos Profesionales;21;PSICOPEDAGOGIA;Profesional Sin Licenciatura;Educación;No Presencial;A Distancia;No presencial;Resto IP+CFT;36
59111f737e5a6014e8e04da88a6a4157;2011;152;IP LATINOAMERICANO DE COMERCIO EXTERIOR - IPLACEX;Institutos Profesionales;23;TECNICO JURIDICO;Técnico de Nivel Superior;Derecho;No Presencial;A Distancia;No presencial;Resto IP+CFT;11
11d101dea4dbc37ac28e1f9176890591;2011;152;IP LATINOAMERICANO DE COMERCIO EXTERIOR - IPLACEX;Institutos Profesionales;41;TRABAJO SOCIAL;Profesional Sin Licenciatura;Ciencias Sociales;No Presencial;A Distancia;No presencial;Resto IP+CFT;10
2fb6030b081a7dfb0ce77bb98409a0b7;2011;106;IP PROVIDENCIA;Institutos Profesionales;10;CONTADOR AUDITOR;Profesional Sin Licenciatura;Administración y Comercio;Semipresencial;Semipresencial;Semipresencial;Resto IP+CFT;78
0b7069607c6a303130ac644a7ed0096d;2011;106;IP PROVIDENCIA;Institutos Profesionales;64;CONTADOR GENERAL;Técnico de Nivel Superior;Administración y Comercio;Semipresencial;Semipresencial;Semipresencial;Resto IP+CFT;23
2a47d81cdd4543b158a4e85249b11524;2011;106;IP PROVIDENCIA;Institutos Profesionales;46;INGENIERIA EN ADMINISTRACION MENCION MARKETING O FINANZAS;Profesional Sin Licenciatura;Administración y Comercio;Semipresencial;Semipresencial;Semipresencial;Resto IP+CFT;189
081134369451e2a57c98e8bb6ef09be0;2011;106;IP PROVIDENCIA;Institutos Profesionales;20;SERVICIO SOCIAL;Profesional Sin Licenciatura;Ciencias Sociales;Semipresencial;Semipresencial;Semipresencial;Resto IP+CFT;132
226f7bef4aed64093ae1f938239ebf44;2011;106;IP PROVIDENCIA;Institutos Profesionales;67;TECNICO DE NIVEL SUPERIOR EN ADMINISTRACION DE EMPRESAS;Técnico de Nivel Superior;Administración y Comercio;Semipresencial;Semipresencial;Semipresencial;Resto IP+CFT;80
6a47c87b0c0383ca721a6d245c1b47c3;2012;221;CFT DUOC UC;Centros de Formación Técnica;50;ADMINISTRACION DE EMPRESAS MENCION MARKETING.PEV;Técnico de Nivel Superior;Administración y Comercio;Semipresencial;Vespertina;Semipresencial;Resto IP+CFT;169
1c16a06f21d38f7a18973ab0e19e8846;2012;221;CFT DUOC UC;Centros de Formación Técnica;63;ADMINISTRACION DE RECURSOS HUMANOS.PEV;Técnico de Nivel Superior;Administración y Comercio;Semipresencial;Vespertina;Semipresencial;Resto IP+CFT;240
7dcd542df4f49c14548e2cf2438fc6c6;2012;221;CFT DUOC UC;Centros de Formación Técnica;51;ADMINISTRACION FINANCIERA.PEV;Técnico de Nivel Superior;Administración y Comercio;Semipresencial;Vespertina;Semipresencial;Resto IP+CFT;104
f3bd2aaca816834a02c0e077be335def;2012;221;CFT DUOC UC;Centros de Formación Técnica;64;COMERCIO EXTERIOR.PEV;Técnico de Nivel Superior;Administración y Comercio;Semipresencial;Vespertina;Semipresencial;Resto IP+CFT;69
6ba9a3f2313eec92c3aa29aae670ff8b;2012;221;CFT DUOC UC;Centros de Formación Técnica;52;CONTABILIDAD GENERAL MENCION LEGISLACION TRIBUTARIA.PEV;Técnico de Nivel Superior;Administración y Comercio;Semipresencial;Vespertina;Semipresencial;Resto IP+CFT;140
8ea98b298f77aba913949135a18abd1d;2012;221;CFT DUOC UC;Centros de Formación Técnica;113;TECNICO EN GESTION LOGISTICA.PEV;Técnico de Nivel Superior;Administración y Comercio;Semipresencial;Vespertina;Semipresencial;Resto IP+CFT;140
c35a76e839c0f2e67ff7f551039f3e68;2012;221;CFT DUOC UC;Centros de Formación Técnica;139;TECNICO EN PREVENCION DE RIESGOS.PEV;Técnico de Nivel Superior;Tecnología;Semipresencial;Vespertina;Semipresencial;Resto IP+CFT;30
94bb320b403d105480efedcb2f1f860f;2012;221;CFT DUOC UC;Centros de Formación Técnica;136;TECNICO EN SERVICIOS FINANCIEROS Y BANCARIOS.PEV;Técnico de Nivel Superior;Administración y Comercio;Semipresencial;Vespertina;Semipresencial;Resto IP+CFT;33
0b267775ae286d3dd78e88a7b22738ee;2012;214;CFT INSTITUTO CENTRAL DE CAPACITACION EDUCACIONAL ICCE;Centros de Formación Técnica;28;ADMINISTRACION DE EMPRESAS;Técnico de Nivel Superior;Administración y Comercio;No Presencial;A Distancia;No presencial;Resto IP+CFT;4
c2cf2cdd5aa30a266046b8527438f16b;2012;214;CFT INSTITUTO CENTRAL DE CAPACITACION EDUCACIONAL ICCE;Centros de Formación Técnica;100;ADMINISTRACION PUBLICA;Técnico de Nivel Superior;Ciencias Sociales;No Presencial;A Distancia;No presencial;Resto IP+CFT;3
f97a7426eaf305e68b8a9b287e5fe777;2012;214;CFT INSTITUTO CENTRAL DE CAPACITACION EDUCACIONAL ICCE;Centros de Formación Técnica;8;CONTABILIDAD GENERAL;Técnico de Nivel Superior;Administración y Comercio;No Presencial;A Distancia;No presencial;Resto IP+CFT;2
5bb1842f3b8591945e3afa9b55556191;2012;214;CFT INSTITUTO CENTRAL DE CAPACITACION EDUCACIONAL ICCE;Centros de Formación Técnica;102;PREVENCION DE RIESGOS;Técnico de Nivel Superior;Tecnología;Semipresencial;Vespertina;Semipresencial;Resto IP+CFT;1
a826c5bf47dfa340c29f5a2032fbfee2;2012;214;CFT INSTITUTO CENTRAL DE CAPACITACION EDUCACIONAL ICCE;Centros de Formación Técnica;103;TECNICO EN LOGISTICA;Técnico de Nivel Superior;Administración y Comercio;Semipresencial;Diurna;Semipresencial;Resto IP+CFT;2
7d95d5f92cde1759999118c61ad5e696;2012;214;CFT INSTITUTO CENTRAL DE CAPACITACION EDUCACIONAL ICCE;Centros de Formación Técnica;22;TECNICO JURIDICO;Técnico de Nivel Superior;Derecho;Semipresencial;Semipresencial;Semipresencial;Resto IP+CFT;2
f6e3c524df101cd3bdc4c577dcecd00d;2012;214;CFT INSTITUTO CENTRAL DE CAPACITACION EDUCACIONAL ICCE;Centros de Formación Técnica;22;TECNICO JURIDICO;Técnico de Nivel Superior;Derecho;No Presencial;A Distancia;No presencial;Resto IP+CFT;8
20d5b3fe976d2c0425f6568fd46622ba;2012;183;IP CARLOS CASANUEVA;Institutos Profesionales;9;TECNICO EN BIBLIOTECOLOGIA Y CENTROS DE INFORMACION;Técnico de Nivel Superior;Humanidades;Semipresencial;Semipresencial;Semipresencial;Resto IP+CFT;37
f4ae344e21b435994c673df4daf5ea38;2012;176;IP DEL VALLE CENTRAL;Institutos Profesionales;271;CONTADOR GENERAL;Técnico de Nivel Superior;Administración y Comercio;Semipresencial;Semipresencial;Semipresencial;Resto IP+CFT;5
263743e1ea496bb33b5ff82828a8abb6;2012;176;IP DEL VALLE CENTRAL;Institutos Profesionales;545;INGENIERIA DE EJECUCION EN ADMINISTRACION DE EMPRESAS;Profesional Sin Licenciatura;Administración y Comercio;Semipresencial;Semipresencial;Semipresencial;Resto IP+CFT;10
d703c9b5e8480dff4ab8e4d1dcf101e5;2012;176;IP DEL VALLE CENTRAL;Institutos Profesionales;570;INGENIERIA DE EJECUCION EN ADMINISTRACION PUBLICA;Profesional Sin Licenciatura;Ciencias Sociales;Semipresencial;Semipresencial;Semipresencial;Resto IP+CFT;16
150a4cbed2c1dc95584deca346638fad;2012;176;IP DEL VALLE CENTRAL;Institutos Profesionales;42;PSICOPEDAGOGIA;Profesional Sin Licenciatura;Educación;Semipresencial;Semipresencial;Semipresencial;Resto IP+CFT;46
d718d84ebaec62cc56b2812abf1cf99c;2012;176;IP DEL VALLE CENTRAL;Institutos Profesionales;115;TECNICO DE NIVEL SUPERIOR EN ADMINISTRACION DE EMPRESAS MENCION EN RECURSOS HUMANOS;Técnico de Nivel Superior;Administración y Comercio;Semipresencial;Semipresencial;Semipresencial;Resto IP+CFT;61
76065048044f38e16b2cf47574da16c5;2012;176;IP DEL VALLE CENTRAL;Institutos Profesionales;41;TECNICO DE NIVEL SUPERIOR EN EDUCACION PARVULARIA;Técnico de Nivel Superior;Educación;Semipresencial;Semipresencial;Semipresencial;Resto IP+CFT;39
7f372b59d17e77e7c1a2b1f36f7ab249;2012;176;IP DEL VALLE CENTRAL;Institutos Profesionales;40;TECNICO DE NIVEL SUPERIOR EN TRABAJO SOCIAL;Técnico de Nivel Superior;Ciencias Sociales;Semipresencial;Semipresencial;Semipresencial;Resto IP+CFT;26
ca3743672c172b4bf11df6a58bf96aff;2012;176;IP DEL VALLE CENTRAL;Institutos Profesionales;3;TRABAJO SOCIAL;Profesional Sin Licenciatura;Ciencias Sociales;Semipresencial;Semipresencial;Semipresencial;Resto IP+CFT;39
69f76dc66827c17d7a2596573ed75011;2012;176;IP DEL VALLE CENTRAL;Institutos Profesionales;200;TRABAJO SOCIAL (CONTINUIDAD);Profesional Sin Licenciatura;Ciencias Sociales;Semipresencial;Semipresencial;Semipresencial;Resto IP+CFT;13
6988bf38ac836957fcf8499b8292d476;2012;120;IP DIEGO PORTALES;Institutos Profesionales;101;CONTADOR AUDITOR A DISTANCIA;Profesional Sin Licenciatura;Administración y Comercio;No Presencial;A Distancia;No presencial;Resto IP+CFT;24
9c7736c326e1cb13af8138feaf44dd7e;2012;120;IP DIEGO PORTALES;Institutos Profesionales;104;INGENIERIA EN ADMINISTRACION DE EMPRESAS A DISTANCIA;Profesional Sin Licenciatura;Administración y Comercio;No Presencial;A Distancia;No presencial;Resto IP+CFT;31
31b926d4c3bab97a641438a29ebf871a;2012;120;IP DIEGO PORTALES;Institutos Profesionales;105;INGENIERIA EN PREVENCION DE RIESGOS A DISTANCIA;Profesional Sin Licenciatura;Tecnología;No Presencial;A Distancia;No presencial;Resto IP+CFT;129
1ccec8c4285e17080c6a41821b5c34d4;2012;120;IP DIEGO PORTALES;Institutos Profesionales;114;SERVICIO SOCIAL A DISTANCIA;Profesional Sin Licenciatura;Ciencias Sociales;No Presencial;A Distancia;No presencial;Resto IP+CFT;37
bf79dd9868b61fe169cab31d2bba230e;2012;111;IP DUOC UC;Institutos Profesionales;285;ADMINISTRACION DE EMPRESAS MENCION MARKETING.PEV;Técnico de Nivel Superior;Administración y Comercio;Semipresencial;Vespertina;Semipresencial;Resto IP+CFT;230
e11fca0b85c41278ff85009dd907a251;2012;111;IP DUOC UC;Institutos Profesionales;278;ADMINISTRACION DE RECURSOS HUMANOS.PEV;Técnico de Nivel Superior;Administración y Comercio;Semipresencial;Vespertina;Semipresencial;Resto IP+CFT;463
7dd2c0b4adcaa1acae9e079cb9162663;2012;111;IP DUOC UC;Institutos Profesionales;144;ADMINISTRACION DE VENTAS.PEV;Técnico de Nivel Superior;Administración y Comercio;Semipresencial;Vespertina;Semipresencial;Resto IP+CFT;49
3300704812672a194941fb3a2365c94a;2012;111;IP DUOC UC;Institutos Profesionales;259;ADMINISTRACION FINANCIERA.PEV;Técnico de Nivel Superior;Administración y Comercio;Semipresencial;Vespertina;Semipresencial;Resto IP+CFT;253
7b0a4e65e57652b4a5188ad882040db3;2012;111;IP DUOC UC;Institutos Profesionales;202;COMERCIO EXTERIOR.PEV;Técnico de Nivel Superior;Administración y Comercio;Semipresencial;Vespertina;Semipresencial;Resto IP+CFT;76
ffb384841c9053107311c1e8b0021a98;2012;111;IP DUOC UC;Institutos Profesionales;204;CONTABILIDAD GENERAL MENCION LEGISLACION TRIBUTARIA.PEV;Técnico de Nivel Superior;Administración y Comercio;Semipresencial;Vespertina;Semipresencial;Resto IP+CFT;62
c3b1d34e7fa7aa59ec0172f555268279;2012;111;IP DUOC UC;Institutos Profesionales;281;INGENIERIA EN ADMINISTRACION DE RECURSOS HUMANOS.PEV;Profesional Sin Licenciatura;Administración y Comercio;Semipresencial;Vespertina;Semipresencial;Resto IP+CFT;146
5e42e38ce5b06635fe292bfc6f9f948b;2012;111;IP DUOC UC;Institutos Profesionales;139;INGENIERIA EN ADMINISTRACION.PEV;Profesional Sin Licenciatura;Administración y Comercio;Semipresencial;Vespertina;Semipresencial;Resto IP+CFT;131
cc1ad73355270aee4ad7b2bdeacb920f;2012;111;IP DUOC UC;Institutos Profesionales;282;INGENIERIA EN GESTION COMERCIAL.PEV;Profesional Sin Licenciatura;Administración y Comercio;Semipresencial;Vespertina;Semipresencial;Resto IP+CFT;39
c3702eb65d52348c1d9001adc76a8476;2012;111;IP DUOC UC;Institutos Profesionales;141;INGENIERIA EN MARKETING.PEV;Profesional Sin Licenciatura;Administración y Comercio;Semipresencial;Vespertina;Semipresencial;Resto IP+CFT;58
37ac6ecab7f2226a97d8820d2c8ed93a;2012;111;IP DUOC UC;Institutos Profesionales;309;TECNICO EN GESTION LOGISTICA.PEV;Técnico de Nivel Superior;Administración y Comercio;Semipresencial;Vespertina;Semipresencial;Resto IP+CFT;68
8c6eb00a0d1d16ff1bd3ceef6abf1ee6;2012;111;IP DUOC UC;Institutos Profesionales;124;TECNICO EN PREVENCION DE RIESGOS.PEV;Técnico de Nivel Superior;Tecnología;Semipresencial;Vespertina;Semipresencial;Resto IP+CFT;703
ce5c61938c116eaf6cb5e50e49fd2638;2012;148;IP HOGAR CATEQUISTICO;Institutos Profesionales;11;MENCION EN RELIGION PARA LA EDUCACION BASICA;Profesional Sin Licenciatura;Educación;Semipresencial;Otra;Semipresencial;Resto IP+CFT;19
cd50e5fcc74db9e90a73cd0850a83e0c;2012;117;IP IACC;Institutos Profesionales;30;CONTABILIDAD GENERAL;Técnico de Nivel Superior;Administración y Comercio;No Presencial;A Distancia;No presencial;Resto IP+CFT;28
1776dd2f5997c5a403bad8a292d8344d;2012;117;IP IACC;Institutos Profesionales;2;INGENIERIA EN ADMINISTRACION DE EMPRESAS;Profesional Sin Licenciatura;Administración y Comercio;No Presencial;A Distancia;No presencial;Resto IP+CFT;37
a1716ad5026a7f10dd2d3065128e89c4;2012;117;IP IACC;Institutos Profesionales;28;INGENIERIA EN MARKETING;Profesional Sin Licenciatura;Administración y Comercio;No Presencial;A Distancia;No presencial;Resto IP+CFT;3
0c6a8d072a8373c5c636941cbd0ef72e;2012;117;IP IACC;Institutos Profesionales;27;INGENIERIA EN PREVENCION DE RIESGOS;Profesional Sin Licenciatura;Tecnología;No Presencial;A Distancia;No presencial;Resto IP+CFT;78
d79015df2ba412647835cd6ad0b9af31;2012;117;IP IACC;Institutos Profesionales;29;INGENIERIA EN RECURSOS HUMANOS;Profesional Sin Licenciatura;Administración y Comercio;No Presencial;A Distancia;No presencial;Resto IP+CFT;25
e8afb3dd45c86d1fa093ad3df09c1261;2012;117;IP IACC;Institutos Profesionales;31;TECNICO EN ADMINISTRACION PUBLICA;Técnico de Nivel Superior;Ciencias Sociales;No Presencial;A Distancia;No presencial;Resto IP+CFT;9
ea1754b3a547ab9628d70fc7b64fc636;2012;117;IP IACC;Institutos Profesionales;32;TECNICO EN RELACIONES PUBLICAS Y COMUNICACIONES;Técnico de Nivel Superior;Ciencias Sociales;No Presencial;A Distancia;No presencial;Resto IP+CFT;15
4f76541b6eb39a42c17aa75ba6169499;2012;117;IP IACC;Institutos Profesionales;1;TECNICO SUPERIOR EN ADMINISTRACION DE EMPRESAS;Técnico de Nivel Superior;Administración y Comercio;No Presencial;A Distancia;No presencial;Resto IP+CFT;264
3545ac9437821f37bfac4818a8d3c26b;2012;117;IP IACC;Institutos Profesionales;16;TECNICO SUPERIOR EN COMERCIO INTERNACIONAL;Técnico de Nivel Superior;Administración y Comercio;No Presencial;A Distancia;No presencial;Resto IP+CFT;7
172e9e85e076fb8415769fa2f6790414;2012;117;IP IACC;Institutos Profesionales;17;TECNICO SUPERIOR EN INFORMATICA;Técnico de Nivel Superior;Tecnología;No Presencial;A Distancia;No presencial;Resto IP+CFT;49
770af93f607856f3c1153d44d3bab2ec;2012;152;IP LATINOAMERICANO DE COMERCIO EXTERIOR - IPLACEX;Institutos Profesionales;15;ADMINISTRACION DE EMPRESAS, MENCION FINANZAS;Técnico de Nivel Superior;Administración y Comercio;No Presencial;A Distancia;No presencial;Resto IP+CFT;40
aba0e1129fdc302655edb61aee230096;2012;152;IP LATINOAMERICANO DE COMERCIO EXTERIOR - IPLACEX;Institutos Profesionales;100;ADMINISTRACION PUBLICA, MENCION GESTION Y DESARROLLO REGIONAL Y LOCAL;Profesional Sin Licenciatura;Ciencias Sociales;No Presencial;A Distancia;No presencial;Resto IP+CFT;13
153a3f6cdb62521f874615a2b493708d;2012;152;IP LATINOAMERICANO DE COMERCIO EXTERIOR - IPLACEX;Institutos Profesionales;9;AUDITORIA;Profesional Sin Licenciatura;Administración y Comercio;No Presencial;A Distancia;No presencial;Resto IP+CFT;14
3794e547be7a584d47c3779f08965d45;2012;152;IP LATINOAMERICANO DE COMERCIO EXTERIOR - IPLACEX;Institutos Profesionales;16;CONTABILIDAD MENCION AUDITORIA;Técnico de Nivel Superior;Administración y Comercio;No Presencial;A Distancia;No presencial;Resto IP+CFT;11
bd00dfdf471e35fad9616f0857bb48e0;2012;152;IP LATINOAMERICANO DE COMERCIO EXTERIOR - IPLACEX;Institutos Profesionales;0;EDUCADOR ASISTENTE EN EDUCACION DE PARVULOS;Técnico de Nivel Superior;Educación;No Presencial;A Distancia;No presencial;Resto IP+CFT;32
4c4001c8965fc810fbccc6eec5351186;2012;152;IP LATINOAMERICANO DE COMERCIO EXTERIOR - IPLACEX;Institutos Profesionales;24;EDUCADOR ASISTENTE EN EDUCACION ESPECIAL Y DIFERENCIAL;Técnico de Nivel Superior;Educación;No Presencial;A Distancia;No presencial;Resto IP+CFT;28
cf1cf668be842aab677a21f0cb18cfe9;2012;152;IP LATINOAMERICANO DE COMERCIO EXTERIOR - IPLACEX;Institutos Profesionales;107;INGENIERIA EN ADMINISTRACION DE EMPRESAS;Profesional Sin Licenciatura;Administración y Comercio;No Presencial;A Distancia;No presencial;Resto IP+CFT;17
f949e4e65bfe976e70d332fc9d3543b8;2012;152;IP LATINOAMERICANO DE COMERCIO EXTERIOR - IPLACEX;Institutos Profesionales;102;PEDAGOGIA EN EDUCACION MEDIA TECNICO PROFESIONAL;Profesional Sin Licenciatura;Educación;No Presencial;A Distancia;No presencial;Resto IP+CFT;7
1f83785fbfe2a80b27dba3475bc8aad9;2012;152;IP LATINOAMERICANO DE COMERCIO EXTERIOR - IPLACEX;Institutos Profesionales;21;PSICOPEDAGOGIA;Profesional Sin Licenciatura;Educación;No Presencial;A Distancia;No presencial;Resto IP+CFT;45
2a54efe0623b01b97f04282a2ace4db9;2012;152;IP LATINOAMERICANO DE COMERCIO EXTERIOR - IPLACEX;Institutos Profesionales;23;TECNICO JURIDICO;Técnico de Nivel Superior;Derecho;No Presencial;A Distancia;No presencial;Resto IP+CFT;4
32668ec664553aa833cc01669e3c0073;2012;152;IP LATINOAMERICANO DE COMERCIO EXTERIOR - IPLACEX;Institutos Profesionales;41;TRABAJO SOCIAL;Profesional Sin Licenciatura;Ciencias Sociales;No Presencial;A Distancia;No presencial;Resto IP+CFT;28
f8534469b66d15ff60176bf9899c589b;2012;106;IP PROVIDENCIA;Institutos Profesionales;10;CONTADOR AUDITOR;Profesional Sin Licenciatura;Administración y Comercio;Semipresencial;Semipresencial;Semipresencial;Resto IP+CFT;82
c9a970273e18b96a8b21921b41fd4fc5;2012;106;IP PROVIDENCIA;Institutos Profesionales;64;CONTADOR GENERAL;Técnico de Nivel Superior;Administración y Comercio;Semipresencial;Semipresencial;Semipresencial;Resto IP+CFT;47
0c38210dfe2bac4ea1369d9cd1f92d3f;2012;106;IP PROVIDENCIA;Institutos Profesionales;46;INGENIERIA EN ADMINISTRACION MENCION MARKETING O FINANZAS;Profesional Sin Licenciatura;Administración y Comercio;Semipresencial;Semipresencial;Semipresencial;Resto IP+CFT;134
b6adacc65e6a397011f0d141ee6ba343;2012;106;IP PROVIDENCIA;Institutos Profesionales;241;INGENIERIA EN COMERCIO INTERNACIONAL;Profesional Sin Licenciatura;Administración y Comercio;Semipresencial;Semipresencial;Semipresencial;Resto IP+CFT;15
daf9a1d8779993190a4dc50ad3e4e851;2012;106;IP PROVIDENCIA;Institutos Profesionales;242;INGENIERIA EN GESTION DE RECURSOS HUMANOS;Profesional Sin Licenciatura;Administración y Comercio;Semipresencial;Semipresencial;Semipresencial;Resto IP+CFT;59
b9859672f352f758166f531e01156d8c;2012;106;IP PROVIDENCIA;Institutos Profesionales;20;SERVICIO SOCIAL;Profesional Sin Licenciatura;Ciencias Sociales;Semipresencial;Semipresencial;Semipresencial;Resto IP+CFT;121
f41f057f7f6bbb47ed8de78ca1271dc2;2012;106;IP PROVIDENCIA;Institutos Profesionales;67;TECNICO DE NIVEL SUPERIOR EN ADMINISTRACION DE EMPRESAS;Técnico de Nivel Superior;Administración y Comercio;Semipresencial;Semipresencial;Semipresencial;Resto IP+CFT;90
ece9ec6518efa3679eeb22555f2b894a;2012;106;IP PROVIDENCIA;Institutos Profesionales;230;TECNICO DE NIVEL SUPERIOR EN GESTION DE MARKETING;Técnico de Nivel Superior;Administración y Comercio;Semipresencial;Semipresencial;Semipresencial;Resto IP+CFT;13
c17192d88655b496a1f0815a23b905de;2012;106;IP PROVIDENCIA;Institutos Profesionales;227;TECNICO DE NIVEL SUPERIOR EN GESTION DE RECURSOS HUMANOS;Técnico de Nivel Superior;Administración y Comercio;Semipresencial;Semipresencial;Semipresencial;Resto IP+CFT;54
24b7833f83425de98032cf5005296081;2012;106;IP PROVIDENCIA;Institutos Profesionales;243;TECNICO DE NIVEL SUPERIOR EN GESTION FINANCIERA;Técnico de Nivel Superior;Administración y Comercio;Semipresencial;Semipresencial;Semipresencial;Resto IP+CFT;13
630f6fe6b4143c4328e9751450babd57;2012;106;IP PROVIDENCIA;Institutos Profesionales;229;TECNICO DE NIVEL SUPERIOR EN GESTION FINANCIERA;Técnico de Nivel Superior;Administración y Comercio;Semipresencial;Semipresencial;Semipresencial;Resto IP+CFT;3
3a804eca34fce936ba6d36c064be68ff;2012;106;IP PROVIDENCIA;Institutos Profesionales;244;TECNICO DE NIVEL SUPERIOR EN GESTION JUDICIAL;Técnico de Nivel Superior;Derecho;Semipresencial;Semipresencial;Semipresencial;Resto IP+CFT;33
2c59369785984fb81d2d2de8a32e810d;2012;106;IP PROVIDENCIA;Institutos Profesionales;231;TECNICO EN COMERCIO EXTERIOR DE NIVEL SUPERIOR;Técnico de Nivel Superior;Administración y Comercio;Semipresencial;Semipresencial;Semipresencial;Resto IP+CFT;8
1a7c300679f2f1bdaf648893e33d12fb;2013;236;CFT CENTRO TECNOLOGICO SUPERIOR INFOMED;Centros de Formación Técnica;5;TECNICO EN OPTICA CON MENCION EN CONTACTOLOGIA;Técnico de Nivel Superior;Salud;Semipresencial;Semipresencial;Semipresencial;Resto IP+CFT;10
77f1f9d4652a53d1e42f0bc0fa17d417;2013;221;CFT DUOC UC;Centros de Formación Técnica;50;ADMINISTRACION DE EMPRESAS MENCION MARKETING.PEV;Técnico de Nivel Superior;Administración y Comercio;Semipresencial;Vespertina;Semipresencial;Resto IP+CFT;180
f0d49da8d55f9a75073986e9cb936f24;2013;221;CFT DUOC UC;Centros de Formación Técnica;63;ADMINISTRACION DE RECURSOS HUMANOS.PEV;Técnico de Nivel Superior;Administración y Comercio;Semipresencial;Vespertina;Semipresencial;Resto IP+CFT;258
0c1a8fed4044fd5356d64017a98dec5c;2013;221;CFT DUOC UC;Centros de Formación Técnica;51;ADMINISTRACION FINANCIERA.PEV;Técnico de Nivel Superior;Administración y Comercio;Semipresencial;Vespertina;Semipresencial;Resto IP+CFT;111
942e0a6cfbcbfbf283591c17d581db97;2013;221;CFT DUOC UC;Centros de Formación Técnica;64;COMERCIO EXTERIOR.PEV;Técnico de Nivel Superior;Administración y Comercio;Semipresencial;Vespertina;Semipresencial;Resto IP+CFT;75
8e44dea4abf4105e0c2637ac03da306c;2013;221;CFT DUOC UC;Centros de Formación Técnica;52;CONTABILIDAD GENERAL MENCION LEGISLACION TRIBUTARIA.PEV;Técnico de Nivel Superior;Administración y Comercio;Semipresencial;Vespertina;Semipresencial;Resto IP+CFT;156
b221baebee419a12d8569dc314cab4b9;2013;221;CFT DUOC UC;Centros de Formación Técnica;113;TECNICO EN GESTION LOGISTICA.PEV;Técnico de Nivel Superior;Administración y Comercio;Semipresencial;Vespertina;Semipresencial;Resto IP+CFT;151
85acd49c1efc0d284faa6e79e2875e6f;2013;221;CFT DUOC UC;Centros de Formación Técnica;139;TECNICO EN PREVENCION DE RIESGOS.PEV;Técnico de Nivel Superior;Tecnología;Semipresencial;Vespertina;Semipresencial;Resto IP+CFT;32
39e504693fc81a874b7abc01ab726905;2013;221;CFT DUOC UC;Centros de Formación Técnica;136;TECNICO EN SERVICIOS FINANCIEROS Y BANCARIOS.PEV;Técnico de Nivel Superior;Administración y Comercio;Semipresencial;Vespertina;Semipresencial;Resto IP+CFT;36
ba3bbf04c2172055fa59cd2a96d5ed55;2013;430;CFT INACAP;Centros de Formación Técnica;51;ADMINISTRACION DE EMPRESAS MENCION FINANZAS;Técnico de Nivel Superior;Administración y Comercio;Semipresencial;Vespertina;Semipresencial;Resto IP+CFT;47
572785db63fe65f19721730a994f6ea7;2013;430;CFT INACAP;Centros de Formación Técnica;176;ADMINISTRACION DE EMPRESAS MENCION GESTION DE PERSONAS;Técnico de Nivel Superior;Administración y Comercio;Semipresencial;Vespertina;Semipresencial;Resto IP+CFT;34
c9216f86c9cb9474a878e9fbbecf3a82;2013;430;CFT INACAP;Centros de Formación Técnica;42;ANALISTA PROGRAMADOR;Técnico de Nivel Superior;Tecnología;Semipresencial;Vespertina;Semipresencial;Resto IP+CFT;22
1a1b7706c65fb0495f119af1d02276b5;2013;214;CFT INSTITUTO CENTRAL DE CAPACITACION EDUCACIONAL ICCE;Centros de Formación Técnica;28;ADMINISTRACION DE EMPRESAS;Técnico de Nivel Superior;Administración y Comercio;No Presencial;A Distancia;No presencial;Resto IP+CFT;1
e8d80366e4fe26226261ebf421ec0bb6;2013;214;CFT INSTITUTO CENTRAL DE CAPACITACION EDUCACIONAL ICCE;Centros de Formación Técnica;100;ADMINISTRACION PUBLICA;Técnico de Nivel Superior;Ciencias Sociales;No Presencial;A Distancia;No presencial;Resto IP+CFT;1
31146c23ee29bc29f3c4ea1bbcfc294f;2013;214;CFT INSTITUTO CENTRAL DE CAPACITACION EDUCACIONAL ICCE;Centros de Formación Técnica;8;CONTABILIDAD GENERAL;Técnico de Nivel Superior;Administración y Comercio;No Presencial;A Distancia;No presencial;Resto IP+CFT;2
fe8672b2f42c9b699541c5c3ada69ce9;2013;214;CFT INSTITUTO CENTRAL DE CAPACITACION EDUCACIONAL ICCE;Centros de Formación Técnica;22;TECNICO JURIDICO;Técnico de Nivel Superior;Derecho;No Presencial;A Distancia;No presencial;Resto IP+CFT;1
932448ca42f7791a23269759646b35d2;2013;143;IP AIEP;Institutos Profesionales;111;INGENIERIA DE EJECUCION EN ADMINISTRACION DE EMPRESAS MENCION FINANZAS;Profesional Sin Licenciatura;Administración y Comercio;Semipresencial;Semipresencial;Semipresencial;Resto IP+CFT;45
8d346ae8f7f40f2fe97a51376feb5117;2013;143;IP AIEP;Institutos Profesionales;112;INGENIERIA DE EJECUCION EN ADMINISTRACION DE EMPRESAS MENCION MARKETING;Profesional Sin Licenciatura;Administración y Comercio;Semipresencial;Semipresencial;Semipresencial;Resto IP+CFT;29
0dfe986dd337d8efa36c1e50492ba461;2013;143;IP AIEP;Institutos Profesionales;113;INGENIERIA DE EJECUCION EN ADMINISTRACION DE EMPRESAS MENCION RECURSOS HUMANOS;Profesional Sin Licenciatura;Administración y Comercio;Semipresencial;Semipresencial;Semipresencial;Resto IP+CFT;41
0961de2083845d58800f5cc8b9f90024;2013;143;IP AIEP;Institutos Profesionales;219;INGENIERIA DE EJECUCION EN INFORMATICA MENCION DESARROLLO DE SISTEMAS;Profesional Sin Licenciatura;Tecnología;Semipresencial;Semipresencial;Semipresencial;Resto IP+CFT;21
206343eff9a359987ac2ad301177cca6;2013;143;IP AIEP;Institutos Profesionales;94;PROGRAMACION COMPUTACIONAL;Técnico de Nivel Superior;Tecnología;Semipresencial;Semipresencial;Semipresencial;Resto IP+CFT;18
9f4b42d56a7924ba1777e042ea0956a1;2013;143;IP AIEP;Institutos Profesionales;17;PROGRAMACION Y ANALISIS DE SISTEMAS;Técnico de Nivel Superior;Tecnología;Semipresencial;Semipresencial;Semipresencial;Resto IP+CFT;23
3fa88225dda56f1e539dd85a14e400aa;2013;143;IP AIEP;Institutos Profesionales;115;TECNICO EN ADMINISTRACION DE EMPRESAS MENCION FINANZAS;Técnico de Nivel Superior;Administración y Comercio;Semipresencial;Semipresencial;Semipresencial;Resto IP+CFT;78
cb569f869ebb398133d1001594f30ada;2013;143;IP AIEP;Institutos Profesionales;117;TECNICO EN ADMINISTRACION DE EMPRESAS MENCION MARKETING;Técnico de Nivel Superior;Administración y Comercio;Semipresencial;Semipresencial;Semipresencial;Resto IP+CFT;65
b9e9d6013a107ac669dcfbedbac64c7d;2013;143;IP AIEP;Institutos Profesionales;118;TECNICO EN ADMINISTRACION DE EMPRESAS MENCION RECURSOS HUMANOS;Técnico de Nivel Superior;Administración y Comercio;Semipresencial;Semipresencial;Semipresencial;Resto IP+CFT;98
c1474104b10a46f5a519f5461e9a121a;2013;183;IP CARLOS CASANUEVA;Institutos Profesionales;9;TECNICO EN BIBLIOTECOLOGIA Y CENTROS DE INFORMACION;Técnico de Nivel Superior;Humanidades;Semipresencial;Semipresencial;Semipresencial;Resto IP+CFT;53
bff6cd7c474ec1b7ad3136b94553752a;2013;123;IP DE CHILE;Institutos Profesionales;49;CONTABILIDAD GENERAL;Técnico de Nivel Superior;Administración y Comercio;Semipresencial;Semipresencial;Semipresencial;Resto IP+CFT;6
1c19c4807c0bad0bf4f99b934406b085;2013;123;IP DE CHILE;Institutos Profesionales;55;TECNICO EN COMERCIO EXTERIOR;Técnico de Nivel Superior;Administración y Comercio;Semipresencial;Semipresencial;Semipresencial;Resto IP+CFT;1
77cabeecc27076dde4cb209fc8166922;2013;123;IP DE CHILE;Institutos Profesionales;127;TECNICO EN MINERIA;Técnico de Nivel Superior;Tecnología;Semipresencial;Semipresencial;Semipresencial;Resto IP+CFT;61
d204abad075729aa426b05dcfa99e5a7;2013;123;IP DE CHILE;Institutos Profesionales;18;TRABAJO SOCIAL;Profesional Sin Licenciatura;Ciencias Sociales;Semipresencial;Semipresencial;Semipresencial;Resto IP+CFT;8
af1b52477f6715263f609dbcde049c44;2013;176;IP DEL VALLE CENTRAL;Institutos Profesionales;577;AUDITORIA, CONTINUIDAD;Profesional Sin Licenciatura;Administración y Comercio;Semipresencial;Semipresencial;Semipresencial;Resto IP+CFT;1
843e854ecb4577e976a407d9eff101d2;2013;176;IP DEL VALLE CENTRAL;Institutos Profesionales;271;CONTADOR GENERAL;Técnico de Nivel Superior;Administración y Comercio;No Presencial;A Distancia;No presencial;Resto IP+CFT;15
35a9bb315e6f30d210254a9416b717d3;2013;176;IP DEL VALLE CENTRAL;Institutos Profesionales;545;INGENIERIA DE EJECUCION EN ADMINISTRACION DE EMPRESAS;Profesional Sin Licenciatura;Administración y Comercio;No Presencial;A Distancia;No presencial;Resto IP+CFT;3
0cd99ea6146ccf8d1d8fc43c5c33fdc2;2013;176;IP DEL VALLE CENTRAL;Institutos Profesionales;778;INGENIERIA DE EJECUCION EN ADMINISTRACION DE EMPRESAS, CONTINUIDAD;Profesional Sin Licenciatura;Administración y Comercio;Semipresencial;Semipresencial;Semipresencial;Resto IP+CFT;2
0f1ef44efbf1d7f2a5be19d60d62e37c;2013;176;IP DEL VALLE CENTRAL;Institutos Profesionales;778;INGENIERIA DE EJECUCION EN ADMINISTRACION DE EMPRESAS, CONTINUIDAD;Profesional Sin Licenciatura;Administración y Comercio;No Presencial;A Distancia;No presencial;Resto IP+CFT;1
d4e96bb1b5b75b0601cab6161fefbbed;2013;176;IP DEL VALLE CENTRAL;Institutos Profesionales;783;INGENIERIA DE EJECUCION EN ADMINISTRACION PUBLICA;Profesional Sin Licenciatura;Ciencias Sociales;No Presencial;A Distancia;No presencial;Resto IP+CFT;10
58edb740f4a77f96e66c09f9058bb213;2013;176;IP DEL VALLE CENTRAL;Institutos Profesionales;42;PSICOPEDAGOGIA;Profesional Sin Licenciatura;Educación;Semipresencial;Semipresencial;Semipresencial;Resto IP+CFT;85
a77a52989a5fc68a9e85f0d25c6ac6ec;2013;176;IP DEL VALLE CENTRAL;Institutos Profesionales;42;PSICOPEDAGOGIA;Profesional Sin Licenciatura;Educación;No Presencial;A Distancia;No presencial;Resto IP+CFT;17
2a8f4fc72125e4229a4e2a1a577f9d3e;2013;176;IP DEL VALLE CENTRAL;Institutos Profesionales;786;SERVICIO SOCIAL;Profesional Sin Licenciatura;Ciencias Sociales;Semipresencial;Semipresencial;Semipresencial;Resto IP+CFT;69
af0c730d523839777f9b18b1f71ebed9;2013;176;IP DEL VALLE CENTRAL;Institutos Profesionales;786;SERVICIO SOCIAL;Profesional Sin Licenciatura;Ciencias Sociales;No Presencial;A Distancia;No presencial;Resto IP+CFT;34
2587fadec47de19614a9cd671cae597b;2013;176;IP DEL VALLE CENTRAL;Institutos Profesionales;787;SERVICIO SOCIAL,CONTINUIDAD;Profesional Sin Licenciatura;Ciencias Sociales;No Presencial;A Distancia;No presencial;Resto IP+CFT;2
5c9fc8d77259033ed6e46ad4fcc05ed3;2013;176;IP DEL VALLE CENTRAL;Institutos Profesionales;115;TECNICO DE NIVEL SUPERIOR EN ADMINISTRACION DE EMPRESAS MENCION EN RECURSOS HUMANOS;Técnico de Nivel Superior;Administración y Comercio;No Presencial;A Distancia;No presencial;Resto IP+CFT;16
da65dd959b48a7e5efc10c9cb7c223a6;2013;176;IP DEL VALLE CENTRAL;Institutos Profesionales;115;TECNICO DE NIVEL SUPERIOR EN ADMINISTRACION DE EMPRESAS MENCION EN RECURSOS HUMANOS;Técnico de Nivel Superior;Administración y Comercio;Semipresencial;Semipresencial;Semipresencial;Resto IP+CFT;108
9cec15793371a21d0de306c24b81f6b3;2013;176;IP DEL VALLE CENTRAL;Institutos Profesionales;41;TECNICO DE NIVEL SUPERIOR EN EDUCACION PARVULARIA;Técnico de Nivel Superior;Educación;Semipresencial;Semipresencial;Semipresencial;Resto IP+CFT;152
f7319e1792e0b71222959833bd4f5c5a;2013;176;IP DEL VALLE CENTRAL;Institutos Profesionales;41;TECNICO DE NIVEL SUPERIOR EN EDUCACION PARVULARIA;Técnico de Nivel Superior;Educación;No Presencial;A Distancia;No presencial;Resto IP+CFT;32
53730345facab6c5a88be7da235b5309;2013;176;IP DEL VALLE CENTRAL;Institutos Profesionales;23;TECNICO DE NIVEL SUPERIOR EN PREVENCION DE RIESGOS;Técnico de Nivel Superior;Tecnología;No Presencial;A Distancia;No presencial;Resto IP+CFT;17
fff1f4f9f6e58fee05e0de67df238fd9;2013;176;IP DEL VALLE CENTRAL;Institutos Profesionales;23;TECNICO DE NIVEL SUPERIOR EN PREVENCION DE RIESGOS;Técnico de Nivel Superior;Tecnología;Semipresencial;Semipresencial;Semipresencial;Resto IP+CFT;23
604acfac50408c92ec98e99e84e5c198;2013;176;IP DEL VALLE CENTRAL;Institutos Profesionales;40;TECNICO DE NIVEL SUPERIOR EN TRABAJO SOCIAL;Técnico de Nivel Superior;Ciencias Sociales;No Presencial;A Distancia;No presencial;Resto IP+CFT;26
a33b3a6a2bfb9f46ba7c1cdb6536d65c;2013;176;IP DEL VALLE CENTRAL;Institutos Profesionales;40;TECNICO DE NIVEL SUPERIOR EN TRABAJO SOCIAL;Técnico de Nivel Superior;Ciencias Sociales;Semipresencial;Semipresencial;Semipresencial;Resto IP+CFT;54
c6d82ead9b779c34eee83fb24d1949e3;2013;120;IP DIEGO PORTALES;Institutos Profesionales;101;CONTADOR AUDITOR A DISTANCIA;Profesional Sin Licenciatura;Administración y Comercio;No Presencial;A Distancia;No presencial;Resto IP+CFT;21
cbb5e4db9424d1f0900d5112b94cd3ed;2013;120;IP DIEGO PORTALES;Institutos Profesionales;104;INGENIERIA EN ADMINISTRACION DE EMPRESAS A DISTANCIA;Profesional Sin Licenciatura;Administración y Comercio;No Presencial;A Distancia;No presencial;Resto IP+CFT;40
4a0a94d94a6ed0cd6b7515b66c229521;2013;120;IP DIEGO PORTALES;Institutos Profesionales;105;INGENIERIA EN PREVENCION DE RIESGOS A DISTANCIA;Profesional Sin Licenciatura;Tecnología;No Presencial;A Distancia;No presencial;Resto IP+CFT;73
ebd6d3cdb8eb7423a16ca13f434dea96;2013;120;IP DIEGO PORTALES;Institutos Profesionales;114;SERVICIO SOCIAL A DISTANCIA;Profesional Sin Licenciatura;Ciencias Sociales;No Presencial;A Distancia;No presencial;Resto IP+CFT;33
102339215d1be1fb26cf225e5c8535d0;2013;111;IP DUOC UC;Institutos Profesionales;285;ADMINISTRACION DE EMPRESAS MENCION MARKETING.PEV;Técnico de Nivel Superior;Administración y Comercio;Semipresencial;Vespertina;Semipresencial;Resto IP+CFT;277
cace10926c89b8ffe413bb2d6ad470ae;2013;111;IP DUOC UC;Institutos Profesionales;278;ADMINISTRACION DE RECURSOS HUMANOS.PEV;Técnico de Nivel Superior;Administración y Comercio;Semipresencial;Vespertina;Semipresencial;Resto IP+CFT;479
f5068d436bce491d4becb13b33b9c2ac;2013;111;IP DUOC UC;Institutos Profesionales;144;ADMINISTRACION DE VENTAS.PEV;Técnico de Nivel Superior;Administración y Comercio;Semipresencial;Vespertina;Semipresencial;Resto IP+CFT;61
4466844df6f5cdfd8dd68153ab1d6634;2013;111;IP DUOC UC;Institutos Profesionales;259;ADMINISTRACION FINANCIERA.PEV;Técnico de Nivel Superior;Administración y Comercio;Semipresencial;Vespertina;Semipresencial;Resto IP+CFT;360
5832220b4fb8203bf6d8e9a984eb51e2;2013;111;IP DUOC UC;Institutos Profesionales;410;AUDITORIA.PEV;Profesional Sin Licenciatura;Administración y Comercio;Semipresencial;Vespertina;Semipresencial;Resto IP+CFT;67
601c2a1959b9e440b14ab4185061ced3;2013;111;IP DUOC UC;Institutos Profesionales;202;COMERCIO EXTERIOR.PEV;Técnico de Nivel Superior;Administración y Comercio;Semipresencial;Vespertina;Semipresencial;Resto IP+CFT;137
2dd4feaca0612865a85b4054aa2ca43b;2013;111;IP DUOC UC;Institutos Profesionales;204;CONTABILIDAD GENERAL MENCION LEGISLACION TRIBUTARIA.PEV;Técnico de Nivel Superior;Administración y Comercio;Semipresencial;Vespertina;Semipresencial;Resto IP+CFT;142
fe00ff5ccbda4c0627b776a1fe424307;2013;111;IP DUOC UC;Institutos Profesionales;281;INGENIERIA EN ADMINISTRACION DE RECURSOS HUMANOS.PEV;Profesional Sin Licenciatura;Administración y Comercio;Semipresencial;Vespertina;Semipresencial;Resto IP+CFT;316
7a9abd18a7105a48c18886e93cb0ff1a;2013;111;IP DUOC UC;Institutos Profesionales;139;INGENIERIA EN ADMINISTRACION.PEV;Profesional Sin Licenciatura;Administración y Comercio;Semipresencial;Vespertina;Semipresencial;Resto IP+CFT;247
3acd076392841790970e183f39ff1f1b;2013;111;IP DUOC UC;Institutos Profesionales;282;INGENIERIA EN GESTION COMERCIAL.PEV;Profesional Sin Licenciatura;Administración y Comercio;Semipresencial;Vespertina;Semipresencial;Resto IP+CFT;71
e7d5652f3402eed86ba9f66f18ed115c;2013;111;IP DUOC UC;Institutos Profesionales;141;INGENIERIA EN MARKETING.PEV;Profesional Sin Licenciatura;Administración y Comercio;Semipresencial;Vespertina;Semipresencial;Resto IP+CFT;220
6f129aadffce6b7ae64bf627ddba32ec;2013;111;IP DUOC UC;Institutos Profesionales;309;TECNICO EN GESTION LOGISTICA.PEV;Técnico de Nivel Superior;Administración y Comercio;Semipresencial;Vespertina;Semipresencial;Resto IP+CFT;110
63c2b76efba302629434a3736359812b;2013;111;IP DUOC UC;Institutos Profesionales;124;TECNICO EN PREVENCION DE RIESGOS.PEV;Técnico de Nivel Superior;Tecnología;Semipresencial;Vespertina;Semipresencial;Resto IP+CFT;945
c9531e73b9a452886b9704a8b58436c9;2013;148;IP HOGAR CATEQUISTICO;Institutos Profesionales;11;MENCION EN RELIGION PARA LA EDUCACION BASICA;Profesional Sin Licenciatura;Educación;Semipresencial;Otra;Semipresencial;Resto IP+CFT;15
7d3b4950b19ccaf8601aabe6f47f6584;2013;117;IP IACC;Institutos Profesionales;30;CONTABILIDAD GENERAL;Técnico de Nivel Superior;Administración y Comercio;No Presencial;A Distancia;No presencial;Resto IP+CFT;35
c5545ad156a76bc27bdffcda9ba0bd19;2013;117;IP IACC;Institutos Profesionales;30;CONTABILIDAD GENERAL;Técnico de Nivel Superior;Administración y Comercio;Semipresencial;Semipresencial;Semipresencial;Resto IP+CFT;7
52b34a15925f4329148a86a359d81e5f;2013;117;IP IACC;Institutos Profesionales;2;INGENIERIA EN ADMINISTRACION DE EMPRESAS;Profesional Sin Licenciatura;Administración y Comercio;No Presencial;A Distancia;No presencial;Resto IP+CFT;61
5c3c596227792ba069dc0b8e579b50b5;2013;117;IP IACC;Institutos Profesionales;28;INGENIERIA EN MARKETING;Profesional Sin Licenciatura;Administración y Comercio;No Presencial;A Distancia;No presencial;Resto IP+CFT;10
36c2c0285df19dac9bc22ec185ba6a5d;2013;117;IP IACC;Institutos Profesionales;27;INGENIERIA EN PREVENCION DE RIESGOS;Profesional Sin Licenciatura;Tecnología;No Presencial;A Distancia;No presencial;Resto IP+CFT;107
095906e3716ca0c3cccac361e5afbd7b;2013;117;IP IACC;Institutos Profesionales;29;INGENIERIA EN RECURSOS HUMANOS;Profesional Sin Licenciatura;Administración y Comercio;No Presencial;A Distancia;No presencial;Resto IP+CFT;61
90f054721133dfbb944b871448b7600a;2013;117;IP IACC;Institutos Profesionales;31;TECNICO EN ADMINISTRACION PUBLICA;Técnico de Nivel Superior;Ciencias Sociales;No Presencial;A Distancia;No presencial;Resto IP+CFT;49
8aac4e7c15e71af7952f85ad112fc7a7;2013;117;IP IACC;Institutos Profesionales;35;TECNICO EN PREVENCION DE RIESGOS;Técnico de Nivel Superior;Tecnología;No Presencial;A Distancia;No presencial;Resto IP+CFT;451
dcd957662100f8606c2b6460ea3d77d5;2013;117;IP IACC;Institutos Profesionales;32;TECNICO EN RELACIONES PUBLICAS Y COMUNICACIONES;Técnico de Nivel Superior;Ciencias Sociales;No Presencial;A Distancia;No presencial;Resto IP+CFT;27
5d4de62aac131473cc803b97141041cd;2013;117;IP IACC;Institutos Profesionales;1;TECNICO SUPERIOR EN ADMINISTRACION DE EMPRESAS;Técnico de Nivel Superior;Administración y Comercio;No Presencial;A Distancia;No presencial;Resto IP+CFT;388
f727b928bc20e286727cdffde64b3d11;2013;117;IP IACC;Institutos Profesionales;17;TECNICO SUPERIOR EN INFORMATICA;Técnico de Nivel Superior;Tecnología;No Presencial;A Distancia;No presencial;Resto IP+CFT;71
af1913c0aa97233b4a4fbfd0494a4b23;2013;152;IP LATINOAMERICANO DE COMERCIO EXTERIOR - IPLACEX;Institutos Profesionales;105;ADMINISTRACION DE EMPRESAS;Técnico de Nivel Superior;Administración y Comercio;No Presencial;A Distancia;No presencial;Resto IP+CFT;19
9349efea0c3f627fa3fe3130ce7b6a44;2013;152;IP LATINOAMERICANO DE COMERCIO EXTERIOR - IPLACEX;Institutos Profesionales;271;ADMINISTRACION EN RECURSOS HUMANOS;Técnico de Nivel Superior;Administración y Comercio;No Presencial;A Distancia;No presencial;Resto IP+CFT;10
3aef8ae10b91c9cccfc04d47f84c5216;2013;152;IP LATINOAMERICANO DE COMERCIO EXTERIOR - IPLACEX;Institutos Profesionales;274;ADMINISTRACION PUBLICA;Profesional Sin Licenciatura;Ciencias Sociales;No Presencial;A Distancia;No presencial;Resto IP+CFT;33
8ec118aa11b3f3e3fa0bb69f74e7eefe;2013;152;IP LATINOAMERICANO DE COMERCIO EXTERIOR - IPLACEX;Institutos Profesionales;9;AUDITORIA;Profesional Sin Licenciatura;Administración y Comercio;No Presencial;A Distancia;No presencial;Resto IP+CFT;11
bf3858812f5b584efbb091b8b1b201a2;2013;152;IP LATINOAMERICANO DE COMERCIO EXTERIOR - IPLACEX;Institutos Profesionales;275;CONTABILIDAD GENERAL;Técnico de Nivel Superior;Administración y Comercio;No Presencial;A Distancia;No presencial;Resto IP+CFT;6
584ee6d539d23f0c0e02b3ef30d13c04;2013;152;IP LATINOAMERICANO DE COMERCIO EXTERIOR - IPLACEX;Institutos Profesionales;107;INGENIERIA EN ADMINISTRACION DE EMPRESAS;Profesional Sin Licenciatura;Administración y Comercio;No Presencial;A Distancia;No presencial;Resto IP+CFT;29
63ddd96e3f7990fb78d68f05f345a2bb;2013;152;IP LATINOAMERICANO DE COMERCIO EXTERIOR - IPLACEX;Institutos Profesionales;102;PEDAGOGIA EN EDUCACION MEDIA TECNICO PROFESIONAL;Profesional Sin Licenciatura;Educación;No Presencial;A Distancia;No presencial;Resto IP+CFT;8
ade063f5d4082d3592e853d6e5a5f532;2013;152;IP LATINOAMERICANO DE COMERCIO EXTERIOR - IPLACEX;Institutos Profesionales;21;PSICOPEDAGOGIA;Profesional Sin Licenciatura;Educación;No Presencial;A Distancia;No presencial;Resto IP+CFT;28
2a1de6c4dcb250145cc6d369ac52956c;2013;152;IP LATINOAMERICANO DE COMERCIO EXTERIOR - IPLACEX;Institutos Profesionales;282;TECNICO EN EDUCACION ESPECIAL Y DIFERENCIAL;Técnico de Nivel Superior;Educación;No Presencial;A Distancia;No presencial;Resto IP+CFT;18
38fc73010fdde546e7f94a433ba0a163;2013;152;IP LATINOAMERICANO DE COMERCIO EXTERIOR - IPLACEX;Institutos Profesionales;281;TECNICO EN EDUCACION PARVULARIA;Técnico de Nivel Superior;Educación;No Presencial;A Distancia;No presencial;Resto IP+CFT;22
79a492843a174628cbb2e0c8e4d0b4bd;2013;152;IP LATINOAMERICANO DE COMERCIO EXTERIOR - IPLACEX;Institutos Profesionales;41;TRABAJO SOCIAL;Profesional Sin Licenciatura;Ciencias Sociales;No Presencial;A Distancia;No presencial;Resto IP+CFT;43
0a0977738321c2d8295811f96aa7955c;2013;106;IP PROVIDENCIA;Institutos Profesionales;10;CONTADOR AUDITOR;Profesional Sin Licenciatura;Administración y Comercio;Semipresencial;Semipresencial;Semipresencial;Resto IP+CFT;61
6e45e5af8dbc1084d5924111297f25c5;2013;106;IP PROVIDENCIA;Institutos Profesionales;64;CONTADOR GENERAL;Técnico de Nivel Superior;Administración y Comercio;Semipresencial;Semipresencial;Semipresencial;Resto IP+CFT;77
3dbb220bbb8aeed2bcf3c9003adea52b;2013;106;IP PROVIDENCIA;Institutos Profesionales;46;INGENIERIA EN ADMINISTRACION MENCION MARKETING O FINANZAS;Profesional Sin Licenciatura;Administración y Comercio;Semipresencial;Semipresencial;Semipresencial;Resto IP+CFT;127
6e538098a05dfa6a8f72c672314fa4fd;2013;106;IP PROVIDENCIA;Institutos Profesionales;241;INGENIERIA EN COMERCIO INTERNACIONAL;Profesional Sin Licenciatura;Administración y Comercio;Semipresencial;Semipresencial;Semipresencial;Resto IP+CFT;20
0876bfbaa6d885291bfb26116a0cc069;2013;106;IP PROVIDENCIA;Institutos Profesionales;242;INGENIERIA EN GESTION DE RECURSOS HUMANOS;Profesional Sin Licenciatura;Administración y Comercio;Semipresencial;Semipresencial;Semipresencial;Resto IP+CFT;59
d046d0398c0d5fb9b0c4c1df3277cc91;2013;106;IP PROVIDENCIA;Institutos Profesionales;20;SERVICIO SOCIAL;Profesional Sin Licenciatura;Ciencias Sociales;Semipresencial;Semipresencial;Semipresencial;Resto IP+CFT;166
cc23146e8894316792cea7e7bdecee36;2013;106;IP PROVIDENCIA;Institutos Profesionales;231;TECNICO DE NIVEL SUPERIOR EN COMERCIO EXTERIOR;Técnico de Nivel Superior;Administración y Comercio;Semipresencial;Semipresencial;Semipresencial;Resto IP+CFT;18
74acc98ef20f935c106d8980efe5a168;2013;106;IP PROVIDENCIA;Institutos Profesionales;230;TECNICO DE NIVEL SUPERIOR EN GESTION DE MARKETING;Técnico de Nivel Superior;Administración y Comercio;Semipresencial;Semipresencial;Semipresencial;Resto IP+CFT;17
9a5f00031e28866eb9b44056cc2fe731;2013;106;IP PROVIDENCIA;Institutos Profesionales;227;TECNICO DE NIVEL SUPERIOR EN GESTION DE RECURSOS HUMANOS;Técnico de Nivel Superior;Administración y Comercio;Semipresencial;Semipresencial;Semipresencial;Resto IP+CFT;71
328bede61001a17d1401c97e7e469b45;2013;106;IP PROVIDENCIA;Institutos Profesionales;229;TECNICO DE NIVEL SUPERIOR EN GESTION FINANCIERA;Técnico de Nivel Superior;Administración y Comercio;Semipresencial;Semipresencial;Semipresencial;Resto IP+CFT;18
b65716dc90f634db215f584f31059c2c;2013;106;IP PROVIDENCIA;Institutos Profesionales;244;TECNICO DE NIVEL SUPERIOR EN GESTION JUDICIAL;Técnico de Nivel Superior;Derecho;Semipresencial;Semipresencial;Semipresencial;Resto IP+CFT;37
8ac9ea895a2bfa52450f3c23adc9441f;2013;106;IP PROVIDENCIA;Institutos Profesionales;250;TECNICO DE NIVEL SUPERIOR EN SERVICIO SOCIAL;Técnico de Nivel Superior;Ciencias Sociales;Semipresencial;Semipresencial;Semipresencial;Resto IP+CFT;70
bcba9caf2c782af96fc9fa4bca97457e;2013;106;IP PROVIDENCIA;Institutos Profesionales;67;TECNICO EN ADMINISTRACION DE EMPRESAS;Técnico de Nivel Superior;Administración y Comercio;Semipresencial;Semipresencial;Semipresencial;Resto IP+CFT;132
ec52083365e7594d803950977cc14a1b;2014;236;CFT CENTRO TECNOLOGICO SUPERIOR INFOMED;Centros de Formación Técnica;5;TECNICO EN OPTICA CON MENCION EN CONTACTOLOGIA;Técnico de Nivel Superior;Salud;Semipresencial;Semipresencial;Semipresencial;Resto IP+CFT;3
127a00b554efd93cb50db4018cadffd1;2014;221;CFT DUOC UC;Centros de Formación Técnica;50;ADMINISTRACION DE EMPRESAS MENCION MARKETING.PEV;Técnico de Nivel Superior;Administración y Comercio;Semipresencial;Vespertina;Semipresencial;Resto IP+CFT;189
8d1dea6b2ae73c1f9afd6ee40de7da92;2014;221;CFT DUOC UC;Centros de Formación Técnica;63;ADMINISTRACION DE RECURSOS HUMANOS.PEV;Técnico de Nivel Superior;Administración y Comercio;Semipresencial;Vespertina;Semipresencial;Resto IP+CFT;267
ccb92e59891b1b1ffee1b569bc3dbf0e;2014;221;CFT DUOC UC;Centros de Formación Técnica;51;ADMINISTRACION FINANCIERA.PEV;Técnico de Nivel Superior;Administración y Comercio;Semipresencial;Vespertina;Semipresencial;Resto IP+CFT;154
7efd683d7e1ef3fe32ce98ca2456c88c;2014;221;CFT DUOC UC;Centros de Formación Técnica;64;COMERCIO EXTERIOR.PEV;Técnico de Nivel Superior;Administración y Comercio;Semipresencial;Vespertina;Semipresencial;Resto IP+CFT;80
83ecf0d69bf4f66d15ea738fbaa96aa5;2014;221;CFT DUOC UC;Centros de Formación Técnica;52;CONTABILIDAD GENERAL MENCION LEGISLACION TRIBUTARIA.PEV;Técnico de Nivel Superior;Administración y Comercio;Semipresencial;Vespertina;Semipresencial;Resto IP+CFT;152
3a57922089ab42ea08def5410807b46a;2014;221;CFT DUOC UC;Centros de Formación Técnica;113;TECNICO EN GESTION LOGISTICA.PEV;Técnico de Nivel Superior;Administración y Comercio;Semipresencial;Vespertina;Semipresencial;Resto IP+CFT;124
5ed3c1780e692c194c613291156670b9;2014;221;CFT DUOC UC;Centros de Formación Técnica;139;TECNICO EN PREVENCION DE RIESGOS.PEV;Técnico de Nivel Superior;Tecnología;Semipresencial;Vespertina;Semipresencial;Resto IP+CFT;34
db4de446eacc24a2063dce5c3aa1c15a;2014;221;CFT DUOC UC;Centros de Formación Técnica;136;TECNICO EN SERVICIOS FINANCIEROS Y BANCARIOS.PEV;Técnico de Nivel Superior;Administración y Comercio;Semipresencial;Vespertina;Semipresencial;Resto IP+CFT;36
44fdf486a69c82d68ced90a200770020;2014;430;CFT INACAP;Centros de Formación Técnica;201;ADMINISTRACION DE EMPRESAS;Técnico de Nivel Superior;Administración y Comercio;Semipresencial;Vespertina;Semipresencial;Resto IP+CFT;381
a386911a925e7ea871b27b1e6b33c01a;2014;430;CFT INACAP;Centros de Formación Técnica;42;ANALISTA PROGRAMADOR;Técnico de Nivel Superior;Tecnología;Semipresencial;Vespertina;Semipresencial;Resto IP+CFT;36
433f264c8a5c14aa4999d9c76bb90b47;2014;430;CFT INACAP;Centros de Formación Técnica;45;CONTABILIDAD GENERAL;Técnico de Nivel Superior;Administración y Comercio;Semipresencial;Vespertina;Semipresencial;Resto IP+CFT;22
f9c2b0c116fcf613cae65a72be7ac99c;2014;430;CFT INACAP;Centros de Formación Técnica;138;PREVENCION DE RIESGOS;Técnico de Nivel Superior;Tecnología;Semipresencial;Vespertina;Semipresencial;Resto IP+CFT;86
c227ce69633b0c6c34524247c43df9ee;2014;214;CFT INSTITUTO CENTRAL DE CAPACITACION EDUCACIONAL ICCE;Centros de Formación Técnica;102;PREVENCION DE RIESGOS;Técnico de Nivel Superior;Tecnología;Semipresencial;Diurna;Semipresencial;Resto IP+CFT;8
ed927cdfd1f87bb38ea4081665fb3759;2014;224;CFT SIMON BOLIVAR;Centros de Formación Técnica;13;ADMINISTRACION DE EMPRESAS;Técnico de Nivel Superior;Administración y Comercio;Semipresencial;Semipresencial;Semipresencial;Resto IP+CFT;36
9245c9e51fd9c30e8d801c8b204c6154;2014;224;CFT SIMON BOLIVAR;Centros de Formación Técnica;6;COMERCIO EXTERIOR;Técnico de Nivel Superior;Administración y Comercio;Semipresencial;Semipresencial;Semipresencial;Resto IP+CFT;18
aa994902d47804ca78d6dea71cd3ac83;2014;143;IP AIEP;Institutos Profesionales;111;INGENIERIA DE EJECUCION EN ADMINISTRACION DE EMPRESAS MENCION FINANZAS;Profesional Sin Licenciatura;Administración y Comercio;Semipresencial;Semipresencial;Semipresencial;Resto IP+CFT;62
1756cc33a1d3fe9d04f913363ab18763;2014;143;IP AIEP;Institutos Profesionales;112;INGENIERIA DE EJECUCION EN ADMINISTRACION DE EMPRESAS MENCION MARKETING;Profesional Sin Licenciatura;Administración y Comercio;Semipresencial;Semipresencial;Semipresencial;Resto IP+CFT;28
37ad4da6abfb156d40982f8d9f54cf3c;2014;143;IP AIEP;Institutos Profesionales;113;INGENIERIA DE EJECUCION EN ADMINISTRACION DE EMPRESAS MENCION RECURSOS HUMANOS;Profesional Sin Licenciatura;Administración y Comercio;Semipresencial;Semipresencial;Semipresencial;Resto IP+CFT;64
341420278ab62587d9b820f6b8e9483c;2014;143;IP AIEP;Institutos Profesionales;219;INGENIERIA DE EJECUCION EN INFORMATICA MENCION DESARROLLO DE SISTEMAS;Profesional Sin Licenciatura;Tecnología;Semipresencial;Semipresencial;Semipresencial;Resto IP+CFT;19
51faf8d9463c735ab8d286dea4006404;2014;143;IP AIEP;Institutos Profesionales;27;PREVENCION DE RIESGOS;Técnico de Nivel Superior;Tecnología;Semipresencial;Semipresencial;Semipresencial;Resto IP+CFT;145
fc2f1dc2c37dfc338ba1fa81f118de6a;2014;143;IP AIEP;Institutos Profesionales;94;PROGRAMACION COMPUTACIONAL;Técnico de Nivel Superior;Tecnología;Semipresencial;Semipresencial;Semipresencial;Resto IP+CFT;18
ebbdcee740f1994a95afac0f5afd55b0;2014;143;IP AIEP;Institutos Profesionales;17;PROGRAMACION Y ANALISIS DE SISTEMAS;Técnico de Nivel Superior;Tecnología;Semipresencial;Semipresencial;Semipresencial;Resto IP+CFT;19
0a114881a54b6e39e67991430f2adb86;2014;143;IP AIEP;Institutos Profesionales;115;TECNICO EN ADMINISTRACION DE EMPRESAS MENCION FINANZAS;Técnico de Nivel Superior;Administración y Comercio;Semipresencial;Semipresencial;Semipresencial;Resto IP+CFT;103
41c167a48abf761219049afeba07c799;2014;143;IP AIEP;Institutos Profesionales;117;TECNICO EN ADMINISTRACION DE EMPRESAS MENCION MARKETING;Técnico de Nivel Superior;Administración y Comercio;Semipresencial;Semipresencial;Semipresencial;Resto IP+CFT;66
501c2709eb6e24ea09412110e3b2c95f;2014;143;IP AIEP;Institutos Profesionales;118;TECNICO EN ADMINISTRACION DE EMPRESAS MENCION RECURSOS HUMANOS;Técnico de Nivel Superior;Administración y Comercio;Semipresencial;Semipresencial;Semipresencial;Resto IP+CFT;148
48267ae744e8ee50d11119ca438aa594;2014;143;IP AIEP;Institutos Profesionales;83;TECNICO EN TRABAJO SOCIAL;Técnico de Nivel Superior;Ciencias Sociales;Semipresencial;Semipresencial;Semipresencial;Resto IP+CFT;20
5060aec125ab8f9d5b7ddfcf07651f50;2014;183;IP CARLOS CASANUEVA;Institutos Profesionales;9;TECNICO EN BIBLIOTECOLOGIA Y CENTROS DE INFORMACION;Técnico de Nivel Superior;Humanidades;Semipresencial;Semipresencial;Semipresencial;Resto IP+CFT;58
71eb722a90501c73a90d719d629e4fcf;2014;123;IP DE CHILE;Institutos Profesionales;9;AUDITORIA;Profesional Sin Licenciatura;Administración y Comercio;No Presencial;A Distancia;No presencial;Resto IP+CFT;2
8e4abebb1963f5eb28eacdac8d7e176b;2014;123;IP DE CHILE;Institutos Profesionales;49;CONTABILIDAD GENERAL;Técnico de Nivel Superior;Administración y Comercio;No Presencial;A Distancia;No presencial;Resto IP+CFT;11
a2cee54cac7ad882731548dfc36db2d6;2014;123;IP DE CHILE;Institutos Profesionales;37;INGENIERIA EN ADMINISTRACION DE EMPRESAS;Profesional Sin Licenciatura;Administración y Comercio;No Presencial;A Distancia;No presencial;Resto IP+CFT;33
99220697aa38202adbab77a42bfaaf49;2014;123;IP DE CHILE;Institutos Profesionales;48;TECNICO EN ADMINISTRACION DE EMPRESAS;Técnico de Nivel Superior;Administración y Comercio;No Presencial;A Distancia;No presencial;Resto IP+CFT;82
1559951dfa0fcb6ee44611a71dfac996;2014;123;IP DE CHILE;Institutos Profesionales;127;TECNICO EN MINERIA;Técnico de Nivel Superior;Tecnología;Semipresencial;Semipresencial;Semipresencial;Resto IP+CFT;1
e55001f8d0e64c22279460ad8fc40cd3;2014;123;IP DE CHILE;Institutos Profesionales;18;TRABAJO SOCIAL;Profesional Sin Licenciatura;Ciencias Sociales;No Presencial;A Distancia;No presencial;Resto IP+CFT;15
d5eb9e06511e6a123011b77814e0a3f0;2014;176;IP DEL VALLE CENTRAL;Institutos Profesionales;782;AUDITORIA, CONTINUIDAD;Profesional Sin Licenciatura;Administración y Comercio;No Presencial;A Distancia;No presencial;Resto IP+CFT;6
ddada20085267952dee596085a7e27fc;2014;176;IP DEL VALLE CENTRAL;Institutos Profesionales;271;CONTADOR GENERAL;Técnico de Nivel Superior;Administración y Comercio;No Presencial;A Distancia;No presencial;Resto IP+CFT;9
7f758573a4055e205f6977a3217465a6;2014;176;IP DEL VALLE CENTRAL;Institutos Profesionales;545;INGENIERIA DE EJECUCION EN ADMINISTRACION DE EMPRESAS;Profesional Sin Licenciatura;Administración y Comercio;No Presencial;A Distancia;No presencial;Resto IP+CFT;10
76d2dfab9a4848b6e9747efb6097eb2e;2014;176;IP DEL VALLE CENTRAL;Institutos Profesionales;815;INGENIERIA DE EJECUCION EN ADMINISTRACION DE EMPRESAS MENCION RECURSOS HUMANOS, CONTINUIDAD;Profesional Sin Licenciatura;Administración y Comercio;Semipresencial;Semipresencial;Semipresencial;Resto IP+CFT;19
524c08784c19197993d0d28443fea090;2014;176;IP DEL VALLE CENTRAL;Institutos Profesionales;778;INGENIERIA DE EJECUCION EN ADMINISTRACION DE EMPRESAS, CONTINUIDAD;Profesional Sin Licenciatura;Administración y Comercio;No Presencial;A Distancia;No presencial;Resto IP+CFT;6
fe6893c7666b93d1a2b103b95ee18ac1;2014;176;IP DEL VALLE CENTRAL;Institutos Profesionales;778;INGENIERIA DE EJECUCION EN ADMINISTRACION DE EMPRESAS, CONTINUIDAD;Profesional Sin Licenciatura;Administración y Comercio;Semipresencial;Semipresencial;Semipresencial;Resto IP+CFT;26
8f17e085d44183d9f6bf0044f87e079e;2014;176;IP DEL VALLE CENTRAL;Institutos Profesionales;783;INGENIERIA DE EJECUCION EN ADMINISTRACION PUBLICA;Profesional Sin Licenciatura;Ciencias Sociales;No Presencial;A Distancia;No presencial;Resto IP+CFT;20
9357c72e3721a65c224f284e01d97631;2014;176;IP DEL VALLE CENTRAL;Institutos Profesionales;576;INGENIERIA DE EJECUCION EN ADMINISTRACION PUBLICA, CONTINUIDAD;Profesional Sin Licenciatura;Ciencias Sociales;Semipresencial;Semipresencial;Semipresencial;Resto IP+CFT;23
a5679a100efac736c6df5c9fb71f1153;2014;176;IP DEL VALLE CENTRAL;Institutos Profesionales;576;INGENIERIA DE EJECUCION EN ADMINISTRACION PUBLICA, CONTINUIDAD;Profesional Sin Licenciatura;Ciencias Sociales;No Presencial;A Distancia;No presencial;Resto IP+CFT;8
8b75f930e21df1542609f3b96df8b5ff;2014;176;IP DEL VALLE CENTRAL;Institutos Profesionales;42;PSICOPEDAGOGIA;Profesional Sin Licenciatura;Educación;Semipresencial;Semipresencial;Semipresencial;Resto IP+CFT;103
bbc17085b148cf717049244aa2f5a21c;2014;176;IP DEL VALLE CENTRAL;Institutos Profesionales;42;PSICOPEDAGOGIA;Profesional Sin Licenciatura;Educación;No Presencial;A Distancia;No presencial;Resto IP+CFT;49
09f61dae98577436192c8206bb24f5eb;2014;176;IP DEL VALLE CENTRAL;Institutos Profesionales;786;SERVICIO SOCIAL;Profesional Sin Licenciatura;Ciencias Sociales;Semipresencial;Semipresencial;Semipresencial;Resto IP+CFT;49
b6edb06ce020d89bb5d4c2729182d31c;2014;176;IP DEL VALLE CENTRAL;Institutos Profesionales;786;SERVICIO SOCIAL;Profesional Sin Licenciatura;Ciencias Sociales;No Presencial;A Distancia;No presencial;Resto IP+CFT;29
7d914ffad90bcead6ee21cc8fdc029a4;2014;176;IP DEL VALLE CENTRAL;Institutos Profesionales;787;SERVICIO SOCIAL,CONTINUIDAD;Profesional Sin Licenciatura;Ciencias Sociales;Semipresencial;Semipresencial;Semipresencial;Resto IP+CFT;15
fcd7f93b51a590da950eeb28e760b504;2014;176;IP DEL VALLE CENTRAL;Institutos Profesionales;787;SERVICIO SOCIAL,CONTINUIDAD;Profesional Sin Licenciatura;Ciencias Sociales;No Presencial;A Distancia;No presencial;Resto IP+CFT;12
47227123e6c3aa6dff13c670822172a0;2014;176;IP DEL VALLE CENTRAL;Institutos Profesionales;115;TECNICO DE NIVEL SUPERIOR EN ADMINISTRACION DE EMPRESAS MENCION EN RECURSOS HUMANOS;Técnico de Nivel Superior;Administración y Comercio;No Presencial;A Distancia;No presencial;Resto IP+CFT;37
ea0891b894a9f1400e95e606d477e23e;2014;176;IP DEL VALLE CENTRAL;Institutos Profesionales;115;TECNICO DE NIVEL SUPERIOR EN ADMINISTRACION DE EMPRESAS MENCION EN RECURSOS HUMANOS;Técnico de Nivel Superior;Administración y Comercio;Semipresencial;Semipresencial;Semipresencial;Resto IP+CFT;99
59556815be964e142e26ed6ac0d243cd;2014;176;IP DEL VALLE CENTRAL;Institutos Profesionales;789;TECNICO DE NIVEL SUPERIOR EN ADMINISTRACION DE EMPRESAS MENCION FINANZAS Y CONTABILIDAD;Técnico de Nivel Superior;Administración y Comercio;No Presencial;A Distancia;No presencial;Resto IP+CFT;11
1dd512a9152fa135f878f01d2a48e3cb;2014;176;IP DEL VALLE CENTRAL;Institutos Profesionales;41;TECNICO DE NIVEL SUPERIOR EN EDUCACION PARVULARIA;Técnico de Nivel Superior;Educación;Semipresencial;Semipresencial;Semipresencial;Resto IP+CFT;170
f575f727ea14268b9c52facb9ddaedbb;2014;176;IP DEL VALLE CENTRAL;Institutos Profesionales;41;TECNICO DE NIVEL SUPERIOR EN EDUCACION PARVULARIA;Técnico de Nivel Superior;Educación;No Presencial;A Distancia;No presencial;Resto IP+CFT;48
0514d5099b6b9c8d668a1b3a9af85fb9;2014;176;IP DEL VALLE CENTRAL;Institutos Profesionales;40;TECNICO DE NIVEL SUPERIOR EN TRABAJO SOCIAL;Técnico de Nivel Superior;Ciencias Sociales;Semipresencial;Semipresencial;Semipresencial;Resto IP+CFT;40
8ac49200165717210eb2a5eb25db226b;2014;176;IP DEL VALLE CENTRAL;Institutos Profesionales;40;TECNICO DE NIVEL SUPERIOR EN TRABAJO SOCIAL;Técnico de Nivel Superior;Ciencias Sociales;No Presencial;A Distancia;No presencial;Resto IP+CFT;24
4863f82d9552269c857703a55e0d2e26;2014;120;IP DIEGO PORTALES;Institutos Profesionales;101;CONTADOR AUDITOR A DISTANCIA;Profesional Sin Licenciatura;Administración y Comercio;No Presencial;A Distancia;No presencial;Resto IP+CFT;31
861d7e056cd67dffe4ed4d4eb81a8c0c;2014;120;IP DIEGO PORTALES;Institutos Profesionales;104;INGENIERIA EN ADMINISTRACION DE EMPRESAS A DISTANCIA;Profesional Sin Licenciatura;Administración y Comercio;No Presencial;A Distancia;No presencial;Resto IP+CFT;53
d2f5bfac899a2577fb1cb053c6f336a1;2014;120;IP DIEGO PORTALES;Institutos Profesionales;105;INGENIERIA EN PREVENCION DE RIESGOS A DISTANCIA;Profesional Sin Licenciatura;Tecnología;No Presencial;A Distancia;No presencial;Resto IP+CFT;152
8b8c695cd360b26c86805235f5b01e65;2014;120;IP DIEGO PORTALES;Institutos Profesionales;114;SERVICIO SOCIAL A DISTANCIA;Profesional Sin Licenciatura;Ciencias Sociales;No Presencial;A Distancia;No presencial;Resto IP+CFT;49
7af839eb15c78127796eb32810e710c1;2014;111;IP DUOC UC;Institutos Profesionales;285;ADMINISTRACION DE EMPRESAS MENCION MARKETING.PEV;Técnico de Nivel Superior;Administración y Comercio;Semipresencial;Vespertina;Semipresencial;Resto IP+CFT;403
e0f8bf6137469ece87ba7f7c158bc088;2014;111;IP DUOC UC;Institutos Profesionales;278;ADMINISTRACION DE RECURSOS HUMANOS.PEV;Técnico de Nivel Superior;Administración y Comercio;Semipresencial;Vespertina;Semipresencial;Resto IP+CFT;727
589bbeabff75b000fb0bc1d7fe80e05e;2014;111;IP DUOC UC;Institutos Profesionales;144;ADMINISTRACION DE VENTAS.PEV;Técnico de Nivel Superior;Administración y Comercio;Semipresencial;Vespertina;Semipresencial;Resto IP+CFT;3
66a544e123aed4182b78a92557286ebf;2014;111;IP DUOC UC;Institutos Profesionales;259;ADMINISTRACION FINANCIERA.PEV;Técnico de Nivel Superior;Administración y Comercio;Semipresencial;Vespertina;Semipresencial;Resto IP+CFT;410
d3c2eb1ee6f1f19bf6a2d0c115b8e2e4;2014;111;IP DUOC UC;Institutos Profesionales;440;ANALISTA PROGRAMADOR COMPUTACIONAL.PEV;Técnico de Nivel Superior;Tecnología;Semipresencial;Vespertina;Semipresencial;Resto IP+CFT;31
8a44f9b69f8c38a41652f9a73531d3e9;2014;111;IP DUOC UC;Institutos Profesionales;410;AUDITORIA.PEV;Profesional Sin Licenciatura;Administración y Comercio;Semipresencial;Vespertina;Semipresencial;Resto IP+CFT;75
16cb8922921db48954ba621b80486653;2014;111;IP DUOC UC;Institutos Profesionales;202;COMERCIO EXTERIOR.PEV;Técnico de Nivel Superior;Administración y Comercio;Semipresencial;Vespertina;Semipresencial;Resto IP+CFT;176
af8567d5b20df3e87d6e03144d0f9a91;2014;111;IP DUOC UC;Institutos Profesionales;204;CONTABILIDAD GENERAL MENCION LEGISLACION TRIBUTARIA.PEV;Técnico de Nivel Superior;Administración y Comercio;Semipresencial;Vespertina;Semipresencial;Resto IP+CFT;215
194eaef4161fca6a014527516918ee74;2014;111;IP DUOC UC;Institutos Profesionales;281;INGENIERIA EN ADMINISTRACION DE RECURSOS HUMANOS.PEV;Profesional Sin Licenciatura;Administración y Comercio;Semipresencial;Vespertina;Semipresencial;Resto IP+CFT;583
3df01618af0943055b0ecfe392c9b4b3;2014;111;IP DUOC UC;Institutos Profesionales;139;INGENIERIA EN ADMINISTRACION.PEV;Profesional Sin Licenciatura;Administración y Comercio;Semipresencial;Vespertina;Semipresencial;Resto IP+CFT;246
b3b06781385c4317e805e313e729d5b9;2014;111;IP DUOC UC;Institutos Profesionales;282;INGENIERIA EN GESTION COMERCIAL.PEV;Profesional Sin Licenciatura;Administración y Comercio;Semipresencial;Vespertina;Semipresencial;Resto IP+CFT;17
ca53a6fc7520b07a0d87658c66046453;2014;111;IP DUOC UC;Institutos Profesionales;441;INGENIERIA EN GESTION LOGISTICA.PEV;Profesional Sin Licenciatura;Administración y Comercio;Semipresencial;Vespertina;Semipresencial;Resto IP+CFT;39
9118ee30460dc6ffa4bae45b24765fd7;2014;111;IP DUOC UC;Institutos Profesionales;141;INGENIERIA EN MARKETING.PEV;Profesional Sin Licenciatura;Administración y Comercio;Semipresencial;Vespertina;Semipresencial;Resto IP+CFT;311
151b01e24ccca14f7919486ddb4a7db0;2014;111;IP DUOC UC;Institutos Profesionales;415;INGENIERIA EN PREVENCION DE RIESGOS.PEV;Profesional Sin Licenciatura;Tecnología;Semipresencial;Vespertina;Semipresencial;Resto IP+CFT;93
6997a96fb30fabecfa02a5c94519cca4;2014;111;IP DUOC UC;Institutos Profesionales;442;TECNICO EN GESTION COMERCIAL.PEV;Técnico de Nivel Superior;Administración y Comercio;Semipresencial;Vespertina;Semipresencial;Resto IP+CFT;79
b2523fb2611e3c3d2d6cdd7825cb09f4;2014;111;IP DUOC UC;Institutos Profesionales;309;TECNICO EN GESTION LOGISTICA.PEV;Técnico de Nivel Superior;Administración y Comercio;Semipresencial;Vespertina;Semipresencial;Resto IP+CFT;343
b9c80aa3d6544de99d0e3e114b36454d;2014;111;IP DUOC UC;Institutos Profesionales;124;TECNICO EN PREVENCION DE RIESGOS.PEV;Técnico de Nivel Superior;Tecnología;Semipresencial;Vespertina;Semipresencial;Resto IP+CFT;947
68bda79972be68a02de837684a616319;2014;148;IP HOGAR CATEQUISTICO;Institutos Profesionales;11;MENCION EN RELIGION PARA LA EDUCACION BASICA;Profesional Sin Licenciatura;Educación;Semipresencial;Otra;Semipresencial;Resto IP+CFT;13
d5bf237ae20bfcd6b33ac234820e4877;2014;117;IP IACC;Institutos Profesionales;45;ADMINISTRACION FINANCIERA;Técnico de Nivel Superior;Administración y Comercio;No Presencial;A Distancia;No presencial;Resto IP+CFT;22
6554c1c504296f548f1416765846cd0d;2014;117;IP IACC;Institutos Profesionales;46;ANALISTA PROGRAMADOR COMPUTACIONAL;Técnico de Nivel Superior;Tecnología;No Presencial;A Distancia;No presencial;Resto IP+CFT;93
af3584a606ac245fb560c5e4c9373cf1;2014;117;IP IACC;Institutos Profesionales;30;CONTABILIDAD GENERAL;Técnico de Nivel Superior;Administración y Comercio;No Presencial;A Distancia;No presencial;Resto IP+CFT;94
7ade0c2666f955ee44e3e40bf7ab04e1;2014;117;IP IACC;Institutos Profesionales;2;INGENIERIA EN ADMINISTRACION DE EMPRESAS;Profesional Sin Licenciatura;Administración y Comercio;No Presencial;A Distancia;No presencial;Resto IP+CFT;114
560088e0becba3e6b51de79cec8e79ab;2014;117;IP IACC;Institutos Profesionales;27;INGENIERIA EN PREVENCION DE RIESGOS;Profesional Sin Licenciatura;Tecnología;No Presencial;A Distancia;No presencial;Resto IP+CFT;103
deb11a9714b8678a226d8671eb55c659;2014;117;IP IACC;Institutos Profesionales;29;INGENIERIA EN RECURSOS HUMANOS;Profesional Sin Licenciatura;Administración y Comercio;No Presencial;A Distancia;No presencial;Resto IP+CFT;119
8b985c2e691c4d9e3b23efd67ec2c0fe;2014;117;IP IACC;Institutos Profesionales;31;TECNICO EN ADMINISTRACION PUBLICA;Técnico de Nivel Superior;Ciencias Sociales;No Presencial;A Distancia;No presencial;Resto IP+CFT;72
21adef40bc2f18eee7af075bfa4b96a0;2014;117;IP IACC;Institutos Profesionales;35;TECNICO EN PREVENCION DE RIESGOS;Técnico de Nivel Superior;Tecnología;No Presencial;A Distancia;No presencial;Resto IP+CFT;658
a1f87298576f13edc6a3a36ebd2485a1;2014;117;IP IACC;Institutos Profesionales;32;TECNICO EN RELACIONES PUBLICAS Y COMUNICACIONES;Técnico de Nivel Superior;Ciencias Sociales;No Presencial;A Distancia;No presencial;Resto IP+CFT;71
a3f82d25d4cb91fc2a12f7cd3e28c087;2014;117;IP IACC;Institutos Profesionales;1;TECNICO SUPERIOR EN ADMINISTRACION DE EMPRESAS;Técnico de Nivel Superior;Administración y Comercio;No Presencial;A Distancia;No presencial;Resto IP+CFT;747
e28d9155901b87f84a8b75340055dc1d;2014;117;IP IACC;Institutos Profesionales;17;TECNICO SUPERIOR EN INFORMATICA;Técnico de Nivel Superior;Tecnología;No Presencial;A Distancia;No presencial;Resto IP+CFT;118
bef50d72cdc907b0fe0ae80706f4dab0;2014;103;IP INSTITUTO DE ESTUDIOS BANCARIOS GUILLERMO SUBERCASEAUX;Institutos Profesionales;2;TECNICO FINANCIERO;Técnico de Nivel Superior;Administración y Comercio;Semipresencial;Semipresencial;Semipresencial;Resto IP+CFT;34
254eceb83957c8b371d01ecc0d7bb053;2014;152;IP LATINOAMERICANO DE COMERCIO EXTERIOR - IPLACEX;Institutos Profesionales;271;ADMINISTRACION EN RECURSOS HUMANOS;Técnico de Nivel Superior;Administración y Comercio;Semipresencial;Vespertina;Semipresencial;Resto IP+CFT;48
13aaba93387a415eebff2d6997025d66;2014;152;IP LATINOAMERICANO DE COMERCIO EXTERIOR - IPLACEX;Institutos Profesionales;274;ADMINISTRACION PUBLICA;Profesional Sin Licenciatura;Ciencias Sociales;Semipresencial;Vespertina;Semipresencial;Resto IP+CFT;22
4174d8dc3250ba8acd1a12f8813c5ad2;2014;152;IP LATINOAMERICANO DE COMERCIO EXTERIOR - IPLACEX;Institutos Profesionales;6;COMERCIO EXTERIOR;Técnico de Nivel Superior;Administración y Comercio;Semipresencial;Vespertina;Semipresencial;Resto IP+CFT;29
02c9fa0a98020de96890a728636643ac;2014;152;IP LATINOAMERICANO DE COMERCIO EXTERIOR - IPLACEX;Institutos Profesionales;278;TECNICO EN ADMINISTRACION PUBLICA;Técnico de Nivel Superior;Ciencias Sociales;Semipresencial;Vespertina;Semipresencial;Resto IP+CFT;9
d9ed97dbfeff7f90dc22d35ac4e15d55;2014;152;IP LATINOAMERICANO DE COMERCIO EXTERIOR - IPLACEX;Institutos Profesionales;282;TECNICO EN EDUCACION ESPECIAL Y DIFERENCIAL;Técnico de Nivel Superior;Educación;Semipresencial;Vespertina;Semipresencial;Resto IP+CFT;40
ac79d47241164e70eb268ed51bdea841;2014;152;IP LATINOAMERICANO DE COMERCIO EXTERIOR - IPLACEX;Institutos Profesionales;281;TECNICO EN EDUCACION PARVULARIA;Técnico de Nivel Superior;Educación;Semipresencial;Vespertina;Semipresencial;Resto IP+CFT;17
e0fd709a6a1dfe2de0db60991e45110a;2014;152;IP LATINOAMERICANO DE COMERCIO EXTERIOR - IPLACEX;Institutos Profesionales;281;TECNICO EN EDUCACION PARVULARIA;Técnico de Nivel Superior;Educación;Semipresencial;Diurna;Semipresencial;Resto IP+CFT;18
2336e27a4020d38b91a6cbcdb7a7f303;2014;152;IP LATINOAMERICANO DE COMERCIO EXTERIOR - IPLACEX;Institutos Profesionales;41;TRABAJO SOCIAL;Profesional Sin Licenciatura;Ciencias Sociales;Semipresencial;Vespertina;Semipresencial;Resto IP+CFT;26
d49b6f99abb5c5e1301cc65310741a6c;2014;106;IP PROVIDENCIA;Institutos Profesionales;10;CONTADOR AUDITOR;Profesional Sin Licenciatura;Administración y Comercio;Semipresencial;Semipresencial;Semipresencial;Resto IP+CFT;89
82a9de89d5d19ef357269587d9e0ddf9;2014;106;IP PROVIDENCIA;Institutos Profesionales;64;CONTADOR GENERAL;Técnico de Nivel Superior;Administración y Comercio;Semipresencial;Semipresencial;Semipresencial;Resto IP+CFT;73
ed3993ed2ea4b7e462e52cb154829783;2014;106;IP PROVIDENCIA;Institutos Profesionales;46;INGENIERIA EN ADMINISTRACION MENCION MARKETING O FINANZAS;Profesional Sin Licenciatura;Administración y Comercio;Semipresencial;Semipresencial;Semipresencial;Resto IP+CFT;142
2d1f578411c010a9a07abf0b52d198e6;2014;106;IP PROVIDENCIA;Institutos Profesionales;241;INGENIERIA EN COMERCIO INTERNACIONAL;Profesional Sin Licenciatura;Administración y Comercio;Semipresencial;Semipresencial;Semipresencial;Resto IP+CFT;23
5a98b6d5e686dbf465e614c58d30c686;2014;106;IP PROVIDENCIA;Institutos Profesionales;242;INGENIERIA EN GESTION DE RECURSOS HUMANOS;Profesional Sin Licenciatura;Administración y Comercio;Semipresencial;Semipresencial;Semipresencial;Resto IP+CFT;76
6b3a7ed39398d2bd7e464cf2b6797181;2014;106;IP PROVIDENCIA;Institutos Profesionales;20;SERVICIO SOCIAL;Profesional Sin Licenciatura;Ciencias Sociales;Semipresencial;Semipresencial;Semipresencial;Resto IP+CFT;186
4a8ff69ba7ce80a96cf18da844531508;2014;106;IP PROVIDENCIA;Institutos Profesionales;231;TECNICO DE NIVEL SUPERIOR EN COMERCIO EXTERIOR;Técnico de Nivel Superior;Administración y Comercio;Semipresencial;Semipresencial;Semipresencial;Resto IP+CFT;23
40d6dcefae7196c013af905e6547e299;2014;106;IP PROVIDENCIA;Institutos Profesionales;230;TECNICO DE NIVEL SUPERIOR EN GESTION DE MARKETING;Técnico de Nivel Superior;Administración y Comercio;Semipresencial;Semipresencial;Semipresencial;Resto IP+CFT;19
34ab2bf0bdc7eadbb4ddb9720c2150aa;2014;106;IP PROVIDENCIA;Institutos Profesionales;227;TECNICO DE NIVEL SUPERIOR EN GESTION DE RECURSOS HUMANOS;Técnico de Nivel Superior;Administración y Comercio;Semipresencial;Semipresencial;Semipresencial;Resto IP+CFT;75
cf805a951bde81e7030a72a61bc569de;2014;106;IP PROVIDENCIA;Institutos Profesionales;229;TECNICO DE NIVEL SUPERIOR EN GESTION FINANCIERA;Técnico de Nivel Superior;Administración y Comercio;Semipresencial;Semipresencial;Semipresencial;Resto IP+CFT;22
87ca79a0efd6d1b8541fbfda80ecedb8;2014;106;IP PROVIDENCIA;Institutos Profesionales;244;TECNICO DE NIVEL SUPERIOR EN GESTION JUDICIAL;Técnico de Nivel Superior;Derecho;Semipresencial;Semipresencial;Semipresencial;Resto IP+CFT;63
4230f7b8ad448b2b7393427e7d707184;2014;106;IP PROVIDENCIA;Institutos Profesionales;250;TECNICO DE NIVEL SUPERIOR EN SERVICIO SOCIAL;Técnico de Nivel Superior;Ciencias Sociales;Semipresencial;Semipresencial;Semipresencial;Resto IP+CFT;93
fbebab48cd409f26576291b2c3bcd17a;2014;106;IP PROVIDENCIA;Institutos Profesionales;67;TECNICO EN ADMINISTRACION DE EMPRESAS;Técnico de Nivel Superior;Administración y Comercio;Semipresencial;Semipresencial;Semipresencial;Resto IP+CFT;145
042608b3f1c448c2ac6cdb6076cec456;2015;236;CFT CENTRO TECNOLOGICO SUPERIOR INFOMED;Centros de Formación Técnica;5;TECNICO EN OPTICA CON MENCION EN CONTACTOLOGIA;Técnico de Nivel Superior;Salud;Semipresencial;Semipresencial;Semipresencial;Resto IP+CFT;6
04a8b0d86415b646b122d771358acd8f;2015;221;CFT DUOC UC;Centros de Formación Técnica;50;ADMINISTRACION DE EMPRESAS MENCION MARKETING.PEV;Técnico de Nivel Superior;Administración y Comercio;Semipresencial;Vespertina;Semipresencial;Resto IP+CFT;166
91514ad677cef4c598c068d5730614aa;2015;221;CFT DUOC UC;Centros de Formación Técnica;63;ADMINISTRACION DE RECURSOS HUMANOS.PEV;Técnico de Nivel Superior;Administración y Comercio;Semipresencial;Vespertina;Semipresencial;Resto IP+CFT;260
d46963ccccda0a6155cadcf4aa5051dc;2015;221;CFT DUOC UC;Centros de Formación Técnica;51;ADMINISTRACION FINANCIERA.PEV;Técnico de Nivel Superior;Administración y Comercio;Semipresencial;Vespertina;Semipresencial;Resto IP+CFT;120
cfd66c5a640cda5f2dd136e3ce05a1c7;2015;221;CFT DUOC UC;Centros de Formación Técnica;160;ANALISTA PROGRAMADOR COMPUTACIONAL.PEV;Técnico de Nivel Superior;Tecnología;Semipresencial;Vespertina;Semipresencial;Resto IP+CFT;17
a1128d161ee49cd0f39d164b4d830cfc;2015;221;CFT DUOC UC;Centros de Formación Técnica;64;COMERCIO EXTERIOR.PEV;Técnico de Nivel Superior;Administración y Comercio;Semipresencial;Vespertina;Semipresencial;Resto IP+CFT;79
e61f92bd8f205054ff6158f99917f8bf;2015;221;CFT DUOC UC;Centros de Formación Técnica;52;CONTABILIDAD GENERAL MENCION LEGISLACION TRIBUTARIA.PEV;Técnico de Nivel Superior;Administración y Comercio;Semipresencial;Vespertina;Semipresencial;Resto IP+CFT;149
f2da4ea464bb10b112634cdfabadbf76;2015;221;CFT DUOC UC;Centros de Formación Técnica;113;TECNICO EN GESTION LOGISTICA.PEV;Técnico de Nivel Superior;Administración y Comercio;Semipresencial;Vespertina;Semipresencial;Resto IP+CFT;139
5992dba2584e46debe7c00a0e8e2f55c;2015;221;CFT DUOC UC;Centros de Formación Técnica;139;TECNICO EN PREVENCION DE RIESGOS.PEV;Técnico de Nivel Superior;Tecnología;Semipresencial;Vespertina;Semipresencial;Resto IP+CFT;16
8d300a46834a5dcd9eaf0cd0cd641942;2015;221;CFT DUOC UC;Centros de Formación Técnica;136;TECNICO EN SERVICIOS FINANCIEROS Y BANCARIOS.PEV;Técnico de Nivel Superior;Administración y Comercio;Semipresencial;Vespertina;Semipresencial;Resto IP+CFT;36
6b16ba1a9dfa7ee92202ed34cd9a7dda;2015;430;CFT INACAP;Centros de Formación Técnica;201;ADMINISTRACION DE EMPRESAS;Técnico de Nivel Superior;Administración y Comercio;Semipresencial;Vespertina;Semipresencial;Resto IP+CFT;440
bf77d97254a12422617d89fc089c48f1;2015;430;CFT INACAP;Centros de Formación Técnica;42;ANALISTA PROGRAMADOR;Técnico de Nivel Superior;Tecnología;Semipresencial;Vespertina;Semipresencial;Resto IP+CFT;35
82f9ce106d6802254c6fd5f575f0eb16;2015;430;CFT INACAP;Centros de Formación Técnica;45;CONTABILIDAD GENERAL;Técnico de Nivel Superior;Administración y Comercio;Semipresencial;Vespertina;Semipresencial;Resto IP+CFT;37
3bf8aa58e11470a8b611e89406ab7c78;2015;430;CFT INACAP;Centros de Formación Técnica;138;PREVENCION DE RIESGOS;Técnico de Nivel Superior;Tecnología;Semipresencial;Vespertina;Semipresencial;Resto IP+CFT;109
e1f5b94740cdde7538bb10d07d81daa1;2015;224;CFT SIMON BOLIVAR;Centros de Formación Técnica;13;ADMINISTRACION DE EMPRESAS;Técnico de Nivel Superior;Administración y Comercio;Semipresencial;Semipresencial;Semipresencial;Resto IP+CFT;19
9f42eed402ba1919a6afceb0df0b633c;2015;224;CFT SIMON BOLIVAR;Centros de Formación Técnica;75;ADMINISTRACION DE EMPRESAS MENCION FINANZAS;Técnico de Nivel Superior;Administración y Comercio;No Presencial;A Distancia;No presencial;Resto IP+CFT;65
9742d580e61dda7284247e1e597d0095;2015;224;CFT SIMON BOLIVAR;Centros de Formación Técnica;80;ANALISIS Y PROGRAMACION;Técnico de Nivel Superior;Tecnología;No Presencial;A Distancia;No presencial;Resto IP+CFT;25
f0bfe04da69bc306dd4772c58dfe3750;2015;224;CFT SIMON BOLIVAR;Centros de Formación Técnica;56;ASISTENTE EJECUTIVO GERENCIAL;Técnico de Nivel Superior;Administración y Comercio;No Presencial;A Distancia;No presencial;Resto IP+CFT;6
d7ca4963224d462bd1459d36021f6441;2015;224;CFT SIMON BOLIVAR;Centros de Formación Técnica;6;COMERCIO EXTERIOR;Técnico de Nivel Superior;Administración y Comercio;No Presencial;A Distancia;No presencial;Resto IP+CFT;6
151bbe3c77dfbcef95cc457c3df30bb2;2015;224;CFT SIMON BOLIVAR;Centros de Formación Técnica;4;CONTABILIDAD;Técnico de Nivel Superior;Administración y Comercio;No Presencial;A Distancia;No presencial;Resto IP+CFT;10
dfb663e9cbde78b3924b0b5c6a33f6f9;2015;224;CFT SIMON BOLIVAR;Centros de Formación Técnica;2;CONTROL INDUSTRIAL;Técnico de Nivel Superior;Tecnología;No Presencial;A Distancia;No presencial;Resto IP+CFT;39
9f3a16dc60522a6428b0848d74341c54;2015;224;CFT SIMON BOLIVAR;Centros de Formación Técnica;58;EDUCACION ESPECIAL;Técnico de Nivel Superior;Educación;No Presencial;A Distancia;No presencial;Resto IP+CFT;24
c166422bce5abe355671130b8cd342e9;2015;224;CFT SIMON BOLIVAR;Centros de Formación Técnica;81;EDUCACION PARVULARIA Y NB1;Técnico de Nivel Superior;Educación;No Presencial;A Distancia;No presencial;Resto IP+CFT;88
792f28fc1d317da2f74d79d341f772ce;2015;224;CFT SIMON BOLIVAR;Centros de Formación Técnica;82;GESTION LOGISTICA;Técnico de Nivel Superior;Administración y Comercio;No Presencial;A Distancia;No presencial;Resto IP+CFT;16
9cf611c30b7e5ce4790a73039fd49f16;2015;224;CFT SIMON BOLIVAR;Centros de Formación Técnica;83;PREVENCION DE RIESGOS Y SALUD OCUPACIONAL;Técnico de Nivel Superior;Tecnología;No Presencial;A Distancia;No presencial;Resto IP+CFT;14
62644de920305233dae27d86d9db5aeb;2015;224;CFT SIMON BOLIVAR;Centros de Formación Técnica;61;RELACIONES PUBLICAS;Técnico de Nivel Superior;Ciencias Sociales;No Presencial;A Distancia;No presencial;Resto IP+CFT;9
8ea601746ff1abcece85fe62650021e6;2015;224;CFT SIMON BOLIVAR;Centros de Formación Técnica;84;TRABAJO SOCIAL;Técnico de Nivel Superior;Ciencias Sociales;No Presencial;A Distancia;No presencial;Resto IP+CFT;33
b8a12fe0fd9ee1da9503aa0d6f329f9a;2015;143;IP AIEP;Institutos Profesionales;73;AUDITORIA;Profesional Sin Licenciatura;Administración y Comercio;Semipresencial;Semipresencial;Semipresencial;Resto IP+CFT;34
3b7ff08878dec8c128ca9357924e344c;2015;143;IP AIEP;Institutos Profesionales;9;CONTABILIDAD GENERAL;Técnico de Nivel Superior;Administración y Comercio;Semipresencial;Semipresencial;Semipresencial;Resto IP+CFT;43
326c7faa8b9f78f58a4b2a16969eae26;2015;143;IP AIEP;Institutos Profesionales;111;INGENIERIA DE EJECUCION EN ADMINISTRACION DE EMPRESAS MENCION FINANZAS;Profesional Sin Licenciatura;Administración y Comercio;Semipresencial;Semipresencial;Semipresencial;Resto IP+CFT;60
0068d614b0a93d3eb3040c33a60e771d;2015;143;IP AIEP;Institutos Profesionales;112;INGENIERIA DE EJECUCION EN ADMINISTRACION DE EMPRESAS MENCION MARKETING;Profesional Sin Licenciatura;Administración y Comercio;Semipresencial;Semipresencial;Semipresencial;Resto IP+CFT;42
cc0295d09fe2538685419315e4544e73;2015;143;IP AIEP;Institutos Profesionales;113;INGENIERIA DE EJECUCION EN ADMINISTRACION DE EMPRESAS MENCION RECURSOS HUMANOS;Profesional Sin Licenciatura;Administración y Comercio;Semipresencial;Semipresencial;Semipresencial;Resto IP+CFT;56
cacf31bb8e9288b474268d6882e62253;2015;143;IP AIEP;Institutos Profesionales;219;INGENIERIA DE EJECUCION EN INFORMATICA MENCION DESARROLLO DE SISTEMAS;Profesional Sin Licenciatura;Tecnología;Semipresencial;Semipresencial;Semipresencial;Resto IP+CFT;18
ebff26d40af0f0bbe54bc3ae3517a00b;2015;143;IP AIEP;Institutos Profesionales;27;PREVENCION DE RIESGOS;Técnico de Nivel Superior;Tecnología;Semipresencial;Semipresencial;Semipresencial;Resto IP+CFT;54
f563180c56188c04ef950db358c6cfc5;2015;143;IP AIEP;Institutos Profesionales;94;PROGRAMACION COMPUTACIONAL;Técnico de Nivel Superior;Tecnología;Semipresencial;Semipresencial;Semipresencial;Resto IP+CFT;5
7d1027a3b81937b0c45cb8233dc55026;2015;143;IP AIEP;Institutos Profesionales;17;PROGRAMACION Y ANALISIS DE SISTEMAS;Técnico de Nivel Superior;Tecnología;Semipresencial;Semipresencial;Semipresencial;Resto IP+CFT;19
18a98d30560287569aefe632be0d04a8;2015;143;IP AIEP;Institutos Profesionales;115;TECNICO EN ADMINISTRACION DE EMPRESAS MENCION FINANZAS;Técnico de Nivel Superior;Administración y Comercio;Semipresencial;Semipresencial;Semipresencial;Resto IP+CFT;82
5a551c8da8431c9c5db1b57870bd94f5;2015;143;IP AIEP;Institutos Profesionales;117;TECNICO EN ADMINISTRACION DE EMPRESAS MENCION MARKETING;Técnico de Nivel Superior;Administración y Comercio;Semipresencial;Semipresencial;Semipresencial;Resto IP+CFT;60
78d382eb6b2a56a3dfdd5b2bd2458cf8;2015;143;IP AIEP;Institutos Profesionales;118;TECNICO EN ADMINISTRACION DE EMPRESAS MENCION RECURSOS HUMANOS;Técnico de Nivel Superior;Administración y Comercio;Semipresencial;Semipresencial;Semipresencial;Resto IP+CFT;223
b0450f2193f91d8c12578b5ea931edb0;2015;143;IP AIEP;Institutos Profesionales;118;TECNICO EN ADMINISTRACION DE EMPRESAS MENCION RECURSOS HUMANOS;Técnico de Nivel Superior;Administración y Comercio;No Presencial;A Distancia;No presencial;Resto IP+CFT;28
a44dd24e87c27f6d37c290eb6194501c;2015;143;IP AIEP;Institutos Profesionales;83;TECNICO EN TRABAJO SOCIAL;Técnico de Nivel Superior;Ciencias Sociales;Semipresencial;Semipresencial;Semipresencial;Resto IP+CFT;18
136a053ac19f5bc2c080af183598091d;2015;183;IP CARLOS CASANUEVA;Institutos Profesionales;9;TECNICO EN BIBLIOTECOLOGIA Y CENTROS DE INFORMACION;Técnico de Nivel Superior;Humanidades;Semipresencial;Semipresencial;Semipresencial;Resto IP+CFT;57
84e519d4ff86712463cd9280ac42c591;2015;123;IP DE CHILE;Institutos Profesionales;9;AUDITORIA;Profesional Sin Licenciatura;Administración y Comercio;No Presencial;A Distancia;No presencial;Resto IP+CFT;30
8e8c4fefbb4ab19485f459ffdb40b4d6;2015;123;IP DE CHILE;Institutos Profesionales;49;CONTABILIDAD GENERAL;Técnico de Nivel Superior;Administración y Comercio;No Presencial;A Distancia;No presencial;Resto IP+CFT;45
77c7a5d7ef78b9cc0385e6fdf1a4f4e2;2015;123;IP DE CHILE;Institutos Profesionales;37;INGENIERIA EN ADMINISTRACION DE EMPRESAS;Profesional Sin Licenciatura;Administración y Comercio;No Presencial;A Distancia;No presencial;Resto IP+CFT;1
ffff4bd56dbdd77039bcad777e5416ff;2015;123;IP DE CHILE;Institutos Profesionales;48;TECNICO EN ADMINISTRACION DE EMPRESAS;Técnico de Nivel Superior;Administración y Comercio;No Presencial;A Distancia;No presencial;Resto IP+CFT;1
2dbc529d48e30d8fe02c1ac280ae60d9;2015;123;IP DE CHILE;Institutos Profesionales;18;TRABAJO SOCIAL;Profesional Sin Licenciatura;Ciencias Sociales;No Presencial;A Distancia;No presencial;Resto IP+CFT;39
c1326d17a45e1d3721289adafafaea5d;2015;176;IP DEL VALLE CENTRAL;Institutos Profesionales;545;INGENIERIA DE EJECUCION EN ADMINISTRACION DE EMPRESAS;Profesional Sin Licenciatura;Administración y Comercio;No Presencial;A Distancia;No presencial;Resto IP+CFT;10
6933a33c44fe58bf4205b35b0e05a708;2015;176;IP DEL VALLE CENTRAL;Institutos Profesionales;815;INGENIERIA DE EJECUCION EN ADMINISTRACION DE EMPRESAS MENCION RECURSOS HUMANOS, CONTINUIDAD;Profesional Sin Licenciatura;Administración y Comercio;Semipresencial;Semipresencial;Semipresencial;Resto IP+CFT;4
14a76e0f0de7c5e74e72116041e9fe8d;2015;176;IP DEL VALLE CENTRAL;Institutos Profesionales;778;INGENIERIA DE EJECUCION EN ADMINISTRACION DE EMPRESAS, CONTINUIDAD;Profesional Sin Licenciatura;Administración y Comercio;Semipresencial;Semipresencial;Semipresencial;Resto IP+CFT;17
501111731060862f641526b5d0e1c9a3;2015;176;IP DEL VALLE CENTRAL;Institutos Profesionales;778;INGENIERIA DE EJECUCION EN ADMINISTRACION DE EMPRESAS, CONTINUIDAD;Profesional Sin Licenciatura;Administración y Comercio;Multimodal;Multijornada;No presencial + semipresencial;Resto IP+CFT;4
55e481f69224bec8223f45c5a4d7f7db;2015;176;IP DEL VALLE CENTRAL;Institutos Profesionales;778;INGENIERIA DE EJECUCION EN ADMINISTRACION DE EMPRESAS, CONTINUIDAD;Profesional Sin Licenciatura;Administración y Comercio;No Presencial;A Distancia;No presencial;Resto IP+CFT;22
1d588b9f9cd76e5b5762bbccd0931d96;2015;176;IP DEL VALLE CENTRAL;Institutos Profesionales;783;INGENIERIA DE EJECUCION EN ADMINISTRACION PUBLICA;Profesional Sin Licenciatura;Ciencias Sociales;Multimodal;Multijornada;No presencial + semipresencial;Resto IP+CFT;4
80f893be010996e26cde971e469edda9;2015;176;IP DEL VALLE CENTRAL;Institutos Profesionales;783;INGENIERIA DE EJECUCION EN ADMINISTRACION PUBLICA;Profesional Sin Licenciatura;Ciencias Sociales;No Presencial;A Distancia;No presencial;Resto IP+CFT;15
23cab469f08bf90e3cc1139ad5377151;2015;176;IP DEL VALLE CENTRAL;Institutos Profesionales;576;INGENIERIA DE EJECUCION EN ADMINISTRACION PUBLICA, CONTINUIDAD;Profesional Sin Licenciatura;Ciencias Sociales;Semipresencial;Semipresencial;Semipresencial;Resto IP+CFT;3
7aa020f39289e7631458c5571c5a1565;2015;176;IP DEL VALLE CENTRAL;Institutos Profesionales;576;INGENIERIA DE EJECUCION EN ADMINISTRACION PUBLICA, CONTINUIDAD;Profesional Sin Licenciatura;Ciencias Sociales;No Presencial;A Distancia;No presencial;Resto IP+CFT;20
778017c30efa84a41d51476e30966c7e;2015;176;IP DEL VALLE CENTRAL;Institutos Profesionales;42;PSICOPEDAGOGIA;Profesional Sin Licenciatura;Educación;Semipresencial;Semipresencial;Semipresencial;Resto IP+CFT;103
98894129d9a75a2204fa6731d26215d7;2015;176;IP DEL VALLE CENTRAL;Institutos Profesionales;42;PSICOPEDAGOGIA;Profesional Sin Licenciatura;Educación;No Presencial;A Distancia;No presencial;Resto IP+CFT;55
5b6257e78a3814e125972885addde5c3;2015;176;IP DEL VALLE CENTRAL;Institutos Profesionales;115;TECNICO DE NIVEL SUPERIOR EN ADMINISTRACION DE EMPRESAS MENCION EN RECURSOS HUMANOS;Técnico de Nivel Superior;Administración y Comercio;No Presencial;A Distancia;No presencial;Resto IP+CFT;36
6247b074085ec659fdaba64a042bac73;2015;176;IP DEL VALLE CENTRAL;Institutos Profesionales;115;TECNICO DE NIVEL SUPERIOR EN ADMINISTRACION DE EMPRESAS MENCION EN RECURSOS HUMANOS;Técnico de Nivel Superior;Administración y Comercio;Semipresencial;Semipresencial;Semipresencial;Resto IP+CFT;83
7bf70fa55b4363ac9f0494ab6c451287;2015;176;IP DEL VALLE CENTRAL;Institutos Profesionales;115;TECNICO DE NIVEL SUPERIOR EN ADMINISTRACION DE EMPRESAS MENCION EN RECURSOS HUMANOS;Técnico de Nivel Superior;Administración y Comercio;Multimodal;Multijornada;No presencial + semipresencial;Resto IP+CFT;4
0ab94564565add48cb6630b5cef8e773;2015;176;IP DEL VALLE CENTRAL;Institutos Profesionales;789;TECNICO DE NIVEL SUPERIOR EN ADMINISTRACION DE EMPRESAS MENCION FINANZAS Y CONTABILIDAD;Técnico de Nivel Superior;Administración y Comercio;No Presencial;A Distancia;No presencial;Resto IP+CFT;20
8c1b0cd3c9e04a8b5fd1de05bb392840;2015;176;IP DEL VALLE CENTRAL;Institutos Profesionales;832;TECNICO DE NIVEL SUPERIOR EN CONTABILIDAD Y ANALISIS DE CUENTAS;Técnico de Nivel Superior;Administración y Comercio;No Presencial;A Distancia;No presencial;Resto IP+CFT;15
4a7ea855dd036c90b6c685a55e514046;2015;176;IP DEL VALLE CENTRAL;Institutos Profesionales;41;TECNICO DE NIVEL SUPERIOR EN EDUCACION PARVULARIA;Técnico de Nivel Superior;Educación;Semipresencial;Semipresencial;Semipresencial;Resto IP+CFT;151
c63acefc1b39d1354374f10ddba5f2fe;2015;176;IP DEL VALLE CENTRAL;Institutos Profesionales;41;TECNICO DE NIVEL SUPERIOR EN EDUCACION PARVULARIA;Técnico de Nivel Superior;Educación;No Presencial;A Distancia;No presencial;Resto IP+CFT;73
1845bc5a914f0edd8494c32b1b36f060;2015;176;IP DEL VALLE CENTRAL;Institutos Profesionales;835;TECNICO DE NIVEL SUPERIOR EN MARKETING Y VENTAS;Técnico de Nivel Superior;Administración y Comercio;No Presencial;A Distancia;No presencial;Resto IP+CFT;4
04165a5805a83004cf407e01b6913555;2015;176;IP DEL VALLE CENTRAL;Institutos Profesionales;40;TECNICO DE NIVEL SUPERIOR EN TRABAJO SOCIAL;Técnico de Nivel Superior;Ciencias Sociales;No Presencial;A Distancia;No presencial;Resto IP+CFT;40
1b3a725ecea01b5b5f6b31603e60443c;2015;176;IP DEL VALLE CENTRAL;Institutos Profesionales;40;TECNICO DE NIVEL SUPERIOR EN TRABAJO SOCIAL;Técnico de Nivel Superior;Ciencias Sociales;Semipresencial;Semipresencial;Semipresencial;Resto IP+CFT;64
c2e0f4aa380ab846f1add3d139656301;2015;176;IP DEL VALLE CENTRAL;Institutos Profesionales;40;TECNICO DE NIVEL SUPERIOR EN TRABAJO SOCIAL;Técnico de Nivel Superior;Ciencias Sociales;Multimodal;Multijornada;No presencial + semipresencial;Resto IP+CFT;2
e28af55085b122849b48ebc3cfe51d1c;2015;120;IP DIEGO PORTALES;Institutos Profesionales;101;CONTADOR AUDITOR A DISTANCIA;Profesional Sin Licenciatura;Administración y Comercio;No Presencial;A Distancia;No presencial;Resto IP+CFT;31
598c3290c7c311555daf0408525ee859;2015;120;IP DIEGO PORTALES;Institutos Profesionales;104;INGENIERIA EN ADMINISTRACION DE EMPRESAS A DISTANCIA;Profesional Sin Licenciatura;Administración y Comercio;No Presencial;A Distancia;No presencial;Resto IP+CFT;67
f20d355b86f1c0d46339c04f8487f5a2;2015;120;IP DIEGO PORTALES;Institutos Profesionales;105;INGENIERIA EN PREVENCION DE RIESGOS A DISTANCIA;Profesional Sin Licenciatura;Tecnología;No Presencial;A Distancia;No presencial;Resto IP+CFT;101
e6882def3235041bca93963b3c3405f3;2015;120;IP DIEGO PORTALES;Institutos Profesionales;114;SERVICIO SOCIAL A DISTANCIA;Profesional Sin Licenciatura;Ciencias Sociales;No Presencial;A Distancia;No presencial;Resto IP+CFT;74
dec60b92d4b9aed9b60122a8d4726fda;2015;120;IP DIEGO PORTALES;Institutos Profesionales;237;TECNICO EN LOGISTICA OPERATIVA A DISTANCIA;Técnico de Nivel Superior;Administración y Comercio;No Presencial;A Distancia;No presencial;Resto IP+CFT;16
d534b780ed31e203f8dfda1653918a40;2015;111;IP DUOC UC;Institutos Profesionales;285;ADMINISTRACION DE EMPRESAS MENCION MARKETING.PEV;Técnico de Nivel Superior;Administración y Comercio;Semipresencial;Vespertina;Semipresencial;Resto IP+CFT;370
b8027f44e6d7b8cefa8162e8928405f0;2015;111;IP DUOC UC;Institutos Profesionales;278;ADMINISTRACION DE RECURSOS HUMANOS.PEV;Técnico de Nivel Superior;Administración y Comercio;Semipresencial;Vespertina;Semipresencial;Resto IP+CFT;669
ae04ab6e14756caac3ed154e6dbfe9a8;2015;111;IP DUOC UC;Institutos Profesionales;454;ADMINISTRACION DE REDES COMPUTACIONALES.PEV;Técnico de Nivel Superior;Tecnología;Semipresencial;Vespertina;Semipresencial;Resto IP+CFT;30
ddf83d9cae856277d8055b4390222703;2015;111;IP DUOC UC;Institutos Profesionales;144;ADMINISTRACION DE VENTAS.PEV;Técnico de Nivel Superior;Administración y Comercio;Semipresencial;Vespertina;Semipresencial;Resto IP+CFT;1
4aa5cbd974cdcfe04d5e97dcfe211d1d;2015;111;IP DUOC UC;Institutos Profesionales;259;ADMINISTRACION FINANCIERA.PEV;Técnico de Nivel Superior;Administración y Comercio;Semipresencial;Vespertina;Semipresencial;Resto IP+CFT;395
5db0bcb623a1ab4f7e106f2781054350;2015;111;IP DUOC UC;Institutos Profesionales;440;ANALISTA PROGRAMADOR COMPUTACIONAL.PEV;Técnico de Nivel Superior;Tecnología;Semipresencial;Vespertina;Semipresencial;Resto IP+CFT;59
7dac0c74d14faafbc77008dd4ec0172a;2015;111;IP DUOC UC;Institutos Profesionales;410;AUDITORIA.PEV;Profesional Sin Licenciatura;Administración y Comercio;Semipresencial;Vespertina;Semipresencial;Resto IP+CFT;70
84946108baac82a65bd436414d8aa288;2015;111;IP DUOC UC;Institutos Profesionales;202;COMERCIO EXTERIOR.PEV;Técnico de Nivel Superior;Administración y Comercio;Semipresencial;Vespertina;Semipresencial;Resto IP+CFT;171
324f08b6c88d3149cd6afa66687b2121;2015;111;IP DUOC UC;Institutos Profesionales;204;CONTABILIDAD GENERAL MENCION LEGISLACION TRIBUTARIA.PEV;Técnico de Nivel Superior;Administración y Comercio;Semipresencial;Vespertina;Semipresencial;Resto IP+CFT;224
b420f1e9b735007cb22c29c9633f28de;2015;111;IP DUOC UC;Institutos Profesionales;281;INGENIERIA EN ADMINISTRACION DE RECURSOS HUMANOS.PEV;Profesional Sin Licenciatura;Administración y Comercio;Semipresencial;Vespertina;Semipresencial;Resto IP+CFT;207
d32d3312a9c2e8ccfc4afc8929a40197;2015;111;IP DUOC UC;Institutos Profesionales;139;INGENIERIA EN ADMINISTRACION.PEV;Profesional Sin Licenciatura;Administración y Comercio;Semipresencial;Vespertina;Semipresencial;Resto IP+CFT;161
fe996b30b4853ac4c7fb2b2520323b3a;2015;111;IP DUOC UC;Institutos Profesionales;455;INGENIERIA EN COMERCIO EXTERIOR.PEV;Profesional Sin Licenciatura;Administración y Comercio;Semipresencial;Vespertina;Semipresencial;Resto IP+CFT;28
11a758d510ee4223f8f2f49a65068e3c;2015;111;IP DUOC UC;Institutos Profesionales;441;INGENIERIA EN GESTION LOGISTICA.PEV;Profesional Sin Licenciatura;Administración y Comercio;Semipresencial;Vespertina;Semipresencial;Resto IP+CFT;40
56dd75fcf8e356b2a25c5b8721764a13;2015;111;IP DUOC UC;Institutos Profesionales;141;INGENIERIA EN MARKETING.PEV;Profesional Sin Licenciatura;Administración y Comercio;Semipresencial;Vespertina;Semipresencial;Resto IP+CFT;140
4df216bb82666c42da137b24be57f1a2;2015;111;IP DUOC UC;Institutos Profesionales;415;INGENIERIA EN PREVENCION DE RIESGOS.PEV;Profesional Sin Licenciatura;Tecnología;Semipresencial;Vespertina;Semipresencial;Resto IP+CFT;39
b0ec70113d67c7dd4f75540062ddf5a6;2015;111;IP DUOC UC;Institutos Profesionales;442;TECNICO EN GESTION COMERCIAL.PEV;Técnico de Nivel Superior;Administración y Comercio;Semipresencial;Vespertina;Semipresencial;Resto IP+CFT;40
8ddeb143eaaceb1af1c50bf0b67c7fd6;2015;111;IP DUOC UC;Institutos Profesionales;309;TECNICO EN GESTION LOGISTICA.PEV;Técnico de Nivel Superior;Administración y Comercio;Semipresencial;Vespertina;Semipresencial;Resto IP+CFT;342
fddea096223c37cce99b8277cf61d6f9;2015;111;IP DUOC UC;Institutos Profesionales;124;TECNICO EN PREVENCION DE RIESGOS.PEV;Técnico de Nivel Superior;Tecnología;Semipresencial;Vespertina;Semipresencial;Resto IP+CFT;499
7ad3ae335db3737258ab83fddbf2a8f1;2015;117;IP IACC;Institutos Profesionales;45;ADMINISTRACION FINANCIERA;Técnico de Nivel Superior;Administración y Comercio;No Presencial;A Distancia;No presencial;Resto IP+CFT;33
b43d28390ca29c6312a408e4142df5eb;2015;117;IP IACC;Institutos Profesionales;46;ANALISTA PROGRAMADOR COMPUTACIONAL;Técnico de Nivel Superior;Tecnología;No Presencial;A Distancia;No presencial;Resto IP+CFT;81
fc399a929d4c37f53df0a18381b06be8;2015;117;IP IACC;Institutos Profesionales;30;CONTABILIDAD GENERAL;Técnico de Nivel Superior;Administración y Comercio;No Presencial;A Distancia;No presencial;Resto IP+CFT;116
baeed083434b47dbc76178023ac1b501;2015;117;IP IACC;Institutos Profesionales;2;INGENIERIA EN ADMINISTRACION DE EMPRESAS;Profesional Sin Licenciatura;Administración y Comercio;No Presencial;A Distancia;No presencial;Resto IP+CFT;144
817f6d393c0b4a630047568de5081cba;2015;117;IP IACC;Institutos Profesionales;27;INGENIERIA EN PREVENCION DE RIESGOS;Profesional Sin Licenciatura;Tecnología;No Presencial;A Distancia;No presencial;Resto IP+CFT;96
a5baa74f87eae0f2bc3871f9046a1099;2015;117;IP IACC;Institutos Profesionales;29;INGENIERIA EN RECURSOS HUMANOS;Profesional Sin Licenciatura;Administración y Comercio;No Presencial;A Distancia;No presencial;Resto IP+CFT;77
03f97e137d1b6d94b751ff603a6ff394;2015;117;IP IACC;Institutos Profesionales;57;INGENIERO EN INFORMATICA;Profesional Sin Licenciatura;Tecnología;No Presencial;A Distancia;No presencial;Resto IP+CFT;67
66bef1a045a7d51ece26cb4b24b8bc5e;2015;117;IP IACC;Institutos Profesionales;58;TECNICO EDUCADOR SOCIAL INFANTOJUVENIL;Técnico de Nivel Superior;Ciencias Sociales;No Presencial;A Distancia;No presencial;Resto IP+CFT;56
33ab8e13e6b7cf4af9f919e3b2d060bf;2015;117;IP IACC;Institutos Profesionales;31;TECNICO EN ADMINISTRACION PUBLICA;Técnico de Nivel Superior;Ciencias Sociales;No Presencial;A Distancia;No presencial;Resto IP+CFT;98
9ca39ab435e1c080824ab20ea7ece25c;2015;117;IP IACC;Institutos Profesionales;59;TECNICO EN GESTION DE CALIDAD Y AMBIENTE;Técnico de Nivel Superior;Tecnología;No Presencial;A Distancia;No presencial;Resto IP+CFT;55
678bf38f1e6b28ef321242641a5c8fe6;2015;117;IP IACC;Institutos Profesionales;60;TECNICO EN LOGISTICA;Técnico de Nivel Superior;Administración y Comercio;No Presencial;A Distancia;No presencial;Resto IP+CFT;54
1f5483795c392365c0b4ffe88c5bc69d;2015;117;IP IACC;Institutos Profesionales;35;TECNICO EN PREVENCION DE RIESGOS;Técnico de Nivel Superior;Tecnología;No Presencial;A Distancia;No presencial;Resto IP+CFT;455
fe9176cef5ebff0a1eaa9d5c317a079a;2015;117;IP IACC;Institutos Profesionales;61;TECNICO EN RECURSOS HUMANOS;Técnico de Nivel Superior;Administración y Comercio;No Presencial;A Distancia;No presencial;Resto IP+CFT;137
d761e46111aebc7802e45d4321157534;2015;117;IP IACC;Institutos Profesionales;32;TECNICO EN RELACIONES PUBLICAS Y COMUNICACIONES;Técnico de Nivel Superior;Ciencias Sociales;No Presencial;A Distancia;No presencial;Resto IP+CFT;46
ba8b73edb413fa0cf807fe983eae0bdf;2015;117;IP IACC;Institutos Profesionales;62;TECNICO EN TRABAJO SOCIAL;Técnico de Nivel Superior;Ciencias Sociales;No Presencial;A Distancia;No presencial;Resto IP+CFT;175
8bd28ee66a0c54a26a0f9edcfd4d54cc;2015;117;IP IACC;Institutos Profesionales;63;TECNICO JURIDICO;Técnico de Nivel Superior;Derecho;No Presencial;A Distancia;No presencial;Resto IP+CFT;56
f1b20bd35ad94674ab3bbdd1793a818d;2015;117;IP IACC;Institutos Profesionales;1;TECNICO SUPERIOR EN ADMINISTRACION DE EMPRESAS;Técnico de Nivel Superior;Administración y Comercio;No Presencial;A Distancia;No presencial;Resto IP+CFT;680
d080552cdbca54800289ddef3aa31130;2015;117;IP IACC;Institutos Profesionales;17;TECNICO SUPERIOR EN INFORMATICA;Técnico de Nivel Superior;Tecnología;No Presencial;A Distancia;No presencial;Resto IP+CFT;149
9131f1ddfeadacccf6889adeb2270050;2015;100;IP INACAP;Institutos Profesionales;10;INGENIERIA EN PREVENCION DE RIESGOS, CALIDAD Y AMBIENTE;Profesional Sin Licenciatura;Tecnología;Semipresencial;Vespertina;Semipresencial;Resto IP+CFT;4
ef2b7daabb9379c9254aaaa86609d7c8;2015;103;IP INSTITUTO DE ESTUDIOS BANCARIOS GUILLERMO SUBERCASEAUX;Institutos Profesionales;83;TECNICO EN ADMINISTRACION DE EMPRESAS FINANCIERAS;Técnico de Nivel Superior;Administración y Comercio;Semipresencial;Semipresencial;Semipresencial;Resto IP+CFT;62
bee8773685e5d3070b7893d894d66ae8;2015;103;IP INSTITUTO DE ESTUDIOS BANCARIOS GUILLERMO SUBERCASEAUX;Institutos Profesionales;94;TECNICO EN OPERACIONES FINANCIERAS Y BANCARIAS;Técnico de Nivel Superior;Administración y Comercio;Semipresencial;Semipresencial;Semipresencial;Resto IP+CFT;64
c654d26e114e498907a2f16a85229f0a;2015;103;IP INSTITUTO DE ESTUDIOS BANCARIOS GUILLERMO SUBERCASEAUX;Institutos Profesionales;2;TECNICO FINANCIERO;Técnico de Nivel Superior;Administración y Comercio;Semipresencial;Semipresencial;Semipresencial;Resto IP+CFT;2
0293f516b6f2467a7bfea92c2f756a8b;2015;152;IP LATINOAMERICANO DE COMERCIO EXTERIOR - IPLACEX;Institutos Profesionales;105;ADMINISTRACION DE EMPRESAS;Técnico de Nivel Superior;Administración y Comercio;Semipresencial;Vespertina;Semipresencial;Resto IP+CFT;38
1002841e3f60aeff3b291973b8cc2a08;2015;152;IP LATINOAMERICANO DE COMERCIO EXTERIOR - IPLACEX;Institutos Profesionales;274;ADMINISTRACION PUBLICA;Profesional Sin Licenciatura;Ciencias Sociales;No Presencial;A Distancia;No presencial;Resto IP+CFT;11
febdaac55b2d1ac6860ca6feed0c11e2;2015;152;IP LATINOAMERICANO DE COMERCIO EXTERIOR - IPLACEX;Institutos Profesionales;9;AUDITORIA;Profesional Sin Licenciatura;Administración y Comercio;No Presencial;A Distancia;No presencial;Resto IP+CFT;21
7235c4090fe0ba48c59a42f0753e7a71;2015;152;IP LATINOAMERICANO DE COMERCIO EXTERIOR - IPLACEX;Institutos Profesionales;6;COMERCIO EXTERIOR;Técnico de Nivel Superior;Administración y Comercio;Semipresencial;Vespertina;Semipresencial;Resto IP+CFT;10
410e83c29885871b3969b307e4bdd37c;2015;152;IP LATINOAMERICANO DE COMERCIO EXTERIOR - IPLACEX;Institutos Profesionales;295;CONTABILIDAD;Técnico de Nivel Superior;Administración y Comercio;No Presencial;A Distancia;No presencial;Resto IP+CFT;4
2343b126a31333f6742f05166d527da9;2015;152;IP LATINOAMERICANO DE COMERCIO EXTERIOR - IPLACEX;Institutos Profesionales;312;INGENIERIA DE EJECUCION EN ADMINISTRACION MENCION GESTION DESARROLLO LOCAL Y REGIONAL;Profesional Sin Licenciatura;Administración y Comercio;No Presencial;A Distancia;No presencial;Resto IP+CFT;143
1f54cc3bb4e08edc562ce65070305dbc;2015;152;IP LATINOAMERICANO DE COMERCIO EXTERIOR - IPLACEX;Institutos Profesionales;107;INGENIERIA EN ADMINISTRACION DE EMPRESAS;Profesional Sin Licenciatura;Administración y Comercio;Semipresencial;Vespertina;Semipresencial;Resto IP+CFT;14
abb2436953b65730d0daf4efc350cc74;2015;152;IP LATINOAMERICANO DE COMERCIO EXTERIOR - IPLACEX;Institutos Profesionales;107;INGENIERIA EN ADMINISTRACION DE EMPRESAS;Profesional Sin Licenciatura;Administración y Comercio;No Presencial;A Distancia;No presencial;Resto IP+CFT;35
84447de7593d9d2e7345b0c8a2b3d5ed;2015;152;IP LATINOAMERICANO DE COMERCIO EXTERIOR - IPLACEX;Institutos Profesionales;313;INGENIERIA EN ADMINISTRACION MENCION GESTION DE PREVISION SOCIAL;Profesional Sin Licenciatura;Administración y Comercio;No Presencial;A Distancia;No presencial;Resto IP+CFT;1
4ec2677fbd8fd63245488f79a8e6465b;2015;152;IP LATINOAMERICANO DE COMERCIO EXTERIOR - IPLACEX;Institutos Profesionales;314;INGENIERIA EN ADMINISTRACION MENCION GESTION MUNICIPAL;Profesional Sin Licenciatura;Ciencias Sociales;No Presencial;A Distancia;No presencial;Resto IP+CFT;8
75e4d8c929ca61cf6083d3a25cc1c7f6;2015;152;IP LATINOAMERICANO DE COMERCIO EXTERIOR - IPLACEX;Institutos Profesionales;316;INGENIERIA EN GESTION DE RECURSOS HUMANOS;Profesional Sin Licenciatura;Administración y Comercio;No Presencial;A Distancia;No presencial;Resto IP+CFT;85
230f33d29d5e01626b5f28378f9f49e0;2015;152;IP LATINOAMERICANO DE COMERCIO EXTERIOR - IPLACEX;Institutos Profesionales;317;INGENIERIA EN GESTION FINANCIERA;Profesional Sin Licenciatura;Administración y Comercio;No Presencial;A Distancia;No presencial;Resto IP+CFT;2
73d3f1f21d2de63e27391742c227b81e;2015;152;IP LATINOAMERICANO DE COMERCIO EXTERIOR - IPLACEX;Institutos Profesionales;318;INGENIERIA EN GESTION LOGISTICA;Profesional Sin Licenciatura;Administración y Comercio;No Presencial;A Distancia;No presencial;Resto IP+CFT;10
cb58c98957441ad4f31f58a4f697bb05;2015;152;IP LATINOAMERICANO DE COMERCIO EXTERIOR - IPLACEX;Institutos Profesionales;319;INGENIERIA EN PREVENCION DE RIESGOS, CALIDAD Y MEDIO AMBIENTE;Profesional Sin Licenciatura;Tecnología;No Presencial;A Distancia;No presencial;Resto IP+CFT;179
20bd8d380b8c55a386ed5f5bbe00a1a7;2015;152;IP LATINOAMERICANO DE COMERCIO EXTERIOR - IPLACEX;Institutos Profesionales;21;PSICOPEDAGOGIA;Profesional Sin Licenciatura;Educación;No Presencial;A Distancia;No presencial;Resto IP+CFT;41
9f0f9d42b7b74873c6575e88f69b6ce3;2015;152;IP LATINOAMERICANO DE COMERCIO EXTERIOR - IPLACEX;Institutos Profesionales;278;TECNICO EN ADMINISTRACION PUBLICA;Técnico de Nivel Superior;Ciencias Sociales;No Presencial;A Distancia;No presencial;Resto IP+CFT;16
18a478954557eed944f6a235906d9fc7;2015;152;IP LATINOAMERICANO DE COMERCIO EXTERIOR - IPLACEX;Institutos Profesionales;282;TECNICO EN EDUCACION ESPECIAL Y DIFERENCIAL;Técnico de Nivel Superior;Educación;No Presencial;A Distancia;No presencial;Resto IP+CFT;16
231ff246218143935bb6add5eb285db6;2015;152;IP LATINOAMERICANO DE COMERCIO EXTERIOR - IPLACEX;Institutos Profesionales;282;TECNICO EN EDUCACION ESPECIAL Y DIFERENCIAL;Técnico de Nivel Superior;Educación;Semipresencial;Diurna;Semipresencial;Resto IP+CFT;2
b7ed30d004e4f73e271ac074061399ad;2015;152;IP LATINOAMERICANO DE COMERCIO EXTERIOR - IPLACEX;Institutos Profesionales;282;TECNICO EN EDUCACION ESPECIAL Y DIFERENCIAL;Técnico de Nivel Superior;Educación;Semipresencial;Vespertina;Semipresencial;Resto IP+CFT;43
3465c0744932c94e9a8f50e8af9291c5;2015;152;IP LATINOAMERICANO DE COMERCIO EXTERIOR - IPLACEX;Institutos Profesionales;281;TECNICO EN EDUCACION PARVULARIA;Técnico de Nivel Superior;Educación;Semipresencial;Vespertina;Semipresencial;Resto IP+CFT;10
a2b70b6324c6c30b3f3a7d9a592c828b;2015;152;IP LATINOAMERICANO DE COMERCIO EXTERIOR - IPLACEX;Institutos Profesionales;281;TECNICO EN EDUCACION PARVULARIA;Técnico de Nivel Superior;Educación;Semipresencial;Diurna;Semipresencial;Resto IP+CFT;8
b2cb40894e4db4cdec1ae3be458b4abd;2015;152;IP LATINOAMERICANO DE COMERCIO EXTERIOR - IPLACEX;Institutos Profesionales;281;TECNICO EN EDUCACION PARVULARIA;Técnico de Nivel Superior;Educación;No Presencial;A Distancia;No presencial;Resto IP+CFT;22
f00cfaada3ebf35b1f3b3c6b95364e56;2015;152;IP LATINOAMERICANO DE COMERCIO EXTERIOR - IPLACEX;Institutos Profesionales;321;TECNICO EN GESTION DE RECURSOS HUMANOS;Técnico de Nivel Superior;Administración y Comercio;No Presencial;A Distancia;No presencial;Resto IP+CFT;9
f7953f73a1bba9dede57fddaa0e0db15;2015;152;IP LATINOAMERICANO DE COMERCIO EXTERIOR - IPLACEX;Institutos Profesionales;321;TECNICO EN GESTION DE RECURSOS HUMANOS;Técnico de Nivel Superior;Administración y Comercio;Semipresencial;Vespertina;Semipresencial;Resto IP+CFT;44
20910d71a36699ad775ef7d18be53443;2015;152;IP LATINOAMERICANO DE COMERCIO EXTERIOR - IPLACEX;Institutos Profesionales;322;TECNICO EN GESTION FINANCIERA;Técnico de Nivel Superior;Administración y Comercio;No Presencial;A Distancia;No presencial;Resto IP+CFT;1
7ddf79954e9c033ae6fdd6b42776ca36;2015;152;IP LATINOAMERICANO DE COMERCIO EXTERIOR - IPLACEX;Institutos Profesionales;323;TECNICO EN GESTION LOGISTICA;Técnico de Nivel Superior;Administración y Comercio;No Presencial;A Distancia;No presencial;Resto IP+CFT;4
caeb85d11ee820ea876096fd9c210d2d;2015;152;IP LATINOAMERICANO DE COMERCIO EXTERIOR - IPLACEX;Institutos Profesionales;50;TECNICO EN PREVENCION DE RIESGOS;Técnico de Nivel Superior;Tecnología;No Presencial;A Distancia;No presencial;Resto IP+CFT;20
66c5130e01af3134dc8a9b32620f72d7;2015;152;IP LATINOAMERICANO DE COMERCIO EXTERIOR - IPLACEX;Institutos Profesionales;300;TECNICO EN TRABAJO SOCIAL;Técnico de Nivel Superior;Ciencias Sociales;Semipresencial;Diurna;Semipresencial;Resto IP+CFT;20
7c9cd431530fcc41885a854133c35cf8;2015;152;IP LATINOAMERICANO DE COMERCIO EXTERIOR - IPLACEX;Institutos Profesionales;300;TECNICO EN TRABAJO SOCIAL;Técnico de Nivel Superior;Ciencias Sociales;No Presencial;A Distancia;No presencial;Resto IP+CFT;7
d29cff89919555e934fc45a8b6e437d2;2015;152;IP LATINOAMERICANO DE COMERCIO EXTERIOR - IPLACEX;Institutos Profesionales;300;TECNICO EN TRABAJO SOCIAL;Técnico de Nivel Superior;Ciencias Sociales;Semipresencial;Vespertina;Semipresencial;Resto IP+CFT;14
6f78740dbc875c9f9a489819ab2fea79;2015;152;IP LATINOAMERICANO DE COMERCIO EXTERIOR - IPLACEX;Institutos Profesionales;41;TRABAJO SOCIAL;Profesional Sin Licenciatura;Ciencias Sociales;Semipresencial;Vespertina;Semipresencial;Resto IP+CFT;1
bccb03c77095bb08ac5ec32a0ffecfa7;2015;106;IP PROVIDENCIA;Institutos Profesionales;10;CONTADOR AUDITOR;Profesional Sin Licenciatura;Administración y Comercio;No Presencial;A Distancia;No presencial;Resto IP+CFT;74
e19486fde3418c0207b6a22cc93bfb1f;2015;106;IP PROVIDENCIA;Institutos Profesionales;10;CONTADOR AUDITOR;Profesional Sin Licenciatura;Administración y Comercio;Semipresencial;Semipresencial;Semipresencial;Resto IP+CFT;2
d0a77b02182621b3d4a271febcaf2672;2015;106;IP PROVIDENCIA;Institutos Profesionales;64;CONTADOR GENERAL;Técnico de Nivel Superior;Administración y Comercio;No Presencial;A Distancia;No presencial;Resto IP+CFT;56
c162a93195575069e99e436d0196351f;2015;106;IP PROVIDENCIA;Institutos Profesionales;262;INGENIERIA EN ADMINISTRACION M/MARKETING, FINANZAS, RECURSOS HUMANOS;Profesional Sin Licenciatura;Administración y Comercio;No Presencial;A Distancia;No presencial;Resto IP+CFT;159
848c572df9c2bf18c8789e5f0508f3ed;2015;106;IP PROVIDENCIA;Institutos Profesionales;46;INGENIERIA EN ADMINISTRACION MENCION MARKETING O FINANZAS;Profesional Sin Licenciatura;Administración y Comercio;Semipresencial;Semipresencial;Semipresencial;Resto IP+CFT;2
ed60823a62c3f668ad1b3e43bdf07f7c;2015;106;IP PROVIDENCIA;Institutos Profesionales;263;INGENIERIA EN CONTROL DE GESTION;Profesional Sin Licenciatura;Administración y Comercio;No Presencial;A Distancia;No presencial;Resto IP+CFT;84
4ab5f4a33ad5071b6be17c6da59f250b;2015;106;IP PROVIDENCIA;Institutos Profesionales;242;INGENIERIA EN GESTION DE RECURSOS HUMANOS;Profesional Sin Licenciatura;Administración y Comercio;Semipresencial;Semipresencial;Semipresencial;Resto IP+CFT;2
8f9907cc64b728f8cefc1f5423c9de95;2015;106;IP PROVIDENCIA;Institutos Profesionales;67;TECNICO DE NIVEL SUPERIOR EN ADMINISTRACION DE EMPRESAS;Técnico de Nivel Superior;Administración y Comercio;No Presencial;A Distancia;No presencial;Resto IP+CFT;186
465aaf9393a2aa04a56e6edbe006483f;2015;106;IP PROVIDENCIA;Institutos Profesionales;265;TECNICO DE NIVEL SUPERIOR EN CONTROL DE GESTION;Técnico de Nivel Superior;Administración y Comercio;No Presencial;A Distancia;No presencial;Resto IP+CFT;48
382a45ed44c3c9eead548076a789185a;2015;106;IP PROVIDENCIA;Institutos Profesionales;268;TECNICO DE NIVEL SUPERIOR EN GESTION TURISTICA;Técnico de Nivel Superior;Administración y Comercio;No Presencial;A Distancia;No presencial;Resto IP+CFT;44
8972bbfed405260122cd9b6ff0e2635d;2015;106;IP PROVIDENCIA;Institutos Profesionales;250;TECNICO DE NIVEL SUPERIOR EN SERVICIO SOCIAL;Técnico de Nivel Superior;Ciencias Sociales;No Presencial;A Distancia;No presencial;Resto IP+CFT;285
60cbd8ec6913c9585011305a00c2f8b2;2015;106;IP PROVIDENCIA;Institutos Profesionales;269;TECNICO JURIDICO EN GESTION JUDICIAL;Técnico de Nivel Superior;Derecho;No Presencial;A Distancia;No presencial;Resto IP+CFT;53
3d265b0ed9226451c3468f6a06ac0059;2015;116;IP SANTO TOMAS;Institutos Profesionales;174;INGENIERIA DE EJECUCION EN ADMINISTRACION, PROGRAMA EJECUTIVO SEMIPRESENCIAL;Profesional Sin Licenciatura;Administración y Comercio;Semipresencial;Vespertina;Semipresencial;Resto IP+CFT;29
055d57e56b7e3814172032438f562e51;2015;116;IP SANTO TOMAS;Institutos Profesionales;175;INGENIERIA EN INFORMATICA, PROGRAMA EJECUTIVO SEMIPRESENCIAL;Profesional Sin Licenciatura;Tecnología;Semipresencial;Vespertina;Semipresencial;Resto IP+CFT;18
64f4127912c57588f94b45b733136348;2016;312;CFT CENCO;Centros de Formación Técnica;89;TECNICO DE NIVEL SUPERIOR EN TRABAJO SOCIAL;Técnico de Nivel Superior;Ciencias Sociales;No Presencial;A Distancia;No presencial;Resto IP+CFT;16
8c30bafbdae96c87459ad01edb8073b5;2016;236;CFT CENTRO TECNOLOGICO SUPERIOR INFOMED;Centros de Formación Técnica;5;TECNICO EN OPTICA CON MENCION EN CONTACTOLOGIA;Técnico de Nivel Superior;Salud;Semipresencial;Semipresencial;Semipresencial;Resto IP+CFT;5
328704ea5be9c62cc6e430f77175f3fe;2016;430;CFT INACAP;Centros de Formación Técnica;201;ADMINISTRACION DE EMPRESAS;Técnico de Nivel Superior;Administración y Comercio;Semipresencial;Vespertina;Semipresencial;Resto IP+CFT;342
1688a81f75208341873fb064678ada3e;2016;430;CFT INACAP;Centros de Formación Técnica;42;ANALISTA PROGRAMADOR;Técnico de Nivel Superior;Tecnología;Semipresencial;Vespertina;Semipresencial;Resto IP+CFT;33
7529dabfbf027f1c1d3aa5a4ceb837d3;2016;430;CFT INACAP;Centros de Formación Técnica;2;COMERCIO EXTERIOR;Técnico de Nivel Superior;Administración y Comercio;Semipresencial;Vespertina;Semipresencial;Resto IP+CFT;10
6f4e033603aa963c7b3de4063dd74783;2016;430;CFT INACAP;Centros de Formación Técnica;45;CONTABILIDAD GENERAL;Técnico de Nivel Superior;Administración y Comercio;Semipresencial;Vespertina;Semipresencial;Resto IP+CFT;58
5afea726efadfe6fbb54489cf5eb20d3;2016;430;CFT INACAP;Centros de Formación Técnica;292;DISEÑO Y PRODUCCION GRAFICA;Técnico de Nivel Superior;Arte y Arquitectura;Semipresencial;Vespertina;Semipresencial;Resto IP+CFT;9
d1593afc36bdc1b03deabecdb1b93731;2016;430;CFT INACAP;Centros de Formación Técnica;138;PREVENCION DE RIESGOS;Técnico de Nivel Superior;Tecnología;Semipresencial;Vespertina;Semipresencial;Resto IP+CFT;36
692e739fd79cdb64b6ae72a911669a43;2016;143;IP AIEP;Institutos Profesionales;73;AUDITORIA;Profesional Sin Licenciatura;Administración y Comercio;Semipresencial;Semipresencial;Semipresencial;Resto IP+CFT;49
f77801cafe4de6f41f40f2288e51df3e;2016;143;IP AIEP;Institutos Profesionales;9;CONTABILIDAD GENERAL;Técnico de Nivel Superior;Administración y Comercio;Semipresencial;Semipresencial;Semipresencial;Resto IP+CFT;50
485525c1d8ad5403aeb8e19ba636f143;2016;143;IP AIEP;Institutos Profesionales;111;INGENIERIA DE EJECUCION EN ADMINISTRACION DE EMPRESAS MENCION FINANZAS;Profesional Sin Licenciatura;Administración y Comercio;Semipresencial;Semipresencial;Semipresencial;Resto IP+CFT;47
808803a64811a3edf8d9b1c52d342684;2016;143;IP AIEP;Institutos Profesionales;111;INGENIERIA DE EJECUCION EN ADMINISTRACION DE EMPRESAS MENCION FINANZAS;Profesional Sin Licenciatura;Administración y Comercio;No Presencial;A Distancia;No presencial;Resto IP+CFT;1
9f6c06f6e5ef8939bebb986cd08b328f;2016;143;IP AIEP;Institutos Profesionales;112;INGENIERIA DE EJECUCION EN ADMINISTRACION DE EMPRESAS MENCION MARKETING;Profesional Sin Licenciatura;Administración y Comercio;Semipresencial;Semipresencial;Semipresencial;Resto IP+CFT;35
0def403a454a917681ddee3ad45ee1bb;2016;143;IP AIEP;Institutos Profesionales;113;INGENIERIA DE EJECUCION EN ADMINISTRACION DE EMPRESAS MENCION RECURSOS HUMANOS;Profesional Sin Licenciatura;Administración y Comercio;No Presencial;A Distancia;No presencial;Resto IP+CFT;7
65a281e6a470af208ec593acaac4802e;2016;143;IP AIEP;Institutos Profesionales;113;INGENIERIA DE EJECUCION EN ADMINISTRACION DE EMPRESAS MENCION RECURSOS HUMANOS;Profesional Sin Licenciatura;Administración y Comercio;Semipresencial;Semipresencial;Semipresencial;Resto IP+CFT;49
fa47e5d638615a381e7d4c22496f3a95;2016;143;IP AIEP;Institutos Profesionales;219;INGENIERIA DE EJECUCION EN INFORMATICA MENCION DESARROLLO DE SISTEMAS;Profesional Sin Licenciatura;Tecnología;Semipresencial;Semipresencial;Semipresencial;Resto IP+CFT;29
ae2add9fef4f526d1e631edd44575a4b;2016;143;IP AIEP;Institutos Profesionales;27;PREVENCION DE RIESGOS;Técnico de Nivel Superior;Tecnología;Semipresencial;Semipresencial;Semipresencial;Resto IP+CFT;13
05fcc3e85734cc042ae8ae8bcdd60844;2016;143;IP AIEP;Institutos Profesionales;17;PROGRAMACION Y ANALISIS DE SISTEMAS;Técnico de Nivel Superior;Tecnología;Semipresencial;Semipresencial;Semipresencial;Resto IP+CFT;17
336064489f78566082c1b44075930efc;2016;143;IP AIEP;Institutos Profesionales;115;TECNICO EN ADMINISTRACION DE EMPRESAS MENCION FINANZAS;Técnico de Nivel Superior;Administración y Comercio;Semipresencial;Semipresencial;Semipresencial;Resto IP+CFT;57
89998651505df2a5005d1fefd4c4a414;2016;143;IP AIEP;Institutos Profesionales;115;TECNICO EN ADMINISTRACION DE EMPRESAS MENCION FINANZAS;Técnico de Nivel Superior;Administración y Comercio;No Presencial;A Distancia;No presencial;Resto IP+CFT;65
0d7bc77dbf98c57d573e19f3f144318b;2016;143;IP AIEP;Institutos Profesionales;116;TECNICO EN ADMINISTRACION DE EMPRESAS MENCION LOGISTICA;Técnico de Nivel Superior;Administración y Comercio;Semipresencial;Semipresencial;Semipresencial;Resto IP+CFT;128
c69c4f733969d83c6e770ea008ec904f;2016;143;IP AIEP;Institutos Profesionales;117;TECNICO EN ADMINISTRACION DE EMPRESAS MENCION MARKETING;Técnico de Nivel Superior;Administración y Comercio;Semipresencial;Semipresencial;Semipresencial;Resto IP+CFT;46
d47717daaa631e5c38302a62da0c32a0;2016;143;IP AIEP;Institutos Profesionales;117;TECNICO EN ADMINISTRACION DE EMPRESAS MENCION MARKETING;Técnico de Nivel Superior;Administración y Comercio;No Presencial;A Distancia;No presencial;Resto IP+CFT;32
099b55192124f7e8888c933eec21778b;2016;143;IP AIEP;Institutos Profesionales;118;TECNICO EN ADMINISTRACION DE EMPRESAS MENCION RECURSOS HUMANOS;Técnico de Nivel Superior;Administración y Comercio;No Presencial;A Distancia;No presencial;Resto IP+CFT;92
3e2cb03ff37dc1a62c60508a9ffe9e7f;2016;143;IP AIEP;Institutos Profesionales;118;TECNICO EN ADMINISTRACION DE EMPRESAS MENCION RECURSOS HUMANOS;Técnico de Nivel Superior;Administración y Comercio;Semipresencial;Semipresencial;Semipresencial;Resto IP+CFT;225
625ce061b2cba3f92e76e7b28a04bc9f;2016;143;IP AIEP;Institutos Profesionales;83;TECNICO EN TRABAJO SOCIAL;Técnico de Nivel Superior;Ciencias Sociales;No Presencial;A Distancia;No presencial;Resto IP+CFT;29
6ffed110c00fdd5fd59fa5db48c40240;2016;143;IP AIEP;Institutos Profesionales;83;TECNICO EN TRABAJO SOCIAL;Técnico de Nivel Superior;Ciencias Sociales;Semipresencial;Semipresencial;Semipresencial;Resto IP+CFT;36
f97f9de845b0f6c677eebd9f3cd811d1;2016;143;IP AIEP;Institutos Profesionales;30;TECNICO JURIDICO;Técnico de Nivel Superior;Derecho;Semipresencial;Semipresencial;Semipresencial;Resto IP+CFT;13
93919d71f62ec9af32f29865d6208a25;2016;183;IP CARLOS CASANUEVA;Institutos Profesionales;9;TECNICO EN BIBLIOTECOLOGIA Y CENTROS DE INFORMACION;Técnico de Nivel Superior;Humanidades;Semipresencial;Semipresencial;Semipresencial;Resto IP+CFT;68
5a9a2850ec27cb3a027fb20f11a90fde;2016;123;IP DE CHILE;Institutos Profesionales;9;AUDITORIA;Profesional Sin Licenciatura;Administración y Comercio;No Presencial;A Distancia;No presencial;Resto IP+CFT;57
c27cd84acc36b01e645493ead78530cb;2016;123;IP DE CHILE;Institutos Profesionales;49;CONTABILIDAD GENERAL;Técnico de Nivel Superior;Administración y Comercio;No Presencial;A Distancia;No presencial;Resto IP+CFT;76
d4321de9b24d7ac525768979646d2e2e;2016;123;IP DE CHILE;Institutos Profesionales;162;INGENIERIA EN ADMINISTRACION DE EMPRESAS MENCION FINANZAS;Profesional Sin Licenciatura;Administración y Comercio;No Presencial;A Distancia;No presencial;Resto IP+CFT;43
6b6b7698f94125ab909bbfb9f6c475c0;2016;123;IP DE CHILE;Institutos Profesionales;163;INGENIERIA EN ADMINISTRACION DE EMPRESAS MENCION LOGISTICA;Profesional Sin Licenciatura;Administración y Comercio;No Presencial;A Distancia;No presencial;Resto IP+CFT;23
f99a881153f1c4c3754a67ba4f981a57;2016;123;IP DE CHILE;Institutos Profesionales;164;INGENIERIA EN ADMINISTRACION DE EMPRESAS MENCION MARKETING;Profesional Sin Licenciatura;Administración y Comercio;No Presencial;A Distancia;No presencial;Resto IP+CFT;21
6cbb4bd100ff1703f8c9c3faeb17363b;2016;123;IP DE CHILE;Institutos Profesionales;168;TECNICO EN ADMINISTRACION DE EMPRESAS MENCION COMERCIALIZACION;Técnico de Nivel Superior;Administración y Comercio;No Presencial;A Distancia;No presencial;Resto IP+CFT;29
415261a2fdc335d9e9b69805f69732f4;2016;123;IP DE CHILE;Institutos Profesionales;169;TECNICO EN ADMINISTRACION DE EMPRESAS MENCION FINANZAS;Técnico de Nivel Superior;Administración y Comercio;No Presencial;A Distancia;No presencial;Resto IP+CFT;50
6bf127ea63e8cf9d6bec40546026371e;2016;123;IP DE CHILE;Institutos Profesionales;170;TECNICO EN ADMINISTRACION DE EMPRESAS MENCION PROCESOS LOGISTICOS;Técnico de Nivel Superior;Administración y Comercio;No Presencial;A Distancia;No presencial;Resto IP+CFT;40
196bb3f8c9fb001fff14d3df52fa183c;2016;123;IP DE CHILE;Institutos Profesionales;171;TECNICO EN ADMINISTRACION DE EMPRESAS MENCION RECURSOS HUMANOS;Técnico de Nivel Superior;Administración y Comercio;No Presencial;A Distancia;No presencial;Resto IP+CFT;87
6746ed98b349592118c8344cf8d89ccf;2016;123;IP DE CHILE;Institutos Profesionales;151;TECNICO TRABAJO SOCIAL;Técnico de Nivel Superior;Ciencias Sociales;No Presencial;A Distancia;No presencial;Resto IP+CFT;38
c7a4729783cae62451c70409a9d5314b;2016;123;IP DE CHILE;Institutos Profesionales;18;TRABAJO SOCIAL;Profesional Sin Licenciatura;Ciencias Sociales;No Presencial;A Distancia;No presencial;Resto IP+CFT;148
2477ff6e2e16d11ae803406172152127;2016;176;IP DEL VALLE CENTRAL;Institutos Profesionales;545;INGENIERIA DE EJECUCION EN ADMINISTRACION DE EMPRESAS;Profesional Sin Licenciatura;Administración y Comercio;No Presencial;A Distancia;No presencial;Resto IP+CFT;7
046f33c836c578d1c2b29a9e388e7e11;2016;176;IP DEL VALLE CENTRAL;Institutos Profesionales;778;INGENIERIA DE EJECUCION EN ADMINISTRACION DE EMPRESAS, CONTINUIDAD;Profesional Sin Licenciatura;Administración y Comercio;Semipresencial;Semipresencial;Semipresencial;Resto IP+CFT;5
bcad9043be24b5cba2fd6ac3352fcb80;2016;176;IP DEL VALLE CENTRAL;Institutos Profesionales;778;INGENIERIA DE EJECUCION EN ADMINISTRACION DE EMPRESAS, CONTINUIDAD;Profesional Sin Licenciatura;Administración y Comercio;No Presencial;A Distancia;No presencial;Resto IP+CFT;4
715e079e9a543d490955bb5feffb1d6e;2016;176;IP DEL VALLE CENTRAL;Institutos Profesionales;783;INGENIERIA DE EJECUCION EN ADMINISTRACION PUBLICA;Profesional Sin Licenciatura;Ciencias Sociales;No Presencial;A Distancia;No presencial;Resto IP+CFT;6
add0b09940e0c5c773e07d83fb30171e;2016;176;IP DEL VALLE CENTRAL;Institutos Profesionales;576;INGENIERIA DE EJECUCION EN ADMINISTRACION PUBLICA, CONTINUIDAD;Profesional Sin Licenciatura;Ciencias Sociales;No Presencial;A Distancia;No presencial;Resto IP+CFT;7
2e8f23458a7b754c357aeee9f4db517f;2016;176;IP DEL VALLE CENTRAL;Institutos Profesionales;42;PSICOPEDAGOGIA;Profesional Sin Licenciatura;Educación;No Presencial;A Distancia;No presencial;Resto IP+CFT;19
860dab4b7bb832f112b90be83bc8fa7d;2016;176;IP DEL VALLE CENTRAL;Institutos Profesionales;42;PSICOPEDAGOGIA;Profesional Sin Licenciatura;Educación;Semipresencial;Semipresencial;Semipresencial;Resto IP+CFT;32
5802fe19ca6b19efee9de7334f3aa57b;2016;176;IP DEL VALLE CENTRAL;Institutos Profesionales;115;TECNICO DE NIVEL SUPERIOR EN ADMINISTRACION DE EMPRESAS MENCION EN RECURSOS HUMANOS;Técnico de Nivel Superior;Administración y Comercio;Semipresencial;Semipresencial;Semipresencial;Resto IP+CFT;66
61ab58c42b8958de32b146d330bf50b9;2016;176;IP DEL VALLE CENTRAL;Institutos Profesionales;115;TECNICO DE NIVEL SUPERIOR EN ADMINISTRACION DE EMPRESAS MENCION EN RECURSOS HUMANOS;Técnico de Nivel Superior;Administración y Comercio;No Presencial;A Distancia;No presencial;Resto IP+CFT;12
b7ca1a96bf556938fd9498920b23c470;2016;176;IP DEL VALLE CENTRAL;Institutos Profesionales;789;TECNICO DE NIVEL SUPERIOR EN ADMINISTRACION DE EMPRESAS MENCION FINANZAS Y CONTABILIDAD;Técnico de Nivel Superior;Administración y Comercio;No Presencial;A Distancia;No presencial;Resto IP+CFT;8
0577973644d8d906afb46a933693e9fd;2016;176;IP DEL VALLE CENTRAL;Institutos Profesionales;585;TECNICO DE NIVEL SUPERIOR EN ADMINISTRACION EN SALUD;Técnico de Nivel Superior;Administración y Comercio;No Presencial;A Distancia;No presencial;Resto IP+CFT;1
4264c0f6a591f7fa4257dc4f1880f2fa;2016;176;IP DEL VALLE CENTRAL;Institutos Profesionales;862;TECNICO DE NIVEL SUPERIOR EN ADMINISTRACION MENCION GESTION MUNICIPAL;Técnico de Nivel Superior;Ciencias Sociales;Semipresencial;Semipresencial;Semipresencial;Resto IP+CFT;5
7c9c2e8361d44c1856c92eff92d3bc1f;2016;176;IP DEL VALLE CENTRAL;Institutos Profesionales;862;TECNICO DE NIVEL SUPERIOR EN ADMINISTRACION MENCION GESTION MUNICIPAL;Técnico de Nivel Superior;Ciencias Sociales;No Presencial;A Distancia;No presencial;Resto IP+CFT;1
1e0e96819990e47776538f3dccce9ca1;2016;176;IP DEL VALLE CENTRAL;Institutos Profesionales;831;TECNICO DE NIVEL SUPERIOR EN ASISTENTE EN LA EDUCACION;Técnico de Nivel Superior;Educación;No Presencial;A Distancia;No presencial;Resto IP+CFT;1
caec7d175fefe8a7d6b816b6ada5990b;2016;176;IP DEL VALLE CENTRAL;Institutos Profesionales;832;TECNICO DE NIVEL SUPERIOR EN CONTABILIDAD Y ANALISIS DE CUENTAS;Técnico de Nivel Superior;Administración y Comercio;No Presencial;A Distancia;No presencial;Resto IP+CFT;3
1e68b07dfb5742c558a16137e8875107;2016;176;IP DEL VALLE CENTRAL;Institutos Profesionales;68;TECNICO DE NIVEL SUPERIOR EN EDUCACION DIFERENCIAL;Técnico de Nivel Superior;Educación;Semipresencial;Semipresencial;Semipresencial;Resto IP+CFT;32
a70385c252747eeb01de67f58bd783b6;2016;176;IP DEL VALLE CENTRAL;Institutos Profesionales;68;TECNICO DE NIVEL SUPERIOR EN EDUCACION DIFERENCIAL;Técnico de Nivel Superior;Educación;No Presencial;A Distancia;No presencial;Resto IP+CFT;8
122bec2efa0c4c4e568656a1fadc562f;2016;176;IP DEL VALLE CENTRAL;Institutos Profesionales;41;TECNICO DE NIVEL SUPERIOR EN EDUCACION PARVULARIA;Técnico de Nivel Superior;Educación;Semipresencial;Semipresencial;Semipresencial;Resto IP+CFT;129
14b299f82915d051248b6d2d9cf5ff8f;2016;176;IP DEL VALLE CENTRAL;Institutos Profesionales;41;TECNICO DE NIVEL SUPERIOR EN EDUCACION PARVULARIA;Técnico de Nivel Superior;Educación;No Presencial;A Distancia;No presencial;Resto IP+CFT;26
e8c738e53912c9b944b17c3cce58b725;2016;176;IP DEL VALLE CENTRAL;Institutos Profesionales;861;TECNICO DE NIVEL SUPERIOR EN GESTION DE RECURSOS HUMANOS;Técnico de Nivel Superior;Administración y Comercio;No Presencial;A Distancia;No presencial;Resto IP+CFT;3
d702049a5a6930007f3c920f0d038ba3;2016;176;IP DEL VALLE CENTRAL;Institutos Profesionales;835;TECNICO DE NIVEL SUPERIOR EN MARKETING Y VENTAS;Técnico de Nivel Superior;Administración y Comercio;No Presencial;A Distancia;No presencial;Resto IP+CFT;4
2d12d135ca3e6712d3eb28e20945ceaf;2016;176;IP DEL VALLE CENTRAL;Institutos Profesionales;864;TECNICO DE NIVEL SUPERIOR EN RELACIONES PUBLICAS Y COMUNICACION;Técnico de Nivel Superior;Ciencias Sociales;No Presencial;A Distancia;No presencial;Resto IP+CFT;2
0bec78dfe33ac91206a1c9deca314adc;2016;176;IP DEL VALLE CENTRAL;Institutos Profesionales;40;TECNICO DE NIVEL SUPERIOR EN TRABAJO SOCIAL;Técnico de Nivel Superior;Ciencias Sociales;Semipresencial;Semipresencial;Semipresencial;Resto IP+CFT;97
5709495358406582d54f9c097f031f2c;2016;176;IP DEL VALLE CENTRAL;Institutos Profesionales;40;TECNICO DE NIVEL SUPERIOR EN TRABAJO SOCIAL;Técnico de Nivel Superior;Ciencias Sociales;No Presencial;A Distancia;No presencial;Resto IP+CFT;18
99c15e007e92d586d4da6373d701f7a9;2016;176;IP DEL VALLE CENTRAL;Institutos Profesionales;3;TRABAJO SOCIAL;Profesional Sin Licenciatura;Ciencias Sociales;No Presencial;A Distancia;No presencial;Resto IP+CFT;9
d7364e488c5de820fed82554a3c3f82d;2016;176;IP DEL VALLE CENTRAL;Institutos Profesionales;3;TRABAJO SOCIAL;Profesional Sin Licenciatura;Ciencias Sociales;Semipresencial;Semipresencial;Semipresencial;Resto IP+CFT;16
6768c016e5877f927eef60a174230ecd;2016;120;IP DIEGO PORTALES;Institutos Profesionales;101;CONTADOR AUDITOR A DISTANCIA;Profesional Sin Licenciatura;Administración y Comercio;No Presencial;A Distancia;No presencial;Resto IP+CFT;38
eca44272b39772864174f9ef612e622f;2016;120;IP DIEGO PORTALES;Institutos Profesionales;104;INGENIERIA EN ADMINISTRACION DE EMPRESAS A DISTANCIA;Profesional Sin Licenciatura;Administración y Comercio;No Presencial;A Distancia;No presencial;Resto IP+CFT;70
35c39792d722dacda3b8595e2109cbcf;2016;120;IP DIEGO PORTALES;Institutos Profesionales;235;INGENIERIA EN ADMINISTRACION PUBLICA Y MUNICIPAL A DISTANCIA;Profesional Sin Licenciatura;Ciencias Sociales;No Presencial;A Distancia;No presencial;Resto IP+CFT;48
ad7ffa07856fae4a4c992b11d355e882;2016;120;IP DIEGO PORTALES;Institutos Profesionales;105;INGENIERIA EN PREVENCION DE RIESGOS A DISTANCIA;Profesional Sin Licenciatura;Tecnología;No Presencial;A Distancia;No presencial;Resto IP+CFT;62
5eded29d99cfc53da5729fb96c2e59ba;2016;120;IP DIEGO PORTALES;Institutos Profesionales;114;SERVICIO SOCIAL A DISTANCIA;Profesional Sin Licenciatura;Ciencias Sociales;No Presencial;A Distancia;No presencial;Resto IP+CFT;126
c69ab62ca1bc2b50235ad8bb18b47347;2016;120;IP DIEGO PORTALES;Institutos Profesionales;237;TECNICO EN LOGISTICA OPERATIVA A DISTANCIA;Técnico de Nivel Superior;Administración y Comercio;No Presencial;A Distancia;No presencial;Resto IP+CFT;8
c6327f3a40b7a15d89c1ecb7094a9a78;2016;111;IP DUOC UC;Institutos Profesionales;285;ADMINISTRACION DE EMPRESAS MENCION MARKETING.PEV;Técnico de Nivel Superior;Administración y Comercio;Semipresencial;Vespertina;Semipresencial;Resto IP+CFT;500
d7ddbef6c8c8908b7a2847e2a35ff9dd;2016;111;IP DUOC UC;Institutos Profesionales;278;ADMINISTRACION DE RECURSOS HUMANOS.PEV;Técnico de Nivel Superior;Administración y Comercio;Semipresencial;Vespertina;Semipresencial;Resto IP+CFT;818
38aa6e4651681a5f545c9a1c9d56a911;2016;111;IP DUOC UC;Institutos Profesionales;454;ADMINISTRACION DE REDES COMPUTACIONALES.PEV;Técnico de Nivel Superior;Tecnología;Semipresencial;Vespertina;Semipresencial;Resto IP+CFT;14
63dca71ca39ed28e1d80213cea1d0142;2016;111;IP DUOC UC;Institutos Profesionales;259;ADMINISTRACION FINANCIERA.PEV;Técnico de Nivel Superior;Administración y Comercio;Semipresencial;Vespertina;Semipresencial;Resto IP+CFT;453
71a58d9330ce87c0b05fe446c5717a41;2016;111;IP DUOC UC;Institutos Profesionales;440;ANALISTA PROGRAMADOR COMPUTACIONAL.PEV;Técnico de Nivel Superior;Tecnología;Semipresencial;Vespertina;Semipresencial;Resto IP+CFT;95
9082dc7150f9291aea838e89732d07d5;2016;111;IP DUOC UC;Institutos Profesionales;410;AUDITORIA.PEV;Profesional Sin Licenciatura;Administración y Comercio;Semipresencial;Vespertina;Semipresencial;Resto IP+CFT;66
34da58d55e603a55a705d23a41149167;2016;111;IP DUOC UC;Institutos Profesionales;202;COMERCIO EXTERIOR.PEV;Técnico de Nivel Superior;Administración y Comercio;Semipresencial;Vespertina;Semipresencial;Resto IP+CFT;200
01ac26ae2fe01ca1aaac4b593d6b03aa;2016;111;IP DUOC UC;Institutos Profesionales;204;CONTABILIDAD GENERAL MENCION LEGISLACION TRIBUTARIA.PEV;Técnico de Nivel Superior;Administración y Comercio;Semipresencial;Vespertina;Semipresencial;Resto IP+CFT;364
452e66235a76a5f94a2e209c2e93c663;2016;111;IP DUOC UC;Institutos Profesionales;281;INGENIERIA EN ADMINISTRACION DE RECURSOS HUMANOS.PEV;Profesional Sin Licenciatura;Administración y Comercio;Semipresencial;Vespertina;Semipresencial;Resto IP+CFT;152
1f2d57ad7e61a79b03251615223c56cb;2016;111;IP DUOC UC;Institutos Profesionales;139;INGENIERIA EN ADMINISTRACION.PEV;Profesional Sin Licenciatura;Administración y Comercio;Semipresencial;Vespertina;Semipresencial;Resto IP+CFT;129
6b53ad72ee6213603d3245bac8679ab8;2016;111;IP DUOC UC;Institutos Profesionales;455;INGENIERIA EN COMERCIO EXTERIOR.PEV;Profesional Sin Licenciatura;Administración y Comercio;Semipresencial;Vespertina;Semipresencial;Resto IP+CFT;27
c55741171c8233a8f2f7ce13d4529a72;2016;111;IP DUOC UC;Institutos Profesionales;441;INGENIERIA EN GESTION LOGISTICA.PEV;Profesional Sin Licenciatura;Administración y Comercio;Semipresencial;Vespertina;Semipresencial;Resto IP+CFT;39
106abfc0b821f45a1018782af1922560;2016;111;IP DUOC UC;Institutos Profesionales;141;INGENIERIA EN MARKETING.PEV;Profesional Sin Licenciatura;Administración y Comercio;Semipresencial;Vespertina;Semipresencial;Resto IP+CFT;105
955b45f1da7bfc35bdcd9390e1a00cac;2016;111;IP DUOC UC;Institutos Profesionales;442;TECNICO EN GESTION COMERCIAL.PEV;Técnico de Nivel Superior;Administración y Comercio;Semipresencial;Vespertina;Semipresencial;Resto IP+CFT;41
269311714c42a067ab5eff914f273a30;2016;111;IP DUOC UC;Institutos Profesionales;309;TECNICO EN GESTION LOGISTICA.PEV;Técnico de Nivel Superior;Administración y Comercio;Semipresencial;Vespertina;Semipresencial;Resto IP+CFT;466
47bb9880e6a8e86f2530e0a33745a88a;2016;111;IP DUOC UC;Institutos Profesionales;124;TECNICO EN PREVENCION DE RIESGOS.PEV;Técnico de Nivel Superior;Tecnología;Semipresencial;Vespertina;Semipresencial;Resto IP+CFT;206
9b169341543b15b78ff05233f501e3a3;2016;111;IP DUOC UC;Institutos Profesionales;460;TECNICO EN SERVICIOS FINANCIEROS Y BANCARIOS;Técnico de Nivel Superior;Administración y Comercio;Semipresencial;Vespertina;Semipresencial;Resto IP+CFT;31
c4630b7e6f5a374f61260186ceb025e3;2016;132;IP ESUCOMEX;Institutos Profesionales;12;COMERCIO EXTERIOR;Técnico de Nivel Superior;Administración y Comercio;Semipresencial;Vespertina;Semipresencial;Resto IP+CFT;36
b5427bf25191ec3e07c5e5cbec54113d;2016;132;IP ESUCOMEX;Institutos Profesionales;88;INGENIERIA EN COMERCIO INTERNACIONAL;Profesional Sin Licenciatura;Administración y Comercio;Semipresencial;Vespertina;Semipresencial;Resto IP+CFT;10
7498fe80cbad367c522e32cec511f6d9;2016;117;IP IACC;Institutos Profesionales;45;ADMINISTRACION FINANCIERA;Técnico de Nivel Superior;Administración y Comercio;No Presencial;A Distancia;No presencial;Resto IP+CFT;25
e43ecf592b97ef1565250a0ad7e0b4d0;2016;117;IP IACC;Institutos Profesionales;46;ANALISTA PROGRAMADOR COMPUTACIONAL;Técnico de Nivel Superior;Tecnología;No Presencial;A Distancia;No presencial;Resto IP+CFT;108
c6cfdfa40d1bc31d0da2ed7100fdd9c5;2016;117;IP IACC;Institutos Profesionales;30;CONTABILIDAD GENERAL;Técnico de Nivel Superior;Administración y Comercio;No Presencial;A Distancia;No presencial;Resto IP+CFT;199
c36d1432a27f431d3dbf2e76e282854d;2016;117;IP IACC;Institutos Profesionales;65;CONTADOR AUDITOR;Profesional Sin Licenciatura;Administración y Comercio;No Presencial;A Distancia;No presencial;Resto IP+CFT;23
a83d070dc7b51ac432710dff4eca0575;2016;117;IP IACC;Institutos Profesionales;2;INGENIERIA EN ADMINISTRACION DE EMPRESAS;Profesional Sin Licenciatura;Administración y Comercio;No Presencial;A Distancia;No presencial;Resto IP+CFT;143
a158c3895d409c99251a3fca6c0ca8f8;2016;117;IP IACC;Institutos Profesionales;57;INGENIERIA EN INFORMATICA;Profesional Sin Licenciatura;Tecnología;No Presencial;A Distancia;No presencial;Resto IP+CFT;79
de092509d6df2088b37182259217e19d;2016;117;IP IACC;Institutos Profesionales;27;INGENIERIA EN PREVENCION DE RIESGOS;Profesional Sin Licenciatura;Tecnología;No Presencial;A Distancia;No presencial;Resto IP+CFT;89
6e450e35eb27e219d0df90236ca1dcf6;2016;117;IP IACC;Institutos Profesionales;29;INGENIERIA EN RECURSOS HUMANOS;Profesional Sin Licenciatura;Administración y Comercio;No Presencial;A Distancia;No presencial;Resto IP+CFT;74
d2ef9433a8470e30bc00682bd4e38c97;2016;117;IP IACC;Institutos Profesionales;67;INGENIERIA INDUSTRIAL;Profesional Sin Licenciatura;Tecnología;No Presencial;A Distancia;No presencial;Resto IP+CFT;246
57d769b940989d897c8ae927d1d73ec0;2016;117;IP IACC;Institutos Profesionales;58;TECNICO EDUCADOR SOCIAL INFANTOJUVENIL;Técnico de Nivel Superior;Ciencias Sociales;No Presencial;A Distancia;No presencial;Resto IP+CFT;64
e376759d09383b0f414181303b746ed2;2016;117;IP IACC;Institutos Profesionales;68;TECNICO EN ADMINISTRACION DE REDES;Técnico de Nivel Superior;Tecnología;No Presencial;A Distancia;No presencial;Resto IP+CFT;35
7d689e84f3c508715d29aa88947a505b;2016;117;IP IACC;Institutos Profesionales;31;TECNICO EN ADMINISTRACION PUBLICA;Técnico de Nivel Superior;Ciencias Sociales;No Presencial;A Distancia;No presencial;Resto IP+CFT;125
fada6dfcc518766e511a99c0aa0f3839;2016;117;IP IACC;Institutos Profesionales;69;TECNICO EN CONTROL INDUSTRIAL;Técnico de Nivel Superior;Tecnología;No Presencial;A Distancia;No presencial;Resto IP+CFT;159
a5938c1c71aa259234ca1f398b5788ce;2016;117;IP IACC;Institutos Profesionales;70;TECNICO EN EDUCACION DIFERENCIAL;Técnico de Nivel Superior;Educación;No Presencial;A Distancia;No presencial;Resto IP+CFT;80
828b9118b910140a1af378c7a7a32e0b;2016;117;IP IACC;Institutos Profesionales;71;TECNICO EN EDUCACION PARVULARIA;Técnico de Nivel Superior;Educación;No Presencial;A Distancia;No presencial;Resto IP+CFT;110
b37d399c8c8fedd5dc7693230c1433fd;2016;117;IP IACC;Institutos Profesionales;59;TECNICO EN GESTION DE CALIDAD Y AMBIENTE;Técnico de Nivel Superior;Tecnología;No Presencial;A Distancia;No presencial;Resto IP+CFT;58
b38fa7b96519d91c243c086a2c08e2be;2016;117;IP IACC;Institutos Profesionales;60;TECNICO EN LOGISTICA;Técnico de Nivel Superior;Administración y Comercio;No Presencial;A Distancia;No presencial;Resto IP+CFT;106
6e1a511082647fcdbde791e8159b1791;2016;117;IP IACC;Institutos Profesionales;35;TECNICO EN PREVENCION DE RIESGOS;Técnico de Nivel Superior;Tecnología;No Presencial;A Distancia;No presencial;Resto IP+CFT;411
5f6edb03cc89c67acf0cc13d5fc6a6d6;2016;117;IP IACC;Institutos Profesionales;73;TECNICO EN PROCESOS MINEROS;Técnico de Nivel Superior;Tecnología;No Presencial;A Distancia;No presencial;Resto IP+CFT;44
b93c849cde7dedac3104c4e3ecd2b061;2016;117;IP IACC;Institutos Profesionales;61;TECNICO EN RECURSOS HUMANOS;Técnico de Nivel Superior;Administración y Comercio;No Presencial;A Distancia;No presencial;Resto IP+CFT;159
a1bad48e70b658981df206a76f221285;2016;117;IP IACC;Institutos Profesionales;32;TECNICO EN RELACIONES PUBLICAS Y COMUNICACIONES;Técnico de Nivel Superior;Ciencias Sociales;No Presencial;A Distancia;No presencial;Resto IP+CFT;64
9e97dbdd286b9bdeb2a25f9054a5ca45;2016;117;IP IACC;Institutos Profesionales;62;TECNICO EN TRABAJO SOCIAL;Técnico de Nivel Superior;Ciencias Sociales;No Presencial;A Distancia;No presencial;Resto IP+CFT;206
80e2aa378d44f77a641db9ede02a0c4a;2016;117;IP IACC;Institutos Profesionales;63;TECNICO JURIDICO;Técnico de Nivel Superior;Derecho;No Presencial;A Distancia;No presencial;Resto IP+CFT;70
269103bfb21447dae47c2ed86d200a6a;2016;117;IP IACC;Institutos Profesionales;1;TECNICO SUPERIOR EN ADMINISTRACION DE EMPRESAS;Técnico de Nivel Superior;Administración y Comercio;No Presencial;A Distancia;No presencial;Resto IP+CFT;813
55d0a982141b4e49d80afc8e26d2111a;2016;117;IP IACC;Institutos Profesionales;17;TECNICO SUPERIOR EN INFORMATICA;Técnico de Nivel Superior;Tecnología;No Presencial;A Distancia;No presencial;Resto IP+CFT;180
c05a4b57fdadff7f81e200b03b740839;2016;103;IP INSTITUTO DE ESTUDIOS BANCARIOS GUILLERMO SUBERCASEAUX;Institutos Profesionales;83;TECNICO EN ADMINISTRACION DE EMPRESAS FINANCIERAS;Técnico de Nivel Superior;Administración y Comercio;Semipresencial;Semipresencial;Semipresencial;Resto IP+CFT;79
058179d21a7c33e1092752b16ac7191c;2016;103;IP INSTITUTO DE ESTUDIOS BANCARIOS GUILLERMO SUBERCASEAUX;Institutos Profesionales;94;TECNICO EN OPERACIONES FINANCIERAS Y BANCARIAS;Técnico de Nivel Superior;Administración y Comercio;Semipresencial;Semipresencial;Semipresencial;Resto IP+CFT;57
ed5b2b7ede3d5e383cf375e094107d46;2016;152;IP LATINOAMERICANO DE COMERCIO EXTERIOR - IPLACEX;Institutos Profesionales;274;ADMINISTRACION PUBLICA;Profesional Sin Licenciatura;Ciencias Sociales;No Presencial;A Distancia;No presencial;Resto IP+CFT;83
e6aff93b81c16c04b20e0718643fe236;2016;152;IP LATINOAMERICANO DE COMERCIO EXTERIOR - IPLACEX;Institutos Profesionales;9;AUDITORIA;Profesional Sin Licenciatura;Administración y Comercio;No Presencial;A Distancia;No presencial;Resto IP+CFT;27
808949f4f9831bfb142895149ceeb0de;2016;152;IP LATINOAMERICANO DE COMERCIO EXTERIOR - IPLACEX;Institutos Profesionales;295;CONTABILIDAD;Técnico de Nivel Superior;Administración y Comercio;No Presencial;A Distancia;No presencial;Resto IP+CFT;9
e58abfbb40145fa5f107dfbcd6c2a31e;2016;152;IP LATINOAMERICANO DE COMERCIO EXTERIOR - IPLACEX;Institutos Profesionales;312;INGENIERIA DE EJECUCION EN ADMINISTRACION MENCION DESARROLLO LOCAL Y REGIONAL;Profesional Sin Licenciatura;Administración y Comercio;No Presencial;A Distancia;No presencial;Resto IP+CFT;157
5065a98e8ab31e61940a6c02fc9b1419;2016;152;IP LATINOAMERICANO DE COMERCIO EXTERIOR - IPLACEX;Institutos Profesionales;107;INGENIERIA EN ADMINISTRACION DE EMPRESAS;Profesional Sin Licenciatura;Administración y Comercio;No Presencial;A Distancia;No presencial;Resto IP+CFT;68
bbe3d9b1238f963945c6c53f86d883b0;2016;152;IP LATINOAMERICANO DE COMERCIO EXTERIOR - IPLACEX;Institutos Profesionales;107;INGENIERIA EN ADMINISTRACION DE EMPRESAS;Profesional Sin Licenciatura;Administración y Comercio;Semipresencial;Vespertina;Semipresencial;Resto IP+CFT;15
77a9b089340c5e47030f3ca4db4e6362;2016;152;IP LATINOAMERICANO DE COMERCIO EXTERIOR - IPLACEX;Institutos Profesionales;325;INGENIERIA EN ADMINISTRACION MENCION SEGURIDAD PRIVADA;Profesional Sin Licenciatura;Administración y Comercio;No Presencial;A Distancia;No presencial;Resto IP+CFT;467
f21ac2c185f20e9987ecbe501698fbf0;2016;152;IP LATINOAMERICANO DE COMERCIO EXTERIOR - IPLACEX;Institutos Profesionales;318;INGENIERIA EN LOGISTICA;Profesional Sin Licenciatura;Administración y Comercio;No Presencial;A Distancia;No presencial;Resto IP+CFT;16
24ff807c70be00e246ad50709390a34a;2016;152;IP LATINOAMERICANO DE COMERCIO EXTERIOR - IPLACEX;Institutos Profesionales;316;INGENIERIA EN RECURSOS HUMANOS;Profesional Sin Licenciatura;Administración y Comercio;No Presencial;A Distancia;No presencial;Resto IP+CFT;113
830e6b33b9ff83959d0bfa73924d9704;2016;152;IP LATINOAMERICANO DE COMERCIO EXTERIOR - IPLACEX;Institutos Profesionales;21;PSICOPEDAGOGIA;Profesional Sin Licenciatura;Educación;No Presencial;A Distancia;No presencial;Resto IP+CFT;79
154b0ca0cb7fbd76695b8faae6bd8b53;2016;152;IP LATINOAMERICANO DE COMERCIO EXTERIOR - IPLACEX;Institutos Profesionales;326;TECNICO EN ADMINISTRACION DE EMPRESAS;Técnico de Nivel Superior;Administración y Comercio;Semipresencial;Vespertina;Semipresencial;Resto IP+CFT;39
f8dde2f3e47580535704370a9ec7b996;2016;152;IP LATINOAMERICANO DE COMERCIO EXTERIOR - IPLACEX;Institutos Profesionales;326;TECNICO EN ADMINISTRACION DE EMPRESAS;Técnico de Nivel Superior;Administración y Comercio;No Presencial;A Distancia;No presencial;Resto IP+CFT;28
946e5e650a6a79574b18a9e4984163ef;2016;152;IP LATINOAMERICANO DE COMERCIO EXTERIOR - IPLACEX;Institutos Profesionales;278;TECNICO EN ADMINISTRACION PUBLICA;Técnico de Nivel Superior;Ciencias Sociales;No Presencial;A Distancia;No presencial;Resto IP+CFT;23
ccc0fb8d9cfa90e7ea2eeb7116e7de83;2016;152;IP LATINOAMERICANO DE COMERCIO EXTERIOR - IPLACEX;Institutos Profesionales;328;TECNICO EN COMERCIO EXTERIOR;Técnico de Nivel Superior;Administración y Comercio;Semipresencial;Vespertina;Semipresencial;Resto IP+CFT;10
d19247ddd1792d72ddab4ac0ac88e3c6;2016;152;IP LATINOAMERICANO DE COMERCIO EXTERIOR - IPLACEX;Institutos Profesionales;328;TECNICO EN COMERCIO EXTERIOR;Técnico de Nivel Superior;Administración y Comercio;No Presencial;A Distancia;No presencial;Resto IP+CFT;8
13cb8df3b44e64b043bffafb02426db6;2016;152;IP LATINOAMERICANO DE COMERCIO EXTERIOR - IPLACEX;Institutos Profesionales;282;TECNICO EN EDUCACION ESPECIAL Y DIFERENCIAL;Técnico de Nivel Superior;Educación;No Presencial;A Distancia;No presencial;Resto IP+CFT;36
49dabbd6610404b8ac1231074cd4a62a;2016;152;IP LATINOAMERICANO DE COMERCIO EXTERIOR - IPLACEX;Institutos Profesionales;282;TECNICO EN EDUCACION ESPECIAL Y DIFERENCIAL;Técnico de Nivel Superior;Educación;Semipresencial;Vespertina;Semipresencial;Resto IP+CFT;64
098e371ea0f64e43715a44f098e16070;2016;152;IP LATINOAMERICANO DE COMERCIO EXTERIOR - IPLACEX;Institutos Profesionales;281;TECNICO EN EDUCACION PARVULARIA;Técnico de Nivel Superior;Educación;No Presencial;A Distancia;No presencial;Resto IP+CFT;83
327516c7da0988236dac146ba5c4ddf8;2016;152;IP LATINOAMERICANO DE COMERCIO EXTERIOR - IPLACEX;Institutos Profesionales;281;TECNICO EN EDUCACION PARVULARIA;Técnico de Nivel Superior;Educación;Semipresencial;Vespertina;Semipresencial;Resto IP+CFT;43
e26d20ea1d93eb9dbedb3176c3a91a74;2016;152;IP LATINOAMERICANO DE COMERCIO EXTERIOR - IPLACEX;Institutos Profesionales;281;TECNICO EN EDUCACION PARVULARIA;Técnico de Nivel Superior;Educación;Semipresencial;Diurna;Semipresencial;Resto IP+CFT;22
89eda770b208e18c05672221b5c8d774;2016;152;IP LATINOAMERICANO DE COMERCIO EXTERIOR - IPLACEX;Institutos Profesionales;321;TECNICO EN GESTION DE RECURSOS HUMANOS;Técnico de Nivel Superior;Administración y Comercio;Semipresencial;Vespertina;Semipresencial;Resto IP+CFT;58
1ac3dfda2db37450902807a9242025e5;2016;152;IP LATINOAMERICANO DE COMERCIO EXTERIOR - IPLACEX;Institutos Profesionales;323;TECNICO EN LOGISTICA;Técnico de Nivel Superior;Administración y Comercio;No Presencial;A Distancia;No presencial;Resto IP+CFT;12
e30534e32fe35c6494bf75640f553f3a;2016;152;IP LATINOAMERICANO DE COMERCIO EXTERIOR - IPLACEX;Institutos Profesionales;50;TECNICO EN PREVENCION DE RIESGOS;Técnico de Nivel Superior;Tecnología;No Presencial;A Distancia;No presencial;Resto IP+CFT;27
6896071d2ed7cd59c095bdfaf6b7f831;2016;152;IP LATINOAMERICANO DE COMERCIO EXTERIOR - IPLACEX;Institutos Profesionales;109;TECNICO EN PREVENCION Y REHABILITACION PSICOSOCIAL MENCION DROGADICCION;Técnico de Nivel Superior;Ciencias Sociales;Semipresencial;Vespertina;Semipresencial;Resto IP+CFT;21
d2ba4c5d195807bdbf4e4f8e97e45290;2016;152;IP LATINOAMERICANO DE COMERCIO EXTERIOR - IPLACEX;Institutos Profesionales;321;TECNICO EN RECURSOS HUMANOS;Técnico de Nivel Superior;Administración y Comercio;No Presencial;A Distancia;No presencial;Resto IP+CFT;23
1f4c81ceabf3959abe5e293e96b8c715;2016;152;IP LATINOAMERICANO DE COMERCIO EXTERIOR - IPLACEX;Institutos Profesionales;300;TECNICO EN TRABAJO SOCIAL;Técnico de Nivel Superior;Ciencias Sociales;No Presencial;A Distancia;No presencial;Resto IP+CFT;60
2eff0150ed6b5f36b01bffb9c4e956fb;2016;152;IP LATINOAMERICANO DE COMERCIO EXTERIOR - IPLACEX;Institutos Profesionales;300;TECNICO EN TRABAJO SOCIAL;Técnico de Nivel Superior;Ciencias Sociales;Semipresencial;Diurna;Semipresencial;Resto IP+CFT;26
a271e874498c18c03cd5d9a6e791bff3;2016;152;IP LATINOAMERICANO DE COMERCIO EXTERIOR - IPLACEX;Institutos Profesionales;300;TECNICO EN TRABAJO SOCIAL;Técnico de Nivel Superior;Ciencias Sociales;Semipresencial;Vespertina;Semipresencial;Resto IP+CFT;20
4d17272acd7477405f34042d8b34ca4a;2016;152;IP LATINOAMERICANO DE COMERCIO EXTERIOR - IPLACEX;Institutos Profesionales;41;TRABAJO SOCIAL;Profesional Sin Licenciatura;Ciencias Sociales;Semipresencial;Vespertina;Semipresencial;Resto IP+CFT;27
82c57887e80851428bc0ad7c24a3f7ef;2016;152;IP LATINOAMERICANO DE COMERCIO EXTERIOR - IPLACEX;Institutos Profesionales;41;TRABAJO SOCIAL;Profesional Sin Licenciatura;Ciencias Sociales;No Presencial;A Distancia;No presencial;Resto IP+CFT;10
56917e24a7b59bab78f7c04c66dbe686;2016;106;IP PROVIDENCIA;Institutos Profesionales;10;CONTADOR AUDITOR;Profesional Sin Licenciatura;Administración y Comercio;No Presencial;A Distancia;No presencial;Resto IP+CFT;72
739e0a42175d3ed7cb4b18ab86678492;2016;106;IP PROVIDENCIA;Institutos Profesionales;64;CONTADOR GENERAL;Técnico de Nivel Superior;Administración y Comercio;No Presencial;A Distancia;No presencial;Resto IP+CFT;56
c829837162146974dda3aecc48860465;2016;106;IP PROVIDENCIA;Institutos Profesionales;262;INGENIERIA EN ADMINISTRACION M/MARKETING, FINANZAS, RECURSOS HUMANOS;Profesional Sin Licenciatura;Administración y Comercio;No Presencial;A Distancia;No presencial;Resto IP+CFT;210
5041415c7624060b8149cf92147d8c5c;2016;106;IP PROVIDENCIA;Institutos Profesionales;46;INGENIERIA EN ADMINISTRACION MENCION MARKETING O FINANZAS;Profesional Sin Licenciatura;Administración y Comercio;Semipresencial;Semipresencial;Semipresencial;Resto IP+CFT;1
d968b8e0c49f124d668505a73d5261ef;2016;106;IP PROVIDENCIA;Institutos Profesionales;263;INGENIERIA EN CONTROL DE GESTION;Profesional Sin Licenciatura;Administración y Comercio;No Presencial;A Distancia;No presencial;Resto IP+CFT;169
8234b046885f4dc485e8c68549011080;2016;106;IP PROVIDENCIA;Institutos Profesionales;242;INGENIERIA EN GESTION DE RECURSOS HUMANOS;Profesional Sin Licenciatura;Administración y Comercio;Semipresencial;Semipresencial;Semipresencial;Resto IP+CFT;1
05c2d46507bd93770bbabb7130778201;2016;106;IP PROVIDENCIA;Institutos Profesionales;20;SERVICIO SOCIAL;Profesional Sin Licenciatura;Ciencias Sociales;No Presencial;A Distancia;No presencial;Resto IP+CFT;297
72346e3e246d9299ac8ab84e8f8ee9c0;2016;106;IP PROVIDENCIA;Institutos Profesionales;67;TECNICO DE NIVEL SUPERIOR EN ADMINISTRACION DE EMPRESAS MENCION MARKETING O FINANZAS O RECURSOS HUMANOS;Técnico de Nivel Superior;Administración y Comercio;No Presencial;A Distancia;No presencial;Resto IP+CFT;238
34966a66a282f1a1612bfe689b4fd7bc;2016;106;IP PROVIDENCIA;Institutos Profesionales;265;TECNICO DE NIVEL SUPERIOR EN CONTROL DE GESTION;Técnico de Nivel Superior;Administración y Comercio;No Presencial;A Distancia;No presencial;Resto IP+CFT;54
46b4ab585a8f3957b6aec496049c045d;2016;106;IP PROVIDENCIA;Institutos Profesionales;268;TECNICO DE NIVEL SUPERIOR EN GESTION TURISTICA;Técnico de Nivel Superior;Administración y Comercio;No Presencial;A Distancia;No presencial;Resto IP+CFT;48
3158b42d64fbe35974aeaec4becd84f5;2016;106;IP PROVIDENCIA;Institutos Profesionales;250;TECNICO DE NIVEL SUPERIOR EN SERVICIO SOCIAL;Técnico de Nivel Superior;Ciencias Sociales;No Presencial;A Distancia;No presencial;Resto IP+CFT;145
f8650dda2e05fb6bd692652c5c5f59a2;2016;106;IP PROVIDENCIA;Institutos Profesionales;250;TECNICO DE NIVEL SUPERIOR EN SERVICIO SOCIAL;Técnico de Nivel Superior;Ciencias Sociales;Semipresencial;Semipresencial;Semipresencial;Resto IP+CFT;1
00a7a5e018f33f2242fe2d11895115f5;2016;106;IP PROVIDENCIA;Institutos Profesionales;67;TECNICO EN ADMINISTRACION DE EMPRESAS;Técnico de Nivel Superior;Administración y Comercio;Semipresencial;Semipresencial;Semipresencial;Resto IP+CFT;1
c4a7a357f0b85dbe558e2384df0ad159;2016;106;IP PROVIDENCIA;Institutos Profesionales;269;TECNICO JURIDICO EN GESTION JUDICIAL;Técnico de Nivel Superior;Derecho;No Presencial;A Distancia;No presencial;Resto IP+CFT;57
80b1ff44012420a3d5d4c7b6913e8fd1;2017;492;CFT CEITEC;Centros de Formación Técnica;2;ADMINISTRACION DE SEGURIDAD PRIVADA;Técnico de Nivel Superior;Administración y Comercio;No Presencial;A Distancia;No presencial;Resto IP+CFT;3
d7b5d98bc30865c0a72a5ffbf4e3f403;2017;492;CFT CEITEC;Centros de Formación Técnica;34;ADMINISTRACION PUBLICA;Técnico de Nivel Superior;Ciencias Sociales;Semipresencial;Semipresencial;Semipresencial;Resto IP+CFT;17
5e499ba1bec6c458cfc14f3282fd74df;2017;492;CFT CEITEC;Centros de Formación Técnica;24;ASISTENTE TECNICO SUPERIOR DE EDUCACION PARVULARIA Y DEL PRIMER NIVEL;Técnico de Nivel Superior;Educación;No Presencial;A Distancia;No presencial;Resto IP+CFT;5
15b675393896ef683e9957ee861649d9;2017;492;CFT CEITEC;Centros de Formación Técnica;3;ORIENTACION Y MEDIACION FAMILIAR Y SOCIAL;Técnico de Nivel Superior;Ciencias Sociales;No Presencial;A Distancia;No presencial;Resto IP+CFT;1
5cebcc6187557c6ae8069f1633914ca8;2017;492;CFT CEITEC;Centros de Formación Técnica;4;PREVENCION DE RIESGOS;Técnico de Nivel Superior;Tecnología;No Presencial;A Distancia;No presencial;Resto IP+CFT;2
7e86de27c9c9c5b9aabc6d31554f6d15;2017;492;CFT CEITEC;Centros de Formación Técnica;21;TECNICO EN TRABAJO SOCIAL;Técnico de Nivel Superior;Ciencias Sociales;No Presencial;A Distancia;No presencial;Resto IP+CFT;1
c6270ff4f25e3af69575814dca24aa4a;2017;236;CFT CENTRO TECNOLOGICO SUPERIOR INFOMED;Centros de Formación Técnica;5;TECNICO EN OPTICA CON MENCION EN CONTACTOLOGIA;Técnico de Nivel Superior;Salud;Semipresencial;Semipresencial;Semipresencial;Resto IP+CFT;8
1cbd9d48d392dd60c874a220fb286f49;2017;430;CFT INACAP;Centros de Formación Técnica;201;ADMINISTRACION DE EMPRESAS;Técnico de Nivel Superior;Administración y Comercio;Semipresencial;Diurna;Semipresencial;Resto IP+CFT;27
f673cf69e2aad1c0e18275091591c095;2017;430;CFT INACAP;Centros de Formación Técnica;201;ADMINISTRACION DE EMPRESAS;Técnico de Nivel Superior;Administración y Comercio;Semipresencial;Vespertina;Semipresencial;Resto IP+CFT;372
9a5c27712e7693f049acffe5beef33d5;2017;430;CFT INACAP;Centros de Formación Técnica;42;ANALISTA PROGRAMADOR;Técnico de Nivel Superior;Tecnología;Semipresencial;Diurna;Semipresencial;Resto IP+CFT;4
bdaabb53599ea44dc3dfc15a0b8b1143;2017;430;CFT INACAP;Centros de Formación Técnica;42;ANALISTA PROGRAMADOR;Técnico de Nivel Superior;Tecnología;Semipresencial;Vespertina;Semipresencial;Resto IP+CFT;51
90c9ce6fecbb8ccd47a11090e84fa3cc;2017;430;CFT INACAP;Centros de Formación Técnica;45;CONTABILIDAD GENERAL;Técnico de Nivel Superior;Administración y Comercio;Semipresencial;Vespertina;Semipresencial;Resto IP+CFT;60
294834e0e97b00fc70b90e9e422252bf;2017;430;CFT INACAP;Centros de Formación Técnica;138;PREVENCION DE RIESGOS;Técnico de Nivel Superior;Tecnología;Semipresencial;Vespertina;Semipresencial;Resto IP+CFT;18
64c1867b7499d46bd56cc4b1f80b9637;2017;430;CFT INACAP;Centros de Formación Técnica;138;PREVENCION DE RIESGOS;Técnico de Nivel Superior;Tecnología;Semipresencial;Diurna;Semipresencial;Resto IP+CFT;3
822ca1715b12faa6e512f2135c2aa10b;2017;214;CFT INSTITUTO CENTRAL DE CAPACITACION EDUCACIONAL ICCE;Centros de Formación Técnica;330;ADMINISTRACION DE SEGURIDAD;Técnico de Nivel Superior;Administración y Comercio;No Presencial;A Distancia;No presencial;Resto IP+CFT;2
4ffb6839be2dbeeb27a475d0d7d37a05;2017;143;IP AIEP;Institutos Profesionales;73;AUDITORIA;Profesional Sin Licenciatura;Administración y Comercio;Semipresencial;Semipresencial;Semipresencial;Resto IP+CFT;24
7e844b31784534f585d81c42a4109a72;2017;143;IP AIEP;Institutos Profesionales;9;CONTABILIDAD GENERAL;Técnico de Nivel Superior;Administración y Comercio;No Presencial;A Distancia;No presencial;Resto IP+CFT;66
cfb11392a67aa6688d07a1f71bc0ef49;2017;143;IP AIEP;Institutos Profesionales;9;CONTABILIDAD GENERAL;Técnico de Nivel Superior;Administración y Comercio;Semipresencial;Semipresencial;Semipresencial;Resto IP+CFT;59
604d056770558bb9b6da7c2437348669;2017;143;IP AIEP;Institutos Profesionales;111;INGENIERIA DE EJECUCION EN ADMINISTRACION DE EMPRESAS MENCION FINANZAS;Profesional Sin Licenciatura;Administración y Comercio;No Presencial;A Distancia;No presencial;Resto IP+CFT;61
a8d314d12dcd407b7cb8d646d3d5caca;2017;143;IP AIEP;Institutos Profesionales;111;INGENIERIA DE EJECUCION EN ADMINISTRACION DE EMPRESAS MENCION FINANZAS;Profesional Sin Licenciatura;Administración y Comercio;Semipresencial;Semipresencial;Semipresencial;Resto IP+CFT;28
1bd412139a2921e4bc4476751f2b1cae;2017;143;IP AIEP;Institutos Profesionales;112;INGENIERIA DE EJECUCION EN ADMINISTRACION DE EMPRESAS MENCION MARKETING;Profesional Sin Licenciatura;Administración y Comercio;No Presencial;A Distancia;No presencial;Resto IP+CFT;35
4673a81c3ad773aa1c122474bc594070;2017;143;IP AIEP;Institutos Profesionales;112;INGENIERIA DE EJECUCION EN ADMINISTRACION DE EMPRESAS MENCION MARKETING;Profesional Sin Licenciatura;Administración y Comercio;Semipresencial;Semipresencial;Semipresencial;Resto IP+CFT;26
5857ddf3a0703b24e0f709c6c7e9bc44;2017;143;IP AIEP;Institutos Profesionales;113;INGENIERIA DE EJECUCION EN ADMINISTRACION DE EMPRESAS MENCION RECURSOS HUMANOS;Profesional Sin Licenciatura;Administración y Comercio;Semipresencial;Semipresencial;Semipresencial;Resto IP+CFT;32
bdf7d060163cacda4bdb90b511c7cb03;2017;143;IP AIEP;Institutos Profesionales;113;INGENIERIA DE EJECUCION EN ADMINISTRACION DE EMPRESAS MENCION RECURSOS HUMANOS;Profesional Sin Licenciatura;Administración y Comercio;No Presencial;A Distancia;No presencial;Resto IP+CFT;85
6945a22dda505fa8b6b1bf0d78c6ebbd;2017;143;IP AIEP;Institutos Profesionales;219;INGENIERIA DE EJECUCION EN INFORMATICA MENCION DESARROLLO DE SISTEMAS;Profesional Sin Licenciatura;Tecnología;Semipresencial;Semipresencial;Semipresencial;Resto IP+CFT;26
36e93e672d8c43ad02d452169536ba83;2017;143;IP AIEP;Institutos Profesionales;17;PROGRAMACION Y ANALISIS DE SISTEMAS;Técnico de Nivel Superior;Tecnología;Semipresencial;Semipresencial;Semipresencial;Resto IP+CFT;20
3650ca16034d144261d1b7d4a3f1a8c0;2017;143;IP AIEP;Institutos Profesionales;115;TECNICO EN ADMINISTRACION DE EMPRESAS MENCION FINANZAS;Técnico de Nivel Superior;Administración y Comercio;No Presencial;A Distancia;No presencial;Resto IP+CFT;128
632f99cba13cd62b0a8da9d2ef5fa403;2017;143;IP AIEP;Institutos Profesionales;115;TECNICO EN ADMINISTRACION DE EMPRESAS MENCION FINANZAS;Técnico de Nivel Superior;Administración y Comercio;Semipresencial;Semipresencial;Semipresencial;Resto IP+CFT;42
76adca531526b4889762aa70c928fe3e;2017;143;IP AIEP;Institutos Profesionales;116;TECNICO EN ADMINISTRACION DE EMPRESAS MENCION LOGISTICA;Técnico de Nivel Superior;Administración y Comercio;No Presencial;A Distancia;No presencial;Resto IP+CFT;86
7cc9fcdac69e27a30be281c5f0930b52;2017;143;IP AIEP;Institutos Profesionales;116;TECNICO EN ADMINISTRACION DE EMPRESAS MENCION LOGISTICA;Técnico de Nivel Superior;Administración y Comercio;Semipresencial;Semipresencial;Semipresencial;Resto IP+CFT;234
154bc367dbcb34c822a7424487c7dc31;2017;143;IP AIEP;Institutos Profesionales;117;TECNICO EN ADMINISTRACION DE EMPRESAS MENCION MARKETING;Técnico de Nivel Superior;Administración y Comercio;Semipresencial;Semipresencial;Semipresencial;Resto IP+CFT;32
95d814d2f53de826a69f495f98f91004;2017;143;IP AIEP;Institutos Profesionales;117;TECNICO EN ADMINISTRACION DE EMPRESAS MENCION MARKETING;Técnico de Nivel Superior;Administración y Comercio;No Presencial;A Distancia;No presencial;Resto IP+CFT;72
00099aafad0894adba65e6827eac187b;2017;143;IP AIEP;Institutos Profesionales;118;TECNICO EN ADMINISTRACION DE EMPRESAS MENCION RECURSOS HUMANOS;Técnico de Nivel Superior;Administración y Comercio;No Presencial;A Distancia;No presencial;Resto IP+CFT;178
c5a173eea23f8c05bb3177674ee4bad1;2017;143;IP AIEP;Institutos Profesionales;118;TECNICO EN ADMINISTRACION DE EMPRESAS MENCION RECURSOS HUMANOS;Técnico de Nivel Superior;Administración y Comercio;Semipresencial;Semipresencial;Semipresencial;Resto IP+CFT;138
4fa488746f340f6ae6271f3f01b0caa0;2017;143;IP AIEP;Institutos Profesionales;83;TECNICO EN TRABAJO SOCIAL;Técnico de Nivel Superior;Ciencias Sociales;No Presencial;A Distancia;No presencial;Resto IP+CFT;86
6ccd55378ee1e3b15f154f2611cc48a3;2017;143;IP AIEP;Institutos Profesionales;83;TECNICO EN TRABAJO SOCIAL;Técnico de Nivel Superior;Ciencias Sociales;Semipresencial;Semipresencial;Semipresencial;Resto IP+CFT;39
1d9a3f5b2dac903e0699a250ea805c80;2017;143;IP AIEP;Institutos Profesionales;30;TECNICO JURIDICO;Técnico de Nivel Superior;Derecho;Semipresencial;Semipresencial;Semipresencial;Resto IP+CFT;15
72461ed42fecd91d5fb63e442ff85b00;2017;143;IP AIEP;Institutos Profesionales;30;TECNICO JURIDICO;Técnico de Nivel Superior;Derecho;No Presencial;A Distancia;No presencial;Resto IP+CFT;41
c081980815f82293ef84cf5c08d92e9e;2017;183;IP CARLOS CASANUEVA;Institutos Profesionales;9;TECNICO EN BIBLIOTECOLOGIA Y CENTROS DE INFORMACION;Técnico de Nivel Superior;Humanidades;Semipresencial;Semipresencial;Semipresencial;Resto IP+CFT;1
4d570d9cd123408977bc580f8b77154e;2017;123;IP DE CHILE;Institutos Profesionales;9;AUDITORIA;Profesional Sin Licenciatura;Administración y Comercio;No Presencial;A Distancia;No presencial;Resto IP+CFT;55
a74318296861139cbe263707c8e3cef1;2017;123;IP DE CHILE;Institutos Profesionales;49;CONTABILIDAD GENERAL;Técnico de Nivel Superior;Administración y Comercio;No Presencial;A Distancia;No presencial;Resto IP+CFT;58
8a6796328a3187392158782673f8062b;2017;123;IP DE CHILE;Institutos Profesionales;37;INGENIERIA EN ADMINISTRACION DE EMPRESAS;Profesional Sin Licenciatura;Administración y Comercio;No Presencial;A Distancia;No presencial;Resto IP+CFT;89
205d92e1d723aaa751978188d1cf8975;2017;123;IP DE CHILE;Institutos Profesionales;164;INGENIERIA EN ADMINISTRACION DE EMPRESAS MENCION MARKETING;Profesional Sin Licenciatura;Administración y Comercio;No Presencial;A Distancia;No presencial;Resto IP+CFT;13
9be75f7fd2274e63b918d90ed8fb7750;2017;123;IP DE CHILE;Institutos Profesionales;48;TECNICO EN ADMINISTRACION DE EMPRESAS;Técnico de Nivel Superior;Administración y Comercio;No Presencial;A Distancia;No presencial;Resto IP+CFT;198
f59cf03cdcbf64c95fe5dd8616ef065f;2017;123;IP DE CHILE;Institutos Profesionales;191;TECNICO EN ADMINISTRACION Y GESTION DE SALUD;Técnico de Nivel Superior;Administración y Comercio;No Presencial;A Distancia;No presencial;Resto IP+CFT;28
c981972e298c1b4ca88add3ec63dbbfd;2017;123;IP DE CHILE;Institutos Profesionales;151;TECNICO TRABAJO SOCIAL;Técnico de Nivel Superior;Ciencias Sociales;No Presencial;A Distancia;No presencial;Resto IP+CFT;73
39c0a6c54e7f01e6ee318120f6bcb3c0;2017;176;IP DEL VALLE CENTRAL;Institutos Profesionales;778;INGENIERIA DE EJECUCION EN ADMINISTRACION DE EMPRESAS, CONTINUIDAD;Profesional Sin Licenciatura;Administración y Comercio;No Presencial;A Distancia;No presencial;Resto IP+CFT;12
6bdf798e2487d7171ad7e666dbbbd416;2017;176;IP DEL VALLE CENTRAL;Institutos Profesionales;778;INGENIERIA DE EJECUCION EN ADMINISTRACION DE EMPRESAS, CONTINUIDAD;Profesional Sin Licenciatura;Administración y Comercio;Semipresencial;Semipresencial;Semipresencial;Resto IP+CFT;26
4e9fbb47a705712d54365e6073550ed8;2017;176;IP DEL VALLE CENTRAL;Institutos Profesionales;576;INGENIERIA DE EJECUCION EN ADMINISTRACION PUBLICA, CONTINUIDAD;Profesional Sin Licenciatura;Ciencias Sociales;Semipresencial;Semipresencial;Semipresencial;Resto IP+CFT;36
9ad2f87adcea066420501abb8d11caa9;2017;176;IP DEL VALLE CENTRAL;Institutos Profesionales;576;INGENIERIA DE EJECUCION EN ADMINISTRACION PUBLICA, CONTINUIDAD;Profesional Sin Licenciatura;Ciencias Sociales;No Presencial;A Distancia;No presencial;Resto IP+CFT;3
fe8225a027ff5b0fd21c972d00f459e1;2017;176;IP DEL VALLE CENTRAL;Institutos Profesionales;42;PSICOPEDAGOGIA;Profesional Sin Licenciatura;Educación;No Presencial;A Distancia;No presencial;Resto IP+CFT;27
e92e85925eb66592a32c2804715c3296;2017;176;IP DEL VALLE CENTRAL;Institutos Profesionales;115;TECNICO DE NIVEL SUPERIOR EN ADMINISTRACION DE EMPRESAS MENCION EN RECURSOS HUMANOS;Técnico de Nivel Superior;Administración y Comercio;Semipresencial;Semipresencial;Semipresencial;Resto IP+CFT;35
98ce8a54839ea31de9bc30e15eec5175;2017;176;IP DEL VALLE CENTRAL;Institutos Profesionales;789;TECNICO DE NIVEL SUPERIOR EN ADMINISTRACION DE EMPRESAS MENCION FINANZAS Y CONTABILIDAD;Técnico de Nivel Superior;Administración y Comercio;No Presencial;A Distancia;No presencial;Resto IP+CFT;7
a6d40195a0270b06f5bf1afa594acb64;2017;176;IP DEL VALLE CENTRAL;Institutos Profesionales;68;TECNICO DE NIVEL SUPERIOR EN EDUCACION DIFERENCIAL;Técnico de Nivel Superior;Educación;Semipresencial;Semipresencial;Semipresencial;Resto IP+CFT;36
0e24d3b502d83fdd88fff843766d2d0b;2017;176;IP DEL VALLE CENTRAL;Institutos Profesionales;41;TECNICO DE NIVEL SUPERIOR EN EDUCACION PARVULARIA;Técnico de Nivel Superior;Educación;No Presencial;A Distancia;No presencial;Resto IP+CFT;33
a1c6c049c6dd613756c6ae5f3a3e82b0;2017;176;IP DEL VALLE CENTRAL;Institutos Profesionales;41;TECNICO DE NIVEL SUPERIOR EN EDUCACION PARVULARIA;Técnico de Nivel Superior;Educación;Semipresencial;Semipresencial;Semipresencial;Resto IP+CFT;127
d623229ee9c38e15760410bf3d9b365c;2017;176;IP DEL VALLE CENTRAL;Institutos Profesionales;864;TECNICO DE NIVEL SUPERIOR EN RELACIONES PUBLICAS Y COMUNICACION;Técnico de Nivel Superior;Ciencias Sociales;Semipresencial;Semipresencial;Semipresencial;Resto IP+CFT;15
e553038e6616bfcf1644c75ff8284efb;2017;176;IP DEL VALLE CENTRAL;Institutos Profesionales;40;TECNICO DE NIVEL SUPERIOR EN TRABAJO SOCIAL;Técnico de Nivel Superior;Ciencias Sociales;Semipresencial;Semipresencial;Semipresencial;Resto IP+CFT;65
707684fd81336405c2fd09fdb1c7b97c;2017;176;IP DEL VALLE CENTRAL;Institutos Profesionales;3;TRABAJO SOCIAL;Profesional Sin Licenciatura;Ciencias Sociales;No Presencial;A Distancia;No presencial;Resto IP+CFT;29
c577ba28646fc6e4d1d8cebfd6a55396;2017;176;IP DEL VALLE CENTRAL;Institutos Profesionales;3;TRABAJO SOCIAL;Profesional Sin Licenciatura;Ciencias Sociales;Semipresencial;Semipresencial;Semipresencial;Resto IP+CFT;32
1c92e50abb2f0e8fa04d7abedfed00c5;2017;120;IP DIEGO PORTALES;Institutos Profesionales;241;BIBLIOTECOLOGIA DISTANCIA;Técnico de Nivel Superior;Humanidades;No Presencial;A Distancia;No presencial;Resto IP+CFT;12
65078ef49c2154183d2ab0393d32832c;2017;120;IP DIEGO PORTALES;Institutos Profesionales;101;CONTADOR AUDITOR A DISTANCIA;Profesional Sin Licenciatura;Administración y Comercio;No Presencial;A Distancia;No presencial;Resto IP+CFT;25
ffe8fc82fe40faabf58aa3dd12b9a5a9;2017;120;IP DIEGO PORTALES;Institutos Profesionales;104;INGENIERIA EN ADMINISTRACION DE EMPRESAS A DISTANCIA;Profesional Sin Licenciatura;Administración y Comercio;No Presencial;A Distancia;No presencial;Resto IP+CFT;37
c34510b123768cc446441a2c6f029cce;2017;120;IP DIEGO PORTALES;Institutos Profesionales;235;INGENIERIA EN ADMINISTRACION PUBLICA Y MUNICIPAL A DISTANCIA;Profesional Sin Licenciatura;Ciencias Sociales;No Presencial;A Distancia;No presencial;Resto IP+CFT;42
4a89d0dbefc6250d8caf5d17953f2d18;2017;120;IP DIEGO PORTALES;Institutos Profesionales;250;INGENIERIA EN LOGISTICA OPERATIVA;Profesional Sin Licenciatura;Administración y Comercio;No Presencial;A Distancia;No presencial;Resto IP+CFT;10
5a1da0f76b80a205da97d36df8e6f3b8;2017;120;IP DIEGO PORTALES;Institutos Profesionales;105;INGENIERIA EN PREVENCION DE RIESGOS A DISTANCIA;Profesional Sin Licenciatura;Tecnología;No Presencial;A Distancia;No presencial;Resto IP+CFT;28
bf6042c5995c8dce56de3b4469de11ae;2017;120;IP DIEGO PORTALES;Institutos Profesionales;114;SERVICIO SOCIAL A DISTANCIA;Profesional Sin Licenciatura;Ciencias Sociales;No Presencial;A Distancia;No presencial;Resto IP+CFT;39
e1856d7dc9a8839f93b81418f5096a46;2017;111;IP DUOC UC;Institutos Profesionales;285;ADMINISTRACION DE EMPRESAS MENCION MARKETING.PEV;Técnico de Nivel Superior;Administración y Comercio;Semipresencial;Vespertina;Semipresencial;Resto IP+CFT;430
859e95fdc2c92ed0ca1788deb4dde3b7;2017;111;IP DUOC UC;Institutos Profesionales;278;ADMINISTRACION DE RECURSOS HUMANOS.PEV;Técnico de Nivel Superior;Administración y Comercio;Semipresencial;Vespertina;Semipresencial;Resto IP+CFT;632
aae92938f69379f9751c6bca836d533b;2017;111;IP DUOC UC;Institutos Profesionales;454;ADMINISTRACION DE REDES COMPUTACIONALES.PEV;Técnico de Nivel Superior;Tecnología;Semipresencial;Vespertina;Semipresencial;Resto IP+CFT;17
f850ce4b731695e53e66c89ad8b340f6;2017;111;IP DUOC UC;Institutos Profesionales;259;ADMINISTRACION FINANCIERA.PEV;Técnico de Nivel Superior;Administración y Comercio;Semipresencial;Vespertina;Semipresencial;Resto IP+CFT;376
855f95ec4ee80a02a7d72fd65adc7e3f;2017;111;IP DUOC UC;Institutos Profesionales;23;ANALISTA PROGRAMADOR COMPUTACIONAL;Técnico de Nivel Superior;Tecnología;Semipresencial;Vespertina;Semipresencial;Resto IP+CFT;58
0e6cf44cc271e7f151e97b0c66307771;2017;111;IP DUOC UC;Institutos Profesionales;440;ANALISTA PROGRAMADOR COMPUTACIONAL.PEV;Técnico de Nivel Superior;Tecnología;Semipresencial;Vespertina;Semipresencial;Resto IP+CFT;69
476e11e2a8d70a07b158cc3db205ad2a;2017;111;IP DUOC UC;Institutos Profesionales;6;AUDITORIA;Profesional Sin Licenciatura;Administración y Comercio;Semipresencial;Vespertina;Semipresencial;Resto IP+CFT;59
177f0768644ec23fd89f27a0aadf3688;2017;111;IP DUOC UC;Institutos Profesionales;410;AUDITORIA.PEV;Profesional Sin Licenciatura;Administración y Comercio;Semipresencial;Vespertina;Semipresencial;Resto IP+CFT;63
eb7cca2291eb3ff69e71df5f8e6303f0;2017;111;IP DUOC UC;Institutos Profesionales;202;COMERCIO EXTERIOR.PEV;Técnico de Nivel Superior;Administración y Comercio;Semipresencial;Vespertina;Semipresencial;Resto IP+CFT;179
0e779b3f06fec29cc9fa362d5ca2b8ec;2017;111;IP DUOC UC;Institutos Profesionales;204;CONTABILIDAD GENERAL MENCION LEGISLACION TRIBUTARIA.PEV;Técnico de Nivel Superior;Administración y Comercio;Semipresencial;Vespertina;Semipresencial;Resto IP+CFT;335
35338fed2f6046bfb33e8a84fd0ca5a9;2017;111;IP DUOC UC;Institutos Profesionales;37;INGENIERIA EN ADMINISTRACION;Profesional Sin Licenciatura;Administración y Comercio;Semipresencial;Vespertina;Semipresencial;Resto IP+CFT;42
212018312b94346bca39486c30499f3a;2017;111;IP DUOC UC;Institutos Profesionales;281;INGENIERIA EN ADMINISTRACION DE RECURSOS HUMANOS.PEV;Profesional Sin Licenciatura;Administración y Comercio;Semipresencial;Vespertina;Semipresencial;Resto IP+CFT;136
7c3919ba546595e3b2a480fe08656c02;2017;111;IP DUOC UC;Institutos Profesionales;139;INGENIERIA EN ADMINISTRACION.PEV;Profesional Sin Licenciatura;Administración y Comercio;Semipresencial;Vespertina;Semipresencial;Resto IP+CFT;110
63561c7d9a1edaa28da41f25244648e6;2017;111;IP DUOC UC;Institutos Profesionales;455;INGENIERIA EN COMERCIO EXTERIOR.PEV;Profesional Sin Licenciatura;Administración y Comercio;Semipresencial;Vespertina;Semipresencial;Resto IP+CFT;29
c3432eb893aff5d57952d4e04ca23e8e;2017;111;IP DUOC UC;Institutos Profesionales;50;INGENIERIA EN CONECTIVIDAD Y REDES;Profesional Sin Licenciatura;Tecnología;Semipresencial;Vespertina;Semipresencial;Resto IP+CFT;24
610a5797c21b91ef003fbdf8d5d71b82;2017;111;IP DUOC UC;Institutos Profesionales;145;INGENIERIA EN GESTION LOGISTICA;Profesional Sin Licenciatura;Administración y Comercio;Semipresencial;Vespertina;Semipresencial;Resto IP+CFT;18
d098e8efdeb8140114f412a3308ad911;2017;111;IP DUOC UC;Institutos Profesionales;441;INGENIERIA EN GESTION LOGISTICA.PEV;Profesional Sin Licenciatura;Administración y Comercio;Semipresencial;Vespertina;Semipresencial;Resto IP+CFT;46
af7d7d3739485f35bd27f29c14199466;2017;111;IP DUOC UC;Institutos Profesionales;48;INGENIERIA EN INFORMATICA;Profesional Sin Licenciatura;Tecnología;Semipresencial;Vespertina;Semipresencial;Resto IP+CFT;82
6df1a57281c57748966a7ebdc97611c2;2017;111;IP DUOC UC;Institutos Profesionales;141;INGENIERIA EN MARKETING.PEV;Profesional Sin Licenciatura;Administración y Comercio;Semipresencial;Vespertina;Semipresencial;Resto IP+CFT;82
16c36210a1c0c926d47dc3e1798cb0d1;2017;111;IP DUOC UC;Institutos Profesionales;442;TECNICO EN GESTION COMERCIAL.PEV;Técnico de Nivel Superior;Administración y Comercio;Semipresencial;Vespertina;Semipresencial;Resto IP+CFT;39
fb639ee4941c1dc0878d5a6f424852ab;2017;111;IP DUOC UC;Institutos Profesionales;309;TECNICO EN GESTION LOGISTICA.PEV;Técnico de Nivel Superior;Administración y Comercio;Semipresencial;Vespertina;Semipresencial;Resto IP+CFT;432
72c1c0e17eb153260e0f99ba63b36acc;2017;111;IP DUOC UC;Institutos Profesionales;124;TECNICO EN PREVENCION DE RIESGOS.PEV;Técnico de Nivel Superior;Tecnología;Semipresencial;Vespertina;Semipresencial;Resto IP+CFT;55
86d1af9944a299d99376303f05ce8f26;2017;171;IP ESCUELA DE COMERCIO DE SANTIAGO;Institutos Profesionales;39;INGENIERIA EN ADMINISTRACION DE EMPRESAS;Profesional Sin Licenciatura;Administración y Comercio;No Presencial;A Distancia;No presencial;ECS;45
90628568df994964be947c2f5262aa48;2017;171;IP ESCUELA DE COMERCIO DE SANTIAGO;Institutos Profesionales;24;INGENIERIA EN ADMINISTRACION DE RECURSOS HUMANOS;Profesional Sin Licenciatura;Administración y Comercio;No Presencial;A Distancia;No presencial;ECS;40
4b5b020293bfba4dfc07f4d9605abe58;2017;171;IP ESCUELA DE COMERCIO DE SANTIAGO;Institutos Profesionales;26;INGENIERIA EN COMERCIO INTERNACIONAL;Profesional Sin Licenciatura;Administración y Comercio;No Presencial;A Distancia;No presencial;ECS;34
21a1a208011520d7937103e6ea96bf64;2017;171;IP ESCUELA DE COMERCIO DE SANTIAGO;Institutos Profesionales;27;INGENIERIA EN FINANZAS;Profesional Sin Licenciatura;Administración y Comercio;No Presencial;A Distancia;No presencial;ECS;30
8438020ff4e04dfd569429db69a2bad3;2017;132;IP ESUCOMEX;Institutos Profesionales;85;AUDITORIA;Profesional Sin Licenciatura;Administración y Comercio;Semipresencial;Vespertina;Semipresencial;Resto IP+CFT;7
4acb9dcbf9c0c00803a8955207b62f8e;2017;132;IP ESUCOMEX;Institutos Profesionales;12;COMERCIO EXTERIOR;Técnico de Nivel Superior;Administración y Comercio;Semipresencial;Vespertina;Semipresencial;Resto IP+CFT;18
02ae39402c13652714bb8c817b02a8f7;2017;132;IP ESUCOMEX;Institutos Profesionales;86;CONTABILIDAD;Técnico de Nivel Superior;Administración y Comercio;Semipresencial;Vespertina;Semipresencial;Resto IP+CFT;39
374f01f183bfb7d248e31b54e77ea8e8;2017;132;IP ESUCOMEX;Institutos Profesionales;88;INGENIERIA EN COMERCIO INTERNACIONAL;Profesional Sin Licenciatura;Administración y Comercio;Semipresencial;Vespertina;Semipresencial;Resto IP+CFT;7
fb544a2643cea1443e1d45cadf51cf7c;2017;132;IP ESUCOMEX;Institutos Profesionales;90;INGENIERIA EN GESTION COMERCIAL;Profesional Sin Licenciatura;Administración y Comercio;Semipresencial;Vespertina;Semipresencial;Resto IP+CFT;15
37b35f12a7cbf86892965e3648e25f4e;2017;132;IP ESUCOMEX;Institutos Profesionales;92;INGENIERIA EN GESTION DE RECURSOS HUMANOS;Profesional Sin Licenciatura;Administración y Comercio;Semipresencial;Vespertina;Semipresencial;Resto IP+CFT;10
f78df9f74435b944d58dcf38f032dffc;2017;132;IP ESUCOMEX;Institutos Profesionales;99;TECNICO EN GESTION COMERCIAL;Técnico de Nivel Superior;Administración y Comercio;Semipresencial;Vespertina;Semipresencial;Resto IP+CFT;21
a0358a0c90b7f52d022ffd155466e930;2017;132;IP ESUCOMEX;Institutos Profesionales;114;TECNICO EN GESTION DE RECURSOS HUMANOS;Técnico de Nivel Superior;Administración y Comercio;Semipresencial;Vespertina;Semipresencial;Resto IP+CFT;35
574e05c4ee97737b57af70fa15e153d4;2017;132;IP ESUCOMEX;Institutos Profesionales;101;TECNICO EN GESTION FINANCIERA;Técnico de Nivel Superior;Administración y Comercio;Semipresencial;Vespertina;Semipresencial;Resto IP+CFT;11
8033e46eaeb304e9ca87ca50c0bd8737;2017;132;IP ESUCOMEX;Institutos Profesionales;129;TECNICO EN GESTION LOGISTICA;Técnico de Nivel Superior;Administración y Comercio;Semipresencial;Vespertina;Semipresencial;Resto IP+CFT;38
bb68087819e6408038ac04f7e778dfa2;2017;117;IP IACC;Institutos Profesionales;45;ADMINISTRACION FINANCIERA;Técnico de Nivel Superior;Administración y Comercio;No Presencial;A Distancia;No presencial;Resto IP+CFT;31
8061acb8bbb37d740c40e66cdb25dad7;2017;117;IP IACC;Institutos Profesionales;46;ANALISTA PROGRAMADOR COMPUTACIONAL;Técnico de Nivel Superior;Tecnología;No Presencial;A Distancia;No presencial;Resto IP+CFT;119
09ebacf88bdc65080d4f13892730d748;2017;117;IP IACC;Institutos Profesionales;30;CONTABILIDAD GENERAL;Técnico de Nivel Superior;Administración y Comercio;No Presencial;A Distancia;No presencial;Resto IP+CFT;252
a2ef4432a4a036577575a31d8a2ade74;2017;117;IP IACC;Institutos Profesionales;65;CONTADOR AUDITOR;Profesional Sin Licenciatura;Administración y Comercio;No Presencial;A Distancia;No presencial;Resto IP+CFT;32
b0b509a4284b808ee8d78cfae23a4f09;2017;117;IP IACC;Institutos Profesionales;2;INGENIERIA EN ADMINISTRACION DE EMPRESAS;Profesional Sin Licenciatura;Administración y Comercio;No Presencial;A Distancia;No presencial;Resto IP+CFT;101
97ff5f0d02d3e93e4bce33c9af06f674;2017;117;IP IACC;Institutos Profesionales;57;INGENIERIA EN INFORMATICA;Profesional Sin Licenciatura;Tecnología;No Presencial;A Distancia;No presencial;Resto IP+CFT;86
ad1d59378c91a3f2271607397b8a1c65;2017;117;IP IACC;Institutos Profesionales;27;INGENIERIA EN PREVENCION DE RIESGOS;Profesional Sin Licenciatura;Tecnología;No Presencial;A Distancia;No presencial;Resto IP+CFT;53
6640d61601f7a0fc00f75b0fb7f329d7;2017;117;IP IACC;Institutos Profesionales;29;INGENIERIA EN RECURSOS HUMANOS;Profesional Sin Licenciatura;Administración y Comercio;No Presencial;A Distancia;No presencial;Resto IP+CFT;77
396fdef8e77ac3fa78d5419f8bf33a50;2017;117;IP IACC;Institutos Profesionales;67;INGENIERIA INDUSTRIAL;Profesional Sin Licenciatura;Tecnología;No Presencial;A Distancia;No presencial;Resto IP+CFT;309
2c2c2d74cc2da65a09389ed20e1d88f6;2017;117;IP IACC;Institutos Profesionales;84;TECNICO AMBIENTAL Y GESTION ENERGETICA;Técnico de Nivel Superior;Tecnología;No Presencial;A Distancia;No presencial;Resto IP+CFT;47
6779a5c68a0e00b585f9520845c0814b;2017;117;IP IACC;Institutos Profesionales;58;TECNICO EDUCADOR SOCIAL INFANTOJUVENIL;Técnico de Nivel Superior;Ciencias Sociales;No Presencial;A Distancia;No presencial;Resto IP+CFT;86
01041c2c7601571796fc6f909971e9c2;2017;117;IP IACC;Institutos Profesionales;68;TECNICO EN ADMINISTRACION DE REDES;Técnico de Nivel Superior;Tecnología;No Presencial;A Distancia;No presencial;Resto IP+CFT;67
ffb7bb4703ac8845c9480ba24ee0be4d;2017;117;IP IACC;Institutos Profesionales;31;TECNICO EN ADMINISTRACION PUBLICA;Técnico de Nivel Superior;Ciencias Sociales;No Presencial;A Distancia;No presencial;Resto IP+CFT;127
d5e1d1942aa10b09f634847dc0a0dd5e;2017;117;IP IACC;Institutos Profesionales;69;TECNICO EN CONTROL INDUSTRIAL;Técnico de Nivel Superior;Tecnología;No Presencial;A Distancia;No presencial;Resto IP+CFT;303
1b9448a0e8fe28a888498c625f3f72bc;2017;117;IP IACC;Institutos Profesionales;70;TECNICO EN EDUCACION DIFERENCIAL;Técnico de Nivel Superior;Educación;No Presencial;A Distancia;No presencial;Resto IP+CFT;210
a10dc00d01f269dc469a0c14cc9c06d3;2017;117;IP IACC;Institutos Profesionales;71;TECNICO EN EDUCACION PARVULARIA;Técnico de Nivel Superior;Educación;No Presencial;A Distancia;No presencial;Resto IP+CFT;261
a82f7cfb708b023e8ffcacede9a5b1d3;2017;117;IP IACC;Institutos Profesionales;59;TECNICO EN GESTION DE CALIDAD Y AMBIENTE;Técnico de Nivel Superior;Tecnología;No Presencial;A Distancia;No presencial;Resto IP+CFT;83
ec8799ecc497ed1c0fb13cad36ec24a3;2017;117;IP IACC;Institutos Profesionales;60;TECNICO EN LOGISTICA;Técnico de Nivel Superior;Administración y Comercio;No Presencial;A Distancia;No presencial;Resto IP+CFT;101
5e9e983d5caa4acf6e6856edef65b5a4;2017;117;IP IACC;Institutos Profesionales;35;TECNICO EN PREVENCION DE RIESGOS;Técnico de Nivel Superior;Tecnología;No Presencial;A Distancia;No presencial;Resto IP+CFT;239
3bd11c2300aeca283a4fd7d5ef8d57ca;2017;117;IP IACC;Institutos Profesionales;73;TECNICO EN PROCESOS MINEROS;Técnico de Nivel Superior;Tecnología;No Presencial;A Distancia;No presencial;Resto IP+CFT;161
1fa26d0e81e586e216ca3f7c3088a44d;2017;117;IP IACC;Institutos Profesionales;61;TECNICO EN RECURSOS HUMANOS;Técnico de Nivel Superior;Administración y Comercio;No Presencial;A Distancia;No presencial;Resto IP+CFT;143
ac44e94303691a9023d06c2a762a7e03;2017;117;IP IACC;Institutos Profesionales;32;TECNICO EN RELACIONES PUBLICAS Y COMUNICACIONES;Técnico de Nivel Superior;Ciencias Sociales;No Presencial;A Distancia;No presencial;Resto IP+CFT;61
3796d5a8fbc3bd198891703c6efbcb5b;2017;117;IP IACC;Institutos Profesionales;62;TECNICO EN TRABAJO SOCIAL;Técnico de Nivel Superior;Ciencias Sociales;No Presencial;A Distancia;No presencial;Resto IP+CFT;303
953eadd6449393298282a69b556ccad5;2017;117;IP IACC;Institutos Profesionales;63;TECNICO JURIDICO;Técnico de Nivel Superior;Derecho;No Presencial;A Distancia;No presencial;Resto IP+CFT;121
fae7b6745cf39c0abc08865d803229f9;2017;117;IP IACC;Institutos Profesionales;1;TECNICO SUPERIOR EN ADMINISTRACION DE EMPRESAS;Técnico de Nivel Superior;Administración y Comercio;No Presencial;A Distancia;No presencial;Resto IP+CFT;818
26bbeabc6764a925a2f993cdc4231074;2017;117;IP IACC;Institutos Profesionales;17;TECNICO SUPERIOR EN INFORMATICA;Técnico de Nivel Superior;Tecnología;No Presencial;A Distancia;No presencial;Resto IP+CFT;171
22318595b779f15a9e955cd6010f4617;2017;117;IP IACC;Institutos Profesionales;83;TRABAJO SOCIAL;Profesional Sin Licenciatura;Ciencias Sociales;No Presencial;A Distancia;No presencial;Resto IP+CFT;75
9fe33b02a0a6bf6ca116bef805a56744;2017;100;IP INACAP;Institutos Profesionales;10;INGENIERIA EN PREVENCION DE RIESGOS, CALIDAD Y AMBIENTE;Profesional Sin Licenciatura;Tecnología;Semipresencial;Vespertina;Semipresencial;Resto IP+CFT;14
c0c2c00fbe722303a5f83b826072a43e;2017;100;IP INACAP;Institutos Profesionales;10;INGENIERIA EN PREVENCION DE RIESGOS, CALIDAD Y AMBIENTE;Profesional Sin Licenciatura;Tecnología;Semipresencial;Diurna;Semipresencial;Resto IP+CFT;7
4df080574d5d6707c9bbf100be84b7b1;2017;103;IP INSTITUTO DE ESTUDIOS BANCARIOS GUILLERMO SUBERCASEAUX;Institutos Profesionales;83;TECNICO EN ADMINISTRACION DE EMPRESAS FINANCIERAS;Técnico de Nivel Superior;Administración y Comercio;Semipresencial;Semipresencial;Semipresencial;Resto IP+CFT;2
3a956f1ba07032ab0dd34967dbd99eee;2017;103;IP INSTITUTO DE ESTUDIOS BANCARIOS GUILLERMO SUBERCASEAUX;Institutos Profesionales;94;TECNICO EN OPERACIONES FINANCIERAS Y BANCARIAS;Técnico de Nivel Superior;Administración y Comercio;Semipresencial;Semipresencial;Semipresencial;Resto IP+CFT;86
1bbdc57b4e598204d160317386d64732;2017;126;IP LA ARAUCANA;Institutos Profesionales;23;ADMINISTRACION DE EMPRESAS;Técnico de Nivel Superior;Administración y Comercio;Semipresencial;Semipresencial;Semipresencial;Resto IP+CFT;104
775d512e06aa25cc5d572e2e509ee3ba;2017;126;IP LA ARAUCANA;Institutos Profesionales;300;ADMINISTRACION DE RECURSOS HUMANOS;Técnico de Nivel Superior;Administración y Comercio;Semipresencial;Semipresencial;Semipresencial;Resto IP+CFT;18
7371e730d99addf3176bde3a4ebdec21;2017;126;IP LA ARAUCANA;Institutos Profesionales;8;CONTABILIDAD GENERAL;Técnico de Nivel Superior;Administración y Comercio;Semipresencial;Semipresencial;Semipresencial;Resto IP+CFT;26
eb49b25fca29d7a357b946273e35819f;2017;126;IP LA ARAUCANA;Institutos Profesionales;286;TECNICO EN EDUCACION PARVULARIA Y EDUCACION GENERAL BASICA;Técnico de Nivel Superior;Educación;Semipresencial;Semipresencial;Semipresencial;Resto IP+CFT;267
5cf80308b9852982938f0fe6ff3a4905;2017;152;IP LATINOAMERICANO DE COMERCIO EXTERIOR - IPLACEX;Institutos Profesionales;282;TECNICO EN EDUCACION ESPECIAL Y DIFERENCIAL;Técnico de Nivel Superior;Educación;Semipresencial;Vespertina;Semipresencial;Resto IP+CFT;39
11e49b40f79955e1843073dd414e7547;2017;152;IP LATINOAMERICANO DE COMERCIO EXTERIOR - IPLACEX;Institutos Profesionales;281;TECNICO EN EDUCACION PARVULARIA;Técnico de Nivel Superior;Educación;Semipresencial;Vespertina;Semipresencial;Resto IP+CFT;39
71304f67aaf2591e9c935adacce3626b;2017;152;IP LATINOAMERICANO DE COMERCIO EXTERIOR - IPLACEX;Institutos Profesionales;281;TECNICO EN EDUCACION PARVULARIA;Técnico de Nivel Superior;Educación;Semipresencial;Diurna;Semipresencial;Resto IP+CFT;37
7120cb17b4efa07cfd8e821dce2cc1d8;2017;152;IP LATINOAMERICANO DE COMERCIO EXTERIOR - IPLACEX;Institutos Profesionales;321;TECNICO EN GESTION DE RECURSOS HUMANOS;Técnico de Nivel Superior;Administración y Comercio;Semipresencial;Vespertina;Semipresencial;Resto IP+CFT;32
44eec8564444c25cb4e2771ae141f7ee;2017;152;IP LATINOAMERICANO DE COMERCIO EXTERIOR - IPLACEX;Institutos Profesionales;109;TECNICO EN PREVENCION Y REHABILITACION PSICOSOCIAL MENCION DROGADICCION;Técnico de Nivel Superior;Ciencias Sociales;Semipresencial;Vespertina;Semipresencial;Resto IP+CFT;24
48a991f12fd077e4fd7d27d7f930b28e;2017;152;IP LATINOAMERICANO DE COMERCIO EXTERIOR - IPLACEX;Institutos Profesionales;300;TECNICO EN TRABAJO SOCIAL;Técnico de Nivel Superior;Ciencias Sociales;Semipresencial;Vespertina;Semipresencial;Resto IP+CFT;16
bb8addf982d3d8f05fdd10d3f6e95727;2017;152;IP LATINOAMERICANO DE COMERCIO EXTERIOR - IPLACEX;Institutos Profesionales;300;TECNICO EN TRABAJO SOCIAL;Técnico de Nivel Superior;Ciencias Sociales;Semipresencial;Diurna;Semipresencial;Resto IP+CFT;16
c3395977951ae20fc0a8e1d0852d6720;2017;152;IP LATINOAMERICANO DE COMERCIO EXTERIOR - IPLACEX;Institutos Profesionales;41;TRABAJO SOCIAL;Profesional Sin Licenciatura;Ciencias Sociales;Semipresencial;Vespertina;Semipresencial;Resto IP+CFT;5
a6e7aaad0deeec57ec4e8afffb103ba1;2017;106;IP PROVIDENCIA;Institutos Profesionales;10;CONTADOR AUDITOR;Profesional Sin Licenciatura;Administración y Comercio;No Presencial;A Distancia;No presencial;Resto IP+CFT;99
35397c8078c8336eb4dfa350be24bc2c;2017;106;IP PROVIDENCIA;Institutos Profesionales;64;CONTADOR GENERAL;Técnico de Nivel Superior;Administración y Comercio;No Presencial;A Distancia;No presencial;Resto IP+CFT;71
ececa0e3ab34d3b0a3f1b9d01483ee4e;2017;106;IP PROVIDENCIA;Institutos Profesionales;262;INGENIERIA EN ADMINISTRACION M/MARKETING, FINANZAS, RECURSOS HUMANOS;Profesional Sin Licenciatura;Administración y Comercio;No Presencial;A Distancia;No presencial;Resto IP+CFT;216
43712ffab266da848a3155f31a77abac;2017;106;IP PROVIDENCIA;Institutos Profesionales;287;INGENIERIA EN ADMINISTRACION PUBLICA Y MUNICIPAL;Profesional Sin Licenciatura;Ciencias Sociales;No Presencial;A Distancia;No presencial;Resto IP+CFT;99
e6124706cad6111f956e04c9080d627d;2017;106;IP PROVIDENCIA;Institutos Profesionales;263;INGENIERIA EN CONTROL DE GESTION;Profesional Sin Licenciatura;Administración y Comercio;No Presencial;A Distancia;No presencial;Resto IP+CFT;81
1cfbb59e259f775729e8c90625210149;2017;106;IP PROVIDENCIA;Institutos Profesionales;285;INGENIERIA EN INFORMATICA MENCION ANALITICA AVANZADA O SEGURIDAD;Profesional Sin Licenciatura;Tecnología;No Presencial;A Distancia;No presencial;Resto IP+CFT;109
5a1990f625ce01cee26bd73a21cdfa3c;2017;106;IP PROVIDENCIA;Institutos Profesionales;20;SERVICIO SOCIAL;Profesional Sin Licenciatura;Ciencias Sociales;No Presencial;A Distancia;No presencial;Resto IP+CFT;277
8319e2185e552f7d4bba47bced6dadae;2017;106;IP PROVIDENCIA;Institutos Profesionales;67;TECNICO DE NIVEL SUPERIOR EN ADMINISTRACION DE EMPRESAS MENCION MARKETING O FINANZAS O RECURSOS HUMANOS;Técnico de Nivel Superior;Administración y Comercio;No Presencial;A Distancia;No presencial;Resto IP+CFT;211
46eea8daceed1f7ccc6a112a06fff3d7;2017;106;IP PROVIDENCIA;Institutos Profesionales;284;TECNICO DE NIVEL SUPERIOR EN ADMINISTRACION PUBLICA;Técnico de Nivel Superior;Ciencias Sociales;No Presencial;A Distancia;No presencial;Resto IP+CFT;49
a7f9aab6f679889b3a276526b28e21e2;2017;106;IP PROVIDENCIA;Institutos Profesionales;231;TECNICO DE NIVEL SUPERIOR EN COMERCIO EXTERIOR;Técnico de Nivel Superior;Administración y Comercio;No Presencial;A Distancia;No presencial;Resto IP+CFT;26
e802390b0d573d5e1b627a62ebe598fc;2017;106;IP PROVIDENCIA;Institutos Profesionales;265;TECNICO DE NIVEL SUPERIOR EN CONTROL DE GESTION;Técnico de Nivel Superior;Administración y Comercio;No Presencial;A Distancia;No presencial;Resto IP+CFT;39
856dc43042ee16160437bf365a7450f0;2017;106;IP PROVIDENCIA;Institutos Profesionales;268;TECNICO DE NIVEL SUPERIOR EN GESTION TURISTICA;Técnico de Nivel Superior;Administración y Comercio;No Presencial;A Distancia;No presencial;Resto IP+CFT;68
3b3b6eaa6a45e110e675ca14dac8f034;2017;106;IP PROVIDENCIA;Institutos Profesionales;286;TECNICO DE NIVEL SUPERIOR EN INFORMATICA;Técnico de Nivel Superior;Tecnología;No Presencial;A Distancia;No presencial;Resto IP+CFT;81
181e7d94266b9ed3cf9db76d1e2a7be9;2017;106;IP PROVIDENCIA;Institutos Profesionales;250;TECNICO DE NIVEL SUPERIOR EN SERVICIO SOCIAL;Técnico de Nivel Superior;Ciencias Sociales;No Presencial;A Distancia;No presencial;Resto IP+CFT;170
c0839a611129a7f329b114bd9dc42f8f;2017;106;IP PROVIDENCIA;Institutos Profesionales;269;TECNICO JURIDICO EN GESTION JUDICIAL;Técnico de Nivel Superior;Derecho;No Presencial;A Distancia;No presencial;Resto IP+CFT;58
d9bca747139f162ec69a5feae6a04cfe;2017;162;IP SAN SEBASTIAN;Institutos Profesionales;35;TECNICO EN ANALISIS DE SISTEMAS;Técnico de Nivel Superior;Tecnología;No Presencial;A Distancia;No presencial;Resto IP+CFT;13
641705bbfff6a0892ce1edbae5223d4c;2017;162;IP SAN SEBASTIAN;Institutos Profesionales;6;TECNICO EN CONECTIVIDAD Y REDES;Técnico de Nivel Superior;Tecnología;No Presencial;A Distancia;No presencial;Resto IP+CFT;28
773a55b09598ac3d61f338bdb16e2114;2017;162;IP SAN SEBASTIAN;Institutos Profesionales;2;TECNICO EN PROGRAMACION COMPUTACIONAL;Técnico de Nivel Superior;Tecnología;No Presencial;A Distancia;No presencial;Resto IP+CFT;22
83dd32633f69e9564544a8b4c35569c1;2017;116;IP SANTO TOMAS;Institutos Profesionales;174;INGENIERIA DE EJECUCION EN ADMINISTRACION, PROGRAMA EJECUTIVO SEMIPRESENCIAL;Profesional Sin Licenciatura;Administración y Comercio;Semipresencial;Vespertina;Semipresencial;Resto IP+CFT;15
855c4c7985873be4fd57112af74cd5b3;2018;258;CFT BARROS ARANA;Centros de Formación Técnica;92;TECNICO DE NIVEL SUPERIOR EN CONSTRUCCION;Técnico de Nivel Superior;Tecnología;No Presencial;A Distancia;No presencial;Resto IP+CFT;3
0fb271f5e6e542b20d76d394d6b8d23c;2018;492;CFT CEITEC;Centros de Formación Técnica;2;ADMINISTRACION DE SEGURIDAD PRIVADA;Técnico de Nivel Superior;Administración y Comercio;No Presencial;A Distancia;No presencial;Resto IP+CFT;14
b66386bea05854ed9e84d1344daf546d;2018;492;CFT CEITEC;Centros de Formación Técnica;5;ADMINISTRACION LOGISTICA;Técnico de Nivel Superior;Administración y Comercio;No Presencial;A Distancia;No presencial;Resto IP+CFT;6
9f3dac8bd005fb6c5c9d38854aa99da3;2018;492;CFT CEITEC;Centros de Formación Técnica;24;ASISTENTE TECNICO SUPERIOR DE EDUCACION PARVULARIA Y DEL PRIMER NIVEL;Técnico de Nivel Superior;Educación;No Presencial;A Distancia;No presencial;Resto IP+CFT;3
b4a86540feb896b9d8344db0de18c3b3;2018;492;CFT CEITEC;Centros de Formación Técnica;3;ORIENTACION Y MEDIACION FAMILIAR Y SOCIAL;Técnico de Nivel Superior;Ciencias Sociales;No Presencial;A Distancia;No presencial;Resto IP+CFT;7
0ac687a96a33a98de3cc31baa630e21b;2018;492;CFT CEITEC;Centros de Formación Técnica;4;PREVENCION DE RIESGOS;Técnico de Nivel Superior;Tecnología;No Presencial;A Distancia;No presencial;Resto IP+CFT;9
9337fb8b0ba36bdb97b9f43424b05d64;2018;492;CFT CEITEC;Centros de Formación Técnica;20;TECNICO EN MINERIA;Técnico de Nivel Superior;Tecnología;No Presencial;A Distancia;No presencial;Resto IP+CFT;1
7a4b2d68712d6942cb1937380c5ffdd8;2018;492;CFT CEITEC;Centros de Formación Técnica;21;TECNICO EN TRABAJO SOCIAL;Técnico de Nivel Superior;Ciencias Sociales;No Presencial;A Distancia;No presencial;Resto IP+CFT;9
b08f52a17daece7eaa1fdef081a1514b;2018;312;CFT CENCO;Centros de Formación Técnica;56;TECNICO DE NIVEL SUPERIOR EN ADMINISTRACION DE EMPRESAS;Técnico de Nivel Superior;Administración y Comercio;No Presencial;A Distancia;No presencial;Resto IP+CFT;1
2bc8bfe36eb5acb2e10ead17dab754c3;2018;312;CFT CENCO;Centros de Formación Técnica;89;TECNICO DE NIVEL SUPERIOR EN TRABAJO SOCIAL;Técnico de Nivel Superior;Ciencias Sociales;No Presencial;A Distancia;No presencial;Resto IP+CFT;80
3edb0286ba9714879e2a3a48651fd4dd;2018;236;CFT CENTRO TECNOLOGICO SUPERIOR INFOMED;Centros de Formación Técnica;5;TECNICO EN OPTICA CON MENCION EN CONTACTOLOGIA;Técnico de Nivel Superior;Salud;Semipresencial;Semipresencial;Semipresencial;Resto IP+CFT;12
475ba9c9a5ca2e4a0a12ccbd9e6a965f;2018;430;CFT INACAP;Centros de Formación Técnica;201;ADMINISTRACION DE EMPRESAS;Técnico de Nivel Superior;Administración y Comercio;Semipresencial;Vespertina;Semipresencial;Resto IP+CFT;499
6afd5856738343b8b296804d62b8b57b;2018;430;CFT INACAP;Centros de Formación Técnica;42;ANALISTA PROGRAMADOR;Técnico de Nivel Superior;Tecnología;Semipresencial;Vespertina;Semipresencial;Resto IP+CFT;68
580cde05419178964ae1215dffe2ce7c;2018;430;CFT INACAP;Centros de Formación Técnica;45;CONTABILIDAD GENERAL;Técnico de Nivel Superior;Administración y Comercio;Semipresencial;Vespertina;Semipresencial;Resto IP+CFT;69
cc9b906f889c7ff70702d723b0f31eab;2018;430;CFT INACAP;Centros de Formación Técnica;138;PREVENCION DE RIESGOS;Técnico de Nivel Superior;Tecnología;Semipresencial;Vespertina;Semipresencial;Resto IP+CFT;30
9d6f7b44f0cff2806037d019e4813804;2018;214;CFT INSTITUTO CENTRAL DE CAPACITACION EDUCACIONAL ICCE;Centros de Formación Técnica;331;ADMINISTRACION DE SALUD;Técnico de Nivel Superior;Administración y Comercio;No Presencial;A Distancia;No presencial;Resto IP+CFT;1
5e87f1aceda41418fc7206835815d153;2018;214;CFT INSTITUTO CENTRAL DE CAPACITACION EDUCACIONAL ICCE;Centros de Formación Técnica;330;ADMINISTRACION DE SEGURIDAD;Técnico de Nivel Superior;Administración y Comercio;No Presencial;A Distancia;No presencial;Resto IP+CFT;8
b3a308ff8b24fb5192204ce09389eab1;2018;701;CFT MANPOWER;Centros de Formación Técnica;2;ASISTENTE EJECUTIVO BILINGÜE;Técnico de Nivel Superior;Administración y Comercio;Semipresencial;Semipresencial;Semipresencial;Resto IP+CFT;32
9f026edd62295c3ddd7c3574ded4b637;2018;701;CFT MANPOWER;Centros de Formación Técnica;30;ASISTENTE EJECUTIVO Y DE GESTION;Técnico de Nivel Superior;Administración y Comercio;Semipresencial;Semipresencial;Semipresencial;Resto IP+CFT;18
f164a65857d24fd6abd5db0719736e9b;2018;143;IP AIEP;Institutos Profesionales;29;ASISTENTE DE PARVULOS;Técnico de Nivel Superior;Educación;No Presencial;A Distancia;No presencial;Resto IP+CFT;180
63938f9b95f768d0d6789b5ffa4b3284;2018;143;IP AIEP;Institutos Profesionales;73;AUDITORIA;Profesional Sin Licenciatura;Administración y Comercio;Semipresencial;Semipresencial;Semipresencial;Resto IP+CFT;7
43c90d64a20647ad1c2cbf60ad3709f8;2018;143;IP AIEP;Institutos Profesionales;9;CONTABILIDAD GENERAL;Técnico de Nivel Superior;Administración y Comercio;No Presencial;A Distancia;No presencial;Resto IP+CFT;129
7de217cd7f13f029c1a8815a318c465d;2018;143;IP AIEP;Institutos Profesionales;9;CONTABILIDAD GENERAL;Técnico de Nivel Superior;Administración y Comercio;Semipresencial;Semipresencial;Semipresencial;Resto IP+CFT;59
ae5a0cab87f7b003cf74dc59035ca1cb;2018;143;IP AIEP;Institutos Profesionales;111;INGENIERIA DE EJECUCION EN ADMINISTRACION DE EMPRESAS MENCION FINANZAS;Profesional Sin Licenciatura;Administración y Comercio;No Presencial;A Distancia;No presencial;Resto IP+CFT;129
bacb0b8d19249c41bd3bb7dfcd4b6c7e;2018;143;IP AIEP;Institutos Profesionales;111;INGENIERIA DE EJECUCION EN ADMINISTRACION DE EMPRESAS MENCION FINANZAS;Profesional Sin Licenciatura;Administración y Comercio;Semipresencial;Semipresencial;Semipresencial;Resto IP+CFT;17
35e633078ce10ab446c5ab7687a241f4;2018;143;IP AIEP;Institutos Profesionales;112;INGENIERIA DE EJECUCION EN ADMINISTRACION DE EMPRESAS MENCION MARKETING;Profesional Sin Licenciatura;Administración y Comercio;Semipresencial;Semipresencial;Semipresencial;Resto IP+CFT;20
bcabbd7a2b19035d95ce79272fc19fc3;2018;143;IP AIEP;Institutos Profesionales;112;INGENIERIA DE EJECUCION EN ADMINISTRACION DE EMPRESAS MENCION MARKETING;Profesional Sin Licenciatura;Administración y Comercio;No Presencial;A Distancia;No presencial;Resto IP+CFT;72
ea0bb393da8ad24696e6daac9d99af03;2018;143;IP AIEP;Institutos Profesionales;113;INGENIERIA DE EJECUCION EN ADMINISTRACION DE EMPRESAS MENCION RECURSOS HUMANOS;Profesional Sin Licenciatura;Administración y Comercio;No Presencial;A Distancia;No presencial;Resto IP+CFT;132
fad8297172b55487c35048c5d5dd5fcc;2018;143;IP AIEP;Institutos Profesionales;113;INGENIERIA DE EJECUCION EN ADMINISTRACION DE EMPRESAS MENCION RECURSOS HUMANOS;Profesional Sin Licenciatura;Administración y Comercio;Semipresencial;Semipresencial;Semipresencial;Resto IP+CFT;48
539f203481ba8b04d68f98bd23453ef4;2018;143;IP AIEP;Institutos Profesionales;219;INGENIERIA DE EJECUCION EN INFORMATICA MENCION DESARROLLO DE SISTEMAS;Profesional Sin Licenciatura;Tecnología;Semipresencial;Semipresencial;Semipresencial;Resto IP+CFT;19
5ef4e7550d68ea867fd81a4ef8d97744;2018;143;IP AIEP;Institutos Profesionales;17;PROGRAMACION Y ANALISIS DE SISTEMAS;Técnico de Nivel Superior;Tecnología;Semipresencial;Semipresencial;Semipresencial;Resto IP+CFT;13
ce3a221b059a888d60aabae55f7a287c;2018;143;IP AIEP;Institutos Profesionales;115;TECNICO EN ADMINISTRACION DE EMPRESAS MENCION FINANZAS;Técnico de Nivel Superior;Administración y Comercio;No Presencial;A Distancia;No presencial;Resto IP+CFT;152
f8e2602dab35efbef04e795c2d0f6052;2018;143;IP AIEP;Institutos Profesionales;115;TECNICO EN ADMINISTRACION DE EMPRESAS MENCION FINANZAS;Técnico de Nivel Superior;Administración y Comercio;Semipresencial;Semipresencial;Semipresencial;Resto IP+CFT;47
579984404096afb939de817e09e97f75;2018;143;IP AIEP;Institutos Profesionales;116;TECNICO EN ADMINISTRACION DE EMPRESAS MENCION LOGISTICA;Técnico de Nivel Superior;Administración y Comercio;Semipresencial;Semipresencial;Semipresencial;Resto IP+CFT;343
fc3ae02af991c9e6245a8eb6cf394ef0;2018;143;IP AIEP;Institutos Profesionales;116;TECNICO EN ADMINISTRACION DE EMPRESAS MENCION LOGISTICA;Técnico de Nivel Superior;Administración y Comercio;No Presencial;A Distancia;No presencial;Resto IP+CFT;158
489c37c87bf05652ae3e4f57b312712d;2018;143;IP AIEP;Institutos Profesionales;117;TECNICO EN ADMINISTRACION DE EMPRESAS MENCION MARKETING;Técnico de Nivel Superior;Administración y Comercio;Semipresencial;Semipresencial;Semipresencial;Resto IP+CFT;44
9bad53e439ef4acd84e6f1057ab8b4ce;2018;143;IP AIEP;Institutos Profesionales;117;TECNICO EN ADMINISTRACION DE EMPRESAS MENCION MARKETING;Técnico de Nivel Superior;Administración y Comercio;No Presencial;A Distancia;No presencial;Resto IP+CFT;118
b3c05e79b3d110c12659a68a0bb86b6d;2018;143;IP AIEP;Institutos Profesionales;118;TECNICO EN ADMINISTRACION DE EMPRESAS MENCION RECURSOS HUMANOS;Técnico de Nivel Superior;Administración y Comercio;No Presencial;A Distancia;No presencial;Resto IP+CFT;203
ef1cc89f842f8f5be46fb85ec5021ee3;2018;143;IP AIEP;Institutos Profesionales;118;TECNICO EN ADMINISTRACION DE EMPRESAS MENCION RECURSOS HUMANOS;Técnico de Nivel Superior;Administración y Comercio;Semipresencial;Semipresencial;Semipresencial;Resto IP+CFT;73
c9110de82ee8e299b0fbe80f20e5961e;2018;143;IP AIEP;Institutos Profesionales;43;TECNICO EN SONIDO;Técnico de Nivel Superior;Tecnología;Semipresencial;Semipresencial;Semipresencial;Resto IP+CFT;12
6d84774dd1e99d43a1cc74693d9b57b0;2018;143;IP AIEP;Institutos Profesionales;83;TECNICO EN TRABAJO SOCIAL;Técnico de Nivel Superior;Ciencias Sociales;Semipresencial;Semipresencial;Semipresencial;Resto IP+CFT;14
e97cb93fa314f9c6a1a518e78ad8ddce;2018;143;IP AIEP;Institutos Profesionales;83;TECNICO EN TRABAJO SOCIAL;Técnico de Nivel Superior;Ciencias Sociales;No Presencial;A Distancia;No presencial;Resto IP+CFT;92
671b8ac2c761658089535cabd020e781;2018;143;IP AIEP;Institutos Profesionales;30;TECNICO JURIDICO;Técnico de Nivel Superior;Derecho;Semipresencial;Semipresencial;Semipresencial;Resto IP+CFT;17
a53841f9f931411c6a6ae9f42c6bc7ae;2018;143;IP AIEP;Institutos Profesionales;30;TECNICO JURIDICO;Técnico de Nivel Superior;Derecho;No Presencial;A Distancia;No presencial;Resto IP+CFT;69
cc1434198855890e19545db9de00dc51;2018;123;IP DE CHILE;Institutos Profesionales;9;AUDITORIA;Profesional Sin Licenciatura;Administración y Comercio;No Presencial;A Distancia;No presencial;Resto IP+CFT;68
eeb1482059e1ef784e3dfd6f90ee73b0;2018;123;IP DE CHILE;Institutos Profesionales;49;CONTABILIDAD GENERAL;Técnico de Nivel Superior;Administración y Comercio;No Presencial;A Distancia;No presencial;Resto IP+CFT;65
ea8439a03b058691b323a89f36204d35;2018;123;IP DE CHILE;Institutos Profesionales;37;INGENIERIA EN ADMINISTRACION DE EMPRESAS;Profesional Sin Licenciatura;Administración y Comercio;No Presencial;A Distancia;No presencial;Resto IP+CFT;79
e84094851497b5f54944b3faecd6c889;2018;123;IP DE CHILE;Institutos Profesionales;48;TECNICO EN ADMINISTRACION DE EMPRESAS;Técnico de Nivel Superior;Administración y Comercio;No Presencial;A Distancia;No presencial;Resto IP+CFT;155
a30992581707451a40377aeeef66b936;2018;123;IP DE CHILE;Institutos Profesionales;191;TECNICO EN ADMINISTRACION Y GESTION DE SALUD;Técnico de Nivel Superior;Administración y Comercio;No Presencial;A Distancia;No presencial;Resto IP+CFT;26
e9dfe1ac8e56273bd705ae1ca1c87a36;2018;123;IP DE CHILE;Institutos Profesionales;151;TECNICO TRABAJO SOCIAL;Técnico de Nivel Superior;Ciencias Sociales;No Presencial;A Distancia;No presencial;Resto IP+CFT;70
39676b56ed3bcc71f3740f1947e12e8c;2018;170;IP DE CIENCIAS DE LA COMPUTACION ACUARIO DATA;Institutos Profesionales;2;INGENIERIA DE EJECUCION INDUSTRIAL;Profesional Sin Licenciatura;Tecnología;Semipresencial;Semipresencial;Semipresencial;Resto IP+CFT;2
194c7c464330f6803808b65378540692;2018;176;IP DEL VALLE CENTRAL;Institutos Profesionales;545;INGENIERIA DE EJECUCION EN ADMINISTRACION DE EMPRESAS;Profesional Sin Licenciatura;Administración y Comercio;Semipresencial;Semipresencial;Semipresencial;Resto IP+CFT;7
22e01ad8d0a282cf563ca4734d46aacc;2018;176;IP DEL VALLE CENTRAL;Institutos Profesionales;545;INGENIERIA DE EJECUCION EN ADMINISTRACION DE EMPRESAS;Profesional Sin Licenciatura;Administración y Comercio;No Presencial;A Distancia;No presencial;Resto IP+CFT;3
b0f0c3c23763c8ba3cb1521466a1e1ad;2018;176;IP DEL VALLE CENTRAL;Institutos Profesionales;778;INGENIERIA DE EJECUCION EN ADMINISTRACION DE EMPRESAS, CONTINUIDAD;Profesional Sin Licenciatura;Administración y Comercio;No Presencial;A Distancia;No presencial;Resto IP+CFT;5
e0dcbe4f47978eb76d852039b0da5e95;2018;176;IP DEL VALLE CENTRAL;Institutos Profesionales;868;INGENIERIA DE EJECUCION EN ADMINISTRACION PUBLICA;Profesional Sin Licenciatura;Ciencias Sociales;No Presencial;A Distancia;No presencial;Resto IP+CFT;4
281204fb54a4964e72d9112c0826599f;2018;176;IP DEL VALLE CENTRAL;Institutos Profesionales;42;PSICOPEDAGOGIA;Profesional Sin Licenciatura;Educación;No Presencial;A Distancia;No presencial;Resto IP+CFT;9
e351ffbfa7b2cca546590f2cbe68bc98;2018;176;IP DEL VALLE CENTRAL;Institutos Profesionales;115;TECNICO DE NIVEL SUPERIOR EN ADMINISTRACION DE EMPRESAS MENCION EN RECURSOS HUMANOS;Técnico de Nivel Superior;Administración y Comercio;Semipresencial;Semipresencial;Semipresencial;Resto IP+CFT;37
995ab6e31ab108999ed2f5e6181ee16f;2018;176;IP DEL VALLE CENTRAL;Institutos Profesionales;789;TECNICO DE NIVEL SUPERIOR EN ADMINISTRACION DE EMPRESAS MENCION FINANZAS Y CONTABILIDAD;Técnico de Nivel Superior;Administración y Comercio;No Presencial;A Distancia;No presencial;Resto IP+CFT;3
63ce9fd0b59d55004af6c37466a18d47;2018;176;IP DEL VALLE CENTRAL;Institutos Profesionales;115;TECNICO DE NIVEL SUPERIOR EN ADMINISTRACION DE EMPRESAS MENCION RECURSOS HUMANOS;Técnico de Nivel Superior;Administración y Comercio;No Presencial;A Distancia;No presencial;Resto IP+CFT;3
95f6e6c2026ea78fd6fd974ba8f7d41f;2018;176;IP DEL VALLE CENTRAL;Institutos Profesionales;585;TECNICO DE NIVEL SUPERIOR EN ADMINISTRACION EN SALUD;Técnico de Nivel Superior;Administración y Comercio;No Presencial;A Distancia;No presencial;Resto IP+CFT;7
ae2bae51f5585ea25887b6e04861d869;2018;176;IP DEL VALLE CENTRAL;Institutos Profesionales;832;TECNICO DE NIVEL SUPERIOR EN CONTABILIDAD Y ANALISIS DE CUENTAS;Técnico de Nivel Superior;Administración y Comercio;No Presencial;A Distancia;No presencial;Resto IP+CFT;4
548a487b38ad7457d1773692960bc46f;2018;176;IP DEL VALLE CENTRAL;Institutos Profesionales;68;TECNICO DE NIVEL SUPERIOR EN EDUCACION DIFERENCIAL;Técnico de Nivel Superior;Educación;Semipresencial;Semipresencial;Semipresencial;Resto IP+CFT;21
c8923f4885f024ae7895d976e3927b79;2018;176;IP DEL VALLE CENTRAL;Institutos Profesionales;68;TECNICO DE NIVEL SUPERIOR EN EDUCACION DIFERENCIAL;Técnico de Nivel Superior;Educación;No Presencial;A Distancia;No presencial;Resto IP+CFT;8
1539882cebcd1bc0c3a74d7cf49ef2db;2018;176;IP DEL VALLE CENTRAL;Institutos Profesionales;41;TECNICO DE NIVEL SUPERIOR EN EDUCACION PARVULARIA;Técnico de Nivel Superior;Educación;Semipresencial;Semipresencial;Semipresencial;Resto IP+CFT;130
76afc347ed422a11fa517117c90a4718;2018;176;IP DEL VALLE CENTRAL;Institutos Profesionales;41;TECNICO DE NIVEL SUPERIOR EN EDUCACION PARVULARIA;Técnico de Nivel Superior;Educación;No Presencial;A Distancia;No presencial;Resto IP+CFT;21
351558243a7773a3e72fb7d6bb53dbb3;2018;176;IP DEL VALLE CENTRAL;Institutos Profesionales;872;TECNICO DE NIVEL SUPERIOR EN EDUCACION PARVULARIA (PROGRAMA EJECUTIVO);Técnico de Nivel Superior;Educación;No Presencial;A Distancia;No presencial;Resto IP+CFT;1
54270850bff5ae05b9137aba17c9c827;2018;176;IP DEL VALLE CENTRAL;Institutos Profesionales;873;TECNICO DE NIVEL SUPERIOR EN GESTION DE SEGURIDAD PRIVADA;Técnico de Nivel Superior;Administración y Comercio;No Presencial;A Distancia;No presencial;Resto IP+CFT;81
40d67a2326cecbff70106ba3826ef7a9;2018;176;IP DEL VALLE CENTRAL;Institutos Profesionales;835;TECNICO DE NIVEL SUPERIOR EN MARKETING Y VENTAS;Técnico de Nivel Superior;Administración y Comercio;No Presencial;A Distancia;No presencial;Resto IP+CFT;2
72dbb9130f825422de9819ee2f75d1e0;2018;176;IP DEL VALLE CENTRAL;Institutos Profesionales;864;TECNICO DE NIVEL SUPERIOR EN RELACIONES PUBLICAS Y COMUNICACION;Técnico de Nivel Superior;Ciencias Sociales;No Presencial;A Distancia;No presencial;Resto IP+CFT;1
8883351f6d877302f52afdc2fd1d0390;2018;176;IP DEL VALLE CENTRAL;Institutos Profesionales;40;TECNICO DE NIVEL SUPERIOR EN TRABAJO SOCIAL;Técnico de Nivel Superior;Ciencias Sociales;Semipresencial;Semipresencial;Semipresencial;Resto IP+CFT;59
bd9404609eaae2a6fe1b840e8e5ab9a2;2018;176;IP DEL VALLE CENTRAL;Institutos Profesionales;40;TECNICO DE NIVEL SUPERIOR EN TRABAJO SOCIAL;Técnico de Nivel Superior;Ciencias Sociales;No Presencial;A Distancia;No presencial;Resto IP+CFT;10
294fd09daad194a1e187bf81a4a986fc;2018;176;IP DEL VALLE CENTRAL;Institutos Profesionales;3;TRABAJO SOCIAL;Profesional Sin Licenciatura;Ciencias Sociales;No Presencial;A Distancia;No presencial;Resto IP+CFT;14
6751e88684ff9ad0e9d115645db4469a;2018;176;IP DEL VALLE CENTRAL;Institutos Profesionales;3;TRABAJO SOCIAL;Profesional Sin Licenciatura;Ciencias Sociales;Semipresencial;Semipresencial;Semipresencial;Resto IP+CFT;17
27f971c773408cd5da55282e93807097;2018;120;IP DIEGO PORTALES;Institutos Profesionales;241;BIBLIOTECOLOGIA DISTANCIA;Técnico de Nivel Superior;Humanidades;No Presencial;A Distancia;No presencial;Resto IP+CFT;25
4eabf459868e517a47d72cea79bf314d;2018;120;IP DIEGO PORTALES;Institutos Profesionales;101;CONTADOR AUDITOR A DISTANCIA;Profesional Sin Licenciatura;Administración y Comercio;No Presencial;A Distancia;No presencial;Resto IP+CFT;26
50ffc45d88272f0b19e6d3bae74f6ecc;2018;120;IP DIEGO PORTALES;Institutos Profesionales;104;INGENIERIA EN ADMINISTRACION DE EMPRESAS A DISTANCIA;Profesional Sin Licenciatura;Administración y Comercio;No Presencial;A Distancia;No presencial;Resto IP+CFT;63
c4b4f089eb6e1aec22100588fc20eb80;2018;120;IP DIEGO PORTALES;Institutos Profesionales;235;INGENIERIA EN ADMINISTRACION PUBLICA Y MUNICIPAL A DISTANCIA;Profesional Sin Licenciatura;Ciencias Sociales;No Presencial;A Distancia;No presencial;Resto IP+CFT;67
6cec4cfb736f71fe79ab41267130c301;2018;120;IP DIEGO PORTALES;Institutos Profesionales;250;INGENIERIA EN LOGISTICA OPERATIVA;Profesional Sin Licenciatura;Administración y Comercio;No Presencial;A Distancia;No presencial;Resto IP+CFT;15
aa2be0d8bc38284a3735aa8c9ea317a3;2018;120;IP DIEGO PORTALES;Institutos Profesionales;105;INGENIERIA EN PREVENCION DE RIESGOS A DISTANCIA;Profesional Sin Licenciatura;Tecnología;No Presencial;A Distancia;No presencial;Resto IP+CFT;48
d501878fcce76c47f07edd4a8942375b;2018;120;IP DIEGO PORTALES;Institutos Profesionales;114;SERVICIO SOCIAL A DISTANCIA;Profesional Sin Licenciatura;Ciencias Sociales;No Presencial;A Distancia;No presencial;Resto IP+CFT;123
a22ba8cf22e05ea8a145b2d90fa91de8;2018;111;IP DUOC UC;Institutos Profesionales;285;ADMINISTRACION DE EMPRESAS MENCION MARKETING PEV;Técnico de Nivel Superior;Administración y Comercio;Semipresencial;Vespertina;Semipresencial;Resto IP+CFT;263
5e7d6b1e3b15a192ef190f941260be73;2018;111;IP DUOC UC;Institutos Profesionales;278;ADMINISTRACION DE RECURSOS HUMANOS PEV;Técnico de Nivel Superior;Administración y Comercio;Semipresencial;Vespertina;Semipresencial;Resto IP+CFT;410
c8ec824f2c820529df6aab6f6c210630;2018;111;IP DUOC UC;Institutos Profesionales;259;ADMINISTRACION FINANCIERA PEV;Técnico de Nivel Superior;Administración y Comercio;Semipresencial;Vespertina;Semipresencial;Resto IP+CFT;246
35cfc09240732bfba712c25b400946ea;2018;111;IP DUOC UC;Institutos Profesionales;23;ANALISTA PROGRAMADOR COMPUTACIONAL;Técnico de Nivel Superior;Tecnología;Semipresencial;Vespertina;Semipresencial;Resto IP+CFT;34
fb05acd04127cea245813d8fc81ae451;2018;111;IP DUOC UC;Institutos Profesionales;440;ANALISTA PROGRAMADOR COMPUTACIONAL PEV;Técnico de Nivel Superior;Tecnología;Semipresencial;Vespertina;Semipresencial;Resto IP+CFT;45
4ccc85f8b986b4569c3bd87a8c7ec3fd;2018;111;IP DUOC UC;Institutos Profesionales;6;AUDITORIA;Profesional Sin Licenciatura;Administración y Comercio;Semipresencial;Vespertina;Semipresencial;Resto IP+CFT;16
a1a69d385eb9a57f546c82d037bf0222;2018;111;IP DUOC UC;Institutos Profesionales;410;AUDITORIA PEV;Profesional Sin Licenciatura;Administración y Comercio;Semipresencial;Vespertina;Semipresencial;Resto IP+CFT;39
ba42773c71592092226fb234140e5cde;2018;111;IP DUOC UC;Institutos Profesionales;69;COMERCIO EXTERIOR;Técnico de Nivel Superior;Administración y Comercio;Semipresencial;Vespertina;Semipresencial;Resto IP+CFT;16
8d7082db40139a7115842324f5998992;2018;111;IP DUOC UC;Institutos Profesionales;202;COMERCIO EXTERIOR PEV;Técnico de Nivel Superior;Administración y Comercio;Semipresencial;Vespertina;Semipresencial;Resto IP+CFT;112
0e3039cffe3fd05b94e216af0e6a3167;2018;111;IP DUOC UC;Institutos Profesionales;204;CONTABILIDAD GENERAL MENCION LEGISLACION TRIBUTARIA PEV;Técnico de Nivel Superior;Administración y Comercio;Semipresencial;Vespertina;Semipresencial;Resto IP+CFT;193
eeb12f8e9a060cfc7b9dc03180a519b7;2018;111;IP DUOC UC;Institutos Profesionales;37;INGENIERIA EN ADMINISTRACION;Profesional Sin Licenciatura;Administración y Comercio;Semipresencial;Vespertina;Semipresencial;Resto IP+CFT;12
70dec1e4b541d9bfb8b62f528daefc22;2018;111;IP DUOC UC;Institutos Profesionales;281;INGENIERIA EN ADMINISTRACION DE RECURSOS HUMANOS PEV;Profesional Sin Licenciatura;Administración y Comercio;Semipresencial;Vespertina;Semipresencial;Resto IP+CFT;55
4a087343de38906807aaa58c09c8b9ce;2018;111;IP DUOC UC;Institutos Profesionales;139;INGENIERIA EN ADMINISTRACION PEV;Profesional Sin Licenciatura;Administración y Comercio;Semipresencial;Vespertina;Semipresencial;Resto IP+CFT;51
4713482abbf6f5d36e1da2094dfbfdbb;2018;111;IP DUOC UC;Institutos Profesionales;455;INGENIERIA EN COMERCIO EXTERIOR PEV;Profesional Sin Licenciatura;Administración y Comercio;Semipresencial;Vespertina;Semipresencial;Resto IP+CFT;27
3c19ccc9063abe0a1616378b37d6b45f;2018;111;IP DUOC UC;Institutos Profesionales;50;INGENIERIA EN CONECTIVIDAD Y REDES;Profesional Sin Licenciatura;Tecnología;Semipresencial;Vespertina;Semipresencial;Resto IP+CFT;23
51e18e7385a504a27598c3cbccd50f6d;2018;111;IP DUOC UC;Institutos Profesionales;441;INGENIERIA EN GESTION LOGISTICA PEV;Profesional Sin Licenciatura;Administración y Comercio;Semipresencial;Vespertina;Semipresencial;Resto IP+CFT;25
84fbea9ea0ebf50592c5dbb0a8f3dee9;2018;111;IP DUOC UC;Institutos Profesionales;48;INGENIERIA EN INFORMATICA;Profesional Sin Licenciatura;Tecnología;Semipresencial;Vespertina;Semipresencial;Resto IP+CFT;76
9f28e4e8b7a9d3c994d0f185f058c1c1;2018;111;IP DUOC UC;Institutos Profesionales;48;INGENIERIA EN INFORMATICA;Profesional Sin Licenciatura;Tecnología;Semipresencial;Diurna;Semipresencial;Resto IP+CFT;4
76c04c019d6b312218f6e29fb639eb86;2018;111;IP DUOC UC;Institutos Profesionales;52;INGENIERIA EN MARKETING;Profesional Sin Licenciatura;Administración y Comercio;Semipresencial;Diurna;Semipresencial;Resto IP+CFT;11
9d566ff75edcce33c2114766656ddd4c;2018;111;IP DUOC UC;Institutos Profesionales;141;INGENIERIA EN MARKETING PEV;Profesional Sin Licenciatura;Administración y Comercio;Semipresencial;Vespertina;Semipresencial;Resto IP+CFT;43
62d1eb8c7bd9157ad3c0720bc25bf697;2018;111;IP DUOC UC;Institutos Profesionales;422;TECNICO EN GESTION LOGISTICA;Técnico de Nivel Superior;Administración y Comercio;Semipresencial;Vespertina;Semipresencial;Resto IP+CFT;32
5e8e95f163eeb5fa35cfaf5cd9bd1f47;2018;111;IP DUOC UC;Institutos Profesionales;309;TECNICO EN GESTION LOGISTICA PEV;Técnico de Nivel Superior;Administración y Comercio;Semipresencial;Vespertina;Semipresencial;Resto IP+CFT;347
524abf1aad053a6b10795cb0f90dd6c3;2018;111;IP DUOC UC;Institutos Profesionales;124;TECNICO EN PREVENCION DE RIESGOS PEV;Técnico de Nivel Superior;Tecnología;Semipresencial;Vespertina;Semipresencial;Resto IP+CFT;12
b46c92f3909855036bcbfa44d7b019ef;2018;171;IP ESCUELA DE COMERCIO DE SANTIAGO;Institutos Profesionales;64;ADMINISTRACION COMERCIAL;Técnico de Nivel Superior;Administración y Comercio;No Presencial;A Distancia;No presencial;ECS;20
2fb14bc099286078ab68205d903046a6;2018;171;IP ESCUELA DE COMERCIO DE SANTIAGO;Institutos Profesionales;65;ADMINISTRACION EN COMERCIO EXTERIOR;Técnico de Nivel Superior;Administración y Comercio;No Presencial;A Distancia;No presencial;ECS;30
f741ee6046c5d30c3eae80b643c4f725;2018;171;IP ESCUELA DE COMERCIO DE SANTIAGO;Institutos Profesionales;41;ADMINISTRACION EN RECURSOS HUMANOS;Técnico de Nivel Superior;Administración y Comercio;No Presencial;A Distancia;No presencial;ECS;24
df3f04fbc412420ace47412b6a03f04a;2018;171;IP ESCUELA DE COMERCIO DE SANTIAGO;Institutos Profesionales;42;CONTABILIDAD GENERAL;Técnico de Nivel Superior;Administración y Comercio;No Presencial;A Distancia;No presencial;ECS;26
12c6e443b614db0e3110b358d82d763b;2018;171;IP ESCUELA DE COMERCIO DE SANTIAGO;Institutos Profesionales;56;CONTADOR AUDITOR;Profesional Sin Licenciatura;Administración y Comercio;No Presencial;A Distancia;No presencial;ECS;19
6d08c241745c13bcb786184db716fe40;2018;171;IP ESCUELA DE COMERCIO DE SANTIAGO;Institutos Profesionales;66;FINANZAS;Técnico de Nivel Superior;Administración y Comercio;No Presencial;A Distancia;No presencial;ECS;14
8ab0fba0cc6d704fa56df9c032586391;2018;171;IP ESCUELA DE COMERCIO DE SANTIAGO;Institutos Profesionales;39;INGENIERIA EN ADMINISTRACION DE EMPRESAS;Profesional Sin Licenciatura;Administración y Comercio;No Presencial;A Distancia;No presencial;ECS;36
af3e091be440d0770607569f9a105748;2018;171;IP ESCUELA DE COMERCIO DE SANTIAGO;Institutos Profesionales;24;INGENIERIA EN ADMINISTRACION DE RECURSOS HUMANOS;Profesional Sin Licenciatura;Administración y Comercio;No Presencial;A Distancia;No presencial;ECS;16
ca62c867b9e6d85addac29c6c940e730;2018;171;IP ESCUELA DE COMERCIO DE SANTIAGO;Institutos Profesionales;26;INGENIERIA EN COMERCIO INTERNACIONAL;Profesional Sin Licenciatura;Administración y Comercio;No Presencial;A Distancia;No presencial;ECS;23
de06ae58a75cc777e43731d9eaf0965d;2018;171;IP ESCUELA DE COMERCIO DE SANTIAGO;Institutos Profesionales;27;INGENIERIA EN FINANZAS;Profesional Sin Licenciatura;Administración y Comercio;No Presencial;A Distancia;No presencial;ECS;14
c456358a8cf40731ec9184279dc9e931;2018;132;IP ESUCOMEX;Institutos Profesionales;85;AUDITORIA;Profesional Sin Licenciatura;Administración y Comercio;Semipresencial;Vespertina;Semipresencial;Resto IP+CFT;28
9d35f2930c3018924030275b7e685b53;2018;132;IP ESUCOMEX;Institutos Profesionales;12;COMERCIO EXTERIOR;Técnico de Nivel Superior;Administración y Comercio;Semipresencial;Vespertina;Semipresencial;Resto IP+CFT;43
1b6433d26de6dc880bc0c7c3fd3e0a7f;2018;132;IP ESUCOMEX;Institutos Profesionales;86;CONTABILIDAD;Técnico de Nivel Superior;Administración y Comercio;Semipresencial;Vespertina;Semipresencial;Resto IP+CFT;53
29b78e41ce40a06a801124a011da7289;2018;132;IP ESUCOMEX;Institutos Profesionales;88;INGENIERIA EN COMERCIO INTERNACIONAL;Profesional Sin Licenciatura;Administración y Comercio;Semipresencial;Vespertina;Semipresencial;Resto IP+CFT;10
d9baefa08a2f2982e99e2a79a1cf8ae6;2018;132;IP ESUCOMEX;Institutos Profesionales;90;INGENIERIA EN GESTION COMERCIAL;Profesional Sin Licenciatura;Administración y Comercio;Semipresencial;Vespertina;Semipresencial;Resto IP+CFT;7
6cb0c69ebcc08c5bce53007e3ca3f2a2;2018;132;IP ESUCOMEX;Institutos Profesionales;92;INGENIERIA EN GESTION DE RECURSOS HUMANOS;Profesional Sin Licenciatura;Administración y Comercio;Semipresencial;Vespertina;Semipresencial;Resto IP+CFT;21
4aed55373969bf63b34f427ae1d14740;2018;132;IP ESUCOMEX;Institutos Profesionales;99;TECNICO EN GESTION COMERCIAL;Técnico de Nivel Superior;Administración y Comercio;Semipresencial;Vespertina;Semipresencial;Resto IP+CFT;41
9e9b67a7f4c8737231b1a21e976c62a6;2018;132;IP ESUCOMEX;Institutos Profesionales;114;TECNICO EN GESTION DE RECURSOS HUMANOS;Técnico de Nivel Superior;Administración y Comercio;Semipresencial;Vespertina;Semipresencial;Resto IP+CFT;54
20f4795cf78541b88f1e8cfc007b843f;2018;132;IP ESUCOMEX;Institutos Profesionales;101;TECNICO EN GESTION FINANCIERA;Técnico de Nivel Superior;Administración y Comercio;Semipresencial;Vespertina;Semipresencial;Resto IP+CFT;19
9ab8f14f6b67ba79208e8df1847044a5;2018;132;IP ESUCOMEX;Institutos Profesionales;129;TECNICO EN GESTION LOGISTICA;Técnico de Nivel Superior;Administración y Comercio;Semipresencial;Vespertina;Semipresencial;Resto IP+CFT;48
d06369145f8a69da97305e3027f70c9c;2018;117;IP IACC;Institutos Profesionales;45;ADMINISTRACION FINANCIERA;Técnico de Nivel Superior;Administración y Comercio;No Presencial;A Distancia;No presencial;Resto IP+CFT;28
30810de6fcc2091889a09b79cd6b068e;2018;117;IP IACC;Institutos Profesionales;46;ANALISTA PROGRAMADOR COMPUTACIONAL;Técnico de Nivel Superior;Tecnología;No Presencial;A Distancia;No presencial;Resto IP+CFT;106
d9ee63663d803aa717b248a94d69acbe;2018;117;IP IACC;Institutos Profesionales;30;CONTABILIDAD GENERAL;Técnico de Nivel Superior;Administración y Comercio;No Presencial;A Distancia;No presencial;Resto IP+CFT;296
e32d2662c9de2b31eec3ca6a6a0ac9a3;2018;117;IP IACC;Institutos Profesionales;65;CONTADOR AUDITOR;Profesional Sin Licenciatura;Administración y Comercio;No Presencial;A Distancia;No presencial;Resto IP+CFT;47
9ff4e54c6be9db4229bacb24b273884f;2018;117;IP IACC;Institutos Profesionales;2;INGENIERIA EN ADMINISTRACION DE EMPRESAS;Profesional Sin Licenciatura;Administración y Comercio;No Presencial;A Distancia;No presencial;Resto IP+CFT;106
c50356eb9b13edc86344c7b88187d6a2;2018;117;IP IACC;Institutos Profesionales;57;INGENIERIA EN INFORMATICA;Profesional Sin Licenciatura;Tecnología;No Presencial;A Distancia;No presencial;Resto IP+CFT;82
f5481b733bdaea47b68bcfcd41988d64;2018;117;IP IACC;Institutos Profesionales;27;INGENIERIA EN PREVENCION DE RIESGOS;Profesional Sin Licenciatura;Tecnología;No Presencial;A Distancia;No presencial;Resto IP+CFT;53
f0582b2bbbfb4d955db0270951f10b30;2018;117;IP IACC;Institutos Profesionales;29;INGENIERIA EN RECURSOS HUMANOS;Profesional Sin Licenciatura;Administración y Comercio;No Presencial;A Distancia;No presencial;Resto IP+CFT;59
6cae636fb51d8b91b14e33e362663c69;2018;117;IP IACC;Institutos Profesionales;67;INGENIERIA INDUSTRIAL;Profesional Sin Licenciatura;Tecnología;No Presencial;A Distancia;No presencial;Resto IP+CFT;378
4a3f5f486a317283f981ef0a018f2280;2018;117;IP IACC;Institutos Profesionales;91;PSICOPEDAGOGIA;Profesional Sin Licenciatura;Educación;No Presencial;A Distancia;No presencial;Resto IP+CFT;137
b5aaebbf1e4f2c3e968f45b4ff69ac88;2018;117;IP IACC;Institutos Profesionales;84;TECNICO AMBIENTAL Y GESTION ENERGETICA;Técnico de Nivel Superior;Tecnología;No Presencial;A Distancia;No presencial;Resto IP+CFT;55
bdf0e783988c4faf3b4316a1c038643a;2018;117;IP IACC;Institutos Profesionales;58;TECNICO EDUCADOR SOCIAL INFANTOJUVENIL;Técnico de Nivel Superior;Ciencias Sociales;No Presencial;A Distancia;No presencial;Resto IP+CFT;60
024b551e404b788aafff5a1b8ba886c0;2018;117;IP IACC;Institutos Profesionales;68;TECNICO EN ADMINISTRACION DE REDES;Técnico de Nivel Superior;Tecnología;No Presencial;A Distancia;No presencial;Resto IP+CFT;66
b8057abd6892863dd90d7f3f9e204da5;2018;117;IP IACC;Institutos Profesionales;31;TECNICO EN ADMINISTRACION PUBLICA;Técnico de Nivel Superior;Ciencias Sociales;No Presencial;A Distancia;No presencial;Resto IP+CFT;122
854f81556896bd54bd983f7f68842d26;2018;117;IP IACC;Institutos Profesionales;90;TECNICO EN AUTOMATIZACION Y CONTROL;Técnico de Nivel Superior;Tecnología;No Presencial;A Distancia;No presencial;Resto IP+CFT;263
0948e37f929335e772c86f8a8f0a8d37;2018;117;IP IACC;Institutos Profesionales;69;TECNICO EN CONTROL INDUSTRIAL;Técnico de Nivel Superior;Tecnología;No Presencial;A Distancia;No presencial;Resto IP+CFT;433
745eaae371af6863ecc108defc97556f;2018;117;IP IACC;Institutos Profesionales;70;TECNICO EN EDUCACION DIFERENCIAL;Técnico de Nivel Superior;Educación;No Presencial;A Distancia;No presencial;Resto IP+CFT;281
653d579b1b2ede14c99c4368520b33f8;2018;117;IP IACC;Institutos Profesionales;71;TECNICO EN EDUCACION PARVULARIA;Técnico de Nivel Superior;Educación;No Presencial;A Distancia;No presencial;Resto IP+CFT;306
4809f4e83c7799416250f98a1bf54b9c;2018;117;IP IACC;Institutos Profesionales;59;TECNICO EN GESTION DE CALIDAD Y AMBIENTE;Técnico de Nivel Superior;Tecnología;No Presencial;A Distancia;No presencial;Resto IP+CFT;60
2f5ee8eb83e008c00fadb622ab82a4b3;2018;117;IP IACC;Institutos Profesionales;60;TECNICO EN LOGISTICA;Técnico de Nivel Superior;Administración y Comercio;No Presencial;A Distancia;No presencial;Resto IP+CFT;131
1f7984f45899e68d22a71a846b7888b2;2018;117;IP IACC;Institutos Profesionales;35;TECNICO EN PREVENCION DE RIESGOS;Técnico de Nivel Superior;Tecnología;No Presencial;A Distancia;No presencial;Resto IP+CFT;268
4fd602069c7f066cb195588693b4926e;2018;117;IP IACC;Institutos Profesionales;73;TECNICO EN PROCESOS MINEROS;Técnico de Nivel Superior;Tecnología;No Presencial;A Distancia;No presencial;Resto IP+CFT;208
94d252fad4f2ff7c1b18b8f056353706;2018;117;IP IACC;Institutos Profesionales;61;TECNICO EN RECURSOS HUMANOS;Técnico de Nivel Superior;Administración y Comercio;No Presencial;A Distancia;No presencial;Resto IP+CFT;127
2fd7ebb04ba17552a7f509ee23af30f3;2018;117;IP IACC;Institutos Profesionales;32;TECNICO EN RELACIONES PUBLICAS Y COMUNICACIONES;Técnico de Nivel Superior;Ciencias Sociales;No Presencial;A Distancia;No presencial;Resto IP+CFT;64
0429067eb862da346049e3eba8598904;2018;117;IP IACC;Institutos Profesionales;62;TECNICO EN TRABAJO SOCIAL;Técnico de Nivel Superior;Ciencias Sociales;No Presencial;A Distancia;No presencial;Resto IP+CFT;318
30d391736af7ac9adf51e8f1509f1f96;2018;117;IP IACC;Institutos Profesionales;63;TECNICO JURIDICO;Técnico de Nivel Superior;Derecho;No Presencial;A Distancia;No presencial;Resto IP+CFT;96
32cbfb5a317360fc01332a2ac7205936;2018;117;IP IACC;Institutos Profesionales;1;TECNICO SUPERIOR EN ADMINISTRACION DE EMPRESAS;Técnico de Nivel Superior;Administración y Comercio;No Presencial;A Distancia;No presencial;Resto IP+CFT;1054
afa472e127300d05c467d0013ef347d0;2018;117;IP IACC;Institutos Profesionales;17;TECNICO SUPERIOR EN INFORMATICA;Técnico de Nivel Superior;Tecnología;No Presencial;A Distancia;No presencial;Resto IP+CFT;159
1e903b3a5f588693461364045251d5a9;2018;117;IP IACC;Institutos Profesionales;83;TRABAJO SOCIAL;Profesional Sin Licenciatura;Ciencias Sociales;No Presencial;A Distancia;No presencial;Resto IP+CFT;111
d7b674e5185008ba23ebaee5b076d740;2018;100;IP INACAP;Institutos Profesionales;10;INGENIERIA EN PREVENCION DE RIESGOS, CALIDAD Y AMBIENTE;Profesional Sin Licenciatura;Tecnología;Semipresencial;Vespertina;Semipresencial;Resto IP+CFT;13
6fe15408b4932ca4f451d1a8f7f643b4;2018;103;IP INSTITUTO DE ESTUDIOS BANCARIOS GUILLERMO SUBERCASEAUX;Institutos Profesionales;4;INGENIERIA FINANCIERA;Profesional Sin Licenciatura;Administración y Comercio;Semipresencial;Semipresencial;Semipresencial;Resto IP+CFT;39
77f88db2aa8dcd5747a66e9176fa03c4;2018;103;IP INSTITUTO DE ESTUDIOS BANCARIOS GUILLERMO SUBERCASEAUX;Institutos Profesionales;94;TECNICO EN OPERACIONES FINANCIERAS Y BANCARIAS;Técnico de Nivel Superior;Administración y Comercio;Semipresencial;Semipresencial;Semipresencial;Resto IP+CFT;23
e0d2fe7451b97183c60a9947d2453033;2018;103;IP INSTITUTO DE ESTUDIOS BANCARIOS GUILLERMO SUBERCASEAUX;Institutos Profesionales;2;TECNICO FINANCIERO;Técnico de Nivel Superior;Administración y Comercio;Semipresencial;Semipresencial;Semipresencial;Resto IP+CFT;56
35a66518c4be779b3b2e83530a06c2c3;2018;152;IP LATINOAMERICANO DE COMERCIO EXTERIOR - IPLACEX;Institutos Profesionales;274;ADMINISTRACION PUBLICA;Profesional Sin Licenciatura;Ciencias Sociales;No Presencial;A Distancia;No presencial;Resto IP+CFT;403
9d2354dbafcdc04d3f6b69d68ffe3c74;2018;152;IP LATINOAMERICANO DE COMERCIO EXTERIOR - IPLACEX;Institutos Profesionales;274;ADMINISTRACION PUBLICA;Profesional Sin Licenciatura;Ciencias Sociales;Semipresencial;Vespertina;Semipresencial;Resto IP+CFT;27
2fef7812f19ddff8c27f668bfa5a8620;2018;152;IP LATINOAMERICANO DE COMERCIO EXTERIOR - IPLACEX;Institutos Profesionales;9;AUDITORIA;Profesional Sin Licenciatura;Administración y Comercio;No Presencial;A Distancia;No presencial;Resto IP+CFT;81
a11726e8c1b33862f3a19ce2ea87f4fa;2018;152;IP LATINOAMERICANO DE COMERCIO EXTERIOR - IPLACEX;Institutos Profesionales;295;CONTABILIDAD;Técnico de Nivel Superior;Administración y Comercio;No Presencial;A Distancia;No presencial;Resto IP+CFT;34
98d954e80173429b4f73684aadbe0fbc;2018;152;IP LATINOAMERICANO DE COMERCIO EXTERIOR - IPLACEX;Institutos Profesionales;314;INGENIERIA DE EJECUCION EN ADMINISTRACION MENCION GESTION MUNICIPAL;Profesional Sin Licenciatura;Ciencias Sociales;No Presencial;A Distancia;No presencial;Resto IP+CFT;12
0da404ef057b597da4ac2a49300066a0;2018;152;IP LATINOAMERICANO DE COMERCIO EXTERIOR - IPLACEX;Institutos Profesionales;363;INGENIERIA DE EJECUCION EN ADMINISTRACION MENCION GESTION Y DESARROLLO LOCAL Y REGIONAL;Profesional Sin Licenciatura;Administración y Comercio;No Presencial;A Distancia;No presencial;Resto IP+CFT;67
a65fe924caacdab3845174320de957f4;2018;152;IP LATINOAMERICANO DE COMERCIO EXTERIOR - IPLACEX;Institutos Profesionales;107;INGENIERIA EN ADMINISTRACION DE EMPRESAS;Profesional Sin Licenciatura;Administración y Comercio;No Presencial;A Distancia;No presencial;Resto IP+CFT;151
f2b5284df5cc5c614fa9bc7572614bf0;2018;152;IP LATINOAMERICANO DE COMERCIO EXTERIOR - IPLACEX;Institutos Profesionales;107;INGENIERIA EN ADMINISTRACION DE EMPRESAS;Profesional Sin Licenciatura;Administración y Comercio;Semipresencial;Vespertina;Semipresencial;Resto IP+CFT;26
fd05565c67a12d5a50f10523a59be4c3;2018;152;IP LATINOAMERICANO DE COMERCIO EXTERIOR - IPLACEX;Institutos Profesionales;325;INGENIERIA EN ADMINISTRACION MENCION SEGURIDAD PRIVADA;Profesional Sin Licenciatura;Administración y Comercio;No Presencial;A Distancia;No presencial;Resto IP+CFT;309
25617b1bd5a2da47e68eb18a8fefed05;2018;152;IP LATINOAMERICANO DE COMERCIO EXTERIOR - IPLACEX;Institutos Profesionales;1;INGENIERIA EN COMERCIO EXTERIOR;Profesional Sin Licenciatura;Administración y Comercio;No Presencial;A Distancia;No presencial;Resto IP+CFT;53
c29eccbc040e47e751cf431a1a2cdb65;2018;152;IP LATINOAMERICANO DE COMERCIO EXTERIOR - IPLACEX;Institutos Profesionales;369;INGENIERIA EN CONTROL AUTOMATICO Y GESTION INDUSTRIAL;Profesional Sin Licenciatura;Tecnología;No Presencial;A Distancia;No presencial;Resto IP+CFT;4
8175f6048f4bed6bc9434447be332a29;2018;152;IP LATINOAMERICANO DE COMERCIO EXTERIOR - IPLACEX;Institutos Profesionales;38;INGENIERIA EN INFORMATICA;Profesional Sin Licenciatura;Tecnología;No Presencial;A Distancia;No presencial;Resto IP+CFT;18
eabe696ba688c40dfb484f72f42374f1;2018;152;IP LATINOAMERICANO DE COMERCIO EXTERIOR - IPLACEX;Institutos Profesionales;318;INGENIERIA EN LOGISTICA;Profesional Sin Licenciatura;Administración y Comercio;No Presencial;A Distancia;No presencial;Resto IP+CFT;59
d7d6720810fd6feadecee80e44a6b192;2018;152;IP LATINOAMERICANO DE COMERCIO EXTERIOR - IPLACEX;Institutos Profesionales;319;INGENIERIA EN PREVENCION DE RIESGOS, CALIDAD Y MEDIO AMBIENTE;Profesional Sin Licenciatura;Tecnología;No Presencial;A Distancia;No presencial;Resto IP+CFT;176
9512ffe25c2d45b884972ffccc113d9f;2018;152;IP LATINOAMERICANO DE COMERCIO EXTERIOR - IPLACEX;Institutos Profesionales;316;INGENIERIA EN RECURSOS HUMANOS;Profesional Sin Licenciatura;Administración y Comercio;No Presencial;A Distancia;No presencial;Resto IP+CFT;119
978d958ca5ff1c20b2e6a1604f65369d;2018;152;IP LATINOAMERICANO DE COMERCIO EXTERIOR - IPLACEX;Institutos Profesionales;21;PSICOPEDAGOGIA;Profesional Sin Licenciatura;Educación;No Presencial;A Distancia;No presencial;Resto IP+CFT;86
681e3db38626507d9f78a6612158acd2;2018;152;IP LATINOAMERICANO DE COMERCIO EXTERIOR - IPLACEX;Institutos Profesionales;326;TECNICO EN ADMINISTRACION DE EMPRESAS;Técnico de Nivel Superior;Administración y Comercio;No Presencial;A Distancia;No presencial;Resto IP+CFT;75
a58f75adf50e91476c217c3efed789db;2018;152;IP LATINOAMERICANO DE COMERCIO EXTERIOR - IPLACEX;Institutos Profesionales;326;TECNICO EN ADMINISTRACION DE EMPRESAS;Técnico de Nivel Superior;Administración y Comercio;Semipresencial;Vespertina;Semipresencial;Resto IP+CFT;44
709443df227f9bfbbf5456473cd3fa0a;2018;152;IP LATINOAMERICANO DE COMERCIO EXTERIOR - IPLACEX;Institutos Profesionales;327;TECNICO EN ADMINISTRACION MENCION GESTION MUNICIPAL;Técnico de Nivel Superior;Ciencias Sociales;No Presencial;A Distancia;No presencial;Resto IP+CFT;11
db0186141edf64b76c7af45a60a6190b;2018;152;IP LATINOAMERICANO DE COMERCIO EXTERIOR - IPLACEX;Institutos Profesionales;278;TECNICO EN ADMINISTRACION PUBLICA;Técnico de Nivel Superior;Ciencias Sociales;No Presencial;A Distancia;No presencial;Resto IP+CFT;54
8a5c81865171e8ae73ba7f7af6dd78f8;2018;152;IP LATINOAMERICANO DE COMERCIO EXTERIOR - IPLACEX;Institutos Profesionales;328;TECNICO EN COMERCIO EXTERIOR;Técnico de Nivel Superior;Administración y Comercio;No Presencial;A Distancia;No presencial;Resto IP+CFT;38
c19d8c99b197a36a70fdb98b98dcbe59;2018;152;IP LATINOAMERICANO DE COMERCIO EXTERIOR - IPLACEX;Institutos Profesionales;328;TECNICO EN COMERCIO EXTERIOR;Técnico de Nivel Superior;Administración y Comercio;Semipresencial;Vespertina;Semipresencial;Resto IP+CFT;12
f9b0836364d17939c88ca352074af15f;2018;152;IP LATINOAMERICANO DE COMERCIO EXTERIOR - IPLACEX;Institutos Profesionales;371;TECNICO EN DESARROLLO DE APLICACIONES MULTIPLATAFORMA;Técnico de Nivel Superior;Tecnología;No Presencial;A Distancia;No presencial;Resto IP+CFT;7
5d7ae1efa950b513712e28fbe48cde1f;2018;152;IP LATINOAMERICANO DE COMERCIO EXTERIOR - IPLACEX;Institutos Profesionales;282;TECNICO EN EDUCACION ESPECIAL Y DIFERENCIAL;Técnico de Nivel Superior;Educación;No Presencial;A Distancia;No presencial;Resto IP+CFT;70
ef13b8388162e788a396c9b3c3f13bbc;2018;152;IP LATINOAMERICANO DE COMERCIO EXTERIOR - IPLACEX;Institutos Profesionales;282;TECNICO EN EDUCACION ESPECIAL Y DIFERENCIAL;Técnico de Nivel Superior;Educación;Semipresencial;Vespertina;Semipresencial;Resto IP+CFT;55
008853e1f9df4d681a3344ead01cbcf5;2018;152;IP LATINOAMERICANO DE COMERCIO EXTERIOR - IPLACEX;Institutos Profesionales;281;TECNICO EN EDUCACION PARVULARIA;Técnico de Nivel Superior;Educación;No Presencial;A Distancia;No presencial;Resto IP+CFT;110
32647aca8bfeede51e470d49777c89eb;2018;152;IP LATINOAMERICANO DE COMERCIO EXTERIOR - IPLACEX;Institutos Profesionales;281;TECNICO EN EDUCACION PARVULARIA;Técnico de Nivel Superior;Educación;Semipresencial;Diurna;Semipresencial;Resto IP+CFT;15
f3c223d7c938af219773e0cb67137fc3;2018;152;IP LATINOAMERICANO DE COMERCIO EXTERIOR - IPLACEX;Institutos Profesionales;281;TECNICO EN EDUCACION PARVULARIA;Técnico de Nivel Superior;Educación;Semipresencial;Vespertina;Semipresencial;Resto IP+CFT;28
8a8d3d7aa88112c391bbfcdffae945ed;2018;152;IP LATINOAMERICANO DE COMERCIO EXTERIOR - IPLACEX;Institutos Profesionales;321;TECNICO EN GESTION DE RECURSOS HUMANOS;Técnico de Nivel Superior;Administración y Comercio;Semipresencial;Vespertina;Semipresencial;Resto IP+CFT;34
8b66e769a1262cbe8575c21be7d96a11;2018;152;IP LATINOAMERICANO DE COMERCIO EXTERIOR - IPLACEX;Institutos Profesionales;372;TECNICO EN INSTRUMENTACION Y CONTROL INDUSTRIAL;Técnico de Nivel Superior;Tecnología;No Presencial;A Distancia;No presencial;Resto IP+CFT;7
0aa21706db21fa5afec07692ce28a96f;2018;152;IP LATINOAMERICANO DE COMERCIO EXTERIOR - IPLACEX;Institutos Profesionales;323;TECNICO EN LOGISTICA;Técnico de Nivel Superior;Administración y Comercio;No Presencial;A Distancia;No presencial;Resto IP+CFT;33
63ada754ba1c76c1ec4082bef143b398;2018;152;IP LATINOAMERICANO DE COMERCIO EXTERIOR - IPLACEX;Institutos Profesionales;50;TECNICO EN PREVENCION DE RIESGOS;Técnico de Nivel Superior;Tecnología;No Presencial;A Distancia;No presencial;Resto IP+CFT;34
87f727968621ee20cd591461532e1570;2018;152;IP LATINOAMERICANO DE COMERCIO EXTERIOR - IPLACEX;Institutos Profesionales;109;TECNICO EN PREVENCION Y REHABILITACION PSICOSOCIAL MENCION DROGADICCION;Técnico de Nivel Superior;Ciencias Sociales;Semipresencial;Vespertina;Semipresencial;Resto IP+CFT;19
d13b589b8d6b74033b0d0224a27a0aa3;2018;152;IP LATINOAMERICANO DE COMERCIO EXTERIOR - IPLACEX;Institutos Profesionales;109;TECNICO EN PREVENCION Y REHABILITACION PSICOSOCIAL MENCION DROGADICCION;Técnico de Nivel Superior;Ciencias Sociales;No Presencial;A Distancia;No presencial;Resto IP+CFT;32
e553e12ad5772fcf3b61e43820e8650d;2018;152;IP LATINOAMERICANO DE COMERCIO EXTERIOR - IPLACEX;Institutos Profesionales;321;TECNICO EN RECURSOS HUMANOS;Técnico de Nivel Superior;Administración y Comercio;No Presencial;A Distancia;No presencial;Resto IP+CFT;50
071fb4fabd01eebe1a48b822d98c7515;2018;152;IP LATINOAMERICANO DE COMERCIO EXTERIOR - IPLACEX;Institutos Profesionales;300;TECNICO EN TRABAJO SOCIAL;Técnico de Nivel Superior;Ciencias Sociales;No Presencial;A Distancia;No presencial;Resto IP+CFT;61
40570ac7555bc733685d072215fc0e35;2018;152;IP LATINOAMERICANO DE COMERCIO EXTERIOR - IPLACEX;Institutos Profesionales;300;TECNICO EN TRABAJO SOCIAL;Técnico de Nivel Superior;Ciencias Sociales;Semipresencial;Diurna;Semipresencial;Resto IP+CFT;1
cab4c41a23497240883dd861da710af7;2018;152;IP LATINOAMERICANO DE COMERCIO EXTERIOR - IPLACEX;Institutos Profesionales;300;TECNICO EN TRABAJO SOCIAL;Técnico de Nivel Superior;Ciencias Sociales;Semipresencial;Vespertina;Semipresencial;Resto IP+CFT;26
182788b44c9df8ca0533f3498dad9d33;2018;152;IP LATINOAMERICANO DE COMERCIO EXTERIOR - IPLACEX;Institutos Profesionales;41;TRABAJO SOCIAL;Profesional Sin Licenciatura;Ciencias Sociales;Semipresencial;Vespertina;Semipresencial;Resto IP+CFT;32
b5447a502a97f3dca8630cfa183e8299;2018;152;IP LATINOAMERICANO DE COMERCIO EXTERIOR - IPLACEX;Institutos Profesionales;41;TRABAJO SOCIAL;Profesional Sin Licenciatura;Ciencias Sociales;No Presencial;A Distancia;No presencial;Resto IP+CFT;282
9ec3cefcd268dbb95fd3f196ddfdc6bb;2018;106;IP PROVIDENCIA;Institutos Profesionales;10;CONTADOR AUDITOR;Profesional Sin Licenciatura;Administración y Comercio;No Presencial;A Distancia;No presencial;Resto IP+CFT;71
068efcbc08e0f3eef2557a21ad7b14e6;2018;106;IP PROVIDENCIA;Institutos Profesionales;64;CONTADOR GENERAL;Técnico de Nivel Superior;Administración y Comercio;No Presencial;A Distancia;No presencial;Resto IP+CFT;55
6b628af01ba37f4962af63e64905e1e9;2018;106;IP PROVIDENCIA;Institutos Profesionales;262;INGENIERIA EN ADMINISTRACION MENCION MARKETING, FINANZAS, RECURSOS HUMANOS;Profesional Sin Licenciatura;Administración y Comercio;No Presencial;A Distancia;No presencial;Resto IP+CFT;109
6c094a8acc80dd5db907028114bfaab1;2018;106;IP PROVIDENCIA;Institutos Profesionales;287;INGENIERIA EN ADMINISTRACION PUBLICA Y MUNICIPAL;Profesional Sin Licenciatura;Ciencias Sociales;No Presencial;A Distancia;No presencial;Resto IP+CFT;81
8d663ea2e027ed504abcdde0ac3e5c79;2018;106;IP PROVIDENCIA;Institutos Profesionales;263;INGENIERIA EN CONTROL DE GESTION;Profesional Sin Licenciatura;Administración y Comercio;No Presencial;A Distancia;No presencial;Resto IP+CFT;31
8d762ed278f4ff3d17b821583a29dfc0;2018;106;IP PROVIDENCIA;Institutos Profesionales;285;INGENIERIA EN INFORMATICA MENCION ANALITICA AVANZADA O SEGURIDAD;Profesional Sin Licenciatura;Tecnología;No Presencial;A Distancia;No presencial;Resto IP+CFT;69
f6083db77aac3b843f68c31f2a7f1fce;2018;106;IP PROVIDENCIA;Institutos Profesionales;297;INGENIERIA INDUSTRIAL;Profesional Sin Licenciatura;Tecnología;No Presencial;A Distancia;No presencial;Resto IP+CFT;143
ce8341360adab1a1f9ff340283bea4d9;2018;106;IP PROVIDENCIA;Institutos Profesionales;293;PUBLICIDAD EN MARKETING DIGITAL;Profesional Sin Licenciatura;Ciencias Sociales;No Presencial;A Distancia;No presencial;Resto IP+CFT;39
47918742635e19379e218e75acb7a5ec;2018;106;IP PROVIDENCIA;Institutos Profesionales;20;SERVICIO SOCIAL;Profesional Sin Licenciatura;Ciencias Sociales;No Presencial;A Distancia;No presencial;Resto IP+CFT;232
b8f2109e99d160fd128be2d86a2911ea;2018;106;IP PROVIDENCIA;Institutos Profesionales;67;TECNICO DE NIVEL SUPERIOR EN ADMINISTRACION DE EMPRESAS MENCION MARKETING O FINANZAS O RECURSOS HUMANOS;Técnico de Nivel Superior;Administración y Comercio;No Presencial;A Distancia;No presencial;Resto IP+CFT;164
5cce19bd3a135dcb55c7a1fb0a97e9cc;2018;106;IP PROVIDENCIA;Institutos Profesionales;284;TECNICO DE NIVEL SUPERIOR EN ADMINISTRACION PUBLICA;Técnico de Nivel Superior;Ciencias Sociales;No Presencial;A Distancia;No presencial;Resto IP+CFT;46
41e6c6589d0c5c47c218e8f827f7f2fc;2018;106;IP PROVIDENCIA;Institutos Profesionales;231;TECNICO DE NIVEL SUPERIOR EN COMERCIO EXTERIOR;Técnico de Nivel Superior;Administración y Comercio;No Presencial;A Distancia;No presencial;Resto IP+CFT;23
7e78a4cdd354e04f485563dc6e5cbfc7;2018;106;IP PROVIDENCIA;Institutos Profesionales;265;TECNICO DE NIVEL SUPERIOR EN CONTROL DE GESTION;Técnico de Nivel Superior;Administración y Comercio;No Presencial;A Distancia;No presencial;Resto IP+CFT;21
60bf149bf2f7e950f360ea2830a8ff34;2018;106;IP PROVIDENCIA;Institutos Profesionales;268;TECNICO DE NIVEL SUPERIOR EN GESTION TURISTICA;Técnico de Nivel Superior;Administración y Comercio;No Presencial;A Distancia;No presencial;Resto IP+CFT;33
ea6b52b9cf928a0904acf45744a22ac8;2018;106;IP PROVIDENCIA;Institutos Profesionales;286;TECNICO DE NIVEL SUPERIOR EN INFORMATICA;Técnico de Nivel Superior;Tecnología;No Presencial;A Distancia;No presencial;Resto IP+CFT;54
aeceec761c31b7cfd1581fe0224d99d8;2018;106;IP PROVIDENCIA;Institutos Profesionales;250;TECNICO DE NIVEL SUPERIOR EN SERVICIO SOCIAL;Técnico de Nivel Superior;Ciencias Sociales;No Presencial;A Distancia;No presencial;Resto IP+CFT;87
91400a19ddca38a4d8b4f078113f2fec;2018;106;IP PROVIDENCIA;Institutos Profesionales;295;TECNICO EN ANIMACION DIGITAL;Técnico de Nivel Superior;Arte y Arquitectura;No Presencial;A Distancia;No presencial;Resto IP+CFT;40
f1d819ba94e44fd678299467942b2d0c;2018;106;IP PROVIDENCIA;Institutos Profesionales;266;TECNICO EN EDUCACION DIFERENCIAL;Técnico de Nivel Superior;Educación;No Presencial;A Distancia;No presencial;Resto IP+CFT;103
8ddcc15de8c2de6abee9d2375721a0f0;2018;106;IP PROVIDENCIA;Institutos Profesionales;294;TECNICO EN EDUCACION PARVULARIA Y PRIMER CICLO BASICO;Técnico de Nivel Superior;Educación;No Presencial;A Distancia;No presencial;Resto IP+CFT;177
6072d8544977750f67a03810a1feacb6;2018;106;IP PROVIDENCIA;Institutos Profesionales;296;TECNICO EN LOGISTICA;Técnico de Nivel Superior;Administración y Comercio;No Presencial;A Distancia;No presencial;Resto IP+CFT;72
a0edbc92964f26770924dc1fd24e8140;2018;106;IP PROVIDENCIA;Institutos Profesionales;292;TECNICO EN PUBLICIDAD;Técnico de Nivel Superior;Ciencias Sociales;No Presencial;A Distancia;No presencial;Resto IP+CFT;21
6b1b0f9231fe11114e511b5c84799560;2018;106;IP PROVIDENCIA;Institutos Profesionales;269;TECNICO JURIDICO EN GESTION JUDICIAL;Técnico de Nivel Superior;Derecho;No Presencial;A Distancia;No presencial;Resto IP+CFT;36
4ba40c72ad4e3cb28c0533ba9e1f8114;2018;162;IP SAN SEBASTIAN;Institutos Profesionales;3;INGENIERIA EN CONECTIVIDAD Y REDES;Profesional Sin Licenciatura;Tecnología;No Presencial;A Distancia;No presencial;Resto IP+CFT;14
9484a6f606a4aeab4433279f6863953e;2018;162;IP SAN SEBASTIAN;Institutos Profesionales;1;INGENIERIA EN INFORMATICA;Profesional Sin Licenciatura;Tecnología;No Presencial;A Distancia;No presencial;Resto IP+CFT;19
6dc030ec9c670fbf77f0c0f595ebdd24;2018;162;IP SAN SEBASTIAN;Institutos Profesionales;35;TECNICO EN ANALISIS DE SISTEMAS;Técnico de Nivel Superior;Tecnología;No Presencial;A Distancia;No presencial;Resto IP+CFT;16
c43fd501ebdddd1f6e98bf08b9bb4cdb;2018;162;IP SAN SEBASTIAN;Institutos Profesionales;6;TECNICO EN CONECTIVIDAD Y REDES;Técnico de Nivel Superior;Tecnología;No Presencial;A Distancia;No presencial;Resto IP+CFT;16
08b1f969ae4a63a4054673c6c1832b70;2018;162;IP SAN SEBASTIAN;Institutos Profesionales;2;TECNICO EN PROGRAMACION COMPUTACIONAL;Técnico de Nivel Superior;Tecnología;No Presencial;A Distancia;No presencial;Resto IP+CFT;23
5cff5d6ad972910d9f5100f2b0232910;2018;116;IP SANTO TOMAS;Institutos Profesionales;174;INGENIERIA DE EJECUCION EN ADMINISTRACION, PROGRAMA EJECUTIVO SEMIPRESENCIAL;Profesional Sin Licenciatura;Administración y Comercio;Semipresencial;Vespertina;Semipresencial;Resto IP+CFT;26
71199bb855f8f12786c18a4f2eaa1084;2019;258;CFT BARROS ARANA;Centros de Formación Técnica;92;TECNICO DE NIVEL SUPERIOR EN CONSTRUCCION;Técnico de Nivel Superior;Tecnología;No Presencial;A Distancia;No presencial;Resto IP+CFT;1
076aed8dd70a5a72fa914a019333be69;2019;258;CFT BARROS ARANA;Centros de Formación Técnica;55;TECNICO DE NIVEL SUPERIOR EN PREVENCION DE RIESGOS, CALIDAD Y AMBIENTE;Técnico de Nivel Superior;Tecnología;No Presencial;A Distancia;No presencial;Resto IP+CFT;1
9acc02cfccb94d75ac8192f2b27ee716;2019;492;CFT CEITEC;Centros de Formación Técnica;2;ADMINISTRACION DE SEGURIDAD PRIVADA;Técnico de Nivel Superior;Administración y Comercio;No Presencial;A Distancia;No presencial;Resto IP+CFT;1
9a7d66fd8ba66fe54524d3b9122e4366;2019;492;CFT CEITEC;Centros de Formación Técnica;5;ADMINISTRACION LOGISTICA;Técnico de Nivel Superior;Administración y Comercio;No Presencial;A Distancia;No presencial;Resto IP+CFT;1
2c414ac438309cce40ba2bd4cef5dedb;2019;492;CFT CEITEC;Centros de Formación Técnica;34;ADMINISTRACION PUBLICA;Técnico de Nivel Superior;Ciencias Sociales;Semipresencial;Semipresencial;Semipresencial;Resto IP+CFT;13
cb8326a06fb28d050c13aca23dce5f27;2019;492;CFT CEITEC;Centros de Formación Técnica;3;ORIENTACION Y MEDIACION FAMILIAR Y SOCIAL;Técnico de Nivel Superior;Ciencias Sociales;No Presencial;A Distancia;No presencial;Resto IP+CFT;4
4f7dbde686399981595dda948853cebd;2019;492;CFT CEITEC;Centros de Formación Técnica;4;PREVENCION DE RIESGOS;Técnico de Nivel Superior;Tecnología;No Presencial;A Distancia;No presencial;Resto IP+CFT;2
e895d5012e8ddc97ee90ab1fbe784a50;2019;492;CFT CEITEC;Centros de Formación Técnica;21;TECNICO EN TRABAJO SOCIAL;Técnico de Nivel Superior;Ciencias Sociales;No Presencial;A Distancia;No presencial;Resto IP+CFT;1
c467226a27616a8f2c921d4940c928f5;2019;236;CFT CENTRO TECNOLOGICO SUPERIOR INFOMED;Centros de Formación Técnica;5;TECNICO EN OPTICA CON MENCION EN CONTACTOLOGIA;Técnico de Nivel Superior;Salud;Semipresencial;Semipresencial;Semipresencial;Resto IP+CFT;6
2888e92bb834956373588259cfd40637;2019;430;CFT INACAP;Centros de Formación Técnica;201;ADMINISTRACION DE EMPRESAS;Técnico de Nivel Superior;Administración y Comercio;Semipresencial;Vespertina;Semipresencial;Resto IP+CFT;204
6c6b0f690cca2842387817aa23776676;2019;430;CFT INACAP;Centros de Formación Técnica;42;ANALISTA PROGRAMADOR;Técnico de Nivel Superior;Tecnología;Semipresencial;Vespertina;Semipresencial;Resto IP+CFT;32
32bc8277a7ab9725fe19422c9467e3b6;2019;430;CFT INACAP;Centros de Formación Técnica;45;CONTABILIDAD GENERAL;Técnico de Nivel Superior;Administración y Comercio;Semipresencial;Vespertina;Semipresencial;Resto IP+CFT;11
cfab4e32605a1eaea55755982cf2ad53;2019;430;CFT INACAP;Centros de Formación Técnica;138;PREVENCION DE RIESGOS;Técnico de Nivel Superior;Tecnología;Semipresencial;Vespertina;Semipresencial;Resto IP+CFT;8
6c04910032de63b207b8a3ebcf26eb22;2019;214;CFT INSTITUTO CENTRAL DE CAPACITACION EDUCACIONAL ICCE;Centros de Formación Técnica;331;ADMINISTRACION DE SALUD;Técnico de Nivel Superior;Administración y Comercio;No Presencial;A Distancia;No presencial;Resto IP+CFT;1
98df7d16b12ea34c87752006d59a55d8;2019;214;CFT INSTITUTO CENTRAL DE CAPACITACION EDUCACIONAL ICCE;Centros de Formación Técnica;330;ADMINISTRACION DE SEGURIDAD;Técnico de Nivel Superior;Administración y Comercio;No Presencial;A Distancia;No presencial;Resto IP+CFT;14
2310e41fd0912902de3fb691325c630a;2019;701;CFT MANPOWER;Centros de Formación Técnica;3;ADMINISTRACION DE EMPRESAS MENCION MARKETING Y VENTAS O COMERCIO EXTERIOR O GESTION DEL CAPITAL HUMANO;Técnico de Nivel Superior;Administración y Comercio;No Presencial;A Distancia;No presencial;Resto IP+CFT;38
ca3bc81bd30e52857c7c3e461bfb0c39;2019;701;CFT MANPOWER;Centros de Formación Técnica;2;ASISTENTE EJECUTIVO BILINGÜE;Técnico de Nivel Superior;Administración y Comercio;Semipresencial;Semipresencial;Semipresencial;Resto IP+CFT;44
7f3761ca9a3eeee8c31a80b1c7680792;2019;701;CFT MANPOWER;Centros de Formación Técnica;30;ASISTENTE EJECUTIVO Y DE GESTION;Técnico de Nivel Superior;Administración y Comercio;Semipresencial;Semipresencial;Semipresencial;Resto IP+CFT;15
89366573831fcfb5a57fee89a2603e59;2019;143;IP AIEP;Institutos Profesionales;660;ADMINISTRACION PUBLICA;Profesional Sin Licenciatura;Ciencias Sociales;No Presencial;A Distancia;No presencial;Resto IP+CFT;105
67d076d4f8f04581f5c5a3e610f551a9;2019;143;IP AIEP;Institutos Profesionales;29;ASISTENTE DE PARVULOS;Técnico de Nivel Superior;Educación;No Presencial;A Distancia;No presencial;Resto IP+CFT;166
05fb13aaac412b7933f806970b2c2173;2019;143;IP AIEP;Institutos Profesionales;9;CONTABILIDAD GENERAL;Técnico de Nivel Superior;Administración y Comercio;No Presencial;A Distancia;No presencial;Resto IP+CFT;133
8d73e9d1a17f4c15e73e84843708f85d;2019;143;IP AIEP;Institutos Profesionales;9;CONTABILIDAD GENERAL;Técnico de Nivel Superior;Administración y Comercio;Semipresencial;Semipresencial;Semipresencial;Resto IP+CFT;35
15f062290dfde6705969604482900159;2019;143;IP AIEP;Institutos Profesionales;111;INGENIERIA DE EJECUCION EN ADMINISTRACION DE EMPRESAS MENCION FINANZAS;Profesional Sin Licenciatura;Administración y Comercio;Semipresencial;Semipresencial;Semipresencial;Resto IP+CFT;18
f434114339c1e44938b9049c6c6742a6;2019;143;IP AIEP;Institutos Profesionales;111;INGENIERIA DE EJECUCION EN ADMINISTRACION DE EMPRESAS MENCION FINANZAS;Profesional Sin Licenciatura;Administración y Comercio;No Presencial;A Distancia;No presencial;Resto IP+CFT;147
29996d06528604da4a2de970c5b03510;2019;143;IP AIEP;Institutos Profesionales;112;INGENIERIA DE EJECUCION EN ADMINISTRACION DE EMPRESAS MENCION MARKETING;Profesional Sin Licenciatura;Administración y Comercio;No Presencial;A Distancia;No presencial;Resto IP+CFT;90
335e533b6b841fec81eabbb9f14247b1;2019;143;IP AIEP;Institutos Profesionales;112;INGENIERIA DE EJECUCION EN ADMINISTRACION DE EMPRESAS MENCION MARKETING;Profesional Sin Licenciatura;Administración y Comercio;Semipresencial;Semipresencial;Semipresencial;Resto IP+CFT;11
b94fcccca3bdf13ee0c79efa2d27b2e4;2019;143;IP AIEP;Institutos Profesionales;113;INGENIERIA DE EJECUCION EN ADMINISTRACION DE EMPRESAS MENCION RECURSOS HUMANOS;Profesional Sin Licenciatura;Administración y Comercio;No Presencial;A Distancia;No presencial;Resto IP+CFT;195
d8aae28b6b3d0c7480d0575b8071cfaf;2019;143;IP AIEP;Institutos Profesionales;113;INGENIERIA DE EJECUCION EN ADMINISTRACION DE EMPRESAS MENCION RECURSOS HUMANOS;Profesional Sin Licenciatura;Administración y Comercio;Semipresencial;Semipresencial;Semipresencial;Resto IP+CFT;14
60b064eab2af446fd59c26162af962cc;2019;143;IP AIEP;Institutos Profesionales;219;INGENIERIA DE EJECUCION EN INFORMATICA MENCION DESARROLLO DE SISTEMAS;Profesional Sin Licenciatura;Tecnología;Semipresencial;Semipresencial;Semipresencial;Resto IP+CFT;17
5f3b026889dd59b60a91059864a9c502;2019;143;IP AIEP;Institutos Profesionales;94;PROGRAMACION COMPUTACIONAL;Técnico de Nivel Superior;Tecnología;No Presencial;A Distancia;No presencial;Resto IP+CFT;95
ca010ad7f6814496ee08a3a85908438a;2019;143;IP AIEP;Institutos Profesionales;17;PROGRAMACION Y ANALISIS DE SISTEMAS;Técnico de Nivel Superior;Tecnología;Semipresencial;Semipresencial;Semipresencial;Resto IP+CFT;21
e1402c2edc49b83ea1a92aad5bddcc16;2019;143;IP AIEP;Institutos Profesionales;469;TECNICO ASISTENTE EN EDUCACION ESPECIAL;Técnico de Nivel Superior;Educación;No Presencial;A Distancia;No presencial;Resto IP+CFT;76
0462e064845b14c8e9dd5a6cb84e32ca;2019;143;IP AIEP;Institutos Profesionales;651;TECNICO EN ADMINISTRACION DE EMPRESAS;Técnico de Nivel Superior;Administración y Comercio;No Presencial;A Distancia;No presencial;Resto IP+CFT;376
1767048ca7d6a8776a8ebbdeeff61dbb;2019;143;IP AIEP;Institutos Profesionales;651;TECNICO EN ADMINISTRACION DE EMPRESAS;Técnico de Nivel Superior;Administración y Comercio;Semipresencial;Semipresencial;Semipresencial;Resto IP+CFT;101
e7d402a8cdb7a1e58a4e4df3260b97e7;2019;143;IP AIEP;Institutos Profesionales;118;TECNICO EN ADMINISTRACION DE EMPRESAS MENCION RECURSOS HUMANOS;Técnico de Nivel Superior;Administración y Comercio;No Presencial;A Distancia;No presencial;Resto IP+CFT;1
bad441c4c163fbcf87c03014b7ae811e;2019;143;IP AIEP;Institutos Profesionales;653;TECNICO EN ADMINISTRACION PUBLICA;Técnico de Nivel Superior;Ciencias Sociales;No Presencial;A Distancia;No presencial;Resto IP+CFT;137
21761b93f5b2d38c383633d4ea3a3ac0;2019;143;IP AIEP;Institutos Profesionales;654;TECNICO EN AUTOMATIZACION Y CONTROL INDUSTRIAL;Técnico de Nivel Superior;Tecnología;No Presencial;A Distancia;No presencial;Resto IP+CFT;207
17b66a5b649c88f48b2a1fd768a11d5b;2019;143;IP AIEP;Institutos Profesionales;655;TECNICO EN MARKETING DIGITAL;Técnico de Nivel Superior;Administración y Comercio;No Presencial;A Distancia;No presencial;Resto IP+CFT;88
2c5d906ec915f3101a80375a6440960e;2019;143;IP AIEP;Institutos Profesionales;645;TECNICO EN OPERACIONES LOGISTICAS;Técnico de Nivel Superior;Administración y Comercio;Semipresencial;Semipresencial;Semipresencial;Resto IP+CFT;218
c7519709d820cfec874ce1125e8d294b;2019;143;IP AIEP;Institutos Profesionales;645;TECNICO EN OPERACIONES LOGISTICAS;Técnico de Nivel Superior;Administración y Comercio;No Presencial;A Distancia;No presencial;Resto IP+CFT;138
331af981a1b9ec05347d0f24250e431d;2019;143;IP AIEP;Institutos Profesionales;43;TECNICO EN SONIDO;Técnico de Nivel Superior;Tecnología;Semipresencial;Semipresencial;Semipresencial;Resto IP+CFT;1
ae3c444fdeaa9f9aeada017d5b84ec29;2019;143;IP AIEP;Institutos Profesionales;83;TECNICO EN TRABAJO SOCIAL;Técnico de Nivel Superior;Ciencias Sociales;No Presencial;A Distancia;No presencial;Resto IP+CFT;184
e373307e69986513ab56bdfc6aae4b83;2019;143;IP AIEP;Institutos Profesionales;83;TECNICO EN TRABAJO SOCIAL;Técnico de Nivel Superior;Ciencias Sociales;Semipresencial;Semipresencial;Semipresencial;Resto IP+CFT;20
07f7289d548971226bcb5a227a1b9c94;2019;143;IP AIEP;Institutos Profesionales;30;TECNICO JURIDICO;Técnico de Nivel Superior;Derecho;No Presencial;A Distancia;No presencial;Resto IP+CFT;123
18f91f618453fcd4ebfc06f333193773;2019;143;IP AIEP;Institutos Profesionales;30;TECNICO JURIDICO;Técnico de Nivel Superior;Derecho;Semipresencial;Semipresencial;Semipresencial;Resto IP+CFT;14
51d84d92ceb28138c2734df16b5fe158;2019;123;IP DE CHILE;Institutos Profesionales;9;AUDITORIA;Profesional Sin Licenciatura;Administración y Comercio;No Presencial;A Distancia;No presencial;Resto IP+CFT;19
a7642839948fa87f106e1bfb26ab5fec;2019;123;IP DE CHILE;Institutos Profesionales;49;CONTABILIDAD GENERAL;Técnico de Nivel Superior;Administración y Comercio;No Presencial;A Distancia;No presencial;Resto IP+CFT;25
cc30a361968032faeb7504cecc76c0d4;2019;123;IP DE CHILE;Institutos Profesionales;37;INGENIERIA EN ADMINISTRACION DE EMPRESAS;Profesional Sin Licenciatura;Administración y Comercio;No Presencial;A Distancia;No presencial;Resto IP+CFT;42
7313a120993146e606b8fd4c240509d1;2019;123;IP DE CHILE;Institutos Profesionales;48;TECNICO EN ADMINISTRACION DE EMPRESAS;Técnico de Nivel Superior;Administración y Comercio;No Presencial;A Distancia;No presencial;Resto IP+CFT;76
e0a401d3a0ef9b10d09eb3dcb109398b;2019;123;IP DE CHILE;Institutos Profesionales;191;TECNICO EN ADMINISTRACION Y GESTION DE SALUD;Técnico de Nivel Superior;Administración y Comercio;No Presencial;A Distancia;No presencial;Resto IP+CFT;17
d807b599e17f1e26ec9f017808f55f2a;2019;123;IP DE CHILE;Institutos Profesionales;151;TECNICO TRABAJO SOCIAL;Técnico de Nivel Superior;Ciencias Sociales;No Presencial;A Distancia;No presencial;Resto IP+CFT;31
fc5a12638fe6942cb1ea3577780af21d;2019;170;IP DE CIENCIAS DE LA COMPUTACION ACUARIO DATA;Institutos Profesionales;8;ADMINISTRACION DE EMPRESAS CON MENCION EN COMPUTACION;Técnico de Nivel Superior;Administración y Comercio;No Presencial;A Distancia;No presencial;Resto IP+CFT;2
badf9dfd40307f783d40b0076070a194;2019;170;IP DE CIENCIAS DE LA COMPUTACION ACUARIO DATA;Institutos Profesionales;4;ANALISIS DE SISTEMAS;Técnico de Nivel Superior;Tecnología;No Presencial;A Distancia;No presencial;Resto IP+CFT;1
e73df3a5941ccb73e61363b9abf633e3;2019;170;IP DE CIENCIAS DE LA COMPUTACION ACUARIO DATA;Institutos Profesionales;1;INGENIERIA DE EJECUCION EN COMPUTACION E INFORMATICA;Profesional Sin Licenciatura;Tecnología;No Presencial;A Distancia;No presencial;Resto IP+CFT;1
02798243d5165587f80c03b24d31bb34;2019;170;IP DE CIENCIAS DE LA COMPUTACION ACUARIO DATA;Institutos Profesionales;2;INGENIERIA DE EJECUCION INDUSTRIAL;Profesional Sin Licenciatura;Tecnología;No Presencial;A Distancia;No presencial;Resto IP+CFT;12
d0166e7065a44913efffed95a673e665;2019;176;IP DEL VALLE CENTRAL;Institutos Profesionales;545;INGENIERIA DE EJECUCION EN ADMINISTRACION DE EMPRESAS;Profesional Sin Licenciatura;Administración y Comercio;No Presencial;A Distancia;No presencial;Resto IP+CFT;1
9a48ca9474e7379d4fb4ed8dd1177384;2019;176;IP DEL VALLE CENTRAL;Institutos Profesionales;778;INGENIERIA DE EJECUCION EN ADMINISTRACION DE EMPRESAS, CONTINUIDAD;Profesional Sin Licenciatura;Administración y Comercio;No Presencial;A Distancia;No presencial;Resto IP+CFT;9
d0432cb490dbe41f7f4e1c83e5b911d2;2019;176;IP DEL VALLE CENTRAL;Institutos Profesionales;868;INGENIERIA DE EJECUCION EN ADMINISTRACION PUBLICA;Profesional Sin Licenciatura;Ciencias Sociales;No Presencial;A Distancia;No presencial;Resto IP+CFT;2
5d04723f27e5e62d2980cd10570f7c9c;2019;176;IP DEL VALLE CENTRAL;Institutos Profesionales;576;INGENIERIA DE EJECUCION EN ADMINISTRACION PUBLICA, CONTINUIDAD;Profesional Sin Licenciatura;Ciencias Sociales;Semipresencial;Semipresencial;Semipresencial;Resto IP+CFT;12
a03bd37723f9c0afbe12535205c8d5a0;2019;176;IP DEL VALLE CENTRAL;Institutos Profesionales;880;INGENIERIA DE EJECUCION EN GESTION DE SEGURIDAD PRIVADA;Profesional Sin Licenciatura;Administración y Comercio;No Presencial;A Distancia;No presencial;Resto IP+CFT;172
afc7384101d37482e43b3ea33d583136;2019;176;IP DEL VALLE CENTRAL;Institutos Profesionales;42;PSICOPEDAGOGIA;Profesional Sin Licenciatura;Educación;No Presencial;A Distancia;No presencial;Resto IP+CFT;8
dcea897993268dda8a2b662692b652a9;2019;176;IP DEL VALLE CENTRAL;Institutos Profesionales;115;TECNICO DE NIVEL SUPERIOR EN ADMINISTRACION DE EMPRESAS MENCION EN RECURSOS HUMANOS;Técnico de Nivel Superior;Administración y Comercio;Semipresencial;Semipresencial;Semipresencial;Resto IP+CFT;2
ec3e3eb049580ac3f8d7334b18fa4e6d;2019;176;IP DEL VALLE CENTRAL;Institutos Profesionales;789;TECNICO DE NIVEL SUPERIOR EN ADMINISTRACION DE EMPRESAS MENCION FINANZAS Y CONTABILIDAD;Técnico de Nivel Superior;Administración y Comercio;No Presencial;A Distancia;No presencial;Resto IP+CFT;6
32af251e637c9f79c975a7afe2b19c03;2019;176;IP DEL VALLE CENTRAL;Institutos Profesionales;115;TECNICO DE NIVEL SUPERIOR EN ADMINISTRACION DE EMPRESAS MENCION RECURSOS HUMANOS;Técnico de Nivel Superior;Administración y Comercio;No Presencial;A Distancia;No presencial;Resto IP+CFT;3
2c9b908c890e9d9f886cca0fe1382e48;2019;176;IP DEL VALLE CENTRAL;Institutos Profesionales;585;TECNICO DE NIVEL SUPERIOR EN ADMINISTRACION EN SALUD;Técnico de Nivel Superior;Administración y Comercio;No Presencial;A Distancia;No presencial;Resto IP+CFT;2
8009dc8e417ae529a02d6e283af10da3;2019;176;IP DEL VALLE CENTRAL;Institutos Profesionales;831;TECNICO DE NIVEL SUPERIOR EN ASISTENTE DE LA EDUCACION;Técnico de Nivel Superior;Educación;No Presencial;A Distancia;No presencial;Resto IP+CFT;5
bd56a041c8ca0d56d76c6a7dfa7c59a6;2019;176;IP DEL VALLE CENTRAL;Institutos Profesionales;832;TECNICO DE NIVEL SUPERIOR EN CONTABILIDAD Y ANALISIS DE CUENTAS;Técnico de Nivel Superior;Administración y Comercio;No Presencial;A Distancia;No presencial;Resto IP+CFT;3
2e59ebf67777d9f9f433fa77f58feadd;2019;176;IP DEL VALLE CENTRAL;Institutos Profesionales;68;TECNICO DE NIVEL SUPERIOR EN EDUCACION DIFERENCIAL;Técnico de Nivel Superior;Educación;No Presencial;A Distancia;No presencial;Resto IP+CFT;11
4e29bb64eb891b50cb61a4e5e0d97fa0;2019;176;IP DEL VALLE CENTRAL;Institutos Profesionales;68;TECNICO DE NIVEL SUPERIOR EN EDUCACION DIFERENCIAL;Técnico de Nivel Superior;Educación;Semipresencial;Semipresencial;Semipresencial;Resto IP+CFT;12
290a8f6e437e751da5bd9fe0688e17d7;2019;176;IP DEL VALLE CENTRAL;Institutos Profesionales;41;TECNICO DE NIVEL SUPERIOR EN EDUCACION PARVULARIA;Técnico de Nivel Superior;Educación;Semipresencial;Semipresencial;Semipresencial;Resto IP+CFT;57
e884a5514d09aff5d3f12017136c6c09;2019;176;IP DEL VALLE CENTRAL;Institutos Profesionales;41;TECNICO DE NIVEL SUPERIOR EN EDUCACION PARVULARIA;Técnico de Nivel Superior;Educación;No Presencial;A Distancia;No presencial;Resto IP+CFT;17
7d54d6a023c193929593035936486f33;2019;176;IP DEL VALLE CENTRAL;Institutos Profesionales;861;TECNICO DE NIVEL SUPERIOR EN GESTION DE RECURSOS HUMANOS;Técnico de Nivel Superior;Administración y Comercio;No Presencial;A Distancia;No presencial;Resto IP+CFT;1
a7603eecbcfd4f2859c54a46e90aab74;2019;176;IP DEL VALLE CENTRAL;Institutos Profesionales;861;TECNICO DE NIVEL SUPERIOR EN GESTION DE RECURSOS HUMANOS;Técnico de Nivel Superior;Administración y Comercio;Semipresencial;Semipresencial;Semipresencial;Resto IP+CFT;1
e43e2d487536f27aff35934548bd4068;2019;176;IP DEL VALLE CENTRAL;Institutos Profesionales;864;TECNICO DE NIVEL SUPERIOR EN RELACIONES PUBLICAS Y COMUNICACION;Técnico de Nivel Superior;Ciencias Sociales;No Presencial;A Distancia;No presencial;Resto IP+CFT;3
28be8522553c674d4c28566867feb93f;2019;176;IP DEL VALLE CENTRAL;Institutos Profesionales;40;TECNICO DE NIVEL SUPERIOR EN TRABAJO SOCIAL;Técnico de Nivel Superior;Ciencias Sociales;No Presencial;A Distancia;No presencial;Resto IP+CFT;14
d6744ec2076350c7e534082c0e872953;2019;176;IP DEL VALLE CENTRAL;Institutos Profesionales;40;TECNICO DE NIVEL SUPERIOR EN TRABAJO SOCIAL;Técnico de Nivel Superior;Ciencias Sociales;Semipresencial;Semipresencial;Semipresencial;Resto IP+CFT;17
0854c4627fc1481dd8e1eb18d5994b29;2019;176;IP DEL VALLE CENTRAL;Institutos Profesionales;3;TRABAJO SOCIAL;Profesional Sin Licenciatura;Ciencias Sociales;Semipresencial;Semipresencial;Semipresencial;Resto IP+CFT;1
1175df43d766b4a80ae59a8fc8c249fe;2019;176;IP DEL VALLE CENTRAL;Institutos Profesionales;3;TRABAJO SOCIAL;Profesional Sin Licenciatura;Ciencias Sociales;No Presencial;A Distancia;No presencial;Resto IP+CFT;6
4cdfa707565249387445116342c33b94;2019;120;IP DIEGO PORTALES;Institutos Profesionales;241;BIBLIOTECOLOGIA DISTANCIA;Técnico de Nivel Superior;Humanidades;No Presencial;A Distancia;No presencial;Resto IP+CFT;27
6b2935e0e8c13db902ef5e0837d3de1d;2019;120;IP DIEGO PORTALES;Institutos Profesionales;101;CONTADOR AUDITOR A DISTANCIA;Profesional Sin Licenciatura;Administración y Comercio;No Presencial;A Distancia;No presencial;Resto IP+CFT;22
d58409d166c44104174f176cfc7479a0;2019;120;IP DIEGO PORTALES;Institutos Profesionales;104;INGENIERIA EN ADMINISTRACION DE EMPRESAS A DISTANCIA;Profesional Sin Licenciatura;Administración y Comercio;No Presencial;A Distancia;No presencial;Resto IP+CFT;39
e653bc1bef825563b7f95e70a97eed8e;2019;120;IP DIEGO PORTALES;Institutos Profesionales;235;INGENIERIA EN ADMINISTRACION PUBLICA Y MUNICIPAL A DISTANCIA;Profesional Sin Licenciatura;Ciencias Sociales;No Presencial;A Distancia;No presencial;Resto IP+CFT;46
88c51b957815f0f5d1d4f3cabf544469;2019;120;IP DIEGO PORTALES;Institutos Profesionales;250;INGENIERIA EN LOGISTICA OPERATIVA;Profesional Sin Licenciatura;Administración y Comercio;No Presencial;A Distancia;No presencial;Resto IP+CFT;11
071848e7571a6c17382d6c21c2b25b2d;2019;120;IP DIEGO PORTALES;Institutos Profesionales;105;INGENIERIA EN PREVENCION DE RIESGOS A DISTANCIA;Profesional Sin Licenciatura;Tecnología;No Presencial;A Distancia;No presencial;Resto IP+CFT;26
e997ca8e67a76c3f90445aa35df7bfbd;2019;120;IP DIEGO PORTALES;Institutos Profesionales;272;RELACIONES PUBLICAS;Profesional Sin Licenciatura;Ciencias Sociales;No Presencial;A Distancia;No presencial;Resto IP+CFT;9
285cedcf74e8c743a431dc9986686995;2019;120;IP DIEGO PORTALES;Institutos Profesionales;114;SERVICIO SOCIAL A DISTANCIA;Profesional Sin Licenciatura;Ciencias Sociales;No Presencial;A Distancia;No presencial;Resto IP+CFT;103
8a7e3c1c90dc52286a835e5ab1b30577;2019;111;IP DUOC UC;Institutos Profesionales;285;ADMINISTRACION DE EMPRESAS MENCION MARKETING PEV;Técnico de Nivel Superior;Administración y Comercio;Semipresencial;Vespertina;Semipresencial;Resto IP+CFT;264
458c357b9ba4bdec2aaaef41ab1350fb;2019;111;IP DUOC UC;Institutos Profesionales;278;ADMINISTRACION DE RECURSOS HUMANOS PEV;Técnico de Nivel Superior;Administración y Comercio;Semipresencial;Vespertina;Semipresencial;Resto IP+CFT;302
2f440cb8717b4b71421f9eadefb26eca;2019;111;IP DUOC UC;Institutos Profesionales;259;ADMINISTRACION FINANCIERA PEV;Técnico de Nivel Superior;Administración y Comercio;Semipresencial;Vespertina;Semipresencial;Resto IP+CFT;230
0e258f81a08451c30c9b965a487e10d4;2019;111;IP DUOC UC;Institutos Profesionales;440;ANALISTA PROGRAMADOR COMPUTACIONAL PEV;Técnico de Nivel Superior;Tecnología;Semipresencial;Vespertina;Semipresencial;Resto IP+CFT;55
57c965fccc018bba03c21dd79e1d6aa5;2019;111;IP DUOC UC;Institutos Profesionales;410;AUDITORIA PEV;Profesional Sin Licenciatura;Administración y Comercio;Semipresencial;Vespertina;Semipresencial;Resto IP+CFT;32
bfe55a930def2602597171277bfd4a8f;2019;111;IP DUOC UC;Institutos Profesionales;69;COMERCIO EXTERIOR;Técnico de Nivel Superior;Administración y Comercio;Semipresencial;Vespertina;Semipresencial;Resto IP+CFT;23
94767c1731a2dcfc6ab3f28d2740829a;2019;111;IP DUOC UC;Institutos Profesionales;202;COMERCIO EXTERIOR PEV;Técnico de Nivel Superior;Administración y Comercio;Semipresencial;Vespertina;Semipresencial;Resto IP+CFT;83
65259505760d245b11c8d989b4e0130f;2019;111;IP DUOC UC;Institutos Profesionales;204;CONTABILIDAD GENERAL MENCION LEGISLACION TRIBUTARIA PEV;Técnico de Nivel Superior;Administración y Comercio;Semipresencial;Vespertina;Semipresencial;Resto IP+CFT;165
9f479a3324ebb9404ca033d5908dd4ea;2019;111;IP DUOC UC;Institutos Profesionales;37;INGENIERIA EN ADMINISTRACION;Profesional Sin Licenciatura;Administración y Comercio;Semipresencial;Vespertina;Semipresencial;Resto IP+CFT;12
0a536d7f21d62cb583e21aebbd099f17;2019;111;IP DUOC UC;Institutos Profesionales;281;INGENIERIA EN ADMINISTRACION DE RECURSOS HUMANOS PEV;Profesional Sin Licenciatura;Administración y Comercio;Semipresencial;Vespertina;Semipresencial;Resto IP+CFT;44
c6f132e0c765baf92e0a421457a8b1f5;2019;111;IP DUOC UC;Institutos Profesionales;139;INGENIERIA EN ADMINISTRACION PEV;Profesional Sin Licenciatura;Administración y Comercio;Semipresencial;Vespertina;Semipresencial;Resto IP+CFT;60
f464210df384dff39bf3cb26a451c663;2019;111;IP DUOC UC;Institutos Profesionales;455;INGENIERIA EN COMERCIO EXTERIOR PEV;Profesional Sin Licenciatura;Administración y Comercio;Semipresencial;Vespertina;Semipresencial;Resto IP+CFT;23
ddeaefb98a8bfc015748ca4c649abe84;2019;111;IP DUOC UC;Institutos Profesionales;50;INGENIERIA EN CONECTIVIDAD Y REDES;Profesional Sin Licenciatura;Tecnología;Semipresencial;Vespertina;Semipresencial;Resto IP+CFT;1
d2bd9f987d9284d527d39ac238779d05;2019;111;IP DUOC UC;Institutos Profesionales;441;INGENIERIA EN GESTION LOGISTICA PEV;Profesional Sin Licenciatura;Administración y Comercio;Semipresencial;Vespertina;Semipresencial;Resto IP+CFT;11
269e6cf17c4e578c718d4d9d8bc17138;2019;111;IP DUOC UC;Institutos Profesionales;48;INGENIERIA EN INFORMATICA;Profesional Sin Licenciatura;Tecnología;Semipresencial;Vespertina;Semipresencial;Resto IP+CFT;54
aedb3573c19425470f3947b67794fc3c;2019;111;IP DUOC UC;Institutos Profesionales;48;INGENIERIA EN INFORMATICA;Profesional Sin Licenciatura;Tecnología;Semipresencial;Diurna;Semipresencial;Resto IP+CFT;29
6e2e0eac192648a5f12fcd019e0aa445;2019;111;IP DUOC UC;Institutos Profesionales;52;INGENIERIA EN MARKETING;Profesional Sin Licenciatura;Administración y Comercio;Semipresencial;Diurna;Semipresencial;Resto IP+CFT;12
c3033b0a632c5103910b1825a582fbd3;2019;111;IP DUOC UC;Institutos Profesionales;141;INGENIERIA EN MARKETING PEV;Profesional Sin Licenciatura;Administración y Comercio;Semipresencial;Vespertina;Semipresencial;Resto IP+CFT;38
c0e1070ef510c07006a075454e4e6627;2019;111;IP DUOC UC;Institutos Profesionales;422;TECNICO EN GESTION LOGISTICA;Técnico de Nivel Superior;Administración y Comercio;Semipresencial;Vespertina;Semipresencial;Resto IP+CFT;32
8e8887c466514cb832e6467ae7664e6b;2019;111;IP DUOC UC;Institutos Profesionales;309;TECNICO EN GESTION LOGISTICA PEV;Técnico de Nivel Superior;Administración y Comercio;Semipresencial;Vespertina;Semipresencial;Resto IP+CFT;283
c31d33d8dba2f2c1c62fea1a943db3d8;2019;171;IP ESCUELA DE COMERCIO DE SANTIAGO;Institutos Profesionales;64;ADMINISTRACION COMERCIAL;Técnico de Nivel Superior;Administración y Comercio;No Presencial;A Distancia;No presencial;ECS;32
a8eb143df86c2a1dab7269d0662c278b;2019;171;IP ESCUELA DE COMERCIO DE SANTIAGO;Institutos Profesionales;65;ADMINISTRACION EN COMERCIO EXTERIOR;Técnico de Nivel Superior;Administración y Comercio;No Presencial;A Distancia;No presencial;ECS;32
21eca4ed5deb024fbc41f979c057d2cc;2019;171;IP ESCUELA DE COMERCIO DE SANTIAGO;Institutos Profesionales;41;ADMINISTRACION EN RECURSOS HUMANOS;Técnico de Nivel Superior;Administración y Comercio;No Presencial;A Distancia;No presencial;ECS;36
39b0b6706d2e212b66a7c64101081b89;2019;171;IP ESCUELA DE COMERCIO DE SANTIAGO;Institutos Profesionales;42;CONTABILIDAD GENERAL;Técnico de Nivel Superior;Administración y Comercio;No Presencial;A Distancia;No presencial;ECS;36
e9bcde0dc7ae63e355814760c51b9fe4;2019;171;IP ESCUELA DE COMERCIO DE SANTIAGO;Institutos Profesionales;56;CONTADOR AUDITOR;Profesional Sin Licenciatura;Administración y Comercio;No Presencial;A Distancia;No presencial;ECS;27
57f2c9efc0e64b2b1bce3d84705770d1;2019;171;IP ESCUELA DE COMERCIO DE SANTIAGO;Institutos Profesionales;66;FINANZAS;Técnico de Nivel Superior;Administración y Comercio;No Presencial;A Distancia;No presencial;ECS;16
eaecea1e8b531e28afd37ceb914fc373;2019;171;IP ESCUELA DE COMERCIO DE SANTIAGO;Institutos Profesionales;39;INGENIERIA EN ADMINISTRACION DE EMPRESAS;Profesional Sin Licenciatura;Administración y Comercio;No Presencial;A Distancia;No presencial;ECS;24
35fc5f29afef8327bccef2fbf13f2911;2019;171;IP ESCUELA DE COMERCIO DE SANTIAGO;Institutos Profesionales;24;INGENIERIA EN ADMINISTRACION DE RECURSOS HUMANOS;Profesional Sin Licenciatura;Administración y Comercio;No Presencial;A Distancia;No presencial;ECS;16
f0231368734b5e34f905decf35aa6d82;2019;171;IP ESCUELA DE COMERCIO DE SANTIAGO;Institutos Profesionales;26;INGENIERIA EN COMERCIO INTERNACIONAL;Profesional Sin Licenciatura;Administración y Comercio;No Presencial;A Distancia;No presencial;ECS;20
a638753769be0a01174cab3616f9e8a5;2019;171;IP ESCUELA DE COMERCIO DE SANTIAGO;Institutos Profesionales;27;INGENIERIA EN FINANZAS;Profesional Sin Licenciatura;Administración y Comercio;No Presencial;A Distancia;No presencial;ECS;12
d853ee1b03d99ef0a98e4b34bc1f265f;2019;171;IP ESCUELA DE COMERCIO DE SANTIAGO;Institutos Profesionales;28;INGENIERIA EN LOGISTICA;Profesional Sin Licenciatura;Administración y Comercio;No Presencial;A Distancia;No presencial;ECS;13
d95fa90fcb45e5a4a9ffefdb8a714fc8;2019;171;IP ESCUELA DE COMERCIO DE SANTIAGO;Institutos Profesionales;44;LOGISTICA OPERATIVA;Técnico de Nivel Superior;Administración y Comercio;No Presencial;A Distancia;No presencial;ECS;17
c6590a63cdbc243c490ad620052c810a;2019;132;IP ESUCOMEX;Institutos Profesionales;85;AUDITORIA;Profesional Sin Licenciatura;Administración y Comercio;Semipresencial;Vespertina;Semipresencial;Resto IP+CFT;33
fc7014f8484683253971b8e5a5045759;2019;132;IP ESUCOMEX;Institutos Profesionales;12;COMERCIO EXTERIOR;Técnico de Nivel Superior;Administración y Comercio;Semipresencial;Vespertina;Semipresencial;Resto IP+CFT;19
036ad6df8827704c03a2484d6c4369c9;2019;132;IP ESUCOMEX;Institutos Profesionales;86;CONTABILIDAD;Técnico de Nivel Superior;Administración y Comercio;Semipresencial;Vespertina;Semipresencial;Resto IP+CFT;26
10e94e676bb6d287ac03b3f41dbacf33;2019;132;IP ESUCOMEX;Institutos Profesionales;88;INGENIERIA EN COMERCIO INTERNACIONAL;Profesional Sin Licenciatura;Administración y Comercio;Semipresencial;Vespertina;Semipresencial;Resto IP+CFT;1
b488ec0f51ad196af164067caab3fb9c;2019;132;IP ESUCOMEX;Institutos Profesionales;90;INGENIERIA EN GESTION COMERCIAL;Profesional Sin Licenciatura;Administración y Comercio;Semipresencial;Vespertina;Semipresencial;Resto IP+CFT;23
236389aec8ac8e8b664e712c96416ebb;2019;132;IP ESUCOMEX;Institutos Profesionales;92;INGENIERIA EN GESTION DE RECURSOS HUMANOS;Profesional Sin Licenciatura;Administración y Comercio;Semipresencial;Vespertina;Semipresencial;Resto IP+CFT;17
a89e5b226f59ce1bfca36f14530edd0c;2019;132;IP ESUCOMEX;Institutos Profesionales;93;INGENIERIA EN GESTION FINANCIERA;Profesional Sin Licenciatura;Administración y Comercio;Semipresencial;Vespertina;Semipresencial;Resto IP+CFT;2
635325250ef07c10eb53b9663a9968e0;2019;132;IP ESUCOMEX;Institutos Profesionales;99;TECNICO EN GESTION COMERCIAL;Técnico de Nivel Superior;Administración y Comercio;Semipresencial;Vespertina;Semipresencial;Resto IP+CFT;29
7045bd39f68194197e55d352a4156f29;2019;132;IP ESUCOMEX;Institutos Profesionales;114;TECNICO EN GESTION DE RECURSOS HUMANOS;Técnico de Nivel Superior;Administración y Comercio;Semipresencial;Vespertina;Semipresencial;Resto IP+CFT;30
8cf545ee0e702368484f0e9edcdbf101;2019;132;IP ESUCOMEX;Institutos Profesionales;129;TECNICO EN GESTION LOGISTICA;Técnico de Nivel Superior;Administración y Comercio;Semipresencial;Vespertina;Semipresencial;Resto IP+CFT;42
44bfbf9d5f7b94812b533dcd29f17913;2019;117;IP IACC;Institutos Profesionales;96;ADMINISTRACION PUBLICA;Profesional Sin Licenciatura;Ciencias Sociales;No Presencial;A Distancia;No presencial;Resto IP+CFT;28
97422eb9046fa7b451e2bfc467529071;2019;117;IP IACC;Institutos Profesionales;30;CONTABILIDAD GENERAL;Técnico de Nivel Superior;Administración y Comercio;No Presencial;A Distancia;No presencial;Resto IP+CFT;304
7ddf9159d60a158c70a7ae63db5ff0df;2019;117;IP IACC;Institutos Profesionales;65;CONTADOR AUDITOR;Profesional Sin Licenciatura;Administración y Comercio;No Presencial;A Distancia;No presencial;Resto IP+CFT;54
85fb1b27f8f2fe59bdd9a77d9f8cd96b;2019;117;IP IACC;Institutos Profesionales;2;INGENIERIA EN ADMINISTRACION DE EMPRESAS;Profesional Sin Licenciatura;Administración y Comercio;No Presencial;A Distancia;No presencial;Resto IP+CFT;94
33c9010f4b2e5552de8b539d42fc4a67;2019;117;IP IACC;Institutos Profesionales;57;INGENIERIA EN INFORMATICA;Profesional Sin Licenciatura;Tecnología;No Presencial;A Distancia;No presencial;Resto IP+CFT;78
2ae3c4b81c3f46eeda4b09bdce3b57a4;2019;117;IP IACC;Institutos Profesionales;27;INGENIERIA EN PREVENCION DE RIESGOS;Profesional Sin Licenciatura;Tecnología;No Presencial;A Distancia;No presencial;Resto IP+CFT;48
29437e57d0947f89e97a620b5175f382;2019;117;IP IACC;Institutos Profesionales;29;INGENIERIA EN RECURSOS HUMANOS;Profesional Sin Licenciatura;Administración y Comercio;No Presencial;A Distancia;No presencial;Resto IP+CFT;47
808efa19f71f40c2d35816fd85f552b9;2019;117;IP IACC;Institutos Profesionales;67;INGENIERIA INDUSTRIAL;Profesional Sin Licenciatura;Tecnología;No Presencial;A Distancia;No presencial;Resto IP+CFT;422
8969f379e5baf8c7e8204ef80ec9b5f2;2019;117;IP IACC;Institutos Profesionales;91;PSICOPEDAGOGIA;Profesional Sin Licenciatura;Educación;No Presencial;A Distancia;No presencial;Resto IP+CFT;179
fc6932dada16ff02ce0176a4ac5ad2c6;2019;117;IP IACC;Institutos Profesionales;84;TECNICO DE NIVEL SUPERIOR AMBIENTAL Y GESTION ENERGETICA;Técnico de Nivel Superior;Tecnología;No Presencial;A Distancia;No presencial;Resto IP+CFT;71
a6c960d435d4d8d82812a7a9127139c1;2019;117;IP IACC;Institutos Profesionales;58;TECNICO DE NIVEL SUPERIOR EDUCADOR SOCIAL INFANTOJUVENIL;Técnico de Nivel Superior;Ciencias Sociales;No Presencial;A Distancia;No presencial;Resto IP+CFT;45
9f4f7194bf6c03d758ef0309d28530e8;2019;117;IP IACC;Institutos Profesionales;68;TECNICO DE NIVEL SUPERIOR EN ADMINISTRACION DE REDES;Técnico de Nivel Superior;Tecnología;No Presencial;A Distancia;No presencial;Resto IP+CFT;62
3c117c19ed1be2a5200825f00fa18e5a;2019;117;IP IACC;Institutos Profesionales;31;TECNICO DE NIVEL SUPERIOR EN ADMINISTRACION PUBLICA;Técnico de Nivel Superior;Ciencias Sociales;No Presencial;A Distancia;No presencial;Resto IP+CFT;163
c33e171ad0660ae18cee15882a93f30d;2019;117;IP IACC;Institutos Profesionales;46;TECNICO DE NIVEL SUPERIOR EN ANALISIS Y PROGRAMACION COMPUTACIONAL;Técnico de Nivel Superior;Tecnología;No Presencial;A Distancia;No presencial;Resto IP+CFT;86
b477da539a8a47e883338d2e4dad694d;2019;117;IP IACC;Institutos Profesionales;90;TECNICO DE NIVEL SUPERIOR EN AUTOMATIZACION Y CONTROL;Técnico de Nivel Superior;Tecnología;No Presencial;A Distancia;No presencial;Resto IP+CFT;322
71e51a39b3b0bb0881546bfc5e01c034;2019;117;IP IACC;Institutos Profesionales;97;TECNICO DE NIVEL SUPERIOR EN CIBERSEGURIDAD;Técnico de Nivel Superior;Tecnología;No Presencial;A Distancia;No presencial;Resto IP+CFT;49
71b2695b0db7231126836f6297c0c7e5;2019;117;IP IACC;Institutos Profesionales;69;TECNICO DE NIVEL SUPERIOR EN CONTROL INDUSTRIAL;Técnico de Nivel Superior;Tecnología;No Presencial;A Distancia;No presencial;Resto IP+CFT;477
98166b133b69683a4364c0523c4116fd;2019;117;IP IACC;Institutos Profesionales;70;TECNICO DE NIVEL SUPERIOR EN EDUCACION DIFERENCIAL;Técnico de Nivel Superior;Educación;No Presencial;A Distancia;No presencial;Resto IP+CFT;212
46b828661a03f7b185ee014fd195f9c7;2019;117;IP IACC;Institutos Profesionales;71;TECNICO DE NIVEL SUPERIOR EN EDUCACION PARVULARIA;Técnico de Nivel Superior;Educación;No Presencial;A Distancia;No presencial;Resto IP+CFT;279
7eaabc5094d5e023c13b0400d6829228;2019;117;IP IACC;Institutos Profesionales;59;TECNICO DE NIVEL SUPERIOR EN GESTION DE CALIDAD Y AMBIENTE;Técnico de Nivel Superior;Tecnología;No Presencial;A Distancia;No presencial;Resto IP+CFT;93
e08c130d6e2d2b10d8ace8fa7081b19e;2019;117;IP IACC;Institutos Profesionales;17;TECNICO DE NIVEL SUPERIOR EN INFORMATICA;Técnico de Nivel Superior;Tecnología;No Presencial;A Distancia;No presencial;Resto IP+CFT;192
00bf159eaf045b42ab5970754de5e068;2019;117;IP IACC;Institutos Profesionales;60;TECNICO DE NIVEL SUPERIOR EN LOGISTICA;Técnico de Nivel Superior;Administración y Comercio;No Presencial;A Distancia;No presencial;Resto IP+CFT;245
54c39aaab89d6a5c00faba364269db65;2019;117;IP IACC;Institutos Profesionales;73;TECNICO DE NIVEL SUPERIOR EN PROCESOS MINEROS;Técnico de Nivel Superior;Tecnología;No Presencial;A Distancia;No presencial;Resto IP+CFT;230
9fc7ebd85909b8c6b5548e265e6ea471;2019;117;IP IACC;Institutos Profesionales;61;TECNICO DE NIVEL SUPERIOR EN RECURSOS HUMANOS;Técnico de Nivel Superior;Administración y Comercio;No Presencial;A Distancia;No presencial;Resto IP+CFT;214
7da3bbd7571f55cd85440e3a0bbf3179;2019;117;IP IACC;Institutos Profesionales;32;TECNICO DE NIVEL SUPERIOR EN RELACIONES PUBLICAS Y COMUNICACIONES;Técnico de Nivel Superior;Ciencias Sociales;No Presencial;A Distancia;No presencial;Resto IP+CFT;65
1586c36381f712f680987733573d101b;2019;117;IP IACC;Institutos Profesionales;62;TECNICO DE NIVEL SUPERIOR EN TRABAJO SOCIAL;Técnico de Nivel Superior;Ciencias Sociales;No Presencial;A Distancia;No presencial;Resto IP+CFT;288
66e128549665e3e392b39fbed22f9360;2019;117;IP IACC;Institutos Profesionales;63;TECNICO DE NIVEL SUPERIOR JURIDICO;Técnico de Nivel Superior;Derecho;No Presencial;A Distancia;No presencial;Resto IP+CFT;93
bc2a92677a35789278e2eb3f4bb432b0;2019;117;IP IACC;Institutos Profesionales;35;TECNICO EN PREVENCION DE RIESGOS;Técnico de Nivel Superior;Tecnología;No Presencial;A Distancia;No presencial;Resto IP+CFT;269
a6c5d3f9a123326581e56a5f6fd4e643;2019;117;IP IACC;Institutos Profesionales;1;TECNICO SUPERIOR EN ADMINISTRACION DE EMPRESAS;Técnico de Nivel Superior;Administración y Comercio;No Presencial;A Distancia;No presencial;Resto IP+CFT;1083
b9be054a957886266067c775b8239f5c;2019;117;IP IACC;Institutos Profesionales;83;TRABAJO SOCIAL;Profesional Sin Licenciatura;Ciencias Sociales;No Presencial;A Distancia;No presencial;Resto IP+CFT;92
de737d7aa09c75fd144b5f9afd59437c;2019;103;IP INSTITUTO DE ESTUDIOS BANCARIOS GUILLERMO SUBERCASEAUX;Institutos Profesionales;82;INGENIERIA EN ADMINISTRACION DE EMPRESAS FINANCIERAS;Profesional Sin Licenciatura;Administración y Comercio;Semipresencial;Semipresencial;Semipresencial;Resto IP+CFT;33
f32e6eea66d3655a2333c29d890edf36;2019;103;IP INSTITUTO DE ESTUDIOS BANCARIOS GUILLERMO SUBERCASEAUX;Institutos Profesionales;4;INGENIERIA FINANCIERA;Profesional Sin Licenciatura;Administración y Comercio;Semipresencial;Semipresencial;Semipresencial;Resto IP+CFT;52
8554054d32997d54894fafe70ac47bc9;2019;103;IP INSTITUTO DE ESTUDIOS BANCARIOS GUILLERMO SUBERCASEAUX;Institutos Profesionales;2;TECNICO FINANCIERO;Técnico de Nivel Superior;Administración y Comercio;Semipresencial;Semipresencial;Semipresencial;Resto IP+CFT;59
e831333b2a58c8d942b2bd1916fb9b7f;2019;113;IP IPG;Institutos Profesionales;430;INGENIERIA EN ADMINISTRACION GENERAL NIVEL PROFESIONAL PLAN CONTINUIDAD;Profesional Sin Licenciatura;Administración y Comercio;No Presencial;A Distancia;No presencial;Resto IP+CFT;1
d291a7cc68b678d534832c49b4354755;2019;113;IP IPG;Institutos Profesionales;520;TECNICO DE NIVEL SUPERIOR EN GESTION DOCUMENTAL Y ARCHIVISTICA;Técnico de Nivel Superior;Humanidades;No Presencial;A Distancia;No presencial;Resto IP+CFT;21
3cc54fb5ca3053795d2f33d906308b04;2019;113;IP IPG;Institutos Profesionales;507;TECNICO DE NIVEL SUPERIOR EN GESTION PUBLICA Y MUNICIPAL;Técnico de Nivel Superior;Ciencias Sociales;No Presencial;A Distancia;No presencial;Resto IP+CFT;26
8894632d3fc21eaac5afb4de5cdcef5c;2019;152;IP LATINOAMERICANO DE COMERCIO EXTERIOR - IPLACEX;Institutos Profesionales;274;ADMINISTRACION PUBLICA;Profesional Sin Licenciatura;Ciencias Sociales;Semipresencial;Vespertina;Semipresencial;Resto IP+CFT;47
a44f972d111bc94efce4c1f8dd2abf05;2019;152;IP LATINOAMERICANO DE COMERCIO EXTERIOR - IPLACEX;Institutos Profesionales;274;ADMINISTRACION PUBLICA;Profesional Sin Licenciatura;Ciencias Sociales;No Presencial;A Distancia;No presencial;Resto IP+CFT;440
4f52c7605627ed90452029dfb692db7e;2019;152;IP LATINOAMERICANO DE COMERCIO EXTERIOR - IPLACEX;Institutos Profesionales;9;AUDITORIA;Profesional Sin Licenciatura;Administración y Comercio;No Presencial;A Distancia;No presencial;Resto IP+CFT;99
be078c92ceb7cb0b272b15142730c47a;2019;152;IP LATINOAMERICANO DE COMERCIO EXTERIOR - IPLACEX;Institutos Profesionales;295;CONTABILIDAD;Técnico de Nivel Superior;Administración y Comercio;No Presencial;A Distancia;No presencial;Resto IP+CFT;54
68b97020241e7ecb8a3beb4e5fd98332;2019;152;IP LATINOAMERICANO DE COMERCIO EXTERIOR - IPLACEX;Institutos Profesionales;314;INGENIERIA DE EJECUCION EN ADMINISTRACION MENCION GESTION MUNICIPAL;Profesional Sin Licenciatura;Ciencias Sociales;No Presencial;A Distancia;No presencial;Resto IP+CFT;18
9d57592cde616a35af700c298c0ecbf3;2019;152;IP LATINOAMERICANO DE COMERCIO EXTERIOR - IPLACEX;Institutos Profesionales;363;INGENIERIA DE EJECUCION EN ADMINISTRACION MENCION GESTION Y DESARROLLO LOCAL Y REGIONAL;Profesional Sin Licenciatura;Administración y Comercio;No Presencial;A Distancia;No presencial;Resto IP+CFT;16
bcdc4f9f1b838758b1808990661646de;2019;152;IP LATINOAMERICANO DE COMERCIO EXTERIOR - IPLACEX;Institutos Profesionales;107;INGENIERIA EN ADMINISTRACION DE EMPRESAS;Profesional Sin Licenciatura;Administración y Comercio;No Presencial;A Distancia;No presencial;Resto IP+CFT;231
53240a15fd68ea9bc151cf296b81b1c7;2019;152;IP LATINOAMERICANO DE COMERCIO EXTERIOR - IPLACEX;Institutos Profesionales;325;INGENIERIA EN ADMINISTRACION MENCION SEGURIDAD PRIVADA;Profesional Sin Licenciatura;Administración y Comercio;No Presencial;A Distancia;No presencial;Resto IP+CFT;520
03f9cd6eadba1b8169b2346e60665557;2019;152;IP LATINOAMERICANO DE COMERCIO EXTERIOR - IPLACEX;Institutos Profesionales;1;INGENIERIA EN COMERCIO EXTERIOR;Profesional Sin Licenciatura;Administración y Comercio;No Presencial;A Distancia;No presencial;Resto IP+CFT;39
2a671364a731a76f17f1cb1589110e55;2019;152;IP LATINOAMERICANO DE COMERCIO EXTERIOR - IPLACEX;Institutos Profesionales;369;INGENIERIA EN CONTROL AUTOMATICO Y GESTION INDUSTRIAL;Profesional Sin Licenciatura;Tecnología;No Presencial;A Distancia;No presencial;Resto IP+CFT;77
5d38561dd196b8518b8b6bf7369638dc;2019;152;IP LATINOAMERICANO DE COMERCIO EXTERIOR - IPLACEX;Institutos Profesionales;383;INGENIERIA EN GESTION DE CENTROS DE SALUD;Profesional Sin Licenciatura;Administración y Comercio;No Presencial;A Distancia;No presencial;Resto IP+CFT;15
2d4952b6d9bda3a79fb44ad63f441270;2019;152;IP LATINOAMERICANO DE COMERCIO EXTERIOR - IPLACEX;Institutos Profesionales;38;INGENIERIA EN INFORMATICA;Profesional Sin Licenciatura;Tecnología;No Presencial;A Distancia;No presencial;Resto IP+CFT;53
b8d720d7272d586d786db12c4235dcad;2019;152;IP LATINOAMERICANO DE COMERCIO EXTERIOR - IPLACEX;Institutos Profesionales;318;INGENIERIA EN LOGISTICA;Profesional Sin Licenciatura;Administración y Comercio;No Presencial;A Distancia;No presencial;Resto IP+CFT;100
dd6fa472c342b1bafebd72debfba3a95;2019;152;IP LATINOAMERICANO DE COMERCIO EXTERIOR - IPLACEX;Institutos Profesionales;319;INGENIERIA EN PREVENCION DE RIESGOS, CALIDAD Y MEDIO AMBIENTE;Profesional Sin Licenciatura;Tecnología;No Presencial;A Distancia;No presencial;Resto IP+CFT;189
c96cf364f3bd79c32baf98ee4e6cda8d;2019;152;IP LATINOAMERICANO DE COMERCIO EXTERIOR - IPLACEX;Institutos Profesionales;316;INGENIERIA EN RECURSOS HUMANOS;Profesional Sin Licenciatura;Administración y Comercio;No Presencial;A Distancia;No presencial;Resto IP+CFT;181
e7158934ae6a8f4360262cc9a8d42221;2019;152;IP LATINOAMERICANO DE COMERCIO EXTERIOR - IPLACEX;Institutos Profesionales;21;PSICOPEDAGOGIA;Profesional Sin Licenciatura;Educación;No Presencial;A Distancia;No presencial;Resto IP+CFT;128
d7da8a86755a23fd1605af7fddbdd166;2019;152;IP LATINOAMERICANO DE COMERCIO EXTERIOR - IPLACEX;Institutos Profesionales;326;TECNICO EN ADMINISTRACION DE EMPRESAS;Técnico de Nivel Superior;Administración y Comercio;No Presencial;A Distancia;No presencial;Resto IP+CFT;148
ff947fb9ea4f687467b6abf8b56e6294;2019;152;IP LATINOAMERICANO DE COMERCIO EXTERIOR - IPLACEX;Institutos Profesionales;327;TECNICO EN ADMINISTRACION MENCION GESTION MUNICIPAL;Técnico de Nivel Superior;Ciencias Sociales;No Presencial;A Distancia;No presencial;Resto IP+CFT;21
ca9cd463ed38ca8718a00a8432fe1737;2019;152;IP LATINOAMERICANO DE COMERCIO EXTERIOR - IPLACEX;Institutos Profesionales;278;TECNICO EN ADMINISTRACION PUBLICA;Técnico de Nivel Superior;Ciencias Sociales;No Presencial;A Distancia;No presencial;Resto IP+CFT;69
72b8590a9d73ab9dc31fc5403824c942;2019;152;IP LATINOAMERICANO DE COMERCIO EXTERIOR - IPLACEX;Institutos Profesionales;370;TECNICO EN ALIMENTACION Y NUTRICION;Técnico de Nivel Superior;Salud;Semipresencial;Vespertina;Semipresencial;Resto IP+CFT;13
d520769db17506f59cd149dbcf8d8a2c;2019;152;IP LATINOAMERICANO DE COMERCIO EXTERIOR - IPLACEX;Institutos Profesionales;328;TECNICO EN COMERCIO EXTERIOR;Técnico de Nivel Superior;Administración y Comercio;No Presencial;A Distancia;No presencial;Resto IP+CFT;40
f9cc3246549ca3e2d146744b3a98ecaa;2019;152;IP LATINOAMERICANO DE COMERCIO EXTERIOR - IPLACEX;Institutos Profesionales;371;TECNICO EN DESARROLLO DE APLICACIONES MULTIPLATAFORMA;Técnico de Nivel Superior;Tecnología;No Presencial;A Distancia;No presencial;Resto IP+CFT;33
610331c25c8f110932a525eaa5de5c5c;2019;152;IP LATINOAMERICANO DE COMERCIO EXTERIOR - IPLACEX;Institutos Profesionales;282;TECNICO EN EDUCACION ESPECIAL Y DIFERENCIAL;Técnico de Nivel Superior;Educación;No Presencial;A Distancia;No presencial;Resto IP+CFT;104
23f287f3b96a7aef9cee541b11a0cb9f;2019;152;IP LATINOAMERICANO DE COMERCIO EXTERIOR - IPLACEX;Institutos Profesionales;281;TECNICO EN EDUCACION PARVULARIA;Técnico de Nivel Superior;Educación;No Presencial;A Distancia;No presencial;Resto IP+CFT;131
7dad6a7f23380f3d29be1c1506e5d8ba;2019;152;IP LATINOAMERICANO DE COMERCIO EXTERIOR - IPLACEX;Institutos Profesionales;281;TECNICO EN EDUCACION PARVULARIA;Técnico de Nivel Superior;Educación;Semipresencial;Diurna;Semipresencial;Resto IP+CFT;1
e02d681f28a6d25a233554224de4a195;2019;152;IP LATINOAMERICANO DE COMERCIO EXTERIOR - IPLACEX;Institutos Profesionales;22;TECNICO EN ENFERMERIA;Técnico de Nivel Superior;Salud;Semipresencial;Vespertina;Semipresencial;Resto IP+CFT;53
071a91e7ba0b1d91117819450f6e537f;2019;152;IP LATINOAMERICANO DE COMERCIO EXTERIOR - IPLACEX;Institutos Profesionales;283;TECNICO EN INFORMATICA;Técnico de Nivel Superior;Tecnología;No Presencial;A Distancia;No presencial;Resto IP+CFT;28
7416ea807e52755873765ab88f53dfa9;2019;152;IP LATINOAMERICANO DE COMERCIO EXTERIOR - IPLACEX;Institutos Profesionales;372;TECNICO EN INSTRUMENTACION Y CONTROL INDUSTRIAL;Técnico de Nivel Superior;Tecnología;No Presencial;A Distancia;No presencial;Resto IP+CFT;65
c8beb955c83091c3c34eda5cfba2b877;2019;152;IP LATINOAMERICANO DE COMERCIO EXTERIOR - IPLACEX;Institutos Profesionales;323;TECNICO EN LOGISTICA;Técnico de Nivel Superior;Administración y Comercio;No Presencial;A Distancia;No presencial;Resto IP+CFT;78
185635399ba3cc0ef701d87d5ebf063d;2019;152;IP LATINOAMERICANO DE COMERCIO EXTERIOR - IPLACEX;Institutos Profesionales;387;TECNICO EN MEDIACION ESCOLAR;Técnico de Nivel Superior;Educación;No Presencial;A Distancia;No presencial;Resto IP+CFT;6
2e2eb7c8f4d483f8f0549f5df7b19a9c;2019;152;IP LATINOAMERICANO DE COMERCIO EXTERIOR - IPLACEX;Institutos Profesionales;50;TECNICO EN PREVENCION DE RIESGOS;Técnico de Nivel Superior;Tecnología;No Presencial;A Distancia;No presencial;Resto IP+CFT;47
b9bd50ab6c54fffdb16f229cd5553bd3;2019;152;IP LATINOAMERICANO DE COMERCIO EXTERIOR - IPLACEX;Institutos Profesionales;389;TECNICO EN PREVENCION, TRATAMIENTO Y REHABILITACION DE SUSTANCIAS;Técnico de Nivel Superior;Ciencias Sociales;No Presencial;A Distancia;No presencial;Resto IP+CFT;54
ea018ac50b7fc08bbf8ce770b972263f;2019;152;IP LATINOAMERICANO DE COMERCIO EXTERIOR - IPLACEX;Institutos Profesionales;321;TECNICO EN RECURSOS HUMANOS;Técnico de Nivel Superior;Administración y Comercio;No Presencial;A Distancia;No presencial;Resto IP+CFT;81
2dbf28a8bba09deb2d8e83bce0948a02;2019;152;IP LATINOAMERICANO DE COMERCIO EXTERIOR - IPLACEX;Institutos Profesionales;300;TECNICO EN TRABAJO SOCIAL;Técnico de Nivel Superior;Ciencias Sociales;No Presencial;A Distancia;No presencial;Resto IP+CFT;102
95b7613b078239ba0623d89e383d0e5e;2019;152;IP LATINOAMERICANO DE COMERCIO EXTERIOR - IPLACEX;Institutos Profesionales;41;TRABAJO SOCIAL;Profesional Sin Licenciatura;Ciencias Sociales;Semipresencial;Vespertina;Semipresencial;Resto IP+CFT;7
cfb2852f4e44d2dbf072e2270e7376ae;2019;152;IP LATINOAMERICANO DE COMERCIO EXTERIOR - IPLACEX;Institutos Profesionales;41;TRABAJO SOCIAL;Profesional Sin Licenciatura;Ciencias Sociales;No Presencial;A Distancia;No presencial;Resto IP+CFT;392
cc62e177e0af3788ef2aa78ce1bea7c0;2019;106;IP PROVIDENCIA;Institutos Profesionales;10;CONTADOR AUDITOR;Profesional Sin Licenciatura;Administración y Comercio;No Presencial;A Distancia;No presencial;Resto IP+CFT;55
85739118b283204f497cf56832c10b1b;2019;106;IP PROVIDENCIA;Institutos Profesionales;64;CONTADOR GENERAL;Técnico de Nivel Superior;Administración y Comercio;No Presencial;A Distancia;No presencial;Resto IP+CFT;52
7ecf29900f07751e7da56a80fd429571;2019;106;IP PROVIDENCIA;Institutos Profesionales;303;DISEÑO GRAFICO DIGITAL;Profesional Sin Licenciatura;Arte y Arquitectura;No Presencial;A Distancia;No presencial;Resto IP+CFT;41
d3eda189bef1cf2dbd9e8c96cbd1eaa4;2019;106;IP PROVIDENCIA;Institutos Profesionales;262;INGENIERIA EN ADMINISTRACION MENCION MARKETING O FINANZAS O RECURSOS HUMANOS;Profesional Sin Licenciatura;Administración y Comercio;No Presencial;A Distancia;No presencial;Resto IP+CFT;126
f725aa7bf2467f9b05db941490bdbbf3;2019;106;IP PROVIDENCIA;Institutos Profesionales;287;INGENIERIA EN ADMINISTRACION PUBLICA Y MUNICIPAL;Profesional Sin Licenciatura;Ciencias Sociales;No Presencial;A Distancia;No presencial;Resto IP+CFT;67
873ef0d14e9f3f1b2109e0915874766c;2019;106;IP PROVIDENCIA;Institutos Profesionales;263;INGENIERIA EN CONTROL DE GESTION;Profesional Sin Licenciatura;Administración y Comercio;No Presencial;A Distancia;No presencial;Resto IP+CFT;35
b03d3618661cbc0bfa6654aa8f957ccc;2019;106;IP PROVIDENCIA;Institutos Profesionales;285;INGENIERIA EN INFORMATICA MENCION ANALITICA AVANZADA O CIBERSEGURIDAD;Profesional Sin Licenciatura;Tecnología;No Presencial;A Distancia;No presencial;Resto IP+CFT;78
1149ab067de1ed7eb199ea17e61355a7;2019;106;IP PROVIDENCIA;Institutos Profesionales;297;INGENIERIA INDUSTRIAL;Profesional Sin Licenciatura;Tecnología;No Presencial;A Distancia;No presencial;Resto IP+CFT;124
7709e441a5f9802507bbd73128c2d8c2;2019;106;IP PROVIDENCIA;Institutos Profesionales;293;PUBLICIDAD EN MARKETING DIGITAL;Profesional Sin Licenciatura;Ciencias Sociales;No Presencial;A Distancia;No presencial;Resto IP+CFT;23
ad7d6693cd0d8057a91ebbff159c3da8;2019;106;IP PROVIDENCIA;Institutos Profesionales;20;SERVICIO SOCIAL;Profesional Sin Licenciatura;Ciencias Sociales;No Presencial;A Distancia;No presencial;Resto IP+CFT;208
997d84c914f7ab54af54e956d1f946b7;2019;106;IP PROVIDENCIA;Institutos Profesionales;307;TECNICO DE NIVEL SUPERIOR ANALISTA DE SISTEMAS;Técnico de Nivel Superior;Tecnología;No Presencial;A Distancia;No presencial;Resto IP+CFT;21
eac7a6e6dead2aaa1d3348c4a1aa748c;2019;106;IP PROVIDENCIA;Institutos Profesionales;67;TECNICO DE NIVEL SUPERIOR EN ADMINISTRACION DE EMPRESAS MENCION MARKETING O FINANZAS O RECURSOS HUMANOS;Técnico de Nivel Superior;Administración y Comercio;No Presencial;A Distancia;No presencial;Resto IP+CFT;150
576856ad414e952c22f706d51c8399d2;2019;106;IP PROVIDENCIA;Institutos Profesionales;284;TECNICO DE NIVEL SUPERIOR EN ADMINISTRACION PUBLICA;Técnico de Nivel Superior;Ciencias Sociales;No Presencial;A Distancia;No presencial;Resto IP+CFT;38
a4b690687f127841ca4cd604f09a23bb;2019;106;IP PROVIDENCIA;Institutos Profesionales;231;TECNICO DE NIVEL SUPERIOR EN COMERCIO EXTERIOR;Técnico de Nivel Superior;Administración y Comercio;No Presencial;A Distancia;No presencial;Resto IP+CFT;25
f2397dd8d7944f24c9fc99d7e3bd6da4;2019;106;IP PROVIDENCIA;Institutos Profesionales;265;TECNICO DE NIVEL SUPERIOR EN CONTROL DE GESTION;Técnico de Nivel Superior;Administración y Comercio;No Presencial;A Distancia;No presencial;Resto IP+CFT;15
3f18be77ef21ad1afc58c9462c0784e8;2019;106;IP PROVIDENCIA;Institutos Profesionales;309;TECNICO DE NIVEL SUPERIOR EN CONTROL DE LA PRODUCCION INDUSTRIAL;Técnico de Nivel Superior;Tecnología;No Presencial;A Distancia;No presencial;Resto IP+CFT;38
5edec4a7529cfb489c45654d411edfad;2019;106;IP PROVIDENCIA;Institutos Profesionales;310;TECNICO DE NIVEL SUPERIOR EN DISEÑO GRAFICO DIGITAL;Técnico de Nivel Superior;Arte y Arquitectura;No Presencial;A Distancia;No presencial;Resto IP+CFT;27
31fa3cd8106dec1c42c17ec1a5cae4f0;2019;106;IP PROVIDENCIA;Institutos Profesionales;268;TECNICO DE NIVEL SUPERIOR EN GESTION TURISTICA;Técnico de Nivel Superior;Administración y Comercio;No Presencial;A Distancia;No presencial;Resto IP+CFT;38
09385c3ab7049b40c0445d3c7fa9f0fe;2019;106;IP PROVIDENCIA;Institutos Profesionales;286;TECNICO DE NIVEL SUPERIOR EN INFORMATICA;Técnico de Nivel Superior;Tecnología;No Presencial;A Distancia;No presencial;Resto IP+CFT;54
8de8439795db3b1d4439c7eb7327ce73;2019;106;IP PROVIDENCIA;Institutos Profesionales;250;TECNICO DE NIVEL SUPERIOR EN SERVICIO SOCIAL;Técnico de Nivel Superior;Ciencias Sociales;No Presencial;A Distancia;No presencial;Resto IP+CFT;90
cba5fa16f5f8797d8b1d89c46f1df8ea;2019;106;IP PROVIDENCIA;Institutos Profesionales;295;TECNICO EN ANIMACION DIGITAL;Técnico de Nivel Superior;Arte y Arquitectura;No Presencial;A Distancia;No presencial;Resto IP+CFT;35
23ecfc8d50d9733ee3874ad8548980cf;2019;106;IP PROVIDENCIA;Institutos Profesionales;266;TECNICO EN EDUCACION DIFERENCIAL;Técnico de Nivel Superior;Educación;No Presencial;A Distancia;No presencial;Resto IP+CFT;88
3b7e83e677ee3e752bce9b3bb8067415;2019;106;IP PROVIDENCIA;Institutos Profesionales;294;TECNICO EN EDUCACION PARVULARIA Y PRIMER CICLO BASICO;Técnico de Nivel Superior;Educación;No Presencial;A Distancia;No presencial;Resto IP+CFT;142
76b078b73633fb2901cf880cb3504039;2019;106;IP PROVIDENCIA;Institutos Profesionales;296;TECNICO EN LOGISTICA;Técnico de Nivel Superior;Administración y Comercio;No Presencial;A Distancia;No presencial;Resto IP+CFT;82
6c59cae3e8caea1c081233a8437197d1;2019;106;IP PROVIDENCIA;Institutos Profesionales;292;TECNICO EN PUBLICIDAD;Técnico de Nivel Superior;Ciencias Sociales;No Presencial;A Distancia;No presencial;Resto IP+CFT;13
6ed3484e767501cbbecdd7d4170d5d02;2019;106;IP PROVIDENCIA;Institutos Profesionales;269;TECNICO JURIDICO EN GESTION JUDICIAL;Técnico de Nivel Superior;Derecho;No Presencial;A Distancia;No presencial;Resto IP+CFT;52
9fcb42563427aae0e64804bc3e557b1f;2019;162;IP SAN SEBASTIAN;Institutos Profesionales;3;INGENIERIA EN CONECTIVIDAD Y REDES;Profesional Sin Licenciatura;Tecnología;No Presencial;A Distancia;No presencial;Resto IP+CFT;13
fd760246febebbd3df40adaf2e98a145;2019;162;IP SAN SEBASTIAN;Institutos Profesionales;1;INGENIERIA EN INFORMATICA;Profesional Sin Licenciatura;Tecnología;No Presencial;A Distancia;No presencial;Resto IP+CFT;25
033963c5004d3b4924c76e617b7865f1;2019;162;IP SAN SEBASTIAN;Institutos Profesionales;35;TECNICO EN ANALISIS DE SISTEMAS;Técnico de Nivel Superior;Tecnología;No Presencial;A Distancia;No presencial;Resto IP+CFT;14
dc5e91a9f0c5b2417ebe95a0f18d53d7;2019;162;IP SAN SEBASTIAN;Institutos Profesionales;6;TECNICO EN CONECTIVIDAD Y REDES;Técnico de Nivel Superior;Tecnología;No Presencial;A Distancia;No presencial;Resto IP+CFT;28
8a2e1897369a72b7cdf212a75f793af5;2019;162;IP SAN SEBASTIAN;Institutos Profesionales;2;TECNICO EN PROGRAMACION COMPUTACIONAL;Técnico de Nivel Superior;Tecnología;No Presencial;A Distancia;No presencial;Resto IP+CFT;11
7e9558c00070204ee128badc1b3d9a0e;2020;312;CFT CENCO;Centros de Formación Técnica;56;TECNICO DE NIVEL SUPERIOR EN ADMINISTRACION DE EMPRESAS;Técnico de Nivel Superior;Administración y Comercio;No Presencial;A Distancia;No presencial;Resto IP+CFT;49
9325543ef7c80406eb970f341520f54f;2020;312;CFT CENCO;Centros de Formación Técnica;82;TECNICO DE NIVEL SUPERIOR EN ADMINISTRACION PUBLICA;Técnico de Nivel Superior;Ciencias Sociales;No Presencial;A Distancia;No presencial;Resto IP+CFT;25
a0a6134c353226333fe9e868050c6d67;2020;312;CFT CENCO;Centros de Formación Técnica;102;TECNICO DE NIVEL SUPERIOR EN ASISTENTE DE AULA;Técnico de Nivel Superior;Educación;No Presencial;A Distancia;No presencial;Resto IP+CFT;46
1f306c225477db5d7763cffe877b1f57;2020;312;CFT CENCO;Centros de Formación Técnica;116;TECNICO DE NIVEL SUPERIOR EN SOPORTE INFORMATICO Y REDES;Técnico de Nivel Superior;Tecnología;No Presencial;A Distancia;No presencial;Resto IP+CFT;16
766d51b35dff7a48edabd35ce6978b7f;2020;312;CFT CENCO;Centros de Formación Técnica;89;TECNICO DE NIVEL SUPERIOR EN TRABAJO SOCIAL;Técnico de Nivel Superior;Ciencias Sociales;No Presencial;A Distancia;No presencial;Resto IP+CFT;56
f620380e4fbf614c8b45708c96353950;2020;236;CFT CENTRO TECNOLOGICO SUPERIOR INFOMED;Centros de Formación Técnica;5;TECNICO EN OPTICA CON MENCION EN CONTACTOLOGIA;Técnico de Nivel Superior;Salud;Semipresencial;Semipresencial;Semipresencial;Resto IP+CFT;14
b8e669ed95a16a13a820446975470bef;2020;426;CFT ESCUELA DE COMERCIO;Centros de Formación Técnica;2;ADMINISTRACION COMERCIAL;Técnico de Nivel Superior;Administración y Comercio;No Presencial;A Distancia;No presencial;ECS;18
d2c6f7512447616d392ac05efb983b49;2020;426;CFT ESCUELA DE COMERCIO;Centros de Formación Técnica;1;ADMINISTRACION EN COMERCIO EXTERIOR;Técnico de Nivel Superior;Administración y Comercio;No Presencial;A Distancia;No presencial;ECS;38
77357af3da4c699709dc21422dc2c9b0;2020;426;CFT ESCUELA DE COMERCIO;Centros de Formación Técnica;13;ADMINISTRACION EN RECURSOS HUMANOS;Técnico de Nivel Superior;Administración y Comercio;No Presencial;A Distancia;No presencial;ECS;22
bea822eafff08e702681847b2c918305;2020;426;CFT ESCUELA DE COMERCIO;Centros de Formación Técnica;7;CONTABILIDAD GENERAL;Técnico de Nivel Superior;Administración y Comercio;No Presencial;A Distancia;No presencial;ECS;36
7e039ea62f05de5df8f44dffd18d2471;2020;426;CFT ESCUELA DE COMERCIO;Centros de Formación Técnica;40;CONTROL DE GESTION;Técnico de Nivel Superior;Administración y Comercio;No Presencial;A Distancia;No presencial;ECS;13
cb608e49401577b6d85e4ae56f437a13;2020;426;CFT ESCUELA DE COMERCIO;Centros de Formación Técnica;10;FINANZAS;Técnico de Nivel Superior;Administración y Comercio;No Presencial;A Distancia;No presencial;ECS;15
c1b8dc1323ea69f1a68332969e44d991;2020;426;CFT ESCUELA DE COMERCIO;Centros de Formación Técnica;5;LOGISTICA OPERATIVA;Técnico de Nivel Superior;Administración y Comercio;No Presencial;A Distancia;No presencial;ECS;24
6d92b9792cfe9c8f3e00df65642769ad;2020;426;CFT ESCUELA DE COMERCIO;Centros de Formación Técnica;26;MARKETING Y GESTION COMERCIAL;Técnico de Nivel Superior;Administración y Comercio;No Presencial;A Distancia;No presencial;ECS;8
833ede2e072217248d63d4dfdc787107;2020;214;CFT INSTITUTO CENTRAL DE CAPACITACION EDUCACIONAL ICCE;Centros de Formación Técnica;330;ADMINISTRACION DE SEGURIDAD;Técnico de Nivel Superior;Administración y Comercio;No Presencial;A Distancia;No presencial;Resto IP+CFT;29
3d6d4d9055f17fca59d7fcf68524271a;2020;257;CFT JUAN BOHON;Centros de Formación Técnica;101;ADMINISTRACION Y GESTION EN SALUD;Técnico de Nivel Superior;Administración y Comercio;No Presencial;A Distancia;No presencial;Resto IP+CFT;1
cfa277ce998697e2ff6c2ab39544434e;2020;257;CFT JUAN BOHON;Centros de Formación Técnica;106;CONTABILIDAD GENERAL MENCION TRIBUTARIA;Técnico de Nivel Superior;Administración y Comercio;No Presencial;A Distancia;No presencial;Resto IP+CFT;3
a5a8a0c523265195feb7495b5ce4524a;2020;257;CFT JUAN BOHON;Centros de Formación Técnica;81;LOGISTICA INDUSTRIAL;Técnico de Nivel Superior;Administración y Comercio;No Presencial;A Distancia;No presencial;Resto IP+CFT;1
218ce3188b31f185e8bcdfb1bbb40bee;2020;701;CFT MANPOWER;Centros de Formación Técnica;3;ADMINISTRACION DE EMPRESAS MENCION MARKETING Y VENTAS O COMERCIO EXTERIOR O GESTION DEL CAPITAL HUMANO;Técnico de Nivel Superior;Administración y Comercio;No Presencial;A Distancia;No presencial;Resto IP+CFT;57
109edaeaf4542b012cd86bde07fa4935;2020;701;CFT MANPOWER;Centros de Formación Técnica;2;ASISTENTE EJECUTIVO BILINGÜE;Técnico de Nivel Superior;Administración y Comercio;Semipresencial;Semipresencial;Semipresencial;Resto IP+CFT;27
2fc570aed0a4d7edec8b346825d2b485;2020;701;CFT MANPOWER;Centros de Formación Técnica;30;ASISTENTE EJECUTIVO Y DE GESTION;Técnico de Nivel Superior;Administración y Comercio;No Presencial;A Distancia;No presencial;Resto IP+CFT;14
d942f6e525fd07e9f12f08fe3efa4728;2020;701;CFT MANPOWER;Centros de Formación Técnica;30;ASISTENTE EJECUTIVO Y DE GESTION;Técnico de Nivel Superior;Administración y Comercio;Semipresencial;Semipresencial;Semipresencial;Resto IP+CFT;10
dd74ac26c7eba810e7089a11ed60ed76;2020;701;CFT MANPOWER;Centros de Formación Técnica;35;CONTABILIDAD TRIBUTARIA;Técnico de Nivel Superior;Administración y Comercio;No Presencial;A Distancia;No presencial;Resto IP+CFT;15
0da4def9cc0d0b6177e657c0277696dd;2020;143;IP AIEP;Institutos Profesionales;660;ADMINISTRACION PUBLICA;Profesional Sin Licenciatura;Ciencias Sociales;No Presencial;A Distancia;No presencial;Resto IP+CFT;111
4de3526f0b3657d07964981aaa189eb3;2020;143;IP AIEP;Institutos Profesionales;660;ADMINISTRACION PUBLICA;Profesional Sin Licenciatura;Ciencias Sociales;Semipresencial;Semipresencial;Semipresencial;Resto IP+CFT;37
07363eafca475e7a38b6939f77b0c0a0;2020;143;IP AIEP;Institutos Profesionales;29;ASISTENTE DE PARVULOS;Técnico de Nivel Superior;Educación;Semipresencial;Semipresencial;Semipresencial;Resto IP+CFT;10
7f14b74ebd5e6ea29a8ed858ba59e97d;2020;143;IP AIEP;Institutos Profesionales;29;ASISTENTE DE PARVULOS;Técnico de Nivel Superior;Educación;No Presencial;A Distancia;No presencial;Resto IP+CFT;100
2ca914d8116a10f3afadcfcffbce87a2;2020;143;IP AIEP;Institutos Profesionales;73;AUDITORIA;Profesional Sin Licenciatura;Administración y Comercio;No Presencial;A Distancia;No presencial;Resto IP+CFT;50
026b35b6a63c8ffcf6834a058efcc96a;2020;143;IP AIEP;Institutos Profesionales;9;CONTABILIDAD GENERAL;Técnico de Nivel Superior;Administración y Comercio;No Presencial;A Distancia;No presencial;Resto IP+CFT;105
b144e34ef3303916fcb6d7e175561f6d;2020;143;IP AIEP;Institutos Profesionales;9;CONTABILIDAD GENERAL;Técnico de Nivel Superior;Administración y Comercio;Semipresencial;Semipresencial;Semipresencial;Resto IP+CFT;6
1caceeb54d7c4b677f1596f8297489a4;2020;143;IP AIEP;Institutos Profesionales;111;INGENIERIA DE EJECUCION EN ADMINISTRACION DE EMPRESAS MENCION FINANZAS;Profesional Sin Licenciatura;Administración y Comercio;Semipresencial;Semipresencial;Semipresencial;Resto IP+CFT;7
e7ea921dd260b78099144fffa8344d55;2020;143;IP AIEP;Institutos Profesionales;111;INGENIERIA DE EJECUCION EN ADMINISTRACION DE EMPRESAS MENCION FINANZAS;Profesional Sin Licenciatura;Administración y Comercio;No Presencial;A Distancia;No presencial;Resto IP+CFT;130
d37fa26cc81e21d21e7e0f69df3b5772;2020;143;IP AIEP;Institutos Profesionales;112;INGENIERIA DE EJECUCION EN ADMINISTRACION DE EMPRESAS MENCION MARKETING;Profesional Sin Licenciatura;Administración y Comercio;Semipresencial;Semipresencial;Semipresencial;Resto IP+CFT;12
d94cc9626139c499d821d8bc3fb645c4;2020;143;IP AIEP;Institutos Profesionales;112;INGENIERIA DE EJECUCION EN ADMINISTRACION DE EMPRESAS MENCION MARKETING;Profesional Sin Licenciatura;Administración y Comercio;No Presencial;A Distancia;No presencial;Resto IP+CFT;63
1c1d10836bf81676591c1d4b6223b802;2020;143;IP AIEP;Institutos Profesionales;113;INGENIERIA DE EJECUCION EN ADMINISTRACION DE EMPRESAS MENCION RECURSOS HUMANOS;Profesional Sin Licenciatura;Administración y Comercio;Semipresencial;Semipresencial;Semipresencial;Resto IP+CFT;11
353da2982b7cc1a59201266dff0f953e;2020;143;IP AIEP;Institutos Profesionales;113;INGENIERIA DE EJECUCION EN ADMINISTRACION DE EMPRESAS MENCION RECURSOS HUMANOS;Profesional Sin Licenciatura;Administración y Comercio;No Presencial;A Distancia;No presencial;Resto IP+CFT;159
87416943e0b66a18ef9da904b8d51d63;2020;143;IP AIEP;Institutos Profesionales;219;INGENIERIA DE EJECUCION EN INFORMATICA MENCION DESARROLLO DE SISTEMAS;Profesional Sin Licenciatura;Tecnología;Semipresencial;Semipresencial;Semipresencial;Resto IP+CFT;6
c45977a37bdaa06fe19fe0f2457f2f25;2020;143;IP AIEP;Institutos Profesionales;95;INGENIERIA EN ADMINISTRACION DE EMPRESAS;Profesional Sin Licenciatura;Administración y Comercio;No Presencial;A Distancia;No presencial;Resto IP+CFT;70
575aabce1e3fd3baa09055f9baab8903;2020;143;IP AIEP;Institutos Profesionales;77;INGENIERIA EN PREVENCION DE RIESGOS;Profesional Sin Licenciatura;Tecnología;No Presencial;A Distancia;No presencial;Resto IP+CFT;37
6861385f6677df717baf0f56ff2c5e1a;2020;143;IP AIEP;Institutos Profesionales;94;PROGRAMACION COMPUTACIONAL;Técnico de Nivel Superior;Tecnología;No Presencial;A Distancia;No presencial;Resto IP+CFT;2
98b4e52fbc714b64e833946cc411c8e4;2020;143;IP AIEP;Institutos Profesionales;469;TECNICO ASISTENTE EN EDUCACION ESPECIAL;Técnico de Nivel Superior;Educación;No Presencial;A Distancia;No presencial;Resto IP+CFT;49
7a29efd3a5c88e816642b866b10f48a5;2020;143;IP AIEP;Institutos Profesionales;651;TECNICO EN ADMINISTRACION DE EMPRESAS;Técnico de Nivel Superior;Administración y Comercio;No Presencial;A Distancia;No presencial;Resto IP+CFT;253
cb97f0121da8c765fa7e12556686bd87;2020;143;IP AIEP;Institutos Profesionales;651;TECNICO EN ADMINISTRACION DE EMPRESAS;Técnico de Nivel Superior;Administración y Comercio;Semipresencial;Semipresencial;Semipresencial;Resto IP+CFT;87
358a75cb582064299ebf52a21280fbfd;2020;143;IP AIEP;Institutos Profesionales;115;TECNICO EN ADMINISTRACION DE EMPRESAS MENCION FINANZAS;Técnico de Nivel Superior;Administración y Comercio;No Presencial;A Distancia;No presencial;Resto IP+CFT;56
463410aaf62efff469492977240ff0f4;2020;143;IP AIEP;Institutos Profesionales;117;TECNICO EN ADMINISTRACION DE EMPRESAS MENCION MARKETING;Técnico de Nivel Superior;Administración y Comercio;No Presencial;A Distancia;No presencial;Resto IP+CFT;47
16eb956db844b8194cadc7cb53f760eb;2020;143;IP AIEP;Institutos Profesionales;118;TECNICO EN ADMINISTRACION DE EMPRESAS MENCION RECURSOS HUMANOS;Técnico de Nivel Superior;Administración y Comercio;Semipresencial;Semipresencial;Semipresencial;Resto IP+CFT;1
4eca697e286002b45bf9a8d79311de03;2020;143;IP AIEP;Institutos Profesionales;118;TECNICO EN ADMINISTRACION DE EMPRESAS MENCION RECURSOS HUMANOS;Técnico de Nivel Superior;Administración y Comercio;No Presencial;A Distancia;No presencial;Resto IP+CFT;65
0e09e3d7e53a0ae742e05a4a8d8d3eea;2020;143;IP AIEP;Institutos Profesionales;653;TECNICO EN ADMINISTRACION PUBLICA;Técnico de Nivel Superior;Ciencias Sociales;No Presencial;A Distancia;No presencial;Resto IP+CFT;76
8130fe090df70c1359e40f37def7d450;2020;143;IP AIEP;Institutos Profesionales;653;TECNICO EN ADMINISTRACION PUBLICA;Técnico de Nivel Superior;Ciencias Sociales;Semipresencial;Semipresencial;Semipresencial;Resto IP+CFT;27
b1ace5ab94c87a6210fd01d39cdaeb65;2020;143;IP AIEP;Institutos Profesionales;654;TECNICO EN AUTOMATIZACION Y CONTROL INDUSTRIAL;Técnico de Nivel Superior;Tecnología;No Presencial;A Distancia;No presencial;Resto IP+CFT;190
c2d284b586e4f491f2feddc50ad7ed9d;2020;143;IP AIEP;Institutos Profesionales;655;TECNICO EN MARKETING DIGITAL;Técnico de Nivel Superior;Administración y Comercio;No Presencial;A Distancia;No presencial;Resto IP+CFT;66
537e4cac53a4f01270a517e11304a92e;2020;143;IP AIEP;Institutos Profesionales;645;TECNICO EN OPERACIONES LOGISTICAS;Técnico de Nivel Superior;Administración y Comercio;No Presencial;A Distancia;No presencial;Resto IP+CFT;166
c786d5d2a7470f5e151733b353e909db;2020;143;IP AIEP;Institutos Profesionales;645;TECNICO EN OPERACIONES LOGISTICAS;Técnico de Nivel Superior;Administración y Comercio;Semipresencial;Semipresencial;Semipresencial;Resto IP+CFT;223
619a98394c9cb8db019f373b48d1226b;2020;143;IP AIEP;Institutos Profesionales;27;TECNICO EN PREVENCION DE RIESGOS;Técnico de Nivel Superior;Tecnología;No Presencial;A Distancia;No presencial;Resto IP+CFT;55
4b2ec7bb693da2d606972cd45ea42099;2020;143;IP AIEP;Institutos Profesionales;677;TECNICO EN PROGRAMACION Y ANALISIS DE SISTEMAS;Técnico de Nivel Superior;Tecnología;No Presencial;A Distancia;No presencial;Resto IP+CFT;113
6c19d0fce9c3e7049638fa6a019feca3;2020;143;IP AIEP;Institutos Profesionales;677;TECNICO EN PROGRAMACION Y ANALISIS DE SISTEMAS;Técnico de Nivel Superior;Tecnología;Semipresencial;Semipresencial;Semipresencial;Resto IP+CFT;12
61fe447eb9cd883011f57eabd444f4ec;2020;143;IP AIEP;Institutos Profesionales;83;TECNICO EN TRABAJO SOCIAL;Técnico de Nivel Superior;Ciencias Sociales;No Presencial;A Distancia;No presencial;Resto IP+CFT;120
3677b50fd4b9eff00c38b5d672683c65;2020;143;IP AIEP;Institutos Profesionales;30;TECNICO JURIDICO;Técnico de Nivel Superior;Derecho;Semipresencial;Semipresencial;Semipresencial;Resto IP+CFT;16
bcc036a0b76f10becbf2bdc6100e995a;2020;143;IP AIEP;Institutos Profesionales;30;TECNICO JURIDICO;Técnico de Nivel Superior;Derecho;No Presencial;A Distancia;No presencial;Resto IP+CFT;110
ef7d6dc6b1f588a861502b56d6f52159;2020;143;IP AIEP;Institutos Profesionales;28;TRABAJO SOCIAL;Profesional Sin Licenciatura;Ciencias Sociales;No Presencial;A Distancia;No presencial;Resto IP+CFT;143
ccf61be536502f4fe8a1644350706f68;2020;123;IP DE CHILE;Institutos Profesionales;56;ASISTENTE EN EDUCACION DE PARVULOS;Técnico de Nivel Superior;Educación;No Presencial;A Distancia;No presencial;Resto IP+CFT;15
4c331c635a38306fe140cb3b3d639a3e;2020;123;IP DE CHILE;Institutos Profesionales;16;ASISTENTE JURIDICO;Técnico de Nivel Superior;Derecho;No Presencial;A Distancia;No presencial;Resto IP+CFT;17
28d02619f62c30a93c0ede88f9b4a952;2020;123;IP DE CHILE;Institutos Profesionales;9;AUDITORIA;Profesional Sin Licenciatura;Administración y Comercio;No Presencial;A Distancia;No presencial;Resto IP+CFT;25
0c7c14a4b0636d8f30037939cbaa2a29;2020;123;IP DE CHILE;Institutos Profesionales;49;CONTABILIDAD GENERAL;Técnico de Nivel Superior;Administración y Comercio;No Presencial;A Distancia;No presencial;Resto IP+CFT;22
0383ab125fb722f42392bc0f2ca1ca18;2020;123;IP DE CHILE;Institutos Profesionales;37;INGENIERIA EN ADMINISTRACION DE EMPRESAS;Profesional Sin Licenciatura;Administración y Comercio;No Presencial;A Distancia;No presencial;Resto IP+CFT;40
2353b03473d159e55413a0d39654f669;2020;123;IP DE CHILE;Institutos Profesionales;198;INGENIERIA EN ADMINISTRACION PUBLICA;Profesional Sin Licenciatura;Ciencias Sociales;No Presencial;A Distancia;No presencial;Resto IP+CFT;40
66cd882eff0a1750cce766cd0eb1b900;2020;123;IP DE CHILE;Institutos Profesionales;199;INGENIERIA EN GESTION E INNOVACION DIGITAL DE NEGOCIOS;Profesional Sin Licenciatura;Administración y Comercio;No Presencial;A Distancia;No presencial;Resto IP+CFT;20
b99d6fe98b894eef21700258515d560e;2020;123;IP DE CHILE;Institutos Profesionales;45;INGENIERIA EN PREVENCION DE RIESGOS;Profesional Sin Licenciatura;Tecnología;No Presencial;A Distancia;No presencial;Resto IP+CFT;13
5ad23b72bd3b4e88d5e901a266561a86;2020;123;IP DE CHILE;Institutos Profesionales;201;TECNICO DE NIVEL SUPERIOR EN ADMINISTRACION PUBLICA;Técnico de Nivel Superior;Ciencias Sociales;No Presencial;A Distancia;No presencial;Resto IP+CFT;22
d6e4ff85903ffde979882628e6d639ff;2020;123;IP DE CHILE;Institutos Profesionales;203;TECNICO DE NIVEL SUPERIOR EN GESTION AMBIENTAL Y SUSTENTABILIDAD;Técnico de Nivel Superior;Tecnología;No Presencial;A Distancia;No presencial;Resto IP+CFT;17
f5d4bf25301fe68a7b71aee78fe9337f;2020;123;IP DE CHILE;Institutos Profesionales;204;TECNICO DE NIVEL SUPERIOR EN GESTION DE NEGOCIOS DIGITALES;Técnico de Nivel Superior;Administración y Comercio;No Presencial;A Distancia;No presencial;Resto IP+CFT;8
c611a218cd1fca031b726619bf0540ce;2020;123;IP DE CHILE;Institutos Profesionales;48;TECNICO EN ADMINISTRACION DE EMPRESAS;Técnico de Nivel Superior;Administración y Comercio;No Presencial;A Distancia;No presencial;Resto IP+CFT;86
baf6d26cd1ae6469c555e0fca4cba271;2020;123;IP DE CHILE;Institutos Profesionales;191;TECNICO EN ADMINISTRACION Y GESTION DE SALUD;Técnico de Nivel Superior;Administración y Comercio;No Presencial;A Distancia;No presencial;Resto IP+CFT;16
ec47928fd0d60d83654c99830818e3e3;2020;123;IP DE CHILE;Institutos Profesionales;128;TECNICO EN PREVENCION DE RIESGOS;Técnico de Nivel Superior;Tecnología;No Presencial;A Distancia;No presencial;Resto IP+CFT;14
a27a372ece3fbb5d71b89cffdbd899c3;2020;123;IP DE CHILE;Institutos Profesionales;151;TECNICO TRABAJO SOCIAL;Técnico de Nivel Superior;Ciencias Sociales;No Presencial;A Distancia;No presencial;Resto IP+CFT;24
1987b1cf4199a9f55800a16acbd214c0;2020;123;IP DE CHILE;Institutos Profesionales;18;TRABAJO SOCIAL;Profesional Sin Licenciatura;Ciencias Sociales;No Presencial;A Distancia;No presencial;Resto IP+CFT;47
494bff7005fd41967b38fc80dbfb2b84;2020;176;IP DEL VALLE CENTRAL;Institutos Profesionales;545;INGENIERIA DE EJECUCION EN ADMINISTRACION DE EMPRESAS;Profesional Sin Licenciatura;Administración y Comercio;No Presencial;A Distancia;No presencial;Resto IP+CFT;4
af3e0b1fb91bf13ea1a19705e2d7ec1e;2020;176;IP DEL VALLE CENTRAL;Institutos Profesionales;778;INGENIERIA DE EJECUCION EN ADMINISTRACION DE EMPRESAS, CONTINUIDAD;Profesional Sin Licenciatura;Administración y Comercio;Semipresencial;Semipresencial;Semipresencial;Resto IP+CFT;13
f40897b7257fdc44027f1f71016ee607;2020;176;IP DEL VALLE CENTRAL;Institutos Profesionales;778;INGENIERIA DE EJECUCION EN ADMINISTRACION DE EMPRESAS, CONTINUIDAD;Profesional Sin Licenciatura;Administración y Comercio;No Presencial;A Distancia;No presencial;Resto IP+CFT;3
cf1748764d0a1014b8123a1700b50a87;2020;176;IP DEL VALLE CENTRAL;Institutos Profesionales;868;INGENIERIA DE EJECUCION EN ADMINISTRACION PUBLICA;Profesional Sin Licenciatura;Ciencias Sociales;No Presencial;A Distancia;No presencial;Resto IP+CFT;3
c3e36ab5e74a9bf5c982f16f31cce2f8;2020;176;IP DEL VALLE CENTRAL;Institutos Profesionales;576;INGENIERIA DE EJECUCION EN ADMINISTRACION PUBLICA, CONTINUIDAD;Profesional Sin Licenciatura;Ciencias Sociales;No Presencial;A Distancia;No presencial;Resto IP+CFT;4
13dd5c0f7ae76f665a0c4293e3eb3457;2020;176;IP DEL VALLE CENTRAL;Institutos Profesionales;880;INGENIERIA DE EJECUCION EN GESTION DE SEGURIDAD PRIVADA;Profesional Sin Licenciatura;Administración y Comercio;No Presencial;A Distancia;No presencial;Resto IP+CFT;134
3e675a603c2d130728882203a66930a2;2020;176;IP DEL VALLE CENTRAL;Institutos Profesionales;42;PSICOPEDAGOGIA;Profesional Sin Licenciatura;Educación;No Presencial;A Distancia;No presencial;Resto IP+CFT;8
2377419ee83b20c3430341027b9dbafa;2020;176;IP DEL VALLE CENTRAL;Institutos Profesionales;766;TECNICO DE NIVEL SUPERIOR EN ADMINISTRACION DE EMPRESAS;Técnico de Nivel Superior;Administración y Comercio;No Presencial;A Distancia;No presencial;Resto IP+CFT;2
4d1a960615d0b1fa326a066d0960f159;2020;176;IP DEL VALLE CENTRAL;Institutos Profesionales;789;TECNICO DE NIVEL SUPERIOR EN ADMINISTRACION DE EMPRESAS MENCION FINANZAS Y CONTABILIDAD;Técnico de Nivel Superior;Administración y Comercio;No Presencial;A Distancia;No presencial;Resto IP+CFT;2
2d8bb7e70045fd311df6e421d94846a2;2020;176;IP DEL VALLE CENTRAL;Institutos Profesionales;115;TECNICO DE NIVEL SUPERIOR EN ADMINISTRACION DE EMPRESAS MENCION RECURSOS HUMANOS;Técnico de Nivel Superior;Administración y Comercio;No Presencial;A Distancia;No presencial;Resto IP+CFT;4
1b77bfab70a43406237f6387afc40d89;2020;176;IP DEL VALLE CENTRAL;Institutos Profesionales;585;TECNICO DE NIVEL SUPERIOR EN ADMINISTRACION EN SALUD;Técnico de Nivel Superior;Administración y Comercio;No Presencial;A Distancia;No presencial;Resto IP+CFT;5
39f67ebf4ed0f3c146a38491b4b09dd1;2020;176;IP DEL VALLE CENTRAL;Institutos Profesionales;862;TECNICO DE NIVEL SUPERIOR EN ADMINISTRACION MENCION GESTION MUNICIPAL;Técnico de Nivel Superior;Ciencias Sociales;No Presencial;A Distancia;No presencial;Resto IP+CFT;1
04ec226d7e56a3e09c4db8499d39642d;2020;176;IP DEL VALLE CENTRAL;Institutos Profesionales;831;TECNICO DE NIVEL SUPERIOR EN ASISTENTE DE LA EDUCACION;Técnico de Nivel Superior;Educación;No Presencial;A Distancia;No presencial;Resto IP+CFT;2
5b8d721a3779ebfd6442ca53298e5267;2020;176;IP DEL VALLE CENTRAL;Institutos Profesionales;68;TECNICO DE NIVEL SUPERIOR EN EDUCACION DIFERENCIAL;Técnico de Nivel Superior;Educación;No Presencial;A Distancia;No presencial;Resto IP+CFT;5
842b843b125c99e3073483e05b7b95cc;2020;176;IP DEL VALLE CENTRAL;Institutos Profesionales;68;TECNICO DE NIVEL SUPERIOR EN EDUCACION DIFERENCIAL;Técnico de Nivel Superior;Educación;Semipresencial;Semipresencial;Semipresencial;Resto IP+CFT;2
3e76f1afec826595aa5afcafbe78775c;2020;176;IP DEL VALLE CENTRAL;Institutos Profesionales;41;TECNICO DE NIVEL SUPERIOR EN EDUCACION PARVULARIA;Técnico de Nivel Superior;Educación;No Presencial;A Distancia;No presencial;Resto IP+CFT;15
4ae320ab9fa4c1210a228f1ac5a1bfb2;2020;176;IP DEL VALLE CENTRAL;Institutos Profesionales;41;TECNICO DE NIVEL SUPERIOR EN EDUCACION PARVULARIA;Técnico de Nivel Superior;Educación;Semipresencial;Semipresencial;Semipresencial;Resto IP+CFT;1
adaef4fac804d4a290bef01630e4db65;2020;176;IP DEL VALLE CENTRAL;Institutos Profesionales;874;TECNICO DE NIVEL SUPERIOR EN LOGISTICA Y OPERACIONES INDUSTRIALES;Técnico de Nivel Superior;Administración y Comercio;No Presencial;A Distancia;No presencial;Resto IP+CFT;3
186d0e0baa40ee12446d44930d6ddd2c;2020;176;IP DEL VALLE CENTRAL;Institutos Profesionales;40;TECNICO DE NIVEL SUPERIOR EN TRABAJO SOCIAL;Técnico de Nivel Superior;Ciencias Sociales;Semipresencial;Semipresencial;Semipresencial;Resto IP+CFT;26
cc285dda6e8bc3653373f31f99f03263;2020;176;IP DEL VALLE CENTRAL;Institutos Profesionales;40;TECNICO DE NIVEL SUPERIOR EN TRABAJO SOCIAL;Técnico de Nivel Superior;Ciencias Sociales;No Presencial;A Distancia;No presencial;Resto IP+CFT;9
d95a6a2549030775bf1f4c818fa685eb;2020;176;IP DEL VALLE CENTRAL;Institutos Profesionales;3;TRABAJO SOCIAL;Profesional Sin Licenciatura;Ciencias Sociales;No Presencial;A Distancia;No presencial;Resto IP+CFT;5
7620b8e208ff72b816879fb0013405c6;2020;120;IP DIEGO PORTALES;Institutos Profesionales;241;BIBLIOTECOLOGIA DISTANCIA;Técnico de Nivel Superior;Humanidades;No Presencial;A Distancia;No presencial;Resto IP+CFT;32
fdd5203bf4ca7d9c0ff20ac152020c64;2020;120;IP DIEGO PORTALES;Institutos Profesionales;101;CONTADOR AUDITOR A DISTANCIA;Profesional Sin Licenciatura;Administración y Comercio;No Presencial;A Distancia;No presencial;Resto IP+CFT;17
f0f2145102715dd4de5b4fb8f3bbb042;2020;120;IP DIEGO PORTALES;Institutos Profesionales;104;INGENIERIA EN ADMINISTRACION DE EMPRESAS A DISTANCIA;Profesional Sin Licenciatura;Administración y Comercio;No Presencial;A Distancia;No presencial;Resto IP+CFT;38
62bbc957ea99745a0ace782e0f19a952;2020;120;IP DIEGO PORTALES;Institutos Profesionales;235;INGENIERIA EN ADMINISTRACION PUBLICA Y MUNICIPAL A DISTANCIA;Profesional Sin Licenciatura;Ciencias Sociales;No Presencial;A Distancia;No presencial;Resto IP+CFT;31
4084e7c2dc326328bc599e4a81a67df3;2020;120;IP DIEGO PORTALES;Institutos Profesionales;105;INGENIERIA EN PREVENCION DE RIESGOS A DISTANCIA;Profesional Sin Licenciatura;Tecnología;No Presencial;A Distancia;No presencial;Resto IP+CFT;25
e625e4a78fd9b7b11071abff5d825526;2020;120;IP DIEGO PORTALES;Institutos Profesionales;272;RELACIONES PUBLICAS;Profesional Sin Licenciatura;Ciencias Sociales;No Presencial;A Distancia;No presencial;Resto IP+CFT;11
d3b228825d08ae6686221555d1a007a3;2020;120;IP DIEGO PORTALES;Institutos Profesionales;114;SERVICIO SOCIAL A DISTANCIA;Profesional Sin Licenciatura;Ciencias Sociales;No Presencial;A Distancia;No presencial;Resto IP+CFT;82
9a1eef1da11b47ba397e64cc2eca4220;2020;120;IP DIEGO PORTALES;Institutos Profesionales;237;TECNICO EN LOGISTICA OPERATIVA A DISTANCIA;Técnico de Nivel Superior;Administración y Comercio;No Presencial;A Distancia;No presencial;Resto IP+CFT;11
7afc8a935192a4213f6714b5d526ab70;2020;111;IP DUOC UC;Institutos Profesionales;285;ADMINISTRACION DE EMPRESAS MENCION MARKETING PEV;Técnico de Nivel Superior;Administración y Comercio;Semipresencial;Vespertina;Semipresencial;Resto IP+CFT;89
c3bf6380b3e04ab6d97265f4c213e7a9;2020;111;IP DUOC UC;Institutos Profesionales;259;ADMINISTRACION FINANCIERA PEV;Técnico de Nivel Superior;Administración y Comercio;Semipresencial;Vespertina;Semipresencial;Resto IP+CFT;93
79b6f7d563796eb944ed3deaf2af5d2d;2020;111;IP DUOC UC;Institutos Profesionales;6;AUDITORIA;Profesional Sin Licenciatura;Administración y Comercio;Semipresencial;Vespertina;Semipresencial;Resto IP+CFT;3
f472179f26658d1d0710529170657144;2020;111;IP DUOC UC;Institutos Profesionales;410;AUDITORIA PEV;Profesional Sin Licenciatura;Administración y Comercio;Semipresencial;Vespertina;Semipresencial;Resto IP+CFT;12
81ad19bf4f6b342c101c670c2b590121;2020;111;IP DUOC UC;Institutos Profesionales;204;CONTABILIDAD GENERAL MENCION LEGISLACION TRIBUTARIA PEV;Técnico de Nivel Superior;Administración y Comercio;Semipresencial;Vespertina;Semipresencial;Resto IP+CFT;54
d6b274d16c88302cbdf5e07298223212;2020;111;IP DUOC UC;Institutos Profesionales;139;INGENIERIA EN ADMINISTRACION PEV;Profesional Sin Licenciatura;Administración y Comercio;Semipresencial;Vespertina;Semipresencial;Resto IP+CFT;18
1ad8999e9e6cb40f669332230aac6adf;2020;111;IP DUOC UC;Institutos Profesionales;145;INGENIERIA EN GESTION LOGISTICA;Profesional Sin Licenciatura;Administración y Comercio;Semipresencial;Vespertina;Semipresencial;Resto IP+CFT;4
8a6ba6364664f72876ea8fef50209c1d;2020;111;IP DUOC UC;Institutos Profesionales;441;INGENIERIA EN GESTION LOGISTICA PEV;Profesional Sin Licenciatura;Administración y Comercio;Semipresencial;Vespertina;Semipresencial;Resto IP+CFT;12
f98239ebc2c26d78e45372941cd78d81;2020;111;IP DUOC UC;Institutos Profesionales;52;INGENIERIA EN MARKETING;Profesional Sin Licenciatura;Administración y Comercio;Semipresencial;Diurna;Semipresencial;Resto IP+CFT;35
4a50fecf7a879dd467e45189d3692845;2020;111;IP DUOC UC;Institutos Profesionales;422;TECNICO EN GESTION LOGISTICA;Técnico de Nivel Superior;Administración y Comercio;Semipresencial;Vespertina;Semipresencial;Resto IP+CFT;14
85c70ec845d222d39b58f471d87b91c4;2020;111;IP DUOC UC;Institutos Profesionales;309;TECNICO EN GESTION LOGISTICA PEV;Técnico de Nivel Superior;Administración y Comercio;Semipresencial;Vespertina;Semipresencial;Resto IP+CFT;150
7955e75d00acaaa7fd264094830aecc0;2020;171;IP ESCUELA DE COMERCIO DE SANTIAGO;Institutos Profesionales;65;ADMINISTRACION EN COMERCIO EXTERIOR;Técnico de Nivel Superior;Administración y Comercio;No Presencial;A Distancia;No presencial;ECS;1
3f94875fa5c3278c3afc3df5d1fdb79c;2020;171;IP ESCUELA DE COMERCIO DE SANTIAGO;Institutos Profesionales;56;CONTADOR AUDITOR;Profesional Sin Licenciatura;Administración y Comercio;No Presencial;A Distancia;No presencial;ECS;26
452d126c2618a49bd8c4c3459fee8120;2020;171;IP ESCUELA DE COMERCIO DE SANTIAGO;Institutos Profesionales;66;FINANZAS;Técnico de Nivel Superior;Administración y Comercio;No Presencial;A Distancia;No presencial;ECS;1
486ce8aa11f7f02924dbbdab94020e27;2020;171;IP ESCUELA DE COMERCIO DE SANTIAGO;Institutos Profesionales;39;INGENIERIA EN ADMINISTRACION DE EMPRESAS;Profesional Sin Licenciatura;Administración y Comercio;No Presencial;A Distancia;No presencial;ECS;21
a0c00209aed0d76545809f66cab3f0b4;2020;171;IP ESCUELA DE COMERCIO DE SANTIAGO;Institutos Profesionales;24;INGENIERIA EN ADMINISTRACION DE RECURSOS HUMANOS;Profesional Sin Licenciatura;Administración y Comercio;No Presencial;A Distancia;No presencial;ECS;10
4872f6317439f6a9b46dd1ffb8b0dc62;2020;171;IP ESCUELA DE COMERCIO DE SANTIAGO;Institutos Profesionales;26;INGENIERIA EN COMERCIO INTERNACIONAL;Profesional Sin Licenciatura;Administración y Comercio;No Presencial;A Distancia;No presencial;ECS;20
98e0667592badcee20f0d78cf7d185a2;2020;171;IP ESCUELA DE COMERCIO DE SANTIAGO;Institutos Profesionales;27;INGENIERIA EN FINANZAS;Profesional Sin Licenciatura;Administración y Comercio;No Presencial;A Distancia;No presencial;ECS;10
c3085260e749d0ff29ce286c925770b7;2020;171;IP ESCUELA DE COMERCIO DE SANTIAGO;Institutos Profesionales;28;INGENIERIA EN LOGISTICA;Profesional Sin Licenciatura;Administración y Comercio;No Presencial;A Distancia;No presencial;ECS;18
0dadfdf861562bdb6a1e63037b100c67;2020;132;IP ESUCOMEX;Institutos Profesionales;12;COMERCIO EXTERIOR;Técnico de Nivel Superior;Administración y Comercio;Semipresencial;Vespertina;Semipresencial;Resto IP+CFT;1
e2b880b5ff1aafd66c979d0c3d465f21;2020;132;IP ESUCOMEX;Institutos Profesionales;90;INGENIERIA EN GESTION COMERCIAL;Profesional Sin Licenciatura;Administración y Comercio;Semipresencial;Vespertina;Semipresencial;Resto IP+CFT;4
47a9e59e93e15215e7a4c3103d33d863;2020;132;IP ESUCOMEX;Institutos Profesionales;126;INGENIERIA EN GESTION LOGISTICA;Profesional Sin Licenciatura;Administración y Comercio;Semipresencial;Vespertina;Semipresencial;Resto IP+CFT;1
aa15ac91218b45eac01014076604a520;2020;117;IP IACC;Institutos Profesionales;96;ADMINISTRACION PUBLICA;Profesional Sin Licenciatura;Ciencias Sociales;No Presencial;A Distancia;No presencial;Resto IP+CFT;63
5d3578ae77045aee3dd7e4b3b4e8ef9c;2020;117;IP IACC;Institutos Profesionales;30;CONTABILIDAD GENERAL;Técnico de Nivel Superior;Administración y Comercio;No Presencial;A Distancia;No presencial;Resto IP+CFT;305
e03d27b197382ff12334603db5b85bba;2020;117;IP IACC;Institutos Profesionales;65;CONTADOR AUDITOR;Profesional Sin Licenciatura;Administración y Comercio;No Presencial;A Distancia;No presencial;Resto IP+CFT;45
abb48be8b4314d2cd9c615d401caa077;2020;117;IP IACC;Institutos Profesionales;2;INGENIERIA EN ADMINISTRACION DE EMPRESAS;Profesional Sin Licenciatura;Administración y Comercio;No Presencial;A Distancia;No presencial;Resto IP+CFT;149
3e4a3686f7200d31c1f9a411ea70be6a;2020;117;IP IACC;Institutos Profesionales;101;INGENIERIA EN GESTION DE CALIDAD Y AMBIENTE;Profesional Sin Licenciatura;Administración y Comercio;No Presencial;A Distancia;No presencial;Resto IP+CFT;43
246932f9aee65f1653cb72b52909116c;2020;117;IP IACC;Institutos Profesionales;57;INGENIERIA EN INFORMATICA;Profesional Sin Licenciatura;Tecnología;No Presencial;A Distancia;No presencial;Resto IP+CFT;87
d561b7d1fee1ca847d9903b1b3ee1a33;2020;117;IP IACC;Institutos Profesionales;27;INGENIERIA EN PREVENCION DE RIESGOS;Profesional Sin Licenciatura;Tecnología;No Presencial;A Distancia;No presencial;Resto IP+CFT;43
8379bfdd4e5d6182c47e9477ef791949;2020;117;IP IACC;Institutos Profesionales;29;INGENIERIA EN RECURSOS HUMANOS;Profesional Sin Licenciatura;Administración y Comercio;No Presencial;A Distancia;No presencial;Resto IP+CFT;62
e0c794611fe829b4c91d6d93c781be0f;2020;117;IP IACC;Institutos Profesionales;67;INGENIERIA INDUSTRIAL;Profesional Sin Licenciatura;Tecnología;No Presencial;A Distancia;No presencial;Resto IP+CFT;381
d6b645e7e70ecea15a8a3fe2c96a87a3;2020;117;IP IACC;Institutos Profesionales;91;PSICOPEDAGOGIA;Profesional Sin Licenciatura;Educación;No Presencial;A Distancia;No presencial;Resto IP+CFT;131
27ee432edb8bc3156954e2785bc9c68c;2020;117;IP IACC;Institutos Profesionales;84;TECNICO DE NIVEL SUPERIOR AMBIENTAL Y GESTION ENERGETICA;Técnico de Nivel Superior;Tecnología;No Presencial;A Distancia;No presencial;Resto IP+CFT;8
3c106a9a64c430ba75de541a7d317033;2020;117;IP IACC;Institutos Profesionales;58;TECNICO DE NIVEL SUPERIOR EDUCADOR SOCIAL INFANTOJUVENIL;Técnico de Nivel Superior;Ciencias Sociales;No Presencial;A Distancia;No presencial;Resto IP+CFT;50
2708a79cdfe0c95aa57778868c9184e1;2020;117;IP IACC;Institutos Profesionales;68;TECNICO DE NIVEL SUPERIOR EN ADMINISTRACION DE REDES;Técnico de Nivel Superior;Tecnología;No Presencial;A Distancia;No presencial;Resto IP+CFT;53
a33cce02e3ed8dab2f15b30ac30ed0c9;2020;117;IP IACC;Institutos Profesionales;31;TECNICO DE NIVEL SUPERIOR EN ADMINISTRACION PUBLICA;Técnico de Nivel Superior;Ciencias Sociales;No Presencial;A Distancia;No presencial;Resto IP+CFT;175
e35c406159583632b309cad5aa3303c4;2020;117;IP IACC;Institutos Profesionales;46;TECNICO DE NIVEL SUPERIOR EN ANALISIS Y PROGRAMACION COMPUTACIONAL;Técnico de Nivel Superior;Tecnología;No Presencial;A Distancia;No presencial;Resto IP+CFT;113
2109874ad3b16bd015be544007c38183;2020;117;IP IACC;Institutos Profesionales;90;TECNICO DE NIVEL SUPERIOR EN AUTOMATIZACION Y CONTROL;Técnico de Nivel Superior;Tecnología;No Presencial;A Distancia;No presencial;Resto IP+CFT;279
15a59e32795ea56da0dacdcdd77dad29;2020;117;IP IACC;Institutos Profesionales;97;TECNICO DE NIVEL SUPERIOR EN CIBERSEGURIDAD;Técnico de Nivel Superior;Tecnología;No Presencial;A Distancia;No presencial;Resto IP+CFT;76
8a535772f31e86b152442a5cb2764896;2020;117;IP IACC;Institutos Profesionales;69;TECNICO DE NIVEL SUPERIOR EN CONTROL INDUSTRIAL;Técnico de Nivel Superior;Tecnología;No Presencial;A Distancia;No presencial;Resto IP+CFT;471
e52a09bb84bd12a3bffa268beaef8e7d;2020;117;IP IACC;Institutos Profesionales;70;TECNICO DE NIVEL SUPERIOR EN EDUCACION DIFERENCIAL;Técnico de Nivel Superior;Educación;No Presencial;A Distancia;No presencial;Resto IP+CFT;179
e0c0c2a56a85be66482e975b2747eb10;2020;117;IP IACC;Institutos Profesionales;71;TECNICO DE NIVEL SUPERIOR EN EDUCACION PARVULARIA;Técnico de Nivel Superior;Educación;No Presencial;A Distancia;No presencial;Resto IP+CFT;205
e472ba4680101e9c8baf34a96676b243;2020;117;IP IACC;Institutos Profesionales;59;TECNICO DE NIVEL SUPERIOR EN GESTION DE CALIDAD Y AMBIENTE;Técnico de Nivel Superior;Tecnología;No Presencial;A Distancia;No presencial;Resto IP+CFT;150
a1906524b8aacc83ff60495e9c8ffc60;2020;117;IP IACC;Institutos Profesionales;102;TECNICO DE NIVEL SUPERIOR EN GESTION ENERGETICA;Técnico de Nivel Superior;Tecnología;No Presencial;A Distancia;No presencial;Resto IP+CFT;44
b163c8cb673e40522aa42b58e2ff47bc;2020;117;IP IACC;Institutos Profesionales;17;TECNICO DE NIVEL SUPERIOR EN INFORMATICA;Técnico de Nivel Superior;Tecnología;No Presencial;A Distancia;No presencial;Resto IP+CFT;204
41805e7030d656c779dca78a3b31bb7f;2020;117;IP IACC;Institutos Profesionales;60;TECNICO DE NIVEL SUPERIOR EN LOGISTICA;Técnico de Nivel Superior;Administración y Comercio;No Presencial;A Distancia;No presencial;Resto IP+CFT;221
901fd7726c7361967e9302083362253f;2020;117;IP IACC;Institutos Profesionales;73;TECNICO DE NIVEL SUPERIOR EN PROCESOS MINEROS;Técnico de Nivel Superior;Tecnología;No Presencial;A Distancia;No presencial;Resto IP+CFT;216
ece13bea05eb760ed951a1ac7a953c19;2020;117;IP IACC;Institutos Profesionales;61;TECNICO DE NIVEL SUPERIOR EN RECURSOS HUMANOS;Técnico de Nivel Superior;Administración y Comercio;No Presencial;A Distancia;No presencial;Resto IP+CFT;197
51b8bec89ff14a29e36d2bf95ba82b3d;2020;117;IP IACC;Institutos Profesionales;32;TECNICO DE NIVEL SUPERIOR EN RELACIONES PUBLICAS Y COMUNICACIONES;Técnico de Nivel Superior;Ciencias Sociales;No Presencial;A Distancia;No presencial;Resto IP+CFT;9
c50506bddc08ef486897c48f219e663b;2020;117;IP IACC;Institutos Profesionales;103;TECNICO DE NIVEL SUPERIOR EN TELECOMUNICACIONES;Técnico de Nivel Superior;Tecnología;No Presencial;A Distancia;No presencial;Resto IP+CFT;96
d015a4d1ac6ac3235460708b51729f24;2020;117;IP IACC;Institutos Profesionales;62;TECNICO DE NIVEL SUPERIOR EN TRABAJO SOCIAL;Técnico de Nivel Superior;Ciencias Sociales;No Presencial;A Distancia;No presencial;Resto IP+CFT;262
2bd0611eed1d5e07917ccf409b25afa5;2020;117;IP IACC;Institutos Profesionales;63;TECNICO DE NIVEL SUPERIOR JURIDICO;Técnico de Nivel Superior;Derecho;No Presencial;A Distancia;No presencial;Resto IP+CFT;140
abf4bb7e655f80d0b5ab2ca93d11608e;2020;117;IP IACC;Institutos Profesionales;35;TECNICO EN PREVENCION DE RIESGOS;Técnico de Nivel Superior;Tecnología;No Presencial;A Distancia;No presencial;Resto IP+CFT;168
aa1c346119d9e21e9ada36abbfea1a7a;2020;117;IP IACC;Institutos Profesionales;1;TECNICO SUPERIOR EN ADMINISTRACION DE EMPRESAS;Técnico de Nivel Superior;Administración y Comercio;No Presencial;A Distancia;No presencial;Resto IP+CFT;890
aa05fc57604afe7db31330de08131ece;2020;117;IP IACC;Institutos Profesionales;83;TRABAJO SOCIAL;Profesional Sin Licenciatura;Ciencias Sociales;No Presencial;A Distancia;No presencial;Resto IP+CFT;94
965746e5072f67a52452db6c1ef020c9;2020;103;IP INSTITUTO DE ESTUDIOS BANCARIOS GUILLERMO SUBERCASEAUX;Institutos Profesionales;82;INGENIERIA EN ADMINISTRACION DE EMPRESAS FINANCIERAS;Profesional Sin Licenciatura;Administración y Comercio;Semipresencial;Semipresencial;Semipresencial;Resto IP+CFT;28
811903e90604302fb99e25bc863478f6;2020;103;IP INSTITUTO DE ESTUDIOS BANCARIOS GUILLERMO SUBERCASEAUX;Institutos Profesionales;4;INGENIERIA FINANCIERA;Profesional Sin Licenciatura;Administración y Comercio;Semipresencial;Semipresencial;Semipresencial;Resto IP+CFT;34
65cce83b53dea95af92a733a11c6c56f;2020;103;IP INSTITUTO DE ESTUDIOS BANCARIOS GUILLERMO SUBERCASEAUX;Institutos Profesionales;2;TECNICO FINANCIERO;Técnico de Nivel Superior;Administración y Comercio;Semipresencial;Semipresencial;Semipresencial;Resto IP+CFT;24
b6e53beef145f554b38d29e444483be5;2020;113;IP IPG;Institutos Profesionales;533;TECNICO DE NIVEL SUPERIOR COMERCIO EXTERIOR MENCION COMERCIO ELECTRONICO;Técnico de Nivel Superior;Administración y Comercio;No Presencial;A Distancia;No presencial;Resto IP+CFT;10
dc785f7945ab918ceb311495cebdc4d6;2020;113;IP IPG;Institutos Profesionales;520;TECNICO DE NIVEL SUPERIOR EN GESTION DOCUMENTAL Y ARCHIVISTICA;Técnico de Nivel Superior;Humanidades;No Presencial;A Distancia;No presencial;Resto IP+CFT;9
9b885f6c145909c1e66fba23924c5839;2020;113;IP IPG;Institutos Profesionales;496;TECNICO DE NIVEL SUPERIOR EN GESTION LOGISTICA;Técnico de Nivel Superior;Administración y Comercio;No Presencial;A Distancia;No presencial;Resto IP+CFT;25
0c1bb26b78726013ccd288bbb0e35be3;2020;113;IP IPG;Institutos Profesionales;507;TECNICO DE NIVEL SUPERIOR EN GESTION PUBLICA Y MUNICIPAL;Técnico de Nivel Superior;Ciencias Sociales;No Presencial;A Distancia;No presencial;Resto IP+CFT;24
5d2ffee5c6604d233e2f522aacb91cf2;2020;152;IP LATINOAMERICANO DE COMERCIO EXTERIOR - IPLACEX;Institutos Profesionales;274;ADMINISTRACION PUBLICA;Profesional Sin Licenciatura;Ciencias Sociales;No Presencial;A Distancia;No presencial;Resto IP+CFT;413
5e5b9731e22f734e05eaade0aee364f0;2020;152;IP LATINOAMERICANO DE COMERCIO EXTERIOR - IPLACEX;Institutos Profesionales;274;ADMINISTRACION PUBLICA;Profesional Sin Licenciatura;Ciencias Sociales;Semipresencial;Vespertina;Semipresencial;Resto IP+CFT;1
0fcc70147450d0f4a4d8730cfbbeab13;2020;152;IP LATINOAMERICANO DE COMERCIO EXTERIOR - IPLACEX;Institutos Profesionales;9;AUDITORIA;Profesional Sin Licenciatura;Administración y Comercio;No Presencial;A Distancia;No presencial;Resto IP+CFT;102
056e06e79e651afede08a02531e97bf1;2020;152;IP LATINOAMERICANO DE COMERCIO EXTERIOR - IPLACEX;Institutos Profesionales;295;CONTABILIDAD;Técnico de Nivel Superior;Administración y Comercio;No Presencial;A Distancia;No presencial;Resto IP+CFT;84
c9b9f465f5b22d8039accf57d6a4fd18;2020;152;IP LATINOAMERICANO DE COMERCIO EXTERIOR - IPLACEX;Institutos Profesionales;314;INGENIERIA DE EJECUCION EN ADMINISTRACION MENCION GESTION MUNICIPAL;Profesional Sin Licenciatura;Ciencias Sociales;No Presencial;A Distancia;No presencial;Resto IP+CFT;23
c8e2ead04aa86b7be3ebaef947ead593;2020;152;IP LATINOAMERICANO DE COMERCIO EXTERIOR - IPLACEX;Institutos Profesionales;363;INGENIERIA DE EJECUCION EN ADMINISTRACION MENCION GESTION Y DESARROLLO LOCAL Y REGIONAL;Profesional Sin Licenciatura;Administración y Comercio;No Presencial;A Distancia;No presencial;Resto IP+CFT;10
6d49b13e13091c703f4fff2b35ad4eb9;2020;152;IP LATINOAMERICANO DE COMERCIO EXTERIOR - IPLACEX;Institutos Profesionales;107;INGENIERIA EN ADMINISTRACION DE EMPRESAS;Profesional Sin Licenciatura;Administración y Comercio;No Presencial;A Distancia;No presencial;Resto IP+CFT;209
430f921537abb9dadfae26b5f8c60b49;2020;152;IP LATINOAMERICANO DE COMERCIO EXTERIOR - IPLACEX;Institutos Profesionales;325;INGENIERIA EN ADMINISTRACION MENCION SEGURIDAD PRIVADA;Profesional Sin Licenciatura;Administración y Comercio;No Presencial;A Distancia;No presencial;Resto IP+CFT;392
9410267c4ad04126403bdd6494af4dca;2020;152;IP LATINOAMERICANO DE COMERCIO EXTERIOR - IPLACEX;Institutos Profesionales;1;INGENIERIA EN COMERCIO EXTERIOR;Profesional Sin Licenciatura;Administración y Comercio;No Presencial;A Distancia;No presencial;Resto IP+CFT;46
07f4f8210a7b4e73c390f7fc6646d1da;2020;152;IP LATINOAMERICANO DE COMERCIO EXTERIOR - IPLACEX;Institutos Profesionales;369;INGENIERIA EN CONTROL AUTOMATICO Y GESTION INDUSTRIAL;Profesional Sin Licenciatura;Tecnología;No Presencial;A Distancia;No presencial;Resto IP+CFT;76
5241c184b9d8e2f81d0b3b539e55a4ef;2020;152;IP LATINOAMERICANO DE COMERCIO EXTERIOR - IPLACEX;Institutos Profesionales;383;INGENIERIA EN GESTION DE CENTROS DE SALUD;Profesional Sin Licenciatura;Administración y Comercio;No Presencial;A Distancia;No presencial;Resto IP+CFT;44
7af70805b74f0b7f9ff0c5312eaf0d4f;2020;152;IP LATINOAMERICANO DE COMERCIO EXTERIOR - IPLACEX;Institutos Profesionales;38;INGENIERIA EN INFORMATICA;Profesional Sin Licenciatura;Tecnología;No Presencial;A Distancia;No presencial;Resto IP+CFT;59
6a7c86d419fb747b77ee49664633ff54;2020;152;IP LATINOAMERICANO DE COMERCIO EXTERIOR - IPLACEX;Institutos Profesionales;318;INGENIERIA EN LOGISTICA;Profesional Sin Licenciatura;Administración y Comercio;No Presencial;A Distancia;No presencial;Resto IP+CFT;75
50a2df4b86dda4d5d76e306be4871dc0;2020;152;IP LATINOAMERICANO DE COMERCIO EXTERIOR - IPLACEX;Institutos Profesionales;319;INGENIERIA EN PREVENCION DE RIESGOS, CALIDAD Y MEDIO AMBIENTE;Profesional Sin Licenciatura;Tecnología;No Presencial;A Distancia;No presencial;Resto IP+CFT;268
0050dd9ae4eecb94f0041a9535b3cb74;2020;152;IP LATINOAMERICANO DE COMERCIO EXTERIOR - IPLACEX;Institutos Profesionales;316;INGENIERIA EN RECURSOS HUMANOS;Profesional Sin Licenciatura;Administración y Comercio;No Presencial;A Distancia;No presencial;Resto IP+CFT;156
76612cc067832bdcfd26b148b5961c2b;2020;152;IP LATINOAMERICANO DE COMERCIO EXTERIOR - IPLACEX;Institutos Profesionales;21;PSICOPEDAGOGIA;Profesional Sin Licenciatura;Educación;No Presencial;A Distancia;No presencial;Resto IP+CFT;85
13f966006fd5399f13df38644b111c41;2020;152;IP LATINOAMERICANO DE COMERCIO EXTERIOR - IPLACEX;Institutos Profesionales;326;TECNICO EN ADMINISTRACION DE EMPRESAS;Técnico de Nivel Superior;Administración y Comercio;No Presencial;A Distancia;No presencial;Resto IP+CFT;164
910b7904fc12699cfa5cbdf8e08f98ee;2020;152;IP LATINOAMERICANO DE COMERCIO EXTERIOR - IPLACEX;Institutos Profesionales;327;TECNICO EN ADMINISTRACION MENCION GESTION MUNICIPAL;Técnico de Nivel Superior;Ciencias Sociales;No Presencial;A Distancia;No presencial;Resto IP+CFT;15
863fec857a9fc30f0dd0d8c1c7850785;2020;152;IP LATINOAMERICANO DE COMERCIO EXTERIOR - IPLACEX;Institutos Profesionales;278;TECNICO EN ADMINISTRACION PUBLICA;Técnico de Nivel Superior;Ciencias Sociales;No Presencial;A Distancia;No presencial;Resto IP+CFT;112
12fda0a3ab18841b6d9aa1ad64530a18;2020;152;IP LATINOAMERICANO DE COMERCIO EXTERIOR - IPLACEX;Institutos Profesionales;370;TECNICO EN ALIMENTACION Y NUTRICION;Técnico de Nivel Superior;Salud;Semipresencial;Vespertina;Semipresencial;Resto IP+CFT;16
672430dfffd2d24adcb57916a1b6bb52;2020;152;IP LATINOAMERICANO DE COMERCIO EXTERIOR - IPLACEX;Institutos Profesionales;328;TECNICO EN COMERCIO EXTERIOR;Técnico de Nivel Superior;Administración y Comercio;No Presencial;A Distancia;No presencial;Resto IP+CFT;51
3e0e1dd9d0518bfcd449b925306fb779;2020;152;IP LATINOAMERICANO DE COMERCIO EXTERIOR - IPLACEX;Institutos Profesionales;371;TECNICO EN DESARROLLO DE APLICACIONES MULTIPLATAFORMA;Técnico de Nivel Superior;Tecnología;No Presencial;A Distancia;No presencial;Resto IP+CFT;18
9af9d2bd61f3332179af4a0e3af1eaab;2020;152;IP LATINOAMERICANO DE COMERCIO EXTERIOR - IPLACEX;Institutos Profesionales;282;TECNICO EN EDUCACION ESPECIAL Y DIFERENCIAL;Técnico de Nivel Superior;Educación;No Presencial;A Distancia;No presencial;Resto IP+CFT;88
72815faff27084168b2d291eca016a72;2020;152;IP LATINOAMERICANO DE COMERCIO EXTERIOR - IPLACEX;Institutos Profesionales;281;TECNICO EN EDUCACION PARVULARIA;Técnico de Nivel Superior;Educación;No Presencial;A Distancia;No presencial;Resto IP+CFT;1
e90d2427d19f3468a3e7086c7e4ba91a;2020;152;IP LATINOAMERICANO DE COMERCIO EXTERIOR - IPLACEX;Institutos Profesionales;395;TECNICO EN EDUCACION PARVULARIA Y EDUCACION BASICA;Técnico de Nivel Superior;Educación;No Presencial;A Distancia;No presencial;Resto IP+CFT;199
b681026a6aa3be9f8110d49ffae77d98;2020;152;IP LATINOAMERICANO DE COMERCIO EXTERIOR - IPLACEX;Institutos Profesionales;22;TECNICO EN ENFERMERIA;Técnico de Nivel Superior;Salud;Semipresencial;Vespertina;Semipresencial;Resto IP+CFT;68
ea9ced328cbd646461d9bbfa4ff4db92;2020;152;IP LATINOAMERICANO DE COMERCIO EXTERIOR - IPLACEX;Institutos Profesionales;396;TECNICO EN GENERACION ELECTRICA LIMPIA;Técnico de Nivel Superior;Tecnología;No Presencial;A Distancia;No presencial;Resto IP+CFT;29
8a46d6c904af22cd5e2f2923a1722a42;2020;152;IP LATINOAMERICANO DE COMERCIO EXTERIOR - IPLACEX;Institutos Profesionales;283;TECNICO EN INFORMATICA;Técnico de Nivel Superior;Tecnología;No Presencial;A Distancia;No presencial;Resto IP+CFT;50
041bc72d57ec509f575eca8ceb25d900;2020;152;IP LATINOAMERICANO DE COMERCIO EXTERIOR - IPLACEX;Institutos Profesionales;372;TECNICO EN INSTRUMENTACION Y CONTROL INDUSTRIAL;Técnico de Nivel Superior;Tecnología;No Presencial;A Distancia;No presencial;Resto IP+CFT;72
79d6631265d12cb5d5bfeafd62d3c417;2020;152;IP LATINOAMERICANO DE COMERCIO EXTERIOR - IPLACEX;Institutos Profesionales;323;TECNICO EN LOGISTICA;Técnico de Nivel Superior;Administración y Comercio;No Presencial;A Distancia;No presencial;Resto IP+CFT;79
af569fe8e4e5c7352d32d24d9dcf817c;2020;152;IP LATINOAMERICANO DE COMERCIO EXTERIOR - IPLACEX;Institutos Profesionales;398;TECNICO EN MARKETING DIGITAL;Técnico de Nivel Superior;Administración y Comercio;No Presencial;A Distancia;No presencial;Resto IP+CFT;18
81b31c429d8ec5827b551da7cd515498;2020;152;IP LATINOAMERICANO DE COMERCIO EXTERIOR - IPLACEX;Institutos Profesionales;387;TECNICO EN MEDIACION ESCOLAR;Técnico de Nivel Superior;Educación;No Presencial;A Distancia;No presencial;Resto IP+CFT;23
0ffaf9306708adb2933f2d4492d04d14;2020;152;IP LATINOAMERICANO DE COMERCIO EXTERIOR - IPLACEX;Institutos Profesionales;50;TECNICO EN PREVENCION DE RIESGOS;Técnico de Nivel Superior;Tecnología;No Presencial;A Distancia;No presencial;Resto IP+CFT;68
4fdadb0bd934737d55d5f156365f1381;2020;152;IP LATINOAMERICANO DE COMERCIO EXTERIOR - IPLACEX;Institutos Profesionales;389;TECNICO EN PREVENCION, TRATAMIENTO Y REHABILITACION DE SUSTANCIAS;Técnico de Nivel Superior;Ciencias Sociales;No Presencial;A Distancia;No presencial;Resto IP+CFT;63
5ab020b7f8387445f06fb5952963f181;2020;152;IP LATINOAMERICANO DE COMERCIO EXTERIOR - IPLACEX;Institutos Profesionales;321;TECNICO EN RECURSOS HUMANOS;Técnico de Nivel Superior;Administración y Comercio;No Presencial;A Distancia;No presencial;Resto IP+CFT;95
4fed461c45e5330acdcfc982950ada2d;2020;152;IP LATINOAMERICANO DE COMERCIO EXTERIOR - IPLACEX;Institutos Profesionales;300;TECNICO EN TRABAJO SOCIAL;Técnico de Nivel Superior;Ciencias Sociales;No Presencial;A Distancia;No presencial;Resto IP+CFT;128
27537fb5240c013da3719ca51500465b;2020;152;IP LATINOAMERICANO DE COMERCIO EXTERIOR - IPLACEX;Institutos Profesionales;41;TRABAJO SOCIAL;Profesional Sin Licenciatura;Ciencias Sociales;No Presencial;A Distancia;No presencial;Resto IP+CFT;333
3bbc0f7043cfcbae3b4a456a773fab85;2020;106;IP PROVIDENCIA;Institutos Profesionales;10;CONTADOR AUDITOR;Profesional Sin Licenciatura;Administración y Comercio;No Presencial;A Distancia;No presencial;Resto IP+CFT;53
d936f8ecd4475e8568006c23e6394848;2020;106;IP PROVIDENCIA;Institutos Profesionales;64;CONTADOR GENERAL;Técnico de Nivel Superior;Administración y Comercio;No Presencial;A Distancia;No presencial;Resto IP+CFT;65
d855cf065e138fff2e0ff8c96fa2c1d7;2020;106;IP PROVIDENCIA;Institutos Profesionales;303;DISEÑO GRAFICO DIGITAL;Profesional Sin Licenciatura;Arte y Arquitectura;No Presencial;A Distancia;No presencial;Resto IP+CFT;66
a169985514e86007c42dbdc94fa2e342;2020;106;IP PROVIDENCIA;Institutos Profesionales;262;INGENIERIA EN ADMINISTRACION MENCION MARKETING O FINANZAS O RECURSOS HUMANOS;Profesional Sin Licenciatura;Administración y Comercio;No Presencial;A Distancia;No presencial;Resto IP+CFT;116
fd57ef525555f7c243d2844bcde149d1;2020;106;IP PROVIDENCIA;Institutos Profesionales;287;INGENIERIA EN ADMINISTRACION PUBLICA Y MUNICIPAL;Profesional Sin Licenciatura;Ciencias Sociales;No Presencial;A Distancia;No presencial;Resto IP+CFT;72
52d6156318b531655886d47d10a4586e;2020;106;IP PROVIDENCIA;Institutos Profesionales;263;INGENIERIA EN CONTROL DE GESTION;Profesional Sin Licenciatura;Administración y Comercio;No Presencial;A Distancia;No presencial;Resto IP+CFT;37
ffbc665cdded875d3cb1211802f5f618;2020;106;IP PROVIDENCIA;Institutos Profesionales;6;INGENIERIA EN INFORMATICA;Profesional Sin Licenciatura;Tecnología;No Presencial;A Distancia;No presencial;Resto IP+CFT;100
1d6097157e41604e23d60c378c888273;2020;106;IP PROVIDENCIA;Institutos Profesionales;285;INGENIERIA EN INFORMATICA MENCION ANALITICA AVANZADA O CIBERSEGURIDAD;Profesional Sin Licenciatura;Tecnología;No Presencial;A Distancia;No presencial;Resto IP+CFT;1
78e8abf3d271fa4956c7432a81bdd357;2020;106;IP PROVIDENCIA;Institutos Profesionales;297;INGENIERIA INDUSTRIAL;Profesional Sin Licenciatura;Tecnología;No Presencial;A Distancia;No presencial;Resto IP+CFT;131
c102cda1d4e3143df97e09a7cc5c67d4;2020;106;IP PROVIDENCIA;Institutos Profesionales;293;PUBLICIDAD EN MARKETING DIGITAL;Profesional Sin Licenciatura;Ciencias Sociales;No Presencial;A Distancia;No presencial;Resto IP+CFT;31
9b87290a723bc0f0079f40a4f2bb65cf;2020;106;IP PROVIDENCIA;Institutos Profesionales;20;SERVICIO SOCIAL;Profesional Sin Licenciatura;Ciencias Sociales;No Presencial;A Distancia;No presencial;Resto IP+CFT;161
d678bcbaeaf8e87ce38fc500bf8f4258;2020;106;IP PROVIDENCIA;Institutos Profesionales;307;TECNICO DE NIVEL SUPERIOR ANALISTA DE SISTEMAS;Técnico de Nivel Superior;Tecnología;No Presencial;A Distancia;No presencial;Resto IP+CFT;32
c89b1a8432f865201535dcc08d918611;2020;106;IP PROVIDENCIA;Institutos Profesionales;67;TECNICO DE NIVEL SUPERIOR EN ADMINISTRACION DE EMPRESAS MENCION MARKETING O FINANZAS O RECURSOS HUMANOS;Técnico de Nivel Superior;Administración y Comercio;No Presencial;A Distancia;No presencial;Resto IP+CFT;160
02da8c8bb06c28a525a92834aa8390e6;2020;106;IP PROVIDENCIA;Institutos Profesionales;284;TECNICO DE NIVEL SUPERIOR EN ADMINISTRACION PUBLICA;Técnico de Nivel Superior;Ciencias Sociales;No Presencial;A Distancia;No presencial;Resto IP+CFT;51
2a9bbca0202c4fcc8bd053f1f91580ac;2020;106;IP PROVIDENCIA;Institutos Profesionales;231;TECNICO DE NIVEL SUPERIOR EN COMERCIO EXTERIOR;Técnico de Nivel Superior;Administración y Comercio;No Presencial;A Distancia;No presencial;Resto IP+CFT;31
0a678417b8d37b89e4b356673269438c;2020;106;IP PROVIDENCIA;Institutos Profesionales;265;TECNICO DE NIVEL SUPERIOR EN CONTROL DE GESTION;Técnico de Nivel Superior;Administración y Comercio;No Presencial;A Distancia;No presencial;Resto IP+CFT;20
462ea5aff09c5cbc9a2230d3c98815ef;2020;106;IP PROVIDENCIA;Institutos Profesionales;309;TECNICO DE NIVEL SUPERIOR EN CONTROL DE LA PRODUCCION INDUSTRIAL;Técnico de Nivel Superior;Tecnología;No Presencial;A Distancia;No presencial;Resto IP+CFT;41
57c33b34e2e99bb10d903119571d850a;2020;106;IP PROVIDENCIA;Institutos Profesionales;310;TECNICO DE NIVEL SUPERIOR EN DISEÑO GRAFICO DIGITAL;Técnico de Nivel Superior;Arte y Arquitectura;No Presencial;A Distancia;No presencial;Resto IP+CFT;50
d2c327a03e93077ed0351a1b8857a28e;2020;106;IP PROVIDENCIA;Institutos Profesionales;268;TECNICO DE NIVEL SUPERIOR EN GESTION TURISTICA;Técnico de Nivel Superior;Administración y Comercio;No Presencial;A Distancia;No presencial;Resto IP+CFT;32
6b55d1a0aa456ad2bcc94189c31f3b06;2020;106;IP PROVIDENCIA;Institutos Profesionales;286;TECNICO DE NIVEL SUPERIOR EN INFORMATICA;Técnico de Nivel Superior;Tecnología;No Presencial;A Distancia;No presencial;Resto IP+CFT;64
79ddd8954b898270e08cecd8df876a72;2020;106;IP PROVIDENCIA;Institutos Profesionales;250;TECNICO DE NIVEL SUPERIOR EN SERVICIO SOCIAL;Técnico de Nivel Superior;Ciencias Sociales;No Presencial;A Distancia;No presencial;Resto IP+CFT;70
5d56644c547cfdd35eaeeb2e14a26f6d;2020;106;IP PROVIDENCIA;Institutos Profesionales;295;TECNICO EN ANIMACION DIGITAL;Técnico de Nivel Superior;Arte y Arquitectura;No Presencial;A Distancia;No presencial;Resto IP+CFT;46
633be3a0391b73eea56c2ba9a3425e4f;2020;106;IP PROVIDENCIA;Institutos Profesionales;266;TECNICO EN EDUCACION DIFERENCIAL;Técnico de Nivel Superior;Educación;No Presencial;A Distancia;No presencial;Resto IP+CFT;125
d1ff4baeb5b828d784a42c94674b3ef8;2020;106;IP PROVIDENCIA;Institutos Profesionales;294;TECNICO EN EDUCACION PARVULARIA Y PRIMER CICLO BASICO;Técnico de Nivel Superior;Educación;No Presencial;A Distancia;No presencial;Resto IP+CFT;299
d3560dfc1239b26b22f5871f9775f1fc;2020;106;IP PROVIDENCIA;Institutos Profesionales;296;TECNICO EN LOGISTICA;Técnico de Nivel Superior;Administración y Comercio;No Presencial;A Distancia;No presencial;Resto IP+CFT;74
b721b7331c1c36e04a9209f547860dee;2020;106;IP PROVIDENCIA;Institutos Profesionales;292;TECNICO EN PUBLICIDAD;Técnico de Nivel Superior;Ciencias Sociales;No Presencial;A Distancia;No presencial;Resto IP+CFT;11
91ee818fa99e9fc0935188f14c21f17b;2020;106;IP PROVIDENCIA;Institutos Profesionales;269;TECNICO JURIDICO EN GESTION JUDICIAL;Técnico de Nivel Superior;Derecho;No Presencial;A Distancia;No presencial;Resto IP+CFT;83
7417dbae4bb927b25ab08457655a7313;2020;162;IP SAN SEBASTIAN;Institutos Profesionales;3;INGENIERIA EN CONECTIVIDAD Y REDES;Profesional Sin Licenciatura;Tecnología;No Presencial;A Distancia;No presencial;Resto IP+CFT;12
d54eb4a43c3f6de3b35a0aefc38ef5e6;2020;162;IP SAN SEBASTIAN;Institutos Profesionales;1;INGENIERIA EN INFORMATICA;Profesional Sin Licenciatura;Tecnología;No Presencial;A Distancia;No presencial;Resto IP+CFT;23
b9ecbcdd0614c34527f16cfa892405a4;2020;162;IP SAN SEBASTIAN;Institutos Profesionales;35;TECNICO EN ANALISIS DE SISTEMAS;Técnico de Nivel Superior;Tecnología;No Presencial;A Distancia;No presencial;Resto IP+CFT;1
1f48c4780d69e0c50e405b725e8b396f;2020;162;IP SAN SEBASTIAN;Institutos Profesionales;47;TECNICO EN CIBERSEGURIDAD;Técnico de Nivel Superior;Tecnología;No Presencial;A Distancia;No presencial;Resto IP+CFT;24
2407aa397217d191c734a9cd8e156ac8;2020;162;IP SAN SEBASTIAN;Institutos Profesionales;6;TECNICO EN CONECTIVIDAD Y REDES;Técnico de Nivel Superior;Tecnología;No Presencial;A Distancia;No presencial;Resto IP+CFT;14
903ee691af32f3672edc4d20a0739560;2020;162;IP SAN SEBASTIAN;Institutos Profesionales;57;TECNICO EN PROGRAMACION Y ANALISIS DE SISTEMAS;Técnico de Nivel Superior;Tecnología;No Presencial;A Distancia;No presencial;Resto IP+CFT;26
d737d4ac22eb012d7baf584443c26d43;2021;534;CFT ASISTE;Centros de Formación Técnica;44;TECNICO EN ADMINISTRACION EN SEGURIDAD PRIVADA;Técnico de Nivel Superior;Administración y Comercio;No Presencial;A Distancia;No presencial;Resto IP+CFT;51
726830398cb38953eca78f2fe46d7d47;2021;312;CFT CENCO;Centros de Formación Técnica;56;TECNICO DE NIVEL SUPERIOR EN ADMINISTRACION DE EMPRESAS;Técnico de Nivel Superior;Administración y Comercio;No Presencial;A Distancia;No presencial;Resto IP+CFT;11
4de80a00ebb72e9fc0a5c8d6efd79c5d;2021;312;CFT CENCO;Centros de Formación Técnica;80;TECNICO DE NIVEL SUPERIOR EN ADMINISTRACION DE RECURSOS HUMANOS;Técnico de Nivel Superior;Administración y Comercio;No Presencial;A Distancia;No presencial;Resto IP+CFT;10
80b525695e63fd89db24883126a54d3f;2021;312;CFT CENCO;Centros de Formación Técnica;110;TECNICO DE NIVEL SUPERIOR EN ADMINISTRACION LOGISTICA;Técnico de Nivel Superior;Administración y Comercio;No Presencial;A Distancia;No presencial;Resto IP+CFT;19
45ca63b56d6aa4239ad830bd861d85fd;2021;312;CFT CENCO;Centros de Formación Técnica;82;TECNICO DE NIVEL SUPERIOR EN ADMINISTRACION PUBLICA;Técnico de Nivel Superior;Ciencias Sociales;No Presencial;A Distancia;No presencial;Resto IP+CFT;8
a1e35feb98ac1e2a1928b9092455facb;2021;312;CFT CENCO;Centros de Formación Técnica;83;TECNICO DE NIVEL SUPERIOR EN CONTABILIDAD GENERAL MENCION CONTABILIDAD PUBLICA;Técnico de Nivel Superior;Administración y Comercio;No Presencial;A Distancia;No presencial;Resto IP+CFT;8
16c8685ba23afff616392619ca476209;2021;312;CFT CENCO;Centros de Formación Técnica;116;TECNICO DE NIVEL SUPERIOR EN SOPORTE INFORMATICO Y REDES;Técnico de Nivel Superior;Tecnología;No Presencial;A Distancia;No presencial;Resto IP+CFT;28
c8a547d5fdfd12cef41b9a7d585c9f0d;2021;312;CFT CENCO;Centros de Formación Técnica;89;TECNICO DE NIVEL SUPERIOR EN TRABAJO SOCIAL;Técnico de Nivel Superior;Ciencias Sociales;No Presencial;A Distancia;No presencial;Resto IP+CFT;250
36d419ae14029ac1768a6d5db107ae37;2021;236;CFT CENTRO TECNOLOGICO SUPERIOR INFOMED;Centros de Formación Técnica;5;TECNICO EN OPTICA CON MENCION EN CONTACTOLOGIA;Técnico de Nivel Superior;Salud;Semipresencial;Semipresencial;Semipresencial;Resto IP+CFT;27
91d88d071e23ffb5b578058ac05c3740;2021;426;CFT ESCUELA DE COMERCIO;Centros de Formación Técnica;2;ADMINISTRACION COMERCIAL;Técnico de Nivel Superior;Administración y Comercio;No Presencial;A Distancia;No presencial;ECS;12
2c80d3f7682445616aae89ec161b9f63;2021;426;CFT ESCUELA DE COMERCIO;Centros de Formación Técnica;54;ADMINISTRACION DE EMPRESAS;Técnico de Nivel Superior;Administración y Comercio;No Presencial;A Distancia;No presencial;ECS;34
8d2821e1abbc791e4c3901608f55aac9;2021;426;CFT ESCUELA DE COMERCIO;Centros de Formación Técnica;13;ADMINISTRACION DE RECURSOS HUMANOS;Técnico de Nivel Superior;Administración y Comercio;No Presencial;A Distancia;No presencial;ECS;44
cc14aae4e758f321dcbd1e9cde7d41b0;2021;426;CFT ESCUELA DE COMERCIO;Centros de Formación Técnica;1;ADMINISTRACION EN COMERCIO EXTERIOR;Técnico de Nivel Superior;Administración y Comercio;No Presencial;A Distancia;No presencial;ECS;53
4cdc6bfb97f3d4de11f1c5a79cd90a3f;2021;426;CFT ESCUELA DE COMERCIO;Centros de Formación Técnica;55;ANALITICA DE DATOS;Técnico de Nivel Superior;Ciencias Básicas;No Presencial;A Distancia;No presencial;ECS;10
1734e4ab35d6e7a1d9debfb717c82531;2021;426;CFT ESCUELA DE COMERCIO;Centros de Formación Técnica;7;CONTABILIDAD GENERAL;Técnico de Nivel Superior;Administración y Comercio;No Presencial;A Distancia;No presencial;ECS;67
0ee171322ab9b67c77da9121b67e71a4;2021;426;CFT ESCUELA DE COMERCIO;Centros de Formación Técnica;40;CONTROL DE GESTION;Técnico de Nivel Superior;Administración y Comercio;No Presencial;A Distancia;No presencial;ECS;15
9d84cfcb65977d56ff1673aaa97b2068;2021;426;CFT ESCUELA DE COMERCIO;Centros de Formación Técnica;10;FINANZAS;Técnico de Nivel Superior;Administración y Comercio;No Presencial;A Distancia;No presencial;ECS;25
9a42251b9ceb76126d4dc2a37cc511be;2021;426;CFT ESCUELA DE COMERCIO;Centros de Formación Técnica;5;LOGISTICA OPERATIVA;Técnico de Nivel Superior;Administración y Comercio;No Presencial;A Distancia;No presencial;ECS;72
5e3b6ac58686244182398ffcca2bd128;2021;426;CFT ESCUELA DE COMERCIO;Centros de Formación Técnica;50;MARKETING DIGITAL;Técnico de Nivel Superior;Administración y Comercio;No Presencial;A Distancia;No presencial;ECS;13
8b11c6c2e5249fd0e4c5da1caa535533;2021;426;CFT ESCUELA DE COMERCIO;Centros de Formación Técnica;26;MARKETING Y GESTION COMERCIAL;Técnico de Nivel Superior;Administración y Comercio;No Presencial;A Distancia;No presencial;ECS;13
5973939334c4c4bc916e0c622b00e17a;2021;214;CFT INSTITUTO CENTRAL DE CAPACITACION EDUCACIONAL ICCE;Centros de Formación Técnica;330;ADMINISTRACION DE SEGURIDAD;Técnico de Nivel Superior;Administración y Comercio;No Presencial;A Distancia;No presencial;Resto IP+CFT;44
8ecd55fd0bbbce2c7bade984030f683c;2021;214;CFT INSTITUTO CENTRAL DE CAPACITACION EDUCACIONAL ICCE;Centros de Formación Técnica;19;TECNICO EN EDUCACION DE PARVULOS;Técnico de Nivel Superior;Educación;No Presencial;A Distancia;No presencial;Resto IP+CFT;54
69b72f0ba0119d4ec0d4aab47811fd02;2021;214;CFT INSTITUTO CENTRAL DE CAPACITACION EDUCACIONAL ICCE;Centros de Formación Técnica;315;TECNICO EN EDUCACION DIFERENCIAL;Técnico de Nivel Superior;Educación;No Presencial;A Distancia;No presencial;Resto IP+CFT;3
c2fc1939c52b8989adefaf2479496ba2;2021;214;CFT INSTITUTO CENTRAL DE CAPACITACION EDUCACIONAL ICCE;Centros de Formación Técnica;343;TECNICO EN FARMACIA;Técnico de Nivel Superior;Salud;No Presencial;A Distancia;No presencial;Resto IP+CFT;105
6965d05fe84e74ccd8aa847f194abfc9;2021;257;CFT JUAN BOHON;Centros de Formación Técnica;110;ADMINISTRACION PUBLICA Y MUNICIPAL;Técnico de Nivel Superior;Ciencias Sociales;No Presencial;A Distancia;No presencial;Resto IP+CFT;5
6a989cb42640076e5ee88005f39ea9f4;2021;257;CFT JUAN BOHON;Centros de Formación Técnica;101;ADMINISTRACION Y GESTION EN SALUD;Técnico de Nivel Superior;Administración y Comercio;No Presencial;A Distancia;No presencial;Resto IP+CFT;4
0e788c5ad6241948f87bd74ed1189b5e;2021;257;CFT JUAN BOHON;Centros de Formación Técnica;106;CONTABILIDAD GENERAL MENCION TRIBUTARIA;Técnico de Nivel Superior;Administración y Comercio;No Presencial;A Distancia;No presencial;Resto IP+CFT;12
c9e114e26c8dbeb692e1dcd7f10c1658;2021;257;CFT JUAN BOHON;Centros de Formación Técnica;81;LOGISTICA INDUSTRIAL;Técnico de Nivel Superior;Administración y Comercio;No Presencial;A Distancia;No presencial;Resto IP+CFT;9
cfc6e849d65c50ce6e647a8c1274526e;2021;701;CFT MANPOWER;Centros de Formación Técnica;3;ADMINISTRACION DE EMPRESAS MENCION MARKETING Y VENTAS O COMERCIO EXTERIOR O GESTION DEL CAPITAL HUMANO;Técnico de Nivel Superior;Administración y Comercio;No Presencial;A Distancia;No presencial;Resto IP+CFT;64
24544d8cda4511e17402bf68561f4068;2021;701;CFT MANPOWER;Centros de Formación Técnica;2;ASISTENTE EJECUTIVO BILINGÜE;Técnico de Nivel Superior;Administración y Comercio;Semipresencial;Semipresencial;Semipresencial;Resto IP+CFT;49
07b1616e7daa438f1de6d34f8611e127;2021;701;CFT MANPOWER;Centros de Formación Técnica;30;ASISTENTE EJECUTIVO Y DE GESTION;Técnico de Nivel Superior;Administración y Comercio;Semipresencial;Semipresencial;Semipresencial;Resto IP+CFT;7
42a6dc36a0a703f8cb00c8a8346ee9dd;2021;701;CFT MANPOWER;Centros de Formación Técnica;30;ASISTENTE EJECUTIVO Y DE GESTION;Técnico de Nivel Superior;Administración y Comercio;No Presencial;A Distancia;No presencial;Resto IP+CFT;30
b286b43a54541d60f088fbceeb1e4f9f;2021;701;CFT MANPOWER;Centros de Formación Técnica;35;CONTABILIDAD TRIBUTARIA;Técnico de Nivel Superior;Administración y Comercio;No Presencial;A Distancia;No presencial;Resto IP+CFT;30
3c704029107735c60b4d1f2fc2f8bcd0;2021;701;CFT MANPOWER;Centros de Formación Técnica;36;GESTION LOGISTICA INTEGRAL;Técnico de Nivel Superior;Administración y Comercio;No Presencial;A Distancia;No presencial;Resto IP+CFT;26
2004b89574233f76082f157dcec0a2d4;2021;319;CFT PRODATA;Centros de Formación Técnica;37;TECNICO EN ENFERMERIA;Técnico de Nivel Superior;Salud;No Presencial;A Distancia;No presencial;Resto IP+CFT;113
9eefb8b4b4fe66c133cbf33c21ccbaf7;2021;633;CFT TEODORO WICKEL KLUWEN;Centros de Formación Técnica;90;TECNICO DE NIVEL SUPERIOR EN GESTION MUNICIPAL;Técnico de Nivel Superior;Ciencias Sociales;No Presencial;A Distancia;No presencial;Resto IP+CFT;2
6474defaf203b6aec9002d360a415fe4;2021;143;IP AIEP;Institutos Profesionales;660;ADMINISTRACION PUBLICA;Profesional Sin Licenciatura;Ciencias Sociales;No Presencial;A Distancia;No presencial;Resto IP+CFT;142
99d3e52ebd91a16033db71dad731ebb2;2021;143;IP AIEP;Institutos Profesionales;29;ASISTENTE DE PARVULOS;Técnico de Nivel Superior;Educación;No Presencial;A Distancia;No presencial;Resto IP+CFT;184
f0f6a1fd69b861996a048edc7a609570;2021;143;IP AIEP;Institutos Profesionales;73;AUDITORIA;Profesional Sin Licenciatura;Administración y Comercio;No Presencial;A Distancia;No presencial;Resto IP+CFT;121
587ab447e49eb7d517928e31f3fe08af;2021;143;IP AIEP;Institutos Profesionales;9;CONTABILIDAD GENERAL;Técnico de Nivel Superior;Administración y Comercio;No Presencial;A Distancia;No presencial;Resto IP+CFT;162
cce06874fdf660c71634d1079110c290;2021;143;IP AIEP;Institutos Profesionales;111;INGENIERIA DE EJECUCION EN ADMINISTRACION DE EMPRESAS MENCION FINANZAS;Profesional Sin Licenciatura;Administración y Comercio;No Presencial;A Distancia;No presencial;Resto IP+CFT;89
35ba543a0305c34bee27ffca7630747e;2021;143;IP AIEP;Institutos Profesionales;112;INGENIERIA DE EJECUCION EN ADMINISTRACION DE EMPRESAS MENCION MARKETING;Profesional Sin Licenciatura;Administración y Comercio;No Presencial;A Distancia;No presencial;Resto IP+CFT;78
95bd0b408cf64de6a40eac42249f6e66;2021;143;IP AIEP;Institutos Profesionales;113;INGENIERIA DE EJECUCION EN ADMINISTRACION DE EMPRESAS MENCION RECURSOS HUMANOS;Profesional Sin Licenciatura;Administración y Comercio;No Presencial;A Distancia;No presencial;Resto IP+CFT;142
e5e0e8dc2466e596befeed3d2de892c5;2021;143;IP AIEP;Institutos Profesionales;113;INGENIERIA DE EJECUCION EN ADMINISTRACION DE EMPRESAS MENCION RECURSOS HUMANOS;Profesional Sin Licenciatura;Administración y Comercio;Semipresencial;Semipresencial;Semipresencial;Resto IP+CFT;1
99ef11dcd8e715a977272bb7eab4cf34;2021;143;IP AIEP;Institutos Profesionales;219;INGENIERIA DE EJECUCION EN INFORMATICA MENCION DESARROLLO DE SISTEMAS;Profesional Sin Licenciatura;Tecnología;No Presencial;A Distancia;No presencial;Resto IP+CFT;67
f621493f6fe2f77e8eaac876901b4d43;2021;143;IP AIEP;Institutos Profesionales;95;INGENIERIA EN ADMINISTRACION DE EMPRESAS;Profesional Sin Licenciatura;Administración y Comercio;No Presencial;A Distancia;No presencial;Resto IP+CFT;156
2a013588bc54419cfd9054b82f25c34f;2021;143;IP AIEP;Institutos Profesionales;665;INGENIERIA EN GESTION DE OPERACIONES LOGISTICAS;Profesional Sin Licenciatura;Administración y Comercio;No Presencial;A Distancia;No presencial;Resto IP+CFT;127
b17a0dd9b852c20d44d64fb84d447597;2021;143;IP AIEP;Institutos Profesionales;77;INGENIERIA EN PREVENCION DE RIESGOS;Profesional Sin Licenciatura;Tecnología;No Presencial;A Distancia;No presencial;Resto IP+CFT;135
a68523f022c2411babd6a1c0eea1b788;2021;143;IP AIEP;Institutos Profesionales;100;PSICOPEDAGOGIA;Profesional Sin Licenciatura;Educación;No Presencial;A Distancia;No presencial;Resto IP+CFT;1
3755e37e9b4babb8167ceb25be993b75;2021;143;IP AIEP;Institutos Profesionales;469;TECNICO ASISTENTE EN EDUCACION ESPECIAL;Técnico de Nivel Superior;Educación;No Presencial;A Distancia;No presencial;Resto IP+CFT;99
4810f7889a8b929484cb808a25dff074;2021;143;IP AIEP;Institutos Profesionales;651;TECNICO EN ADMINISTRACION DE EMPRESAS;Técnico de Nivel Superior;Administración y Comercio;No Presencial;A Distancia;No presencial;Resto IP+CFT;287
da36534719e5b2bbc99f74f0e1bde72b;2021;143;IP AIEP;Institutos Profesionales;651;TECNICO EN ADMINISTRACION DE EMPRESAS;Técnico de Nivel Superior;Administración y Comercio;Semipresencial;Semipresencial;Semipresencial;Resto IP+CFT;31
0396ed5a773989ebe8173af8f8c4f558;2021;143;IP AIEP;Institutos Profesionales;115;TECNICO EN ADMINISTRACION DE EMPRESAS MENCION FINANZAS;Técnico de Nivel Superior;Administración y Comercio;No Presencial;A Distancia;No presencial;Resto IP+CFT;176
08d9a4619f4370953a0f5e200233fe0d;2021;143;IP AIEP;Institutos Profesionales;117;TECNICO EN ADMINISTRACION DE EMPRESAS MENCION MARKETING;Técnico de Nivel Superior;Administración y Comercio;No Presencial;A Distancia;No presencial;Resto IP+CFT;141
9ac5ee00bfdc4aff5a5d8406047ed6b7;2021;143;IP AIEP;Institutos Profesionales;118;TECNICO EN ADMINISTRACION DE EMPRESAS MENCION RECURSOS HUMANOS;Técnico de Nivel Superior;Administración y Comercio;No Presencial;A Distancia;No presencial;Resto IP+CFT;234
6cc9fea1930826525465cc9812bcce4b;2021;143;IP AIEP;Institutos Profesionales;653;TECNICO EN ADMINISTRACION PUBLICA;Técnico de Nivel Superior;Ciencias Sociales;No Presencial;A Distancia;No presencial;Resto IP+CFT;79
dcf8c5476532846bbbf2de03547cc9ff;2021;143;IP AIEP;Institutos Profesionales;653;TECNICO EN ADMINISTRACION PUBLICA;Técnico de Nivel Superior;Ciencias Sociales;Semipresencial;Semipresencial;Semipresencial;Resto IP+CFT;10
2f310e147802754b98b56b790d8fdda8;2021;143;IP AIEP;Institutos Profesionales;654;TECNICO EN AUTOMATIZACION Y CONTROL INDUSTRIAL;Técnico de Nivel Superior;Tecnología;No Presencial;A Distancia;No presencial;Resto IP+CFT;358
0136a30339964d51adb8c2b1d2a10c24;2021;143;IP AIEP;Institutos Profesionales;655;TECNICO EN MARKETING DIGITAL;Técnico de Nivel Superior;Administración y Comercio;No Presencial;A Distancia;No presencial;Resto IP+CFT;93
8c38c7b59e0a35fb5233588a10fc4b35;2021;143;IP AIEP;Institutos Profesionales;645;TECNICO EN OPERACIONES LOGISTICAS;Técnico de Nivel Superior;Administración y Comercio;Semipresencial;Semipresencial;Semipresencial;Resto IP+CFT;119
db7895456175392e569f7fb14892132a;2021;143;IP AIEP;Institutos Profesionales;645;TECNICO EN OPERACIONES LOGISTICAS;Técnico de Nivel Superior;Administración y Comercio;No Presencial;A Distancia;No presencial;Resto IP+CFT;316
eeae39e1ef8beb8b9e343d7384313295;2021;143;IP AIEP;Institutos Profesionales;27;TECNICO EN PREVENCION DE RIESGOS;Técnico de Nivel Superior;Tecnología;No Presencial;A Distancia;No presencial;Resto IP+CFT;121
3f09a58d090ea0a82be4cbdcf6fa4af6;2021;143;IP AIEP;Institutos Profesionales;677;TECNICO EN PROGRAMACION Y ANALISIS DE SISTEMAS;Técnico de Nivel Superior;Tecnología;No Presencial;A Distancia;No presencial;Resto IP+CFT;137
6c8a536925e7d39b4e20ed8d5510e01e;2021;143;IP AIEP;Institutos Profesionales;83;TECNICO EN TRABAJO SOCIAL;Técnico de Nivel Superior;Ciencias Sociales;No Presencial;A Distancia;No presencial;Resto IP+CFT;164
def6a4c3e2e2cb56541459d0996ba161;2021;143;IP AIEP;Institutos Profesionales;30;TECNICO JURIDICO;Técnico de Nivel Superior;Derecho;No Presencial;A Distancia;No presencial;Resto IP+CFT;193
5afa972f80334e440be86e48de96ff4f;2021;143;IP AIEP;Institutos Profesionales;28;TRABAJO SOCIAL;Profesional Sin Licenciatura;Ciencias Sociales;No Presencial;A Distancia;No presencial;Resto IP+CFT;266
f7a21864d03525205709e28c01be92ab;2021;123;IP DE CHILE;Institutos Profesionales;51;ANALISTA PROGRAMADOR COMPUTACIONAL;Técnico de Nivel Superior;Tecnología;No Presencial;A Distancia;No presencial;Resto IP+CFT;64
e5be0ab8e8f947461cc8890b8c659331;2021;123;IP DE CHILE;Institutos Profesionales;56;ASISTENTE EN EDUCACION DE PARVULOS;Técnico de Nivel Superior;Educación;No Presencial;A Distancia;No presencial;Resto IP+CFT;37
0f0babf7cfc3439aa9976ddb859294d4;2021;123;IP DE CHILE;Institutos Profesionales;16;ASISTENTE JURIDICO;Técnico de Nivel Superior;Derecho;No Presencial;A Distancia;No presencial;Resto IP+CFT;50
eef7a7bbba9a260d3f234b49d49c41b1;2021;123;IP DE CHILE;Institutos Profesionales;9;AUDITORIA;Profesional Sin Licenciatura;Administración y Comercio;No Presencial;A Distancia;No presencial;Resto IP+CFT;42
e7dde42e3bc86f5695169296964359b4;2021;123;IP DE CHILE;Institutos Profesionales;49;CONTABILIDAD GENERAL;Técnico de Nivel Superior;Administración y Comercio;No Presencial;A Distancia;No presencial;Resto IP+CFT;63
c8c1a496998b6de4e0c9d8059641d164;2021;123;IP DE CHILE;Institutos Profesionales;37;INGENIERIA EN ADMINISTRACION DE EMPRESAS;Profesional Sin Licenciatura;Administración y Comercio;No Presencial;A Distancia;No presencial;Resto IP+CFT;50
ec36b0223b1646996fc1a4a59438fc74;2021;123;IP DE CHILE;Institutos Profesionales;198;INGENIERIA EN ADMINISTRACION PUBLICA;Profesional Sin Licenciatura;Ciencias Sociales;No Presencial;A Distancia;No presencial;Resto IP+CFT;48
44f9e1a918916946c1e3958ba7093dfc;2021;123;IP DE CHILE;Institutos Profesionales;199;INGENIERIA EN GESTION E INNOVACION DIGITAL DE NEGOCIOS;Profesional Sin Licenciatura;Administración y Comercio;No Presencial;A Distancia;No presencial;Resto IP+CFT;35
463f6b436ea8a8d1a6b1b768b0bfb4a9;2021;123;IP DE CHILE;Institutos Profesionales;41;INGENIERIA EN INFORMATICA;Profesional Sin Licenciatura;Tecnología;No Presencial;A Distancia;No presencial;Resto IP+CFT;60
da5bce5b7889794261ce70502162a8c3;2021;123;IP DE CHILE;Institutos Profesionales;45;INGENIERIA EN PREVENCION DE RIESGOS;Profesional Sin Licenciatura;Tecnología;No Presencial;A Distancia;No presencial;Resto IP+CFT;26
fcda1bc72011a928dcd7859a51037362;2021;123;IP DE CHILE;Institutos Profesionales;201;TECNICO DE NIVEL SUPERIOR EN ADMINISTRACION PUBLICA;Técnico de Nivel Superior;Ciencias Sociales;No Presencial;A Distancia;No presencial;Resto IP+CFT;46
2ca1bef35df3ee17b034a4e165d5a9c5;2021;123;IP DE CHILE;Institutos Profesionales;203;TECNICO DE NIVEL SUPERIOR EN GESTION AMBIENTAL Y SUSTENTABILIDAD;Técnico de Nivel Superior;Tecnología;No Presencial;A Distancia;No presencial;Resto IP+CFT;25
377cb5f0c42c4cad0f1117904a5806af;2021;123;IP DE CHILE;Institutos Profesionales;204;TECNICO DE NIVEL SUPERIOR EN GESTION DE NEGOCIOS DIGITALES;Técnico de Nivel Superior;Administración y Comercio;No Presencial;A Distancia;No presencial;Resto IP+CFT;23
f71a5a3a63dbaed96e19e0f4ce8b708c;2021;123;IP DE CHILE;Institutos Profesionales;48;TECNICO EN ADMINISTRACION DE EMPRESAS;Técnico de Nivel Superior;Administración y Comercio;No Presencial;A Distancia;No presencial;Resto IP+CFT;167
dab521c0b4ff9a4bc2c90e5f99b9005e;2021;123;IP DE CHILE;Institutos Profesionales;192;TECNICO EN EDUCACION DIFERENCIAL E INCLUSION;Técnico de Nivel Superior;Educación;No Presencial;A Distancia;No presencial;Resto IP+CFT;61
203367f30cdb1f4b2115803a1de62bcd;2021;123;IP DE CHILE;Institutos Profesionales;128;TECNICO EN PREVENCION DE RIESGOS;Técnico de Nivel Superior;Tecnología;No Presencial;A Distancia;No presencial;Resto IP+CFT;53
e1d523bcb89ce9f417b09b9c495abc68;2021;123;IP DE CHILE;Institutos Profesionales;151;TECNICO TRABAJO SOCIAL;Técnico de Nivel Superior;Ciencias Sociales;No Presencial;A Distancia;No presencial;Resto IP+CFT;91
676680b6dd23ef97f3c0ac0bf7051870;2021;123;IP DE CHILE;Institutos Profesionales;18;TRABAJO SOCIAL;Profesional Sin Licenciatura;Ciencias Sociales;No Presencial;A Distancia;No presencial;Resto IP+CFT;101
0931391eecc9a56deb75748a2c91c324;2021;170;IP DE CIENCIAS DE LA COMPUTACION ACUARIO DATA;Institutos Profesionales;1;INGENIERIA DE EJECUCION EN COMPUTACION E INFORMATICA;Profesional Sin Licenciatura;Tecnología;No Presencial;A Distancia;No presencial;Resto IP+CFT;1
051cf48f670a9d8c97a152ef3570ee46;2021;170;IP DE CIENCIAS DE LA COMPUTACION ACUARIO DATA;Institutos Profesionales;2;INGENIERIA DE EJECUCION INDUSTRIAL;Profesional Sin Licenciatura;Tecnología;No Presencial;A Distancia;No presencial;Resto IP+CFT;9
e07107540f921272f83db5f06532079a;2021;176;IP DEL VALLE CENTRAL;Institutos Profesionales;545;INGENIERIA DE EJECUCION EN ADMINISTRACION DE EMPRESAS;Profesional Sin Licenciatura;Administración y Comercio;No Presencial;A Distancia;No presencial;Resto IP+CFT;3
757c2f7713e7dfb783be21d142019669;2021;176;IP DEL VALLE CENTRAL;Institutos Profesionales;778;INGENIERIA DE EJECUCION EN ADMINISTRACION DE EMPRESAS, CONTINUIDAD;Profesional Sin Licenciatura;Administración y Comercio;No Presencial;A Distancia;No presencial;Resto IP+CFT;6
dd5f36c3b5814155d790e4d9a0f0225b;2021;176;IP DEL VALLE CENTRAL;Institutos Profesionales;778;INGENIERIA DE EJECUCION EN ADMINISTRACION DE EMPRESAS, CONTINUIDAD;Profesional Sin Licenciatura;Administración y Comercio;Semipresencial;Semipresencial;Semipresencial;Resto IP+CFT;22
a174cd47ddfcaf70108f11f4c8a35f36;2021;176;IP DEL VALLE CENTRAL;Institutos Profesionales;868;INGENIERIA DE EJECUCION EN ADMINISTRACION PUBLICA;Profesional Sin Licenciatura;Ciencias Sociales;No Presencial;A Distancia;No presencial;Resto IP+CFT;20
88636a623b701db53b7b1bea30ec2e1e;2021;176;IP DEL VALLE CENTRAL;Institutos Profesionales;880;INGENIERIA DE EJECUCION EN GESTION DE SEGURIDAD PRIVADA;Profesional Sin Licenciatura;Administración y Comercio;No Presencial;A Distancia;No presencial;Resto IP+CFT;223
31d2cc3a2ef97f8d9b3f355d97e27a18;2021;176;IP DEL VALLE CENTRAL;Institutos Profesionales;42;PSICOPEDAGOGIA;Profesional Sin Licenciatura;Educación;No Presencial;A Distancia;No presencial;Resto IP+CFT;25
3b2c8972c0e1b8239d73056ff0733804;2021;176;IP DEL VALLE CENTRAL;Institutos Profesionales;42;PSICOPEDAGOGIA;Profesional Sin Licenciatura;Educación;Semipresencial;Semipresencial;Semipresencial;Resto IP+CFT;18
3c5d43af28ddc4cca09305b21c99a07a;2021;176;IP DEL VALLE CENTRAL;Institutos Profesionales;789;TECNICO DE NIVEL SUPERIOR EN ADMINISTRACION DE EMPRESAS MENCION FINANZAS Y CONTABILIDAD;Técnico de Nivel Superior;Administración y Comercio;No Presencial;A Distancia;No presencial;Resto IP+CFT;1
8d77ec5c11eedd29ee4c54cab518ab40;2021;176;IP DEL VALLE CENTRAL;Institutos Profesionales;115;TECNICO DE NIVEL SUPERIOR EN ADMINISTRACION DE EMPRESAS MENCION RECURSOS HUMANOS;Técnico de Nivel Superior;Administración y Comercio;No Presencial;A Distancia;No presencial;Resto IP+CFT;14
9e2da975c2d67b488f8d26c8fde39277;2021;176;IP DEL VALLE CENTRAL;Institutos Profesionales;585;TECNICO DE NIVEL SUPERIOR EN ADMINISTRACION EN SALUD;Técnico de Nivel Superior;Administración y Comercio;No Presencial;A Distancia;No presencial;Resto IP+CFT;9
90908e2654271cb84cbd47fa4a158d15;2021;176;IP DEL VALLE CENTRAL;Institutos Profesionales;831;TECNICO DE NIVEL SUPERIOR EN ASISTENTE DE LA EDUCACION;Técnico de Nivel Superior;Educación;No Presencial;A Distancia;No presencial;Resto IP+CFT;1
e84ce38018a283865dfc5f5d98d2fb0a;2021;176;IP DEL VALLE CENTRAL;Institutos Profesionales;68;TECNICO DE NIVEL SUPERIOR EN EDUCACION DIFERENCIAL;Técnico de Nivel Superior;Educación;Semipresencial;Semipresencial;Semipresencial;Resto IP+CFT;2
ed5e2e5dad2b7c6baf80791443e321e2;2021;176;IP DEL VALLE CENTRAL;Institutos Profesionales;68;TECNICO DE NIVEL SUPERIOR EN EDUCACION DIFERENCIAL;Técnico de Nivel Superior;Educación;No Presencial;A Distancia;No presencial;Resto IP+CFT;7
bd70dec3b472e6544e79c5a6b0950290;2021;176;IP DEL VALLE CENTRAL;Institutos Profesionales;41;TECNICO DE NIVEL SUPERIOR EN EDUCACION PARVULARIA;Técnico de Nivel Superior;Educación;Semipresencial;Semipresencial;Semipresencial;Resto IP+CFT;2
d05778fe25e69f09cd4a7b641da68b44;2021;176;IP DEL VALLE CENTRAL;Institutos Profesionales;41;TECNICO DE NIVEL SUPERIOR EN EDUCACION PARVULARIA;Técnico de Nivel Superior;Educación;No Presencial;A Distancia;No presencial;Resto IP+CFT;19
f03734e117f08d0b533dfcc7cedfbbd0;2021;176;IP DEL VALLE CENTRAL;Institutos Profesionales;874;TECNICO DE NIVEL SUPERIOR EN LOGISTICA Y OPERACIONES INDUSTRIALES;Técnico de Nivel Superior;Administración y Comercio;No Presencial;A Distancia;No presencial;Resto IP+CFT;1
30d2d8b9a6ebabd1d985d76f5007d24b;2021;176;IP DEL VALLE CENTRAL;Institutos Profesionales;40;TECNICO DE NIVEL SUPERIOR EN TRABAJO SOCIAL;Técnico de Nivel Superior;Ciencias Sociales;Semipresencial;Semipresencial;Semipresencial;Resto IP+CFT;3
3d8dd498ae9ca46680d053b6ca34f3f1;2021;176;IP DEL VALLE CENTRAL;Institutos Profesionales;40;TECNICO DE NIVEL SUPERIOR EN TRABAJO SOCIAL;Técnico de Nivel Superior;Ciencias Sociales;No Presencial;A Distancia;No presencial;Resto IP+CFT;13
52edf860ece6a1f61e9082da3531774c;2021;176;IP DEL VALLE CENTRAL;Institutos Profesionales;3;TRABAJO SOCIAL;Profesional Sin Licenciatura;Ciencias Sociales;No Presencial;A Distancia;No presencial;Resto IP+CFT;14
3adc23bcda9e741f2f5e684939a7dca2;2021;120;IP DIEGO PORTALES;Institutos Profesionales;241;BIBLIOTECOLOGIA DISTANCIA;Técnico de Nivel Superior;Humanidades;No Presencial;A Distancia;No presencial;Resto IP+CFT;22
0bbd4e73ac7e1b4b91ac20cd17d5fb81;2021;120;IP DIEGO PORTALES;Institutos Profesionales;101;CONTADOR AUDITOR A DISTANCIA;Profesional Sin Licenciatura;Administración y Comercio;No Presencial;A Distancia;No presencial;Resto IP+CFT;22
36badebbc4c3e5ca5366bfcc7fdbe2f7;2021;120;IP DIEGO PORTALES;Institutos Profesionales;104;INGENIERIA EN ADMINISTRACION DE EMPRESAS A DISTANCIA;Profesional Sin Licenciatura;Administración y Comercio;No Presencial;A Distancia;No presencial;Resto IP+CFT;40
76bd27ccc44c08f485806c76c9277454;2021;120;IP DIEGO PORTALES;Institutos Profesionales;235;INGENIERIA EN ADMINISTRACION PUBLICA Y MUNICIPAL A DISTANCIA;Profesional Sin Licenciatura;Ciencias Sociales;No Presencial;A Distancia;No presencial;Resto IP+CFT;37
5b24d8821d348ad7b339da91ab136d5b;2021;120;IP DIEGO PORTALES;Institutos Profesionales;250;INGENIERIA EN LOGISTICA OPERATIVA;Profesional Sin Licenciatura;Administración y Comercio;No Presencial;A Distancia;No presencial;Resto IP+CFT;22
2ad4109a2226639e0b0fc994ae97ec75;2021;120;IP DIEGO PORTALES;Institutos Profesionales;105;INGENIERIA EN PREVENCION DE RIESGOS A DISTANCIA;Profesional Sin Licenciatura;Tecnología;No Presencial;A Distancia;No presencial;Resto IP+CFT;37
8a269dbabbe459c9f76f64b984f5a92a;2021;120;IP DIEGO PORTALES;Institutos Profesionales;272;RELACIONES PUBLICAS;Profesional Sin Licenciatura;Ciencias Sociales;No Presencial;A Distancia;No presencial;Resto IP+CFT;13
3ab764b1f81dba67ccf799169262c9bc;2021;120;IP DIEGO PORTALES;Institutos Profesionales;114;SERVICIO SOCIAL A DISTANCIA;Profesional Sin Licenciatura;Ciencias Sociales;No Presencial;A Distancia;No presencial;Resto IP+CFT;157
dcaa72a5221c4842844f3e60d8e93346;2021;111;IP DUOC UC;Institutos Profesionales;285;ADMINISTRACION DE EMPRESAS MENCION MARKETING PEV;Técnico de Nivel Superior;Administración y Comercio;Semipresencial;Vespertina;Semipresencial;Resto IP+CFT;1
e634cc7a9d5ba614a34a1f4c34e1c490;2021;111;IP DUOC UC;Institutos Profesionales;410;AUDITORIA PEV;Profesional Sin Licenciatura;Administración y Comercio;Semipresencial;Vespertina;Semipresencial;Resto IP+CFT;15
ea15c9c08b01b8e6bb3510d117155bcd;2021;111;IP DUOC UC;Institutos Profesionales;204;CONTABILIDAD GENERAL MENCION LEGISLACION TRIBUTARIA PEV;Técnico de Nivel Superior;Administración y Comercio;Semipresencial;Vespertina;Semipresencial;Resto IP+CFT;67
9df2e36a6ae03c3b66f7e84b3b67d898;2021;111;IP DUOC UC;Institutos Profesionales;484;INGENIERIA EN ADMINISTRACION MENCION FINANZAS;Profesional Sin Licenciatura;Administración y Comercio;Semipresencial;Semipresencial;Semipresencial;Resto IP+CFT;35
bc698f7c77159be61ed1bffb2a95cfcb;2021;111;IP DUOC UC;Institutos Profesionales;486;INGENIERIA EN ADMINISTRACION MENCION MARKETING;Profesional Sin Licenciatura;Administración y Comercio;Semipresencial;Semipresencial;Semipresencial;Resto IP+CFT;30
d4c9ff580f7c746dfd604443a2e54bd9;2021;111;IP DUOC UC;Institutos Profesionales;145;INGENIERIA EN GESTION LOGISTICA;Profesional Sin Licenciatura;Administración y Comercio;Semipresencial;Vespertina;Semipresencial;Resto IP+CFT;15
855d79e7f1c39fea758bb6dabc0c277e;2021;111;IP DUOC UC;Institutos Profesionales;441;INGENIERIA EN GESTION LOGISTICA PEV;Profesional Sin Licenciatura;Administración y Comercio;Semipresencial;Vespertina;Semipresencial;Resto IP+CFT;16
c112ba915df48516405615883c8eafbb;2021;111;IP DUOC UC;Institutos Profesionales;490;TECNICO EN FINANZAS;Técnico de Nivel Superior;Administración y Comercio;Semipresencial;Semipresencial;Semipresencial;Resto IP+CFT;51
9d19d5b287064be0c4f2465bb05bf0a1;2021;111;IP DUOC UC;Institutos Profesionales;309;TECNICO EN GESTION LOGISTICA PEV;Técnico de Nivel Superior;Administración y Comercio;Semipresencial;Vespertina;Semipresencial;Resto IP+CFT;156
f22addadb2e8852a03c35895a50311bb;2021;111;IP DUOC UC;Institutos Profesionales;492;TECNICO EN MARKETING;Técnico de Nivel Superior;Administración y Comercio;Semipresencial;Semipresencial;Semipresencial;Resto IP+CFT;55
5590be6a93562fd6dc0ab0a323c6d6c3;2021;171;IP ESCUELA DE COMERCIO DE SANTIAGO;Institutos Profesionales;56;CONTADOR AUDITOR;Profesional Sin Licenciatura;Administración y Comercio;No Presencial;A Distancia;No presencial;ECS;44
2fe5e609a303cff326b0f76dfa13c93d;2021;171;IP ESCUELA DE COMERCIO DE SANTIAGO;Institutos Profesionales;39;INGENIERIA EN ADMINISTRACION DE EMPRESAS;Profesional Sin Licenciatura;Administración y Comercio;No Presencial;A Distancia;No presencial;ECS;33
1462a836e5f61ea2d477152955a28b68;2021;171;IP ESCUELA DE COMERCIO DE SANTIAGO;Institutos Profesionales;24;INGENIERIA EN ADMINISTRACION DE RECURSOS HUMANOS;Profesional Sin Licenciatura;Administración y Comercio;No Presencial;A Distancia;No presencial;ECS;22
63f324592339a1d27c25a4c70723c423;2021;171;IP ESCUELA DE COMERCIO DE SANTIAGO;Institutos Profesionales;26;INGENIERIA EN COMERCIO INTERNACIONAL;Profesional Sin Licenciatura;Administración y Comercio;No Presencial;A Distancia;No presencial;ECS;27
e42f7adc51e9622e1c72429cb242b5b0;2021;171;IP ESCUELA DE COMERCIO DE SANTIAGO;Institutos Profesionales;27;INGENIERIA EN FINANZAS;Profesional Sin Licenciatura;Administración y Comercio;No Presencial;A Distancia;No presencial;ECS;23
9479c6df8745087b8a49a7f1959d38c3;2021;171;IP ESCUELA DE COMERCIO DE SANTIAGO;Institutos Profesionales;28;INGENIERIA EN LOGISTICA;Profesional Sin Licenciatura;Administración y Comercio;No Presencial;A Distancia;No presencial;ECS;21
d9eb4eaa8494c28d428ca404cc6a3192;2021;117;IP IACC;Institutos Profesionales;96;ADMINISTRACION PUBLICA;Profesional Sin Licenciatura;Ciencias Sociales;No Presencial;A Distancia;No presencial;Resto IP+CFT;96
891b732d10016d4c8fa410925c9a4f9b;2021;117;IP IACC;Institutos Profesionales;30;CONTABILIDAD GENERAL;Técnico de Nivel Superior;Administración y Comercio;No Presencial;A Distancia;No presencial;Resto IP+CFT;479
e78c9a578130533496461e2aeb5175c3;2021;117;IP IACC;Institutos Profesionales;65;CONTADOR AUDITOR;Profesional Sin Licenciatura;Administración y Comercio;No Presencial;A Distancia;No presencial;Resto IP+CFT;85
ccc8cb09fd07f8af6f6216322115c49b;2021;117;IP IACC;Institutos Profesionales;2;INGENIERIA EN ADMINISTRACION DE EMPRESAS;Profesional Sin Licenciatura;Administración y Comercio;No Presencial;A Distancia;No presencial;Resto IP+CFT;212
fd678007bb87c52dee567568427d7239;2021;117;IP IACC;Institutos Profesionales;101;INGENIERIA EN GESTION DE CALIDAD Y AMBIENTE;Profesional Sin Licenciatura;Administración y Comercio;No Presencial;A Distancia;No presencial;Resto IP+CFT;75
701e119325f6d03a60b7c1f70496183d;2021;117;IP IACC;Institutos Profesionales;57;INGENIERIA EN INFORMATICA;Profesional Sin Licenciatura;Tecnología;No Presencial;A Distancia;No presencial;Resto IP+CFT;148
be50f037c3c2a72f5ef7634977aaef36;2021;117;IP IACC;Institutos Profesionales;27;INGENIERIA EN PREVENCION DE RIESGOS;Profesional Sin Licenciatura;Tecnología;No Presencial;A Distancia;No presencial;Resto IP+CFT;82
7bf84a144b73ed9fbd355d61212be180;2021;117;IP IACC;Institutos Profesionales;29;INGENIERIA EN RECURSOS HUMANOS;Profesional Sin Licenciatura;Administración y Comercio;No Presencial;A Distancia;No presencial;Resto IP+CFT;125
b9f2ff02fb29d431ba03f87521323213;2021;117;IP IACC;Institutos Profesionales;67;INGENIERIA INDUSTRIAL;Profesional Sin Licenciatura;Tecnología;No Presencial;A Distancia;No presencial;Resto IP+CFT;642
02ae8096c7893e4444f5531de079d3e5;2021;117;IP IACC;Institutos Profesionales;91;PSICOPEDAGOGIA;Profesional Sin Licenciatura;Educación;No Presencial;A Distancia;No presencial;Resto IP+CFT;256
0ad674bd3468454a290d4fa4bc6ebbed;2021;117;IP IACC;Institutos Profesionales;58;TECNICO DE NIVEL SUPERIOR EDUCADOR SOCIAL INFANTOJUVENIL;Técnico de Nivel Superior;Ciencias Sociales;No Presencial;A Distancia;No presencial;Resto IP+CFT;52
4fd0ecf217035616db5a121a0610159a;2021;117;IP IACC;Institutos Profesionales;68;TECNICO DE NIVEL SUPERIOR EN ADMINISTRACION DE REDES;Técnico de Nivel Superior;Tecnología;No Presencial;A Distancia;No presencial;Resto IP+CFT;60
6da95bca74bb6b2126bc1154c3ef5559;2021;117;IP IACC;Institutos Profesionales;31;TECNICO DE NIVEL SUPERIOR EN ADMINISTRACION PUBLICA;Técnico de Nivel Superior;Ciencias Sociales;No Presencial;A Distancia;No presencial;Resto IP+CFT;229
c22b14a1cc84462ec64f28b8f0c9ee5e;2021;117;IP IACC;Institutos Profesionales;46;TECNICO DE NIVEL SUPERIOR EN ANALISIS Y PROGRAMACION COMPUTACIONAL;Técnico de Nivel Superior;Tecnología;No Presencial;A Distancia;No presencial;Resto IP+CFT;197
2a3cf9f7a49c5324ec0a91d5fd68b920;2021;117;IP IACC;Institutos Profesionales;90;TECNICO DE NIVEL SUPERIOR EN AUTOMATIZACION Y CONTROL;Técnico de Nivel Superior;Tecnología;No Presencial;A Distancia;No presencial;Resto IP+CFT;457
74af80f60d36f0ea0af5cc4c1d3daf8d;2021;117;IP IACC;Institutos Profesionales;97;TECNICO DE NIVEL SUPERIOR EN CIBERSEGURIDAD;Técnico de Nivel Superior;Tecnología;No Presencial;A Distancia;No presencial;Resto IP+CFT;110
d1d97b4575c5bb02dd2e00f03fc807be;2021;117;IP IACC;Institutos Profesionales;69;TECNICO DE NIVEL SUPERIOR EN CONTROL INDUSTRIAL;Técnico de Nivel Superior;Tecnología;No Presencial;A Distancia;No presencial;Resto IP+CFT;634
cbd8644c1e78cc47880238a46ccade48;2021;117;IP IACC;Institutos Profesionales;70;TECNICO DE NIVEL SUPERIOR EN EDUCACION DIFERENCIAL;Técnico de Nivel Superior;Educación;No Presencial;A Distancia;No presencial;Resto IP+CFT;246
5f15ff667bcfd4e26040d611ae081634;2021;117;IP IACC;Institutos Profesionales;71;TECNICO DE NIVEL SUPERIOR EN EDUCACION PARVULARIA;Técnico de Nivel Superior;Educación;No Presencial;A Distancia;No presencial;Resto IP+CFT;312
7b3f07c9925e29b1fc5360af6411bdb3;2021;117;IP IACC;Institutos Profesionales;59;TECNICO DE NIVEL SUPERIOR EN GESTION DE CALIDAD Y AMBIENTE;Técnico de Nivel Superior;Tecnología;No Presencial;A Distancia;No presencial;Resto IP+CFT;216
9e27422a8664c4ce5bc89656ddd962f5;2021;117;IP IACC;Institutos Profesionales;102;TECNICO DE NIVEL SUPERIOR EN GESTION ENERGETICA;Técnico de Nivel Superior;Tecnología;No Presencial;A Distancia;No presencial;Resto IP+CFT;68
1ae0d4f2547356b72964c2b6b59802c0;2021;117;IP IACC;Institutos Profesionales;17;TECNICO DE NIVEL SUPERIOR EN INFORMATICA;Técnico de Nivel Superior;Tecnología;No Presencial;A Distancia;No presencial;Resto IP+CFT;317
62c1fce1ef781d5d2efc039e58952a9e;2021;117;IP IACC;Institutos Profesionales;60;TECNICO DE NIVEL SUPERIOR EN LOGISTICA;Técnico de Nivel Superior;Administración y Comercio;No Presencial;A Distancia;No presencial;Resto IP+CFT;513
2e945da40c8bb11e2ca6b647b3f81245;2021;117;IP IACC;Institutos Profesionales;73;TECNICO DE NIVEL SUPERIOR EN PROCESOS MINEROS;Técnico de Nivel Superior;Tecnología;No Presencial;A Distancia;No presencial;Resto IP+CFT;441
97626ac2176bf705f740ab2036060473;2021;117;IP IACC;Institutos Profesionales;61;TECNICO DE NIVEL SUPERIOR EN RECURSOS HUMANOS;Técnico de Nivel Superior;Administración y Comercio;No Presencial;A Distancia;No presencial;Resto IP+CFT;389
6073b474006449c4d46530934b39ddae;2021;117;IP IACC;Institutos Profesionales;103;TECNICO DE NIVEL SUPERIOR EN TELECOMUNICACIONES;Técnico de Nivel Superior;Tecnología;No Presencial;A Distancia;No presencial;Resto IP+CFT;149
7204b65c025817bfc6aa979704c4a1cb;2021;117;IP IACC;Institutos Profesionales;62;TECNICO DE NIVEL SUPERIOR EN TRABAJO SOCIAL;Técnico de Nivel Superior;Ciencias Sociales;No Presencial;A Distancia;No presencial;Resto IP+CFT;487
aedbbdc2a355c0d5d4943728caf803d4;2021;117;IP IACC;Institutos Profesionales;63;TECNICO DE NIVEL SUPERIOR JURIDICO;Técnico de Nivel Superior;Derecho;No Presencial;A Distancia;No presencial;Resto IP+CFT;162
33022f61d595db31109567cbffa9496a;2021;117;IP IACC;Institutos Profesionales;35;TECNICO EN PREVENCION DE RIESGOS;Técnico de Nivel Superior;Tecnología;No Presencial;A Distancia;No presencial;Resto IP+CFT;444
3553e68dbed39f4eacb03d95fd69d2f0;2021;117;IP IACC;Institutos Profesionales;1;TECNICO SUPERIOR EN ADMINISTRACION DE EMPRESAS;Técnico de Nivel Superior;Administración y Comercio;No Presencial;A Distancia;No presencial;Resto IP+CFT;1283
591b895001257104a48c87e60e58ba60;2021;117;IP IACC;Institutos Profesionales;83;TRABAJO SOCIAL;Profesional Sin Licenciatura;Ciencias Sociales;No Presencial;A Distancia;No presencial;Resto IP+CFT;204
96118a4c2c0d3783e1ef504a66e65f22;2021;103;IP INSTITUTO DE ESTUDIOS BANCARIOS GUILLERMO SUBERCASEAUX;Institutos Profesionales;82;INGENIERIA EN ADMINISTRACION DE EMPRESAS FINANCIERAS;Profesional Sin Licenciatura;Administración y Comercio;Semipresencial;Semipresencial;Semipresencial;Resto IP+CFT;36
7607fb4aa9c1a6f61270ab4a2677bd77;2021;103;IP INSTITUTO DE ESTUDIOS BANCARIOS GUILLERMO SUBERCASEAUX;Institutos Profesionales;4;INGENIERIA FINANCIERA;Profesional Sin Licenciatura;Administración y Comercio;Semipresencial;Semipresencial;Semipresencial;Resto IP+CFT;63
782313752e6fc7271bc6d8d03f977cf4;2021;103;IP INSTITUTO DE ESTUDIOS BANCARIOS GUILLERMO SUBERCASEAUX;Institutos Profesionales;83;TECNICO EN ADMINISTRACION DE EMPRESAS FINANCIERAS;Técnico de Nivel Superior;Administración y Comercio;Semipresencial;Semipresencial;Semipresencial;Resto IP+CFT;37
20ff9f499ab727c5500120ef7b70ac29;2021;103;IP INSTITUTO DE ESTUDIOS BANCARIOS GUILLERMO SUBERCASEAUX;Institutos Profesionales;2;TECNICO FINANCIERO;Técnico de Nivel Superior;Administración y Comercio;Semipresencial;Semipresencial;Semipresencial;Resto IP+CFT;79
9a8e74917a202487bcc22d971dc22f48;2021;113;IP IPG;Institutos Profesionales;533;TECNICO DE NIVEL SUPERIOR COMERCIO EXTERIOR MENCION COMERCIO ELECTRONICO;Técnico de Nivel Superior;Administración y Comercio;No Presencial;A Distancia;No presencial;Resto IP+CFT;7
cf689c4e4356b6230708c90110bf611a;2021;113;IP IPG;Institutos Profesionales;435;TECNICO DE NIVEL SUPERIOR EN ADMINISTRACION GENERAL;Técnico de Nivel Superior;Administración y Comercio;No Presencial;A Distancia;No presencial;Resto IP+CFT;15
0441926b7a4db3880b432bb4ea201978;2021;113;IP IPG;Institutos Profesionales;496;TECNICO DE NIVEL SUPERIOR EN GESTION LOGISTICA;Técnico de Nivel Superior;Administración y Comercio;No Presencial;A Distancia;No presencial;Resto IP+CFT;25
222f1edde91a0a4cf7c33c18a1c601a8;2021;113;IP IPG;Institutos Profesionales;507;TECNICO DE NIVEL SUPERIOR EN GESTION PUBLICA Y MUNICIPAL;Técnico de Nivel Superior;Ciencias Sociales;No Presencial;A Distancia;No presencial;Resto IP+CFT;12
9f0ae0425ebb276302b00595dfe3e20e;2021;113;IP IPG;Institutos Profesionales;392;TECNICO DE NIVEL SUPERIOR EN INFORMATICA;Técnico de Nivel Superior;Tecnología;No Presencial;A Distancia;No presencial;Resto IP+CFT;17
91ac6db30e3bf91816cf75e87e40d2cc;2021;113;IP IPG;Institutos Profesionales;542;TECNICO DE NIVEL SUPERIOR EN MARKETING DIGITAL;Técnico de Nivel Superior;Administración y Comercio;No Presencial;A Distancia;No presencial;Resto IP+CFT;6
7dd3fb58ff5af44a686d61b0db0e25af;2021;113;IP IPG;Institutos Profesionales;459;TECNICO DE NIVEL SUPERIOR EN SERVICIO SOCIAL;Técnico de Nivel Superior;Ciencias Sociales;No Presencial;A Distancia;No presencial;Resto IP+CFT;27
fbd1ff412c67d67254f3c0679dd23dea;2021;152;IP LATINOAMERICANO DE COMERCIO EXTERIOR - IPLACEX;Institutos Profesionales;274;ADMINISTRACION PUBLICA;Profesional Sin Licenciatura;Ciencias Sociales;No Presencial;A Distancia;No presencial;Resto IP+CFT;448
8b191bc5261fa3c48733d85bd7eb7429;2021;152;IP LATINOAMERICANO DE COMERCIO EXTERIOR - IPLACEX;Institutos Profesionales;9;AUDITORIA;Profesional Sin Licenciatura;Administración y Comercio;No Presencial;A Distancia;No presencial;Resto IP+CFT;78
3b00eda5cd702c591ac91d610a2f5803;2021;152;IP LATINOAMERICANO DE COMERCIO EXTERIOR - IPLACEX;Institutos Profesionales;295;CONTABILIDAD;Técnico de Nivel Superior;Administración y Comercio;No Presencial;A Distancia;No presencial;Resto IP+CFT;116
703402cf3f208792c56804edf468a5e4;2021;152;IP LATINOAMERICANO DE COMERCIO EXTERIOR - IPLACEX;Institutos Profesionales;314;INGENIERIA DE EJECUCION EN ADMINISTRACION MENCION GESTION MUNICIPAL;Profesional Sin Licenciatura;Ciencias Sociales;No Presencial;A Distancia;No presencial;Resto IP+CFT;23
8393e3cfc66fb3e07791b984c5a13e71;2021;152;IP LATINOAMERICANO DE COMERCIO EXTERIOR - IPLACEX;Institutos Profesionales;363;INGENIERIA DE EJECUCION EN ADMINISTRACION MENCION GESTION Y DESARROLLO LOCAL Y REGIONAL;Profesional Sin Licenciatura;Administración y Comercio;No Presencial;A Distancia;No presencial;Resto IP+CFT;21
6cca27432c71465a828cc240d53882af;2021;152;IP LATINOAMERICANO DE COMERCIO EXTERIOR - IPLACEX;Institutos Profesionales;107;INGENIERIA EN ADMINISTRACION DE EMPRESAS;Profesional Sin Licenciatura;Administración y Comercio;No Presencial;A Distancia;No presencial;Resto IP+CFT;197
222ee97bdcc41b97d9021ea5f0eb0c8b;2021;152;IP LATINOAMERICANO DE COMERCIO EXTERIOR - IPLACEX;Institutos Profesionales;325;INGENIERIA EN ADMINISTRACION MENCION SEGURIDAD PRIVADA;Profesional Sin Licenciatura;Administración y Comercio;No Presencial;A Distancia;No presencial;Resto IP+CFT;367
dbaf83fce3a7d959d153bb08ef29112c;2021;152;IP LATINOAMERICANO DE COMERCIO EXTERIOR - IPLACEX;Institutos Profesionales;1;INGENIERIA EN COMERCIO EXTERIOR;Profesional Sin Licenciatura;Administración y Comercio;No Presencial;A Distancia;No presencial;Resto IP+CFT;56
3952def56229776fa9cc4df53154ce65;2021;152;IP LATINOAMERICANO DE COMERCIO EXTERIOR - IPLACEX;Institutos Profesionales;369;INGENIERIA EN CONTROL AUTOMATICO Y GESTION INDUSTRIAL;Profesional Sin Licenciatura;Tecnología;No Presencial;A Distancia;No presencial;Resto IP+CFT;83
9d4fdb44a9153d4b8ad6a893819d5fb0;2021;152;IP LATINOAMERICANO DE COMERCIO EXTERIOR - IPLACEX;Institutos Profesionales;383;INGENIERIA EN GESTION DE CENTROS DE SALUD;Profesional Sin Licenciatura;Administración y Comercio;No Presencial;A Distancia;No presencial;Resto IP+CFT;48
1b838279ab8b9f81d5b647d4aeee2134;2021;152;IP LATINOAMERICANO DE COMERCIO EXTERIOR - IPLACEX;Institutos Profesionales;38;INGENIERIA EN INFORMATICA;Profesional Sin Licenciatura;Tecnología;No Presencial;A Distancia;No presencial;Resto IP+CFT;71
74bef7eb3aec392105d01fece49d59db;2021;152;IP LATINOAMERICANO DE COMERCIO EXTERIOR - IPLACEX;Institutos Profesionales;318;INGENIERIA EN LOGISTICA;Profesional Sin Licenciatura;Administración y Comercio;No Presencial;A Distancia;No presencial;Resto IP+CFT;110
ac92045f3ad076752337ebaf450ade9e;2021;152;IP LATINOAMERICANO DE COMERCIO EXTERIOR - IPLACEX;Institutos Profesionales;319;INGENIERIA EN PREVENCION DE RIESGOS, CALIDAD Y MEDIO AMBIENTE;Profesional Sin Licenciatura;Tecnología;No Presencial;A Distancia;No presencial;Resto IP+CFT;211
50b110e2d9b43d43fc3e583044f35814;2021;152;IP LATINOAMERICANO DE COMERCIO EXTERIOR - IPLACEX;Institutos Profesionales;316;INGENIERIA EN RECURSOS HUMANOS;Profesional Sin Licenciatura;Administración y Comercio;No Presencial;A Distancia;No presencial;Resto IP+CFT;242
dfc170ceff70fa65291a9c01ed3f4d7b;2021;152;IP LATINOAMERICANO DE COMERCIO EXTERIOR - IPLACEX;Institutos Profesionales;420;INGENIERIA INDUSTRIAL;Profesional Sin Licenciatura;Tecnología;No Presencial;A Distancia;No presencial;Resto IP+CFT;42
6ecc63486a159b9f2ecfcc4479aac755;2021;152;IP LATINOAMERICANO DE COMERCIO EXTERIOR - IPLACEX;Institutos Profesionales;21;PSICOPEDAGOGIA;Profesional Sin Licenciatura;Educación;No Presencial;A Distancia;No presencial;Resto IP+CFT;174
b43fad9e0a10be1194261c498f9f469b;2021;152;IP LATINOAMERICANO DE COMERCIO EXTERIOR - IPLACEX;Institutos Profesionales;326;TECNICO EN ADMINISTRACION DE EMPRESAS;Técnico de Nivel Superior;Administración y Comercio;No Presencial;A Distancia;No presencial;Resto IP+CFT;254
156efc0df65dacc06e57fc77825ad79f;2021;152;IP LATINOAMERICANO DE COMERCIO EXTERIOR - IPLACEX;Institutos Profesionales;327;TECNICO EN ADMINISTRACION MENCION GESTION MUNICIPAL;Técnico de Nivel Superior;Ciencias Sociales;No Presencial;A Distancia;No presencial;Resto IP+CFT;38
de969d2645d77c260b475201d6f0ea83;2021;152;IP LATINOAMERICANO DE COMERCIO EXTERIOR - IPLACEX;Institutos Profesionales;278;TECNICO EN ADMINISTRACION PUBLICA;Técnico de Nivel Superior;Ciencias Sociales;No Presencial;A Distancia;No presencial;Resto IP+CFT;114
6889ec59ede360c309f345d4db73cb46;2021;152;IP LATINOAMERICANO DE COMERCIO EXTERIOR - IPLACEX;Institutos Profesionales;370;TECNICO EN ALIMENTACION Y NUTRICION;Técnico de Nivel Superior;Salud;Semipresencial;Vespertina;Semipresencial;Resto IP+CFT;44
c6c100f8b8589547a78749233e173f62;2021;152;IP LATINOAMERICANO DE COMERCIO EXTERIOR - IPLACEX;Institutos Profesionales;328;TECNICO EN COMERCIO EXTERIOR;Técnico de Nivel Superior;Administración y Comercio;No Presencial;A Distancia;No presencial;Resto IP+CFT;91
f92a66ec186e5af64181ca6de2dd9746;2021;152;IP LATINOAMERICANO DE COMERCIO EXTERIOR - IPLACEX;Institutos Profesionales;371;TECNICO EN DESARROLLO DE APLICACIONES MULTIPLATAFORMA;Técnico de Nivel Superior;Tecnología;No Presencial;A Distancia;No presencial;Resto IP+CFT;20
9799aa7003a3ccbb16e9738c53e87b91;2021;152;IP LATINOAMERICANO DE COMERCIO EXTERIOR - IPLACEX;Institutos Profesionales;282;TECNICO EN EDUCACION ESPECIAL Y DIFERENCIAL;Técnico de Nivel Superior;Educación;No Presencial;A Distancia;No presencial;Resto IP+CFT;100
70aab89fabe1c1fd0a6c17c4a87f61e3;2021;152;IP LATINOAMERICANO DE COMERCIO EXTERIOR - IPLACEX;Institutos Profesionales;395;TECNICO EN EDUCACION PARVULARIA Y EDUCACION BASICA;Técnico de Nivel Superior;Educación;No Presencial;A Distancia;No presencial;Resto IP+CFT;175
e8921f5d60844ba1f090cd861712d012;2021;152;IP LATINOAMERICANO DE COMERCIO EXTERIOR - IPLACEX;Institutos Profesionales;22;TECNICO EN ENFERMERIA;Técnico de Nivel Superior;Salud;Semipresencial;Vespertina;Semipresencial;Resto IP+CFT;86
fc3588b631c02fb4b2aa7b069df51768;2021;152;IP LATINOAMERICANO DE COMERCIO EXTERIOR - IPLACEX;Institutos Profesionales;396;TECNICO EN GENERACION ELECTRICA LIMPIA;Técnico de Nivel Superior;Tecnología;No Presencial;A Distancia;No presencial;Resto IP+CFT;50
c5220f4f5839dfe6d5ffdb090ad336ad;2021;152;IP LATINOAMERICANO DE COMERCIO EXTERIOR - IPLACEX;Institutos Profesionales;283;TECNICO EN INFORMATICA;Técnico de Nivel Superior;Tecnología;No Presencial;A Distancia;No presencial;Resto IP+CFT;81
63af218ca7db5e6b04ee47fa45f07923;2021;152;IP LATINOAMERICANO DE COMERCIO EXTERIOR - IPLACEX;Institutos Profesionales;372;TECNICO EN INSTRUMENTACION Y CONTROL INDUSTRIAL;Técnico de Nivel Superior;Tecnología;No Presencial;A Distancia;No presencial;Resto IP+CFT;98
520bd62a20b923b98029c6fec7a21df5;2021;152;IP LATINOAMERICANO DE COMERCIO EXTERIOR - IPLACEX;Institutos Profesionales;323;TECNICO EN LOGISTICA;Técnico de Nivel Superior;Administración y Comercio;No Presencial;A Distancia;No presencial;Resto IP+CFT;115
67fcefc722f391378d4d5c24f97aae81;2021;152;IP LATINOAMERICANO DE COMERCIO EXTERIOR - IPLACEX;Institutos Profesionales;398;TECNICO EN MARKETING DIGITAL;Técnico de Nivel Superior;Administración y Comercio;No Presencial;A Distancia;No presencial;Resto IP+CFT;39
ce0efb30c5f7f9b45106bf11c2ffd8dd;2021;152;IP LATINOAMERICANO DE COMERCIO EXTERIOR - IPLACEX;Institutos Profesionales;387;TECNICO EN MEDIACION ESCOLAR;Técnico de Nivel Superior;Educación;No Presencial;A Distancia;No presencial;Resto IP+CFT;28
94486cf1eb4b773b561a9fa0bb9a39cd;2021;152;IP LATINOAMERICANO DE COMERCIO EXTERIOR - IPLACEX;Institutos Profesionales;50;TECNICO EN PREVENCION DE RIESGOS;Técnico de Nivel Superior;Tecnología;No Presencial;A Distancia;No presencial;Resto IP+CFT;125
73e25e7e1bbda6edcbe406299bec5380;2021;152;IP LATINOAMERICANO DE COMERCIO EXTERIOR - IPLACEX;Institutos Profesionales;389;TECNICO EN PREVENCION, TRATAMIENTO Y REHABILITACION DE SUSTANCIAS;Técnico de Nivel Superior;Ciencias Sociales;No Presencial;A Distancia;No presencial;Resto IP+CFT;97
f06f6413af72f9eff224283de7f77004;2021;152;IP LATINOAMERICANO DE COMERCIO EXTERIOR - IPLACEX;Institutos Profesionales;321;TECNICO EN RECURSOS HUMANOS;Técnico de Nivel Superior;Administración y Comercio;No Presencial;A Distancia;No presencial;Resto IP+CFT;124
c5afaf20900633c705e77fa11aeb394d;2021;152;IP LATINOAMERICANO DE COMERCIO EXTERIOR - IPLACEX;Institutos Profesionales;300;TECNICO EN TRABAJO SOCIAL;Técnico de Nivel Superior;Ciencias Sociales;No Presencial;A Distancia;No presencial;Resto IP+CFT;211
649613b7078c2c0637bb8c83f2a68c06;2021;152;IP LATINOAMERICANO DE COMERCIO EXTERIOR - IPLACEX;Institutos Profesionales;421;TECNICO INDUSTRIAL;Técnico de Nivel Superior;Tecnología;No Presencial;A Distancia;No presencial;Resto IP+CFT;56
823864bd9c1b33ecc76a8203173bf654;2021;152;IP LATINOAMERICANO DE COMERCIO EXTERIOR - IPLACEX;Institutos Profesionales;41;TRABAJO SOCIAL;Profesional Sin Licenciatura;Ciencias Sociales;No Presencial;A Distancia;No presencial;Resto IP+CFT;527
1956d80aba7719807418889ab751f67a;2021;106;IP PROVIDENCIA;Institutos Profesionales;10;CONTADOR AUDITOR;Profesional Sin Licenciatura;Administración y Comercio;No Presencial;A Distancia;No presencial;Resto IP+CFT;73
f6ceb6b47bcfa8b02283c38ca95f6a81;2021;106;IP PROVIDENCIA;Institutos Profesionales;64;CONTADOR GENERAL;Técnico de Nivel Superior;Administración y Comercio;No Presencial;A Distancia;No presencial;Resto IP+CFT;92
fedd4092860db498ff68d534dc2391c1;2021;106;IP PROVIDENCIA;Institutos Profesionales;303;DISEÑO GRAFICO DIGITAL;Profesional Sin Licenciatura;Arte y Arquitectura;No Presencial;A Distancia;No presencial;Resto IP+CFT;130
2557773fb7ba166ee3a7a200470a00a6;2021;106;IP PROVIDENCIA;Institutos Profesionales;262;INGENIERIA EN ADMINISTRACION MENCION MARKETING O FINANZAS O RECURSOS HUMANOS;Profesional Sin Licenciatura;Administración y Comercio;No Presencial;A Distancia;No presencial;Resto IP+CFT;108
70266a388d4ac3807fc3453298b29746;2021;106;IP PROVIDENCIA;Institutos Profesionales;287;INGENIERIA EN ADMINISTRACION PUBLICA Y MUNICIPAL;Profesional Sin Licenciatura;Ciencias Sociales;No Presencial;A Distancia;No presencial;Resto IP+CFT;82
26f79ebac36c87823c76f644e045382c;2021;106;IP PROVIDENCIA;Institutos Profesionales;263;INGENIERIA EN CONTROL DE GESTION;Profesional Sin Licenciatura;Administración y Comercio;No Presencial;A Distancia;No presencial;Resto IP+CFT;48
040a378966218840978e16f91fe74c3d;2021;106;IP PROVIDENCIA;Institutos Profesionales;6;INGENIERIA EN INFORMATICA;Profesional Sin Licenciatura;Tecnología;No Presencial;A Distancia;No presencial;Resto IP+CFT;89
ee7f5654e3de14ead49b7f56901fa09d;2021;106;IP PROVIDENCIA;Institutos Profesionales;297;INGENIERIA INDUSTRIAL;Profesional Sin Licenciatura;Tecnología;No Presencial;A Distancia;No presencial;Resto IP+CFT;132
bfcc683d422aeaea4010263c3c78ecc8;2021;106;IP PROVIDENCIA;Institutos Profesionales;293;PUBLICIDAD EN MARKETING DIGITAL;Profesional Sin Licenciatura;Ciencias Sociales;No Presencial;A Distancia;No presencial;Resto IP+CFT;44
c6f05572d4b876c90e2098db84511e0c;2021;106;IP PROVIDENCIA;Institutos Profesionales;20;SERVICIO SOCIAL;Profesional Sin Licenciatura;Ciencias Sociales;No Presencial;A Distancia;No presencial;Resto IP+CFT;174
f680f11ec19c73c82f1efceed2890306;2021;106;IP PROVIDENCIA;Institutos Profesionales;307;TECNICO DE NIVEL SUPERIOR ANALISTA DE SISTEMAS;Técnico de Nivel Superior;Tecnología;No Presencial;A Distancia;No presencial;Resto IP+CFT;20
82c7bcd6418c83ee0cf04bd4d02bce52;2021;106;IP PROVIDENCIA;Institutos Profesionales;67;TECNICO DE NIVEL SUPERIOR EN ADMINISTRACION DE EMPRESAS MENCION MARKETING O FINANZAS O RECURSOS HUMANOS;Técnico de Nivel Superior;Administración y Comercio;No Presencial;A Distancia;No presencial;Resto IP+CFT;213
1f668ca1e4c368d2e5f256a8b071b6c5;2021;106;IP PROVIDENCIA;Institutos Profesionales;284;TECNICO DE NIVEL SUPERIOR EN ADMINISTRACION PUBLICA;Técnico de Nivel Superior;Ciencias Sociales;No Presencial;A Distancia;No presencial;Resto IP+CFT;45
fc69ed53f5fcc26807eb59b8002de82b;2021;106;IP PROVIDENCIA;Institutos Profesionales;317;TECNICO DE NIVEL SUPERIOR EN CLOUD ADMINISTRATION;Técnico de Nivel Superior;Tecnología;No Presencial;A Distancia;No presencial;Resto IP+CFT;11
bd20cc6dc0d942bfc42e59a03223479d;2021;106;IP PROVIDENCIA;Institutos Profesionales;231;TECNICO DE NIVEL SUPERIOR EN COMERCIO EXTERIOR;Técnico de Nivel Superior;Administración y Comercio;No Presencial;A Distancia;No presencial;Resto IP+CFT;46
52a6abb43d7e0a0ab0ade6d59101ec19;2021;106;IP PROVIDENCIA;Institutos Profesionales;265;TECNICO DE NIVEL SUPERIOR EN CONTROL DE GESTION;Técnico de Nivel Superior;Administración y Comercio;No Presencial;A Distancia;No presencial;Resto IP+CFT;21
18001f54d899dd3c4998f4443b54b400;2021;106;IP PROVIDENCIA;Institutos Profesionales;309;TECNICO DE NIVEL SUPERIOR EN CONTROL DE LA PRODUCCION INDUSTRIAL;Técnico de Nivel Superior;Tecnología;No Presencial;A Distancia;No presencial;Resto IP+CFT;49
e524dcfcc3943833177fd380d3391ce9;2021;106;IP PROVIDENCIA;Institutos Profesionales;310;TECNICO DE NIVEL SUPERIOR EN DISEÑO GRAFICO DIGITAL;Técnico de Nivel Superior;Arte y Arquitectura;No Presencial;A Distancia;No presencial;Resto IP+CFT;92
beebd4042062dfc2a432319011597d8c;2021;106;IP PROVIDENCIA;Institutos Profesionales;268;TECNICO DE NIVEL SUPERIOR EN GESTION TURISTICA;Técnico de Nivel Superior;Administración y Comercio;No Presencial;A Distancia;No presencial;Resto IP+CFT;28
a6ad0df9005e55f1a7a8d082f788ab1c;2021;106;IP PROVIDENCIA;Institutos Profesionales;286;TECNICO DE NIVEL SUPERIOR EN INFORMATICA;Técnico de Nivel Superior;Tecnología;No Presencial;A Distancia;No presencial;Resto IP+CFT;113
674384a32af35898d50340cda3e2123a;2021;106;IP PROVIDENCIA;Institutos Profesionales;318;TECNICO DE NIVEL SUPERIOR EN SEGURIDAD INFORMATICA;Técnico de Nivel Superior;Tecnología;No Presencial;A Distancia;No presencial;Resto IP+CFT;42
ceb39d8a2da17ced580f8e293fb91728;2021;106;IP PROVIDENCIA;Institutos Profesionales;250;TECNICO DE NIVEL SUPERIOR EN SERVICIO SOCIAL;Técnico de Nivel Superior;Ciencias Sociales;No Presencial;A Distancia;No presencial;Resto IP+CFT;138
49083d0a4165d7555147d3487672fe82;2021;106;IP PROVIDENCIA;Institutos Profesionales;295;TECNICO EN ANIMACION DIGITAL;Técnico de Nivel Superior;Arte y Arquitectura;No Presencial;A Distancia;No presencial;Resto IP+CFT;70
772f043abad83b0f040fb390b942d165;2021;106;IP PROVIDENCIA;Institutos Profesionales;266;TECNICO EN EDUCACION DIFERENCIAL;Técnico de Nivel Superior;Educación;No Presencial;A Distancia;No presencial;Resto IP+CFT;148
d10c3e49e1bdc400ec76cc71d1e1d9c5;2021;106;IP PROVIDENCIA;Institutos Profesionales;294;TECNICO EN EDUCACION PARVULARIA Y PRIMER CICLO BASICO;Técnico de Nivel Superior;Educación;No Presencial;A Distancia;No presencial;Resto IP+CFT;228
c51b85377b8fec24d12f01a30d07e484;2021;106;IP PROVIDENCIA;Institutos Profesionales;296;TECNICO EN LOGISTICA;Técnico de Nivel Superior;Administración y Comercio;No Presencial;A Distancia;No presencial;Resto IP+CFT;122
9d140fa2d1f78273f63f5b5487513fee;2021;106;IP PROVIDENCIA;Institutos Profesionales;292;TECNICO EN PUBLICIDAD;Técnico de Nivel Superior;Ciencias Sociales;No Presencial;A Distancia;No presencial;Resto IP+CFT;22
a12ddc8fe24d23cc933b6013e2f25d3f;2021;106;IP PROVIDENCIA;Institutos Profesionales;269;TECNICO JURIDICO EN GESTION JUDICIAL;Técnico de Nivel Superior;Derecho;No Presencial;A Distancia;No presencial;Resto IP+CFT;126
bd7a516b353e13b027b5fcba4025bbde;2021;162;IP SAN SEBASTIAN;Institutos Profesionales;3;INGENIERIA EN CONECTIVIDAD Y REDES;Profesional Sin Licenciatura;Tecnología;No Presencial;A Distancia;No presencial;Resto IP+CFT;22
164dbc517a22d113490fa611c6aecaa5;2021;162;IP SAN SEBASTIAN;Institutos Profesionales;1;INGENIERIA EN INFORMATICA;Profesional Sin Licenciatura;Tecnología;No Presencial;A Distancia;No presencial;Resto IP+CFT;28
59d48ec09e2ceccfcf4cd6475b77dd30;2021;162;IP SAN SEBASTIAN;Institutos Profesionales;47;TECNICO EN CIBERSEGURIDAD;Técnico de Nivel Superior;Tecnología;No Presencial;A Distancia;No presencial;Resto IP+CFT;42
99bcd34bf49411278c865669a91f0b00;2021;162;IP SAN SEBASTIAN;Institutos Profesionales;6;TECNICO EN CONECTIVIDAD Y REDES;Técnico de Nivel Superior;Tecnología;No Presencial;A Distancia;No presencial;Resto IP+CFT;26
55f39e015b82c2709a4fbc45850080e2;2021;162;IP SAN SEBASTIAN;Institutos Profesionales;57;TECNICO EN PROGRAMACION Y ANALISIS DE SISTEMAS;Técnico de Nivel Superior;Tecnología;No Presencial;A Distancia;No presencial;Resto IP+CFT;82
23cda56a089508e9bc4bd0812a992ce0;2022;534;CFT ASISTE;Centros de Formación Técnica;44;TECNICO EN ADMINISTRACION EN SEGURIDAD PRIVADA;Técnico de Nivel Superior;Administración y Comercio;No Presencial;A Distancia;No presencial;Resto IP+CFT;39
c955aabae0f2c05b1838085a9c0a65ad;2022;534;CFT ASISTE;Centros de Formación Técnica;60;TECNICO EN SEGURIDAD ELECTRONICA ALARMAS Y CCTV;Técnico de Nivel Superior;Administración y Comercio;No Presencial;A Distancia;No presencial;Resto IP+CFT;12
42bca8bf9a10a7b48bacad3b4b60acc2;2022;312;CFT CENCO;Centros de Formación Técnica;101;TECNICO DE NIVEL SUPERIOR EN EDUCACION PARVULARIA;Técnico de Nivel Superior;Educación;No Presencial;A Distancia;No presencial;Resto IP+CFT;1
9dee7519ef01dd9c2d2eb337d29616e8;2022;312;CFT CENCO;Centros de Formación Técnica;116;TECNICO DE NIVEL SUPERIOR EN SOPORTE INFORMATICO Y REDES;Técnico de Nivel Superior;Tecnología;No Presencial;A Distancia;No presencial;Resto IP+CFT;16
5ebcb5837359525216405ed6121caed8;2022;312;CFT CENCO;Centros de Formación Técnica;89;TECNICO DE NIVEL SUPERIOR EN TRABAJO SOCIAL;Técnico de Nivel Superior;Ciencias Sociales;No Presencial;A Distancia;No presencial;Resto IP+CFT;1
5b7de98d727969a850d25e7141086012;2022;435;CFT DEL MEDIO AMBIENTE;Centros de Formación Técnica;114;TECNICO EN MANEJO DE AREAS SILVESTRES PROTEGIDAS;Técnico de Nivel Superior;Tecnología;No Presencial;A Distancia;No presencial;Resto IP+CFT;50
8b0fe2f9a21bcf0db10f1e2cf84a6f75;2022;426;CFT ESCUELA DE COMERCIO;Centros de Formación Técnica;2;ADMINISTRACION COMERCIAL;Técnico de Nivel Superior;Administración y Comercio;No Presencial;A Distancia;No presencial;ECS;13
35520779800c9376541f69b07f33190e;2022;426;CFT ESCUELA DE COMERCIO;Centros de Formación Técnica;54;ADMINISTRACION DE EMPRESAS;Técnico de Nivel Superior;Administración y Comercio;No Presencial;A Distancia;No presencial;ECS;34
562965078259571a40f932e1c12edf11;2022;426;CFT ESCUELA DE COMERCIO;Centros de Formación Técnica;13;ADMINISTRACION DE RECURSOS HUMANOS;Técnico de Nivel Superior;Administración y Comercio;No Presencial;A Distancia;No presencial;ECS;32
42e891aa7cda8d2f325cf83177c03f84;2022;426;CFT ESCUELA DE COMERCIO;Centros de Formación Técnica;1;ADMINISTRACION EN COMERCIO EXTERIOR;Técnico de Nivel Superior;Administración y Comercio;No Presencial;A Distancia;No presencial;ECS;55
af62387a52e9a1657980028c25c04582;2022;426;CFT ESCUELA DE COMERCIO;Centros de Formación Técnica;55;ANALITICA DE DATOS;Técnico de Nivel Superior;Ciencias Básicas;No Presencial;A Distancia;No presencial;ECS;4
fc46ba6d64b970bd3737f5adde133e6c;2022;426;CFT ESCUELA DE COMERCIO;Centros de Formación Técnica;7;CONTABILIDAD GENERAL;Técnico de Nivel Superior;Administración y Comercio;No Presencial;A Distancia;No presencial;ECS;66
8b0b98fefa6e7a07ef7c69b42e623cb2;2022;426;CFT ESCUELA DE COMERCIO;Centros de Formación Técnica;40;CONTROL DE GESTION;Técnico de Nivel Superior;Administración y Comercio;No Presencial;A Distancia;No presencial;ECS;22
6647653e1bc682cf65bd4730288c3e24;2022;426;CFT ESCUELA DE COMERCIO;Centros de Formación Técnica;10;FINANZAS;Técnico de Nivel Superior;Administración y Comercio;No Presencial;A Distancia;No presencial;ECS;37
163e5464ec0fa41b5a0b1787b4b228a6;2022;426;CFT ESCUELA DE COMERCIO;Centros de Formación Técnica;5;LOGISTICA OPERATIVA;Técnico de Nivel Superior;Administración y Comercio;No Presencial;A Distancia;No presencial;ECS;90
ada1022a5cccaf0991ca3f4ce28303a4;2022;426;CFT ESCUELA DE COMERCIO;Centros de Formación Técnica;50;MARKETING DIGITAL;Técnico de Nivel Superior;Administración y Comercio;No Presencial;A Distancia;No presencial;ECS;19
863a572f45fe153081219a2af95034d1;2022;426;CFT ESCUELA DE COMERCIO;Centros de Formación Técnica;26;MARKETING Y GESTION COMERCIAL;Técnico de Nivel Superior;Administración y Comercio;No Presencial;A Distancia;No presencial;ECS;1
16559690a9ac3dd2544b46d2365977cc;2022;214;CFT INSTITUTO CENTRAL DE CAPACITACION EDUCACIONAL ICCE;Centros de Formación Técnica;330;ADMINISTRACION DE SEGURIDAD;Técnico de Nivel Superior;Administración y Comercio;No Presencial;A Distancia;No presencial;Resto IP+CFT;19
94e2d6ca2b5c82c9108b3a8d859bdb49;2022;214;CFT INSTITUTO CENTRAL DE CAPACITACION EDUCACIONAL ICCE;Centros de Formación Técnica;19;TECNICO EN EDUCACION DE PARVULOS;Técnico de Nivel Superior;Educación;No Presencial;A Distancia;No presencial;Resto IP+CFT;27
1d146b8944b5a51657e4495205192d72;2022;214;CFT INSTITUTO CENTRAL DE CAPACITACION EDUCACIONAL ICCE;Centros de Formación Técnica;315;TECNICO EN EDUCACION DIFERENCIAL;Técnico de Nivel Superior;Educación;No Presencial;A Distancia;No presencial;Resto IP+CFT;13
dddb0ee950044fbd7299f2a8755ed3c1;2022;214;CFT INSTITUTO CENTRAL DE CAPACITACION EDUCACIONAL ICCE;Centros de Formación Técnica;343;TECNICO EN FARMACIA;Técnico de Nivel Superior;Salud;No Presencial;A Distancia;No presencial;Resto IP+CFT;116
a6118147c273c7e2537e4ff793128327;2022;701;CFT MANPOWER;Centros de Formación Técnica;3;ADMINISTRACION DE EMPRESAS MENCION MARKETING Y VENTAS O COMERCIO EXTERIOR O GESTION DEL CAPITAL HUMANO;Técnico de Nivel Superior;Administración y Comercio;No Presencial;A Distancia;No presencial;Resto IP+CFT;30
92c8557f5e851ff31dbdebd5fe4fe7d1;2022;701;CFT MANPOWER;Centros de Formación Técnica;2;ASISTENTE EJECUTIVO BILINGÜE;Técnico de Nivel Superior;Administración y Comercio;Semipresencial;Semipresencial;Semipresencial;Resto IP+CFT;11
5334ca95f56f5414d236e6ba7fc3528e;2022;701;CFT MANPOWER;Centros de Formación Técnica;30;ASISTENTE EJECUTIVO Y DE GESTION;Técnico de Nivel Superior;Administración y Comercio;Semipresencial;Semipresencial;Semipresencial;Resto IP+CFT;7
765c0b06be9b2ec1313aa200b5d13979;2022;701;CFT MANPOWER;Centros de Formación Técnica;30;ASISTENTE EJECUTIVO Y DE GESTION;Técnico de Nivel Superior;Administración y Comercio;No Presencial;A Distancia;No presencial;Resto IP+CFT;23
2825435ab2f254c54ee8ee2e06ae8b34;2022;701;CFT MANPOWER;Centros de Formación Técnica;35;CONTABILIDAD TRIBUTARIA;Técnico de Nivel Superior;Administración y Comercio;No Presencial;A Distancia;No presencial;Resto IP+CFT;11
251b52072fc74d1962878ac044b7d6d4;2022;701;CFT MANPOWER;Centros de Formación Técnica;36;GESTION LOGISTICA INTEGRAL;Técnico de Nivel Superior;Administración y Comercio;No Presencial;A Distancia;No presencial;Resto IP+CFT;10
3549d0a497346eb20555ab71d8fb65e9;2022;633;CFT TEODORO WICKEL KLUWEN;Centros de Formación Técnica;96;TECNICO DE NIVEL SUPERIOR EN CONTABILIDAD Y GESTION DE NEGOCIOS;Técnico de Nivel Superior;Administración y Comercio;No Presencial;A Distancia;No presencial;Resto IP+CFT;11
24850768cb39d7af9aa97f43bcd34030;2022;633;CFT TEODORO WICKEL KLUWEN;Centros de Formación Técnica;90;TECNICO DE NIVEL SUPERIOR EN GESTION MUNICIPAL;Técnico de Nivel Superior;Ciencias Sociales;No Presencial;A Distancia;No presencial;Resto IP+CFT;10
47040d50cb82730a7d257aeaa86102fa;2022;143;IP AIEP;Institutos Profesionales;660;ADMINISTRACION PUBLICA;Profesional Sin Licenciatura;Ciencias Sociales;No Presencial;A Distancia;No presencial;Resto IP+CFT;179
9a4a153805497092c3d2bf8d53221308;2022;143;IP AIEP;Institutos Profesionales;29;ASISTENTE DE PARVULOS;Técnico de Nivel Superior;Educación;No Presencial;A Distancia;No presencial;Resto IP+CFT;329
72b302b88c867cc98e870077a216086d;2022;143;IP AIEP;Institutos Profesionales;73;AUDITORIA;Profesional Sin Licenciatura;Administración y Comercio;No Presencial;A Distancia;No presencial;Resto IP+CFT;169
b00a921934ea0e5768c8a3f0b47697ea;2022;143;IP AIEP;Institutos Profesionales;9;CONTABILIDAD GENERAL;Técnico de Nivel Superior;Administración y Comercio;No Presencial;A Distancia;No presencial;Resto IP+CFT;309
e986b5d2d880fdd4aca19217bcd964ce;2022;143;IP AIEP;Institutos Profesionales;111;INGENIERIA DE EJECUCION EN ADMINISTRACION DE EMPRESAS MENCION FINANZAS;Profesional Sin Licenciatura;Administración y Comercio;No Presencial;A Distancia;No presencial;Resto IP+CFT;181
d420c746949f25dfb999df286a3ca351;2022;143;IP AIEP;Institutos Profesionales;112;INGENIERIA DE EJECUCION EN ADMINISTRACION DE EMPRESAS MENCION MARKETING;Profesional Sin Licenciatura;Administración y Comercio;No Presencial;A Distancia;No presencial;Resto IP+CFT;126
b20520c5558c7ab1e447ec788d75baaf;2022;143;IP AIEP;Institutos Profesionales;113;INGENIERIA DE EJECUCION EN ADMINISTRACION DE EMPRESAS MENCION RECURSOS HUMANOS;Profesional Sin Licenciatura;Administración y Comercio;No Presencial;A Distancia;No presencial;Resto IP+CFT;266
9c24c68220ead459d6607aa6193faa3b;2022;143;IP AIEP;Institutos Profesionales;219;INGENIERIA DE EJECUCION EN INFORMATICA MENCION DESARROLLO DE SISTEMAS;Profesional Sin Licenciatura;Tecnología;No Presencial;A Distancia;No presencial;Resto IP+CFT;210
0304de007d55188f345a2023e5b74f53;2022;143;IP AIEP;Institutos Profesionales;95;INGENIERIA EN ADMINISTRACION DE EMPRESAS;Profesional Sin Licenciatura;Administración y Comercio;No Presencial;A Distancia;No presencial;Resto IP+CFT;265
354e234a42eae89f9dc260f0cfd69813;2022;143;IP AIEP;Institutos Profesionales;702;INGENIERIA EN AUTOMATIZACION Y CONTROL INDUSTRIAL;Profesional Sin Licenciatura;Tecnología;No Presencial;A Distancia;No presencial;Resto IP+CFT;208
39811aa2645a2f9bf39cae938ea1d048;2022;143;IP AIEP;Institutos Profesionales;650;INGENIERIA EN CIBERSEGURIDAD;Profesional Sin Licenciatura;Tecnología;No Presencial;A Distancia;No presencial;Resto IP+CFT;129
0468363bcb1468616859fa852da5ccbe;2022;143;IP AIEP;Institutos Profesionales;703;INGENIERIA EN DATA SCIENCE;Profesional Sin Licenciatura;Ciencias Básicas;No Presencial;A Distancia;No presencial;Resto IP+CFT;60
4014684a85a2f31dd55ce7b59a1687fa;2022;143;IP AIEP;Institutos Profesionales;665;INGENIERIA EN GESTION DE OPERACIONES LOGISTICAS;Profesional Sin Licenciatura;Administración y Comercio;No Presencial;A Distancia;No presencial;Resto IP+CFT;141
6e114fd8deaef0a136957eeb2bfa6568;2022;143;IP AIEP;Institutos Profesionales;667;INGENIERIA EN NEGOCIOS ELECTRONICOS;Profesional Sin Licenciatura;Administración y Comercio;No Presencial;A Distancia;No presencial;Resto IP+CFT;19
fa7ef9df5b0b9166ef3def3df463bb5e;2022;143;IP AIEP;Institutos Profesionales;77;INGENIERIA EN PREVENCION DE RIESGOS;Profesional Sin Licenciatura;Tecnología;No Presencial;A Distancia;No presencial;Resto IP+CFT;233
227bb78055aa8c72ac092bf5fbc7c79f;2022;143;IP AIEP;Institutos Profesionales;62;PODOLOGIA CLINICA;Técnico de Nivel Superior;Salud;Semipresencial;Semipresencial;Semipresencial;Resto IP+CFT;34
af54731242d7e7fa7530299432d47045;2022;143;IP AIEP;Institutos Profesionales;469;TECNICO ASISTENTE EN EDUCACION ESPECIAL;Técnico de Nivel Superior;Educación;No Presencial;A Distancia;No presencial;Resto IP+CFT;172
1d58057726cf29b769a12342d970b49c;2022;143;IP AIEP;Institutos Profesionales;651;TECNICO EN ADMINISTRACION DE EMPRESAS;Técnico de Nivel Superior;Administración y Comercio;No Presencial;A Distancia;No presencial;Resto IP+CFT;536
bda20080a897a42dcc4dfd9903853e55;2022;143;IP AIEP;Institutos Profesionales;651;TECNICO EN ADMINISTRACION DE EMPRESAS;Técnico de Nivel Superior;Administración y Comercio;Semipresencial;Semipresencial;Semipresencial;Resto IP+CFT;20
35b50715f46ed81b577c0bc9a94dbd31;2022;143;IP AIEP;Institutos Profesionales;115;TECNICO EN ADMINISTRACION DE EMPRESAS MENCION FINANZAS;Técnico de Nivel Superior;Administración y Comercio;No Presencial;A Distancia;No presencial;Resto IP+CFT;196
33edcc0452f852c5a184f1ad9574bfaa;2022;143;IP AIEP;Institutos Profesionales;117;TECNICO EN ADMINISTRACION DE EMPRESAS MENCION MARKETING;Técnico de Nivel Superior;Administración y Comercio;No Presencial;A Distancia;No presencial;Resto IP+CFT;110
842cefcb0d905e7912116c3459444be3;2022;143;IP AIEP;Institutos Profesionales;118;TECNICO EN ADMINISTRACION DE EMPRESAS MENCION RECURSOS HUMANOS;Técnico de Nivel Superior;Administración y Comercio;No Presencial;A Distancia;No presencial;Resto IP+CFT;318
31899c5acaf247cdf2ce3e501e99f602;2022;143;IP AIEP;Institutos Profesionales;653;TECNICO EN ADMINISTRACION PUBLICA;Técnico de Nivel Superior;Ciencias Sociales;No Presencial;A Distancia;No presencial;Resto IP+CFT;150
125961bbc8df182ca70995fc46259e50;2022;143;IP AIEP;Institutos Profesionales;700;TECNICO EN ANALISIS DE DATOS;Técnico de Nivel Superior;Ciencias Básicas;No Presencial;A Distancia;No presencial;Resto IP+CFT;55
8b585c79cf07eae778374be931c646c4;2022;143;IP AIEP;Institutos Profesionales;701;TECNICO EN ANIMACION 3D;Técnico de Nivel Superior;Arte y Arquitectura;No Presencial;A Distancia;No presencial;Resto IP+CFT;109
4eabbf4138d8d1aefdd35c6311fc7653;2022;143;IP AIEP;Institutos Profesionales;654;TECNICO EN AUTOMATIZACION Y CONTROL INDUSTRIAL;Técnico de Nivel Superior;Tecnología;No Presencial;A Distancia;No presencial;Resto IP+CFT;306
62da69eea011d433b863cf333542367d;2022;143;IP AIEP;Institutos Profesionales;668;TECNICO EN COMERCIO ELECTRONICO;Técnico de Nivel Superior;Administración y Comercio;No Presencial;A Distancia;No presencial;Resto IP+CFT;33
1a6d3e50cbc04f90bb66a64ffbe20e57;2022;143;IP AIEP;Institutos Profesionales;39;TECNICO EN COMUNICACION Y RELACIONES PUBLICAS;Técnico de Nivel Superior;Ciencias Sociales;No Presencial;A Distancia;No presencial;Resto IP+CFT;60
e3be0f9fda4bc53ba767e99b0a466bb9;2022;143;IP AIEP;Institutos Profesionales;632;TECNICO EN DESARROLLO DE APLICACIONES MOVILES;Técnico de Nivel Superior;Tecnología;No Presencial;A Distancia;No presencial;Resto IP+CFT;2
7c49104c196282e6e45702267aeeacc0;2022;143;IP AIEP;Institutos Profesionales;616;TECNICO EN ELECTRICIDAD Y ELECTRONICA;Técnico de Nivel Superior;Tecnología;Semipresencial;Semipresencial;Semipresencial;Resto IP+CFT;14
0d05d935008b92ce8e827383b8420e5b;2022;143;IP AIEP;Institutos Profesionales;34;TECNICO EN ENFERMERIA;Técnico de Nivel Superior;Salud;Semipresencial;Semipresencial;Semipresencial;Resto IP+CFT;19
9124ea29c6314d84f1672e41baaa4a5d;2022;143;IP AIEP;Institutos Profesionales;53;TECNICO EN ENFERMERIA E INSTRUMENTACION QUIRURGICA;Técnico de Nivel Superior;Salud;Semipresencial;Semipresencial;Semipresencial;Resto IP+CFT;16
ce5993d66e514e0da1f1145624bf84a5;2022;143;IP AIEP;Institutos Profesionales;655;TECNICO EN MARKETING DIGITAL;Técnico de Nivel Superior;Administración y Comercio;No Presencial;A Distancia;No presencial;Resto IP+CFT;182
e71010c61dba64ee017e1051270613c9;2022;143;IP AIEP;Institutos Profesionales;645;TECNICO EN OPERACIONES LOGISTICAS;Técnico de Nivel Superior;Administración y Comercio;No Presencial;A Distancia;No presencial;Resto IP+CFT;463
c5b8a345ec3bd12c5a40e10afb42d2d3;2022;143;IP AIEP;Institutos Profesionales;27;TECNICO EN PREVENCION DE RIESGOS;Técnico de Nivel Superior;Tecnología;No Presencial;A Distancia;No presencial;Resto IP+CFT;270
80be4ea53e2fee080e013b58bac0b727;2022;143;IP AIEP;Institutos Profesionales;677;TECNICO EN PROGRAMACION Y ANALISIS DE SISTEMAS;Técnico de Nivel Superior;Tecnología;No Presencial;A Distancia;No presencial;Resto IP+CFT;290
8b73ff509184368284916f5b4603cd31;2022;143;IP AIEP;Institutos Profesionales;83;TECNICO EN TRABAJO SOCIAL;Técnico de Nivel Superior;Ciencias Sociales;No Presencial;A Distancia;No presencial;Resto IP+CFT;339
1faad65885ed4d8245b024a9cbc4f85f;2022;143;IP AIEP;Institutos Profesionales;614;TECNICO EN TURISMO;Técnico de Nivel Superior;Administración y Comercio;No Presencial;A Distancia;No presencial;Resto IP+CFT;29
a14e11fc7b72ee2de416bc11a1cf1b64;2022;143;IP AIEP;Institutos Profesionales;30;TECNICO JURIDICO;Técnico de Nivel Superior;Derecho;No Presencial;A Distancia;No presencial;Resto IP+CFT;281
a3f54868f8d28373ada64b127d50c5f7;2022;143;IP AIEP;Institutos Profesionales;28;TRABAJO SOCIAL;Profesional Sin Licenciatura;Ciencias Sociales;No Presencial;A Distancia;No presencial;Resto IP+CFT;475
64086676a8b95c1a7bf7b094a0b22c94;2022;123;IP DE CHILE;Institutos Profesionales;51;ANALISTA PROGRAMADOR COMPUTACIONAL;Técnico de Nivel Superior;Tecnología;No Presencial;A Distancia;No presencial;Resto IP+CFT;82
a19e26306faa9d8c85db56cbe7aa69c0;2022;123;IP DE CHILE;Institutos Profesionales;56;ASISTENTE EN EDUCACION DE PARVULOS;Técnico de Nivel Superior;Educación;No Presencial;A Distancia;No presencial;Resto IP+CFT;97
b4361ec3ada5d2634aef22185bcb82d4;2022;123;IP DE CHILE;Institutos Profesionales;16;ASISTENTE JURIDICO;Técnico de Nivel Superior;Derecho;No Presencial;A Distancia;No presencial;Resto IP+CFT;59
5898e75b39d96f63bbcaa8fce5952dc4;2022;123;IP DE CHILE;Institutos Profesionales;9;AUDITORIA;Profesional Sin Licenciatura;Administración y Comercio;No Presencial;A Distancia;No presencial;Resto IP+CFT;51
434766a385f17aa866be253360af47f5;2022;123;IP DE CHILE;Institutos Profesionales;49;CONTABILIDAD GENERAL;Técnico de Nivel Superior;Administración y Comercio;No Presencial;A Distancia;No presencial;Resto IP+CFT;75
50a556dd745e85e295fcd0770659a722;2022;123;IP DE CHILE;Institutos Profesionales;37;INGENIERIA EN ADMINISTRACION DE EMPRESAS;Profesional Sin Licenciatura;Administración y Comercio;No Presencial;A Distancia;No presencial;Resto IP+CFT;73
eab6a347ca6a7287dba16e0df0207e36;2022;123;IP DE CHILE;Institutos Profesionales;198;INGENIERIA EN ADMINISTRACION PUBLICA;Profesional Sin Licenciatura;Ciencias Sociales;No Presencial;A Distancia;No presencial;Resto IP+CFT;75
a8616289b803a038517d9a3af081d72f;2022;123;IP DE CHILE;Institutos Profesionales;199;INGENIERIA EN GESTION E INNOVACION DIGITAL DE NEGOCIOS;Profesional Sin Licenciatura;Administración y Comercio;No Presencial;A Distancia;No presencial;Resto IP+CFT;21
d7f15c7114c6c90a8415144757728943;2022;123;IP DE CHILE;Institutos Profesionales;41;INGENIERIA EN INFORMATICA;Profesional Sin Licenciatura;Tecnología;No Presencial;A Distancia;No presencial;Resto IP+CFT;85
0639d4a3cfb139511d46e1ae42aecc95;2022;123;IP DE CHILE;Institutos Profesionales;45;INGENIERIA EN PREVENCION DE RIESGOS;Profesional Sin Licenciatura;Tecnología;No Presencial;A Distancia;No presencial;Resto IP+CFT;44
bc7831d85e44ecc1be13695aee71fbd9;2022;123;IP DE CHILE;Institutos Profesionales;42;INGENIERIA EN REDES Y COMUNICACIONES;Profesional Sin Licenciatura;Tecnología;No Presencial;A Distancia;No presencial;Resto IP+CFT;54
58bb184f7c0c08245eddd361372caf4a;2022;123;IP DE CHILE;Institutos Profesionales;201;TECNICO DE NIVEL SUPERIOR EN ADMINISTRACION PUBLICA;Técnico de Nivel Superior;Ciencias Sociales;No Presencial;A Distancia;No presencial;Resto IP+CFT;33
9b1a14e4582a6ffecc7709f2269e6302;2022;123;IP DE CHILE;Institutos Profesionales;203;TECNICO DE NIVEL SUPERIOR EN GESTION AMBIENTAL Y SUSTENTABILIDAD;Técnico de Nivel Superior;Tecnología;No Presencial;A Distancia;No presencial;Resto IP+CFT;54
c147f24544e37270461e859f270e85b6;2022;123;IP DE CHILE;Institutos Profesionales;204;TECNICO DE NIVEL SUPERIOR EN GESTION DE NEGOCIOS DIGITALES;Técnico de Nivel Superior;Administración y Comercio;No Presencial;A Distancia;No presencial;Resto IP+CFT;11
79cdf55848c25f6567e4854decbf4be6;2022;123;IP DE CHILE;Institutos Profesionales;48;TECNICO EN ADMINISTRACION DE EMPRESAS;Técnico de Nivel Superior;Administración y Comercio;No Presencial;A Distancia;No presencial;Resto IP+CFT;159
8262f93703ffd4bbde6b52e94a7472b8;2022;123;IP DE CHILE;Institutos Profesionales;52;TECNICO EN CONECTIVIDAD Y REDES;Técnico de Nivel Superior;Tecnología;No Presencial;A Distancia;No presencial;Resto IP+CFT;37
c0f18c8f42f852b33aaf8b2a35319bca;2022;123;IP DE CHILE;Institutos Profesionales;211;TECNICO EN DISEÑO Y CONTENIDO PARA PLATAFORMAS DIGITALES;Técnico de Nivel Superior;Arte y Arquitectura;No Presencial;A Distancia;No presencial;Resto IP+CFT;28
574a70d7601e58672f116a1409a975d9;2022;123;IP DE CHILE;Institutos Profesionales;192;TECNICO EN EDUCACION DIFERENCIAL E INCLUSION;Técnico de Nivel Superior;Educación;No Presencial;A Distancia;No presencial;Resto IP+CFT;94
1e22fa3df60f63a4291d1a2d4c80cd1b;2022;123;IP DE CHILE;Institutos Profesionales;128;TECNICO EN PREVENCION DE RIESGOS;Técnico de Nivel Superior;Tecnología;No Presencial;A Distancia;No presencial;Resto IP+CFT;68
d47daac78ac8ba2ae9e7a806f2b7c489;2022;123;IP DE CHILE;Institutos Profesionales;151;TECNICO TRABAJO SOCIAL;Técnico de Nivel Superior;Ciencias Sociales;No Presencial;A Distancia;No presencial;Resto IP+CFT;86
86e14a21e3bafdd9bd58cbc0efb50344;2022;123;IP DE CHILE;Institutos Profesionales;18;TRABAJO SOCIAL;Profesional Sin Licenciatura;Ciencias Sociales;No Presencial;A Distancia;No presencial;Resto IP+CFT;139
8ca45c4e36c0f595f9213b2baeca98a7;2022;176;IP DEL VALLE CENTRAL;Institutos Profesionales;545;INGENIERIA DE EJECUCION EN ADMINISTRACION DE EMPRESAS;Profesional Sin Licenciatura;Administración y Comercio;No Presencial;A Distancia;No presencial;Resto IP+CFT;1
1394f7d0c64d4bf1a99161017f5ad284;2022;176;IP DEL VALLE CENTRAL;Institutos Profesionales;880;INGENIERIA DE EJECUCION EN GESTION DE SEGURIDAD PRIVADA;Profesional Sin Licenciatura;Administración y Comercio;No Presencial;A Distancia;No presencial;Resto IP+CFT;141
6c06f2c55706ca88a12fc2c267d86aac;2022;176;IP DEL VALLE CENTRAL;Institutos Profesionales;42;PSICOPEDAGOGIA;Profesional Sin Licenciatura;Educación;No Presencial;A Distancia;No presencial;Resto IP+CFT;6
1e35082866ba3179c8c1ebe5acf4b70f;2022;176;IP DEL VALLE CENTRAL;Institutos Profesionales;115;TECNICO DE NIVEL SUPERIOR EN ADMINISTRACION DE EMPRESAS MENCION RECURSOS HUMANOS;Técnico de Nivel Superior;Administración y Comercio;No Presencial;A Distancia;No presencial;Resto IP+CFT;3
744f5bb8d139c735d576d22f4cf9ae5d;2022;176;IP DEL VALLE CENTRAL;Institutos Profesionales;585;TECNICO DE NIVEL SUPERIOR EN ADMINISTRACION EN SALUD;Técnico de Nivel Superior;Administración y Comercio;No Presencial;A Distancia;No presencial;Resto IP+CFT;6
00c51c72de20222115b9991fb2fbdccb;2022;176;IP DEL VALLE CENTRAL;Institutos Profesionales;831;TECNICO DE NIVEL SUPERIOR EN ASISTENTE DE LA EDUCACION;Técnico de Nivel Superior;Educación;No Presencial;A Distancia;No presencial;Resto IP+CFT;1
d9672d91d7fe17ce217ddd4211c04004;2022;176;IP DEL VALLE CENTRAL;Institutos Profesionales;68;TECNICO DE NIVEL SUPERIOR EN EDUCACION DIFERENCIAL;Técnico de Nivel Superior;Educación;No Presencial;A Distancia;No presencial;Resto IP+CFT;4
2186b139affece82d5f218c039ea3cf6;2022;176;IP DEL VALLE CENTRAL;Institutos Profesionales;41;TECNICO DE NIVEL SUPERIOR EN EDUCACION PARVULARIA;Técnico de Nivel Superior;Educación;Semipresencial;Semipresencial;Semipresencial;Resto IP+CFT;14
274732ac1d371c820af29997b1ba730d;2022;176;IP DEL VALLE CENTRAL;Institutos Profesionales;41;TECNICO DE NIVEL SUPERIOR EN EDUCACION PARVULARIA;Técnico de Nivel Superior;Educación;No Presencial;A Distancia;No presencial;Resto IP+CFT;22
26be2cab41b020657164bdd37edf3b97;2022;176;IP DEL VALLE CENTRAL;Institutos Profesionales;874;TECNICO DE NIVEL SUPERIOR EN LOGISTICA Y OPERACIONES INDUSTRIALES;Técnico de Nivel Superior;Administración y Comercio;No Presencial;A Distancia;No presencial;Resto IP+CFT;4
b1336603d85b55c8a1ad1cf54841b1ad;2022;176;IP DEL VALLE CENTRAL;Institutos Profesionales;40;TECNICO DE NIVEL SUPERIOR EN TRABAJO SOCIAL;Técnico de Nivel Superior;Ciencias Sociales;No Presencial;A Distancia;No presencial;Resto IP+CFT;10
87492e049a42afbdbbe618d89a9b4f38;2022;176;IP DEL VALLE CENTRAL;Institutos Profesionales;3;TRABAJO SOCIAL;Profesional Sin Licenciatura;Ciencias Sociales;No Presencial;A Distancia;No presencial;Resto IP+CFT;13
e1cbac3e42a21fc2551cbb2a21d25941;2022;120;IP DIEGO PORTALES;Institutos Profesionales;101;CONTADOR AUDITOR;Profesional Sin Licenciatura;Administración y Comercio;No Presencial;A Distancia;No presencial;Resto IP+CFT;49
72e22f871a679b2f9dbc44855a2c8716;2022;120;IP DIEGO PORTALES;Institutos Profesionales;104;INGENIERIA EN ADMINISTRACION DE EMPRESAS;Profesional Sin Licenciatura;Administración y Comercio;No Presencial;A Distancia;No presencial;Resto IP+CFT;65
8eeaadc9231e137288a1af1b0e42961e;2022;120;IP DIEGO PORTALES;Institutos Profesionales;235;INGENIERIA EN ADMINISTRACION PUBLICA Y MUNICIPAL;Profesional Sin Licenciatura;Ciencias Sociales;No Presencial;A Distancia;No presencial;Resto IP+CFT;54
66972712b34cc6f8f6acd227baf6532e;2022;120;IP DIEGO PORTALES;Institutos Profesionales;250;INGENIERIA EN LOGISTICA OPERATIVA;Profesional Sin Licenciatura;Administración y Comercio;No Presencial;A Distancia;No presencial;Resto IP+CFT;10
7c0a34722a7521cf7de8bcdf8c43225f;2022;120;IP DIEGO PORTALES;Institutos Profesionales;105;INGENIERIA EN PREVENCION DE RIESGOS;Profesional Sin Licenciatura;Tecnología;No Presencial;A Distancia;No presencial;Resto IP+CFT;53
20cb66361aa821c9e215708596644a29;2022;120;IP DIEGO PORTALES;Institutos Profesionales;310;PSICOPEDAGOGIA;Profesional Sin Licenciatura;Educación;No Presencial;A Distancia;No presencial;Resto IP+CFT;10
6ed0980652c730c694ad55bb77cfcfa1;2022;120;IP DIEGO PORTALES;Institutos Profesionales;272;RELACIONES PUBLICAS;Profesional Sin Licenciatura;Ciencias Sociales;No Presencial;A Distancia;No presencial;Resto IP+CFT;21
4f5bba1ed638c01381fc47d5a5c98dcf;2022;120;IP DIEGO PORTALES;Institutos Profesionales;114;SERVICIO SOCIAL;Profesional Sin Licenciatura;Ciencias Sociales;No Presencial;A Distancia;No presencial;Resto IP+CFT;172
d97d40970f08840652c4a8a6842016d7;2022;120;IP DIEGO PORTALES;Institutos Profesionales;241;TECNICO EN BIBLIOTECOLOGIA;Técnico de Nivel Superior;Humanidades;No Presencial;A Distancia;No presencial;Resto IP+CFT;22
3d84a2467b9c91a8dae8f439b1d9f95d;2022;111;IP DUOC UC;Institutos Profesionales;23;ANALISTA PROGRAMADOR COMPUTACIONAL;Técnico de Nivel Superior;Tecnología;No Presencial;A Distancia;No presencial;Resto IP+CFT;63
9826d80036ea5404f2f38aa3f98e5c22;2022;111;IP DUOC UC;Institutos Profesionales;410;AUDITORIA PEV;Profesional Sin Licenciatura;Administración y Comercio;Semipresencial;Vespertina;Semipresencial;Resto IP+CFT;13
592818b237470a13203838b36a788643;2022;111;IP DUOC UC;Institutos Profesionales;204;CONTABILIDAD GENERAL MENCION LEGISLACION TRIBUTARIA PEV;Técnico de Nivel Superior;Administración y Comercio;Semipresencial;Vespertina;Semipresencial;Resto IP+CFT;45
8551b1c595a90f9b5fcd205cbf5b51af;2022;111;IP DUOC UC;Institutos Profesionales;484;INGENIERIA EN ADMINISTRACION MENCION FINANZAS;Profesional Sin Licenciatura;Administración y Comercio;Semipresencial;Semipresencial;Semipresencial;Resto IP+CFT;34
1c19f116ac92240f3d3b5d6fb9a167e1;2022;111;IP DUOC UC;Institutos Profesionales;486;INGENIERIA EN ADMINISTRACION MENCION MARKETING;Profesional Sin Licenciatura;Administración y Comercio;Semipresencial;Semipresencial;Semipresencial;Resto IP+CFT;15
d226ffbf6386ad378b62b539e6b7b740;2022;111;IP DUOC UC;Institutos Profesionales;145;INGENIERIA EN GESTION LOGISTICA;Profesional Sin Licenciatura;Administración y Comercio;Semipresencial;Vespertina;Semipresencial;Resto IP+CFT;18
0333834a4e167d9ce770f3d3db3028f9;2022;111;IP DUOC UC;Institutos Profesionales;441;INGENIERIA EN GESTION LOGISTICA PEV;Profesional Sin Licenciatura;Administración y Comercio;Semipresencial;Vespertina;Semipresencial;Resto IP+CFT;13
9f2c27aa3b827a22192b8dd585fb82ad;2022;111;IP DUOC UC;Institutos Profesionales;490;TECNICO EN FINANZAS;Técnico de Nivel Superior;Administración y Comercio;Semipresencial;Semipresencial;Semipresencial;Resto IP+CFT;47
1503a4bc34fffd2f4de2101e762c66eb;2022;111;IP DUOC UC;Institutos Profesionales;309;TECNICO EN GESTION LOGISTICA PEV;Técnico de Nivel Superior;Administración y Comercio;Semipresencial;Vespertina;Semipresencial;Resto IP+CFT;143
949d742c9846227a4679be46d55492b6;2022;111;IP DUOC UC;Institutos Profesionales;492;TECNICO EN MARKETING;Técnico de Nivel Superior;Administración y Comercio;Semipresencial;Semipresencial;Semipresencial;Resto IP+CFT;42
c40f3d09bf3130d39a5dfef0dc59b99e;2022;137;IP EATRI;Institutos Profesionales;2;TRADUCTOR E INTERPRETE DE ENLACE MENCION INGLES;Profesional Sin Licenciatura;Humanidades;No Presencial;A Distancia;No presencial;Resto IP+CFT;53
72c0c68e0e4fb83023e3bb9d17c33796;2022;171;IP ESCUELA DE COMERCIO DE SANTIAGO;Institutos Profesionales;70;ADMINISTRACION PUBLICA;Profesional Sin Licenciatura;Ciencias Sociales;No Presencial;A Distancia;No presencial;ECS;1
d8789f3d76a926cccee4e16ed2605853;2022;171;IP ESCUELA DE COMERCIO DE SANTIAGO;Institutos Profesionales;56;CONTADOR AUDITOR;Profesional Sin Licenciatura;Administración y Comercio;No Presencial;A Distancia;No presencial;ECS;36
0b1ffb04799ab10c6fd6279090326228;2022;171;IP ESCUELA DE COMERCIO DE SANTIAGO;Institutos Profesionales;71;INGENIERIA EN ADMINISTRACION COMERCIAL;Profesional Sin Licenciatura;Administración y Comercio;No Presencial;A Distancia;No presencial;ECS;7
c7cbdf28af512bde482d0b480a83b429;2022;171;IP ESCUELA DE COMERCIO DE SANTIAGO;Institutos Profesionales;39;INGENIERIA EN ADMINISTRACION DE EMPRESAS;Profesional Sin Licenciatura;Administración y Comercio;No Presencial;A Distancia;No presencial;ECS;18
b06a0ffa438ac5b74c8a122944c24378;2022;171;IP ESCUELA DE COMERCIO DE SANTIAGO;Institutos Profesionales;24;INGENIERIA EN ADMINISTRACION DE RECURSOS HUMANOS;Profesional Sin Licenciatura;Administración y Comercio;No Presencial;A Distancia;No presencial;ECS;17
e19a093d2bd3d922fb602626af6505f6;2022;171;IP ESCUELA DE COMERCIO DE SANTIAGO;Institutos Profesionales;73;INGENIERIA EN CIENCIAS DE DATOS;Profesional Sin Licenciatura;Ciencias Básicas;No Presencial;A Distancia;No presencial;ECS;6
c189cf8d41c2374608ff240746bdf2a6;2022;171;IP ESCUELA DE COMERCIO DE SANTIAGO;Institutos Profesionales;26;INGENIERIA EN COMERCIO INTERNACIONAL;Profesional Sin Licenciatura;Administración y Comercio;No Presencial;A Distancia;No presencial;ECS;30
50ca43a45b90ee4a46268a9f2660518b;2022;171;IP ESCUELA DE COMERCIO DE SANTIAGO;Institutos Profesionales;74;INGENIERIA EN CONTROL DE GESTION;Profesional Sin Licenciatura;Administración y Comercio;No Presencial;A Distancia;No presencial;ECS;9
43da8b336df65b6c11b0d5d6e8c6388a;2022;171;IP ESCUELA DE COMERCIO DE SANTIAGO;Institutos Profesionales;27;INGENIERIA EN FINANZAS;Profesional Sin Licenciatura;Administración y Comercio;No Presencial;A Distancia;No presencial;ECS;22
1796e4eaa29941f6372a6d536571bac2;2022;171;IP ESCUELA DE COMERCIO DE SANTIAGO;Institutos Profesionales;28;INGENIERIA EN LOGISTICA;Profesional Sin Licenciatura;Administración y Comercio;No Presencial;A Distancia;No presencial;ECS;29
3784fdf174f3bdef39d7a120baa07b38;2022;171;IP ESCUELA DE COMERCIO DE SANTIAGO;Institutos Profesionales;76;INGENIERIA EN MARKETING DIGITAL;Profesional Sin Licenciatura;Administración y Comercio;No Presencial;A Distancia;No presencial;ECS;8
deab76a02e4983fe629ea086f1676697;2022;117;IP IACC;Institutos Profesionales;96;ADMINISTRACION PUBLICA;Profesional Sin Licenciatura;Ciencias Sociales;No Presencial;A Distancia;No presencial;Resto IP+CFT;189
5a9494367a2d9971b14085e190a57a7b;2022;117;IP IACC;Institutos Profesionales;30;CONTABILIDAD GENERAL;Técnico de Nivel Superior;Administración y Comercio;No Presencial;A Distancia;No presencial;Resto IP+CFT;505
3186162b8558de280757821f998694ca;2022;117;IP IACC;Institutos Profesionales;65;CONTADOR AUDITOR;Profesional Sin Licenciatura;Administración y Comercio;No Presencial;A Distancia;No presencial;Resto IP+CFT;130
a935025a12447f6ef3d14aec9cc7e5be;2022;117;IP IACC;Institutos Profesionales;2;INGENIERIA EN ADMINISTRACION DE EMPRESAS;Profesional Sin Licenciatura;Administración y Comercio;No Presencial;A Distancia;No presencial;Resto IP+CFT;231
4a6289990c57fb1558ffeca231e7eea5;2022;117;IP IACC;Institutos Profesionales;107;INGENIERIA EN AUTOMATIZACION Y CONTROL;Profesional Sin Licenciatura;Tecnología;No Presencial;A Distancia;No presencial;Resto IP+CFT;106
5bb2c03241bb4a9c646129fe4d69c389;2022;117;IP IACC;Institutos Profesionales;101;INGENIERIA EN GESTION DE CALIDAD Y AMBIENTE;Profesional Sin Licenciatura;Administración y Comercio;No Presencial;A Distancia;No presencial;Resto IP+CFT;76
8b08a60575d1ebef24500c437273f7b3;2022;117;IP IACC;Institutos Profesionales;57;INGENIERIA EN INFORMATICA;Profesional Sin Licenciatura;Tecnología;No Presencial;A Distancia;No presencial;Resto IP+CFT;158
8a67753ef4c0b804fecdd026dd061613;2022;117;IP IACC;Institutos Profesionales;108;INGENIERIA EN LOGISTICA;Profesional Sin Licenciatura;Administración y Comercio;No Presencial;A Distancia;No presencial;Resto IP+CFT;91
e3321d2d2136d1d0399c6ef3ba1ee5bb;2022;117;IP IACC;Institutos Profesionales;27;INGENIERIA EN PREVENCION DE RIESGOS;Profesional Sin Licenciatura;Tecnología;No Presencial;A Distancia;No presencial;Resto IP+CFT;116
33c9502e16e4a4e182a94a2f7a6d6da5;2022;117;IP IACC;Institutos Profesionales;29;INGENIERIA EN RECURSOS HUMANOS;Profesional Sin Licenciatura;Administración y Comercio;No Presencial;A Distancia;No presencial;Resto IP+CFT;168
15d03f2c5bd523a7709bb10b6cf846cb;2022;117;IP IACC;Institutos Profesionales;67;INGENIERIA INDUSTRIAL;Profesional Sin Licenciatura;Tecnología;No Presencial;A Distancia;No presencial;Resto IP+CFT;651
96034f74da17037984f5a0bd05cec793;2022;117;IP IACC;Institutos Profesionales;91;PSICOPEDAGOGIA;Profesional Sin Licenciatura;Educación;No Presencial;A Distancia;No presencial;Resto IP+CFT;389
f4bef9d75d3574311b7f225f77b654d1;2022;117;IP IACC;Institutos Profesionales;68;TECNICO DE NIVEL SUPERIOR EN ADMINISTRACION DE REDES;Técnico de Nivel Superior;Tecnología;No Presencial;A Distancia;No presencial;Resto IP+CFT;46
cfb94d8063912837d8e0b854f2841149;2022;117;IP IACC;Institutos Profesionales;31;TECNICO DE NIVEL SUPERIOR EN ADMINISTRACION PUBLICA;Técnico de Nivel Superior;Ciencias Sociales;No Presencial;A Distancia;No presencial;Resto IP+CFT;230
be2279a5125672bf7b9b7da5ab340700;2022;117;IP IACC;Institutos Profesionales;46;TECNICO DE NIVEL SUPERIOR EN ANALISIS Y PROGRAMACION COMPUTACIONAL;Técnico de Nivel Superior;Tecnología;No Presencial;A Distancia;No presencial;Resto IP+CFT;168
0589924f2277514350b4904a23e05e7f;2022;117;IP IACC;Institutos Profesionales;90;TECNICO DE NIVEL SUPERIOR EN AUTOMATIZACION Y CONTROL;Técnico de Nivel Superior;Tecnología;No Presencial;A Distancia;No presencial;Resto IP+CFT;421
7b501b85f688bdbc072f5839dad7a455;2022;117;IP IACC;Institutos Profesionales;97;TECNICO DE NIVEL SUPERIOR EN CIBERSEGURIDAD;Técnico de Nivel Superior;Tecnología;No Presencial;A Distancia;No presencial;Resto IP+CFT;96
3ee0426ef1c56d3f2333c47bed30606c;2022;117;IP IACC;Institutos Profesionales;69;TECNICO DE NIVEL SUPERIOR EN CONTROL INDUSTRIAL;Técnico de Nivel Superior;Tecnología;No Presencial;A Distancia;No presencial;Resto IP+CFT;530
5bd612b3c56b0b6ea266a850f87ad74f;2022;117;IP IACC;Institutos Profesionales;70;TECNICO DE NIVEL SUPERIOR EN EDUCACION DIFERENCIAL;Técnico de Nivel Superior;Educación;No Presencial;A Distancia;No presencial;Resto IP+CFT;242
38dbb4cec10c881b883570f0541f4901;2022;117;IP IACC;Institutos Profesionales;71;TECNICO DE NIVEL SUPERIOR EN EDUCACION PARVULARIA;Técnico de Nivel Superior;Educación;No Presencial;A Distancia;No presencial;Resto IP+CFT;312
5223d1d9c503a9aef304a95be6d8a158;2022;117;IP IACC;Institutos Profesionales;59;TECNICO DE NIVEL SUPERIOR EN GESTION DE CALIDAD Y AMBIENTE;Técnico de Nivel Superior;Tecnología;No Presencial;A Distancia;No presencial;Resto IP+CFT;186
c299c287f44a6ba0adbeb435c25f203b;2022;117;IP IACC;Institutos Profesionales;102;TECNICO DE NIVEL SUPERIOR EN GESTION ENERGETICA;Técnico de Nivel Superior;Tecnología;No Presencial;A Distancia;No presencial;Resto IP+CFT;86
62d7d2fa09073efec6373feacf6f829f;2022;117;IP IACC;Institutos Profesionales;17;TECNICO DE NIVEL SUPERIOR EN INFORMATICA;Técnico de Nivel Superior;Tecnología;No Presencial;A Distancia;No presencial;Resto IP+CFT;285
1532b5dc64bd7296f3d75ceb2d5ab72e;2022;117;IP IACC;Institutos Profesionales;60;TECNICO DE NIVEL SUPERIOR EN LOGISTICA;Técnico de Nivel Superior;Administración y Comercio;No Presencial;A Distancia;No presencial;Resto IP+CFT;577
06032ce759d21a5eacbcebab2cf09016;2022;117;IP IACC;Institutos Profesionales;73;TECNICO DE NIVEL SUPERIOR EN PROCESOS MINEROS;Técnico de Nivel Superior;Tecnología;No Presencial;A Distancia;No presencial;Resto IP+CFT;522
2bf0741da2a86421189bc8ce22bed75a;2022;117;IP IACC;Institutos Profesionales;61;TECNICO DE NIVEL SUPERIOR EN RECURSOS HUMANOS;Técnico de Nivel Superior;Administración y Comercio;No Presencial;A Distancia;No presencial;Resto IP+CFT;416
f6eb1686604d1dd84c50fc42096cd5ef;2022;117;IP IACC;Institutos Profesionales;103;TECNICO DE NIVEL SUPERIOR EN TELECOMUNICACIONES;Técnico de Nivel Superior;Tecnología;No Presencial;A Distancia;No presencial;Resto IP+CFT;83
91f0f842a6da6241fdafc232b1e06935;2022;117;IP IACC;Institutos Profesionales;62;TECNICO DE NIVEL SUPERIOR EN TRABAJO SOCIAL;Técnico de Nivel Superior;Ciencias Sociales;No Presencial;A Distancia;No presencial;Resto IP+CFT;457
f0c7878ddf26f17001a685db48c64a12;2022;117;IP IACC;Institutos Profesionales;63;TECNICO DE NIVEL SUPERIOR JURIDICO;Técnico de Nivel Superior;Derecho;No Presencial;A Distancia;No presencial;Resto IP+CFT;210
115856ee42845e2dc54a824396237476;2022;117;IP IACC;Institutos Profesionales;35;TECNICO EN PREVENCION DE RIESGOS;Técnico de Nivel Superior;Tecnología;No Presencial;A Distancia;No presencial;Resto IP+CFT;530
883383119aafc8d5280044aab53a2f6a;2022;117;IP IACC;Institutos Profesionales;1;TECNICO SUPERIOR EN ADMINISTRACION DE EMPRESAS;Técnico de Nivel Superior;Administración y Comercio;No Presencial;A Distancia;No presencial;Resto IP+CFT;1077
93c70fe89793e9e17fcb8b9e61de79bc;2022;113;IP IPG;Institutos Profesionales;533;TECNICO DE NIVEL SUPERIOR COMERCIO EXTERIOR MENCION COMERCIO ELECTRONICO;Técnico de Nivel Superior;Administración y Comercio;No Presencial;A Distancia;No presencial;Resto IP+CFT;9
5a82c9c1c9eba5d156a0151c5d388b87;2022;113;IP IPG;Institutos Profesionales;505;TECNICO DE NIVEL SUPERIOR EN ADMINISTRACION DE EMPRESAS;Técnico de Nivel Superior;Administración y Comercio;No Presencial;A Distancia;No presencial;Resto IP+CFT;58
307dae1cf1c7e7e8bbb84afbea47d03c;2022;113;IP IPG;Institutos Profesionales;259;TECNICO DE NIVEL SUPERIOR EN CONTABILIDAD GENERAL;Técnico de Nivel Superior;Administración y Comercio;No Presencial;A Distancia;No presencial;Resto IP+CFT;17
9d39d8e116b5aecf9510e4f09da248bf;2022;113;IP IPG;Institutos Profesionales;67;TECNICO DE NIVEL SUPERIOR EN EDUCACION DIFERENCIAL;Técnico de Nivel Superior;Educación;No Presencial;A Distancia;No presencial;Resto IP+CFT;1
76a3841b2f8af3b63df8044d68f7cf78;2022;113;IP IPG;Institutos Profesionales;61;TECNICO DE NIVEL SUPERIOR EN EDUCACION PARVULARIA;Técnico de Nivel Superior;Educación;No Presencial;A Distancia;No presencial;Resto IP+CFT;48
eb071920906dae6d16a9bacab03a9640;2022;113;IP IPG;Institutos Profesionales;496;TECNICO DE NIVEL SUPERIOR EN GESTION LOGISTICA;Técnico de Nivel Superior;Administración y Comercio;No Presencial;A Distancia;No presencial;Resto IP+CFT;37
b3ca4cffbb1c41473fad896f840e9d98;2022;113;IP IPG;Institutos Profesionales;507;TECNICO DE NIVEL SUPERIOR EN GESTION PUBLICA Y MUNICIPAL;Técnico de Nivel Superior;Ciencias Sociales;No Presencial;A Distancia;No presencial;Resto IP+CFT;15
12584e9aefb349c6c118082d9650382a;2022;113;IP IPG;Institutos Profesionales;392;TECNICO DE NIVEL SUPERIOR EN INFORMATICA;Técnico de Nivel Superior;Tecnología;No Presencial;A Distancia;No presencial;Resto IP+CFT;21
fb2d9082a1f2a527a917eb574d77be09;2022;113;IP IPG;Institutos Profesionales;542;TECNICO DE NIVEL SUPERIOR EN MARKETING DIGITAL;Técnico de Nivel Superior;Administración y Comercio;No Presencial;A Distancia;No presencial;Resto IP+CFT;9
00571c8c5a9b2530f085b35d1a241364;2022;113;IP IPG;Institutos Profesionales;459;TECNICO DE NIVEL SUPERIOR EN SERVICIO SOCIAL;Técnico de Nivel Superior;Ciencias Sociales;No Presencial;A Distancia;No presencial;Resto IP+CFT;51
02f793181f8c34302344524db5538ebd;2022;152;IP LATINOAMERICANO DE COMERCIO EXTERIOR - IPLACEX;Institutos Profesionales;274;ADMINISTRACION PUBLICA;Profesional Sin Licenciatura;Ciencias Sociales;No Presencial;A Distancia;No presencial;Resto IP+CFT;527
8c6546ed3a4de2acc2934a3cc9014d37;2022;152;IP LATINOAMERICANO DE COMERCIO EXTERIOR - IPLACEX;Institutos Profesionales;430;ADMINISTRACION PUBLICA, MENCION SEGURIDAD PUBLICA Y GESTION DE RIESGOS;Profesional Sin Licenciatura;Ciencias Sociales;No Presencial;A Distancia;No presencial;Resto IP+CFT;45
4c44164f0862daa3bb929e1ce1fc33bf;2022;152;IP LATINOAMERICANO DE COMERCIO EXTERIOR - IPLACEX;Institutos Profesionales;9;AUDITORIA;Profesional Sin Licenciatura;Administración y Comercio;No Presencial;A Distancia;No presencial;Resto IP+CFT;97
0be0a479580667a8c9fd291f231fa35c;2022;152;IP LATINOAMERICANO DE COMERCIO EXTERIOR - IPLACEX;Institutos Profesionales;295;CONTABILIDAD;Técnico de Nivel Superior;Administración y Comercio;No Presencial;A Distancia;No presencial;Resto IP+CFT;171
3f0d76f12f21f6203cc0caafdd172a51;2022;152;IP LATINOAMERICANO DE COMERCIO EXTERIOR - IPLACEX;Institutos Profesionales;314;INGENIERIA DE EJECUCION EN ADMINISTRACION MENCION GESTION MUNICIPAL;Profesional Sin Licenciatura;Ciencias Sociales;No Presencial;A Distancia;No presencial;Resto IP+CFT;21
a30a1d4a32d81c6d11f887d42d7fd9db;2022;152;IP LATINOAMERICANO DE COMERCIO EXTERIOR - IPLACEX;Institutos Profesionales;363;INGENIERIA DE EJECUCION EN ADMINISTRACION MENCION GESTION Y DESARROLLO LOCAL Y REGIONAL;Profesional Sin Licenciatura;Administración y Comercio;No Presencial;A Distancia;No presencial;Resto IP+CFT;17
26358b5b40c5da5de0f6451af6cdd616;2022;152;IP LATINOAMERICANO DE COMERCIO EXTERIOR - IPLACEX;Institutos Profesionales;428;INGENIERIA ELECTRICA;Profesional Sin Licenciatura;Tecnología;No Presencial;A Distancia;No presencial;Resto IP+CFT;259
b533175356b364d2cf0a2bc6012f280b;2022;152;IP LATINOAMERICANO DE COMERCIO EXTERIOR - IPLACEX;Institutos Profesionales;107;INGENIERIA EN ADMINISTRACION DE EMPRESAS;Profesional Sin Licenciatura;Administración y Comercio;No Presencial;A Distancia;No presencial;Resto IP+CFT;233
5938e151c86a172f0c6cc9bb43b2c6c0;2022;152;IP LATINOAMERICANO DE COMERCIO EXTERIOR - IPLACEX;Institutos Profesionales;325;INGENIERIA EN ADMINISTRACION MENCION SEGURIDAD PRIVADA;Profesional Sin Licenciatura;Administración y Comercio;No Presencial;A Distancia;No presencial;Resto IP+CFT;447
0f5756a871756f9bb02e7512aa1ad750;2022;152;IP LATINOAMERICANO DE COMERCIO EXTERIOR - IPLACEX;Institutos Profesionales;1;INGENIERIA EN COMERCIO EXTERIOR;Profesional Sin Licenciatura;Administración y Comercio;No Presencial;A Distancia;No presencial;Resto IP+CFT;76
ceca8e35d8d03d8b23bf4ef880be0ac0;2022;152;IP LATINOAMERICANO DE COMERCIO EXTERIOR - IPLACEX;Institutos Profesionales;369;INGENIERIA EN CONTROL AUTOMATICO Y GESTION INDUSTRIAL;Profesional Sin Licenciatura;Tecnología;No Presencial;A Distancia;No presencial;Resto IP+CFT;103
6129a72f00720e55220dd5a3cf839700;2022;152;IP LATINOAMERICANO DE COMERCIO EXTERIOR - IPLACEX;Institutos Profesionales;383;INGENIERIA EN GESTION DE CENTROS DE SALUD;Profesional Sin Licenciatura;Administración y Comercio;No Presencial;A Distancia;No presencial;Resto IP+CFT;89
c0ebf613532c21ee95ae246be927efd4;2022;152;IP LATINOAMERICANO DE COMERCIO EXTERIOR - IPLACEX;Institutos Profesionales;38;INGENIERIA EN INFORMATICA;Profesional Sin Licenciatura;Tecnología;No Presencial;A Distancia;No presencial;Resto IP+CFT;123
e088dabf1f96e470e4b76939414fe9ba;2022;152;IP LATINOAMERICANO DE COMERCIO EXTERIOR - IPLACEX;Institutos Profesionales;318;INGENIERIA EN LOGISTICA;Profesional Sin Licenciatura;Administración y Comercio;No Presencial;A Distancia;No presencial;Resto IP+CFT;137
292c794c0bff3617eaa6785c988a42af;2022;152;IP LATINOAMERICANO DE COMERCIO EXTERIOR - IPLACEX;Institutos Profesionales;319;INGENIERIA EN PREVENCION DE RIESGOS, CALIDAD Y MEDIO AMBIENTE;Profesional Sin Licenciatura;Tecnología;No Presencial;A Distancia;No presencial;Resto IP+CFT;157
18d346d66d1b9cc325c7666a655d059f;2022;152;IP LATINOAMERICANO DE COMERCIO EXTERIOR - IPLACEX;Institutos Profesionales;316;INGENIERIA EN RECURSOS HUMANOS;Profesional Sin Licenciatura;Administración y Comercio;No Presencial;A Distancia;No presencial;Resto IP+CFT;161
4bdf77e1ca5f423d33c46be83fe8a2f7;2022;152;IP LATINOAMERICANO DE COMERCIO EXTERIOR - IPLACEX;Institutos Profesionales;420;INGENIERIA INDUSTRIAL;Profesional Sin Licenciatura;Tecnología;No Presencial;A Distancia;No presencial;Resto IP+CFT;190
89f20597c751fd435c38edc43f483b6f;2022;152;IP LATINOAMERICANO DE COMERCIO EXTERIOR - IPLACEX;Institutos Profesionales;429;NATUROPATIA;Profesional Sin Licenciatura;Salud;Semipresencial;Semipresencial;Semipresencial;Resto IP+CFT;37
6aa5a87756e336ecdcfe7a95e0e0885d;2022;152;IP LATINOAMERICANO DE COMERCIO EXTERIOR - IPLACEX;Institutos Profesionales;21;PSICOPEDAGOGIA;Profesional Sin Licenciatura;Educación;No Presencial;A Distancia;No presencial;Resto IP+CFT;231
7857132232f9798433788ad9361495e0;2022;152;IP LATINOAMERICANO DE COMERCIO EXTERIOR - IPLACEX;Institutos Profesionales;326;TECNICO EN ADMINISTRACION DE EMPRESAS;Técnico de Nivel Superior;Administración y Comercio;No Presencial;A Distancia;No presencial;Resto IP+CFT;558
a1ac91766688c0c24fa417e75a99d01b;2022;152;IP LATINOAMERICANO DE COMERCIO EXTERIOR - IPLACEX;Institutos Profesionales;327;TECNICO EN ADMINISTRACION MENCION GESTION MUNICIPAL;Técnico de Nivel Superior;Ciencias Sociales;No Presencial;A Distancia;No presencial;Resto IP+CFT;36
4ac615bee9a6e7c770c4cac004e9a6a8;2022;152;IP LATINOAMERICANO DE COMERCIO EXTERIOR - IPLACEX;Institutos Profesionales;278;TECNICO EN ADMINISTRACION PUBLICA;Técnico de Nivel Superior;Ciencias Sociales;No Presencial;A Distancia;No presencial;Resto IP+CFT;138
f1ed7010d7e533b4abe337615a07fd30;2022;152;IP LATINOAMERICANO DE COMERCIO EXTERIOR - IPLACEX;Institutos Profesionales;370;TECNICO EN ALIMENTACION Y NUTRICION;Técnico de Nivel Superior;Salud;Semipresencial;Vespertina;Semipresencial;Resto IP+CFT;82
16b5b8ad3d8b0f2bd76757c860192fde;2022;152;IP LATINOAMERICANO DE COMERCIO EXTERIOR - IPLACEX;Institutos Profesionales;328;TECNICO EN COMERCIO EXTERIOR;Técnico de Nivel Superior;Administración y Comercio;No Presencial;A Distancia;No presencial;Resto IP+CFT;147
24ebb6317b824b827f1b4d76275df923;2022;152;IP LATINOAMERICANO DE COMERCIO EXTERIOR - IPLACEX;Institutos Profesionales;371;TECNICO EN DESARROLLO DE APLICACIONES MULTIPLATAFORMA;Técnico de Nivel Superior;Tecnología;No Presencial;A Distancia;No presencial;Resto IP+CFT;24
851b089a2a981d0616661799215a873c;2022;152;IP LATINOAMERICANO DE COMERCIO EXTERIOR - IPLACEX;Institutos Profesionales;282;TECNICO EN EDUCACION ESPECIAL Y DIFERENCIAL;Técnico de Nivel Superior;Educación;No Presencial;A Distancia;No presencial;Resto IP+CFT;158
4677c0fb80c39eda41a1dd6829f1710b;2022;152;IP LATINOAMERICANO DE COMERCIO EXTERIOR - IPLACEX;Institutos Profesionales;395;TECNICO EN EDUCACION PARVULARIA Y EDUCACION BASICA;Técnico de Nivel Superior;Educación;No Presencial;A Distancia;No presencial;Resto IP+CFT;316
64a7c30d7340944e09981d69e407d8e2;2022;152;IP LATINOAMERICANO DE COMERCIO EXTERIOR - IPLACEX;Institutos Profesionales;431;TECNICO EN ELECTRICO;Técnico de Nivel Superior;Tecnología;No Presencial;A Distancia;No presencial;Resto IP+CFT;307
b860fe775d2d162f7ad6d05b7ced3a7b;2022;152;IP LATINOAMERICANO DE COMERCIO EXTERIOR - IPLACEX;Institutos Profesionales;22;TECNICO EN ENFERMERIA;Técnico de Nivel Superior;Salud;Semipresencial;Vespertina;Semipresencial;Resto IP+CFT;311
c91badfb32c19f4fadb88b0da9e7e0c7;2022;152;IP LATINOAMERICANO DE COMERCIO EXTERIOR - IPLACEX;Institutos Profesionales;297;TECNICO EN FARMACIA;Técnico de Nivel Superior;Salud;Semipresencial;Semipresencial;Semipresencial;Resto IP+CFT;30
386971812f0e55db211be5722c912d43;2022;152;IP LATINOAMERICANO DE COMERCIO EXTERIOR - IPLACEX;Institutos Profesionales;396;TECNICO EN GENERACION ELECTRICA LIMPIA;Técnico de Nivel Superior;Tecnología;No Presencial;A Distancia;No presencial;Resto IP+CFT;71
7976ee6d1601ed8a5f576032554b7678;2022;152;IP LATINOAMERICANO DE COMERCIO EXTERIOR - IPLACEX;Institutos Profesionales;283;TECNICO EN INFORMATICA;Técnico de Nivel Superior;Tecnología;No Presencial;A Distancia;No presencial;Resto IP+CFT;190
4ea1fa954cc0ce8b682a7b9cb25880f8;2022;152;IP LATINOAMERICANO DE COMERCIO EXTERIOR - IPLACEX;Institutos Profesionales;372;TECNICO EN INSTRUMENTACION Y CONTROL INDUSTRIAL;Técnico de Nivel Superior;Tecnología;No Presencial;A Distancia;No presencial;Resto IP+CFT;131
613c9573a5582fd479141c4bf86536b3;2022;152;IP LATINOAMERICANO DE COMERCIO EXTERIOR - IPLACEX;Institutos Profesionales;323;TECNICO EN LOGISTICA;Técnico de Nivel Superior;Administración y Comercio;No Presencial;A Distancia;No presencial;Resto IP+CFT;264
54ad9c34e166cea01963a18ae70b3e86;2022;152;IP LATINOAMERICANO DE COMERCIO EXTERIOR - IPLACEX;Institutos Profesionales;398;TECNICO EN MARKETING DIGITAL;Técnico de Nivel Superior;Administración y Comercio;No Presencial;A Distancia;No presencial;Resto IP+CFT;75
4457d0672525b11597199f976011c44f;2022;152;IP LATINOAMERICANO DE COMERCIO EXTERIOR - IPLACEX;Institutos Profesionales;387;TECNICO EN MEDIACION ESCOLAR;Técnico de Nivel Superior;Educación;No Presencial;A Distancia;No presencial;Resto IP+CFT;36
612966561f7eae3a92724e49ef272fbe;2022;152;IP LATINOAMERICANO DE COMERCIO EXTERIOR - IPLACEX;Institutos Profesionales;50;TECNICO EN PREVENCION DE RIESGOS;Técnico de Nivel Superior;Tecnología;No Presencial;A Distancia;No presencial;Resto IP+CFT;164
f8b8116ef107a0d9d15e7700b3ff3e53;2022;152;IP LATINOAMERICANO DE COMERCIO EXTERIOR - IPLACEX;Institutos Profesionales;389;TECNICO EN PREVENCION, TRATAMIENTO Y REHABILITACION DE SUSTANCIAS;Técnico de Nivel Superior;Ciencias Sociales;No Presencial;A Distancia;No presencial;Resto IP+CFT;127
368359009ec207a9ab6010c492807589;2022;152;IP LATINOAMERICANO DE COMERCIO EXTERIOR - IPLACEX;Institutos Profesionales;321;TECNICO EN RECURSOS HUMANOS;Técnico de Nivel Superior;Administración y Comercio;No Presencial;A Distancia;No presencial;Resto IP+CFT;146
3b81c45a7cac098dcb8a5a2f8841ec0e;2022;152;IP LATINOAMERICANO DE COMERCIO EXTERIOR - IPLACEX;Institutos Profesionales;390;TECNICO EN SALUD NATURAL Y TERAPIAS COMPLEMENTARIAS;Técnico de Nivel Superior;Salud;Semipresencial;Semipresencial;Semipresencial;Resto IP+CFT;22
b54985efaa50277d00b635bf66786d68;2022;152;IP LATINOAMERICANO DE COMERCIO EXTERIOR - IPLACEX;Institutos Profesionales;300;TECNICO EN TRABAJO SOCIAL;Técnico de Nivel Superior;Ciencias Sociales;No Presencial;A Distancia;No presencial;Resto IP+CFT;306
375c0047e6824331a017f5ac4bd847fb;2022;152;IP LATINOAMERICANO DE COMERCIO EXTERIOR - IPLACEX;Institutos Profesionales;421;TECNICO INDUSTRIAL;Técnico de Nivel Superior;Tecnología;No Presencial;A Distancia;No presencial;Resto IP+CFT;131
93a684dc1ea24290cfc9cec7f3de1cb5;2022;152;IP LATINOAMERICANO DE COMERCIO EXTERIOR - IPLACEX;Institutos Profesionales;41;TRABAJO SOCIAL;Profesional Sin Licenciatura;Ciencias Sociales;No Presencial;A Distancia;No presencial;Resto IP+CFT;561
1f20c87369eb7689132213534a5e1e37;2022;101;IP LIBERTADOR DE LOS ANDES;Institutos Profesionales;202;TECNICO DE NIVEL SUPERIOR EN EDUCACION PARVULARIA;Técnico de Nivel Superior;Educación;No Presencial;A Distancia;No presencial;Resto IP+CFT;10
0f8d82d58ef01497f5053c7846936713;2022;101;IP LIBERTADOR DE LOS ANDES;Institutos Profesionales;38;TECNICO DE NIVEL SUPERIOR EN PREVENCION DE RIESGOS Y MEDIO AMBIENTE;Técnico de Nivel Superior;Tecnología;No Presencial;A Distancia;No presencial;Resto IP+CFT;23
dae139aa22aaa71d567ebcc5dc2b423b;2022;101;IP LIBERTADOR DE LOS ANDES;Institutos Profesionales;124;TECNICO DE NIVEL SUPERIOR EN TRABAJO SOCIAL;Técnico de Nivel Superior;Ciencias Sociales;No Presencial;A Distancia;No presencial;Resto IP+CFT;40
a9e24dfa7342bf8c4128ac72de6eaef8;2022;106;IP PROVIDENCIA;Institutos Profesionales;10;CONTADOR AUDITOR;Profesional Sin Licenciatura;Administración y Comercio;No Presencial;A Distancia;No presencial;Resto IP+CFT;107
c3d548fc20d2363123a42a2740744f60;2022;106;IP PROVIDENCIA;Institutos Profesionales;64;CONTADOR GENERAL;Técnico de Nivel Superior;Administración y Comercio;No Presencial;A Distancia;No presencial;Resto IP+CFT;172
ecad97f69e6c1d406d91ec8a1f94d376;2022;106;IP PROVIDENCIA;Institutos Profesionales;303;DISEÑO GRAFICO DIGITAL;Profesional Sin Licenciatura;Arte y Arquitectura;No Presencial;A Distancia;No presencial;Resto IP+CFT;130
1275df4249da98edab30389109a8da91;2022;106;IP PROVIDENCIA;Institutos Profesionales;262;INGENIERIA EN ADMINISTRACION MENCION MARKETING O FINANZAS O RECURSOS HUMANOS;Profesional Sin Licenciatura;Administración y Comercio;No Presencial;A Distancia;No presencial;Resto IP+CFT;239
72ceac3a3b56eb8b637d56fe65cb8c82;2022;106;IP PROVIDENCIA;Institutos Profesionales;287;INGENIERIA EN ADMINISTRACION PUBLICA Y MUNICIPAL;Profesional Sin Licenciatura;Ciencias Sociales;No Presencial;A Distancia;No presencial;Resto IP+CFT;85
3b12d9a8c129258a3e18b783ecca558f;2022;106;IP PROVIDENCIA;Institutos Profesionales;263;INGENIERIA EN CONTROL DE GESTION;Profesional Sin Licenciatura;Administración y Comercio;No Presencial;A Distancia;No presencial;Resto IP+CFT;54
719e3a1e5acc101b824966e928843da3;2022;106;IP PROVIDENCIA;Institutos Profesionales;6;INGENIERIA EN INFORMATICA;Profesional Sin Licenciatura;Tecnología;No Presencial;A Distancia;No presencial;Resto IP+CFT;104
b5c954dc4717bbb4c6ce5ee576684c6d;2022;106;IP PROVIDENCIA;Institutos Profesionales;297;INGENIERIA INDUSTRIAL;Profesional Sin Licenciatura;Tecnología;No Presencial;A Distancia;No presencial;Resto IP+CFT;199
889a49f67c13a015cb007597480190e0;2022;106;IP PROVIDENCIA;Institutos Profesionales;293;PUBLICIDAD EN MARKETING DIGITAL;Profesional Sin Licenciatura;Ciencias Sociales;No Presencial;A Distancia;No presencial;Resto IP+CFT;46
243b5fb9862de47c4276b46e878ff2fb;2022;106;IP PROVIDENCIA;Institutos Profesionales;20;SERVICIO SOCIAL;Profesional Sin Licenciatura;Ciencias Sociales;No Presencial;A Distancia;No presencial;Resto IP+CFT;226
4a90e4a3a80b6bf9bb1f08ad6b88f46b;2022;106;IP PROVIDENCIA;Institutos Profesionales;307;TECNICO DE NIVEL SUPERIOR ANALISTA DE SISTEMAS;Técnico de Nivel Superior;Tecnología;No Presencial;A Distancia;No presencial;Resto IP+CFT;59
cc2896d265a16b7344e8ae37af0de0e8;2022;106;IP PROVIDENCIA;Institutos Profesionales;67;TECNICO DE NIVEL SUPERIOR EN ADMINISTRACION DE EMPRESAS MENCION MARKETING O FINANZAS O RECURSOS HUMANOS;Técnico de Nivel Superior;Administración y Comercio;No Presencial;A Distancia;No presencial;Resto IP+CFT;387
e124b33ee31107974ae308c5de4f19ee;2022;106;IP PROVIDENCIA;Institutos Profesionales;284;TECNICO DE NIVEL SUPERIOR EN ADMINISTRACION PUBLICA;Técnico de Nivel Superior;Ciencias Sociales;No Presencial;A Distancia;No presencial;Resto IP+CFT;76
62d51601365591e089a4114acad270f5;2022;106;IP PROVIDENCIA;Institutos Profesionales;335;TECNICO DE NIVEL SUPERIOR EN CIENCIA DE DATOS;Técnico de Nivel Superior;Ciencias Básicas;No Presencial;A Distancia;No presencial;Resto IP+CFT;25
8012b11382fab58810f562c16f6a6b28;2022;106;IP PROVIDENCIA;Institutos Profesionales;317;TECNICO DE NIVEL SUPERIOR EN CLOUD ADMINISTRATION;Técnico de Nivel Superior;Tecnología;No Presencial;A Distancia;No presencial;Resto IP+CFT;15
2e19ee962788bc69553ac1c25c42f8ab;2022;106;IP PROVIDENCIA;Institutos Profesionales;231;TECNICO DE NIVEL SUPERIOR EN COMERCIO EXTERIOR;Técnico de Nivel Superior;Administración y Comercio;No Presencial;A Distancia;No presencial;Resto IP+CFT;86
fa4da6b8a0594fd819f2d811bf9613ac;2022;106;IP PROVIDENCIA;Institutos Profesionales;265;TECNICO DE NIVEL SUPERIOR EN CONTROL DE GESTION;Técnico de Nivel Superior;Administración y Comercio;No Presencial;A Distancia;No presencial;Resto IP+CFT;32
2d10a2ad2fd3b08056815c98fd3451a8;2022;106;IP PROVIDENCIA;Institutos Profesionales;309;TECNICO DE NIVEL SUPERIOR EN CONTROL DE LA PRODUCCION INDUSTRIAL;Técnico de Nivel Superior;Tecnología;No Presencial;A Distancia;No presencial;Resto IP+CFT;66
77a6d04f54bd62f8c8425f93873e3745;2022;106;IP PROVIDENCIA;Institutos Profesionales;328;TECNICO DE NIVEL SUPERIOR EN CUSTOMER EXPERIENCE;Técnico de Nivel Superior;Administración y Comercio;No Presencial;A Distancia;No presencial;Resto IP+CFT;35
db5224cebef75b775e1e712b619609ed;2022;106;IP PROVIDENCIA;Institutos Profesionales;310;TECNICO DE NIVEL SUPERIOR EN DISEÑO GRAFICO DIGITAL;Técnico de Nivel Superior;Arte y Arquitectura;No Presencial;A Distancia;No presencial;Resto IP+CFT;151
6ca008504abb30cb38194592c61186c0;2022;106;IP PROVIDENCIA;Institutos Profesionales;268;TECNICO DE NIVEL SUPERIOR EN GESTION TURISTICA;Técnico de Nivel Superior;Administración y Comercio;No Presencial;A Distancia;No presencial;Resto IP+CFT;62
a6aaf4f9567a040a5070d36fc2932783;2022;106;IP PROVIDENCIA;Institutos Profesionales;329;TECNICO DE NIVEL SUPERIOR EN INBOUND MARKETING;Técnico de Nivel Superior;Administración y Comercio;No Presencial;A Distancia;No presencial;Resto IP+CFT;12
a0815b89f598a0743e82e07e14f10acf;2022;106;IP PROVIDENCIA;Institutos Profesionales;286;TECNICO DE NIVEL SUPERIOR EN INFORMATICA;Técnico de Nivel Superior;Tecnología;No Presencial;A Distancia;No presencial;Resto IP+CFT;128
b77ec8a10a3a882e7ebb02302a0820df;2022;106;IP PROVIDENCIA;Institutos Profesionales;330;TECNICO DE NIVEL SUPERIOR EN MARKETING DIGITAL;Técnico de Nivel Superior;Administración y Comercio;No Presencial;A Distancia;No presencial;Resto IP+CFT;155
2206fb15d8cd05e88e42f91185222e09;2022;106;IP PROVIDENCIA;Institutos Profesionales;318;TECNICO DE NIVEL SUPERIOR EN SEGURIDAD INFORMATICA;Técnico de Nivel Superior;Tecnología;No Presencial;A Distancia;No presencial;Resto IP+CFT;76
231c6e2d7ece4f82927f8f727df2f5d0;2022;106;IP PROVIDENCIA;Institutos Profesionales;250;TECNICO DE NIVEL SUPERIOR EN SERVICIO SOCIAL;Técnico de Nivel Superior;Ciencias Sociales;No Presencial;A Distancia;No presencial;Resto IP+CFT;187
392773edd95368b7851123e1ac419469;2022;106;IP PROVIDENCIA;Institutos Profesionales;295;TECNICO EN ANIMACION DIGITAL;Técnico de Nivel Superior;Arte y Arquitectura;No Presencial;A Distancia;No presencial;Resto IP+CFT;96
b2f9766edba13d37e30190d8d84f68f5;2022;106;IP PROVIDENCIA;Institutos Profesionales;266;TECNICO EN EDUCACION DIFERENCIAL;Técnico de Nivel Superior;Educación;No Presencial;A Distancia;No presencial;Resto IP+CFT;221
77197752b4f68df5ebe23a723b3a9f43;2022;106;IP PROVIDENCIA;Institutos Profesionales;294;TECNICO EN EDUCACION PARVULARIA Y PRIMER CICLO BASICO;Técnico de Nivel Superior;Educación;No Presencial;A Distancia;No presencial;Resto IP+CFT;430
7671e2ccbb665a742ce76a4db1f4a7ec;2022;106;IP PROVIDENCIA;Institutos Profesionales;296;TECNICO EN LOGISTICA;Técnico de Nivel Superior;Administración y Comercio;No Presencial;A Distancia;No presencial;Resto IP+CFT;180
695a6400a0a6be2e96281b38841cc6a5;2022;106;IP PROVIDENCIA;Institutos Profesionales;292;TECNICO EN PUBLICIDAD;Técnico de Nivel Superior;Ciencias Sociales;No Presencial;A Distancia;No presencial;Resto IP+CFT;23
97dee49d3348124e4853825e0852846f;2022;106;IP PROVIDENCIA;Institutos Profesionales;269;TECNICO JURIDICO EN GESTION JUDICIAL;Técnico de Nivel Superior;Derecho;No Presencial;A Distancia;No presencial;Resto IP+CFT;171
3f4e6eb9ffc848c8eae2bc45116ec6e5;2022;162;IP SAN SEBASTIAN;Institutos Profesionales;46;INGENIERIA EN CIBERSEGURIDAD;Profesional Sin Licenciatura;Tecnología;No Presencial;A Distancia;No presencial;Resto IP+CFT;19
4a25eec2092be862a4fdf7b70fd350d2;2022;162;IP SAN SEBASTIAN;Institutos Profesionales;3;INGENIERIA EN CONECTIVIDAD Y REDES;Profesional Sin Licenciatura;Tecnología;No Presencial;A Distancia;No presencial;Resto IP+CFT;29
707bf28cc095886ee356c4b977fbf8e4;2022;162;IP SAN SEBASTIAN;Institutos Profesionales;1;INGENIERIA EN INFORMATICA;Profesional Sin Licenciatura;Tecnología;No Presencial;A Distancia;No presencial;Resto IP+CFT;25
12c1dce4fab54a4347e9944c76c887a8;2022;162;IP SAN SEBASTIAN;Institutos Profesionales;47;TECNICO EN CIBERSEGURIDAD;Técnico de Nivel Superior;Tecnología;No Presencial;A Distancia;No presencial;Resto IP+CFT;16
afe7049cf28f040d8a208a075a495449;2022;162;IP SAN SEBASTIAN;Institutos Profesionales;6;TECNICO EN CONECTIVIDAD Y REDES;Técnico de Nivel Superior;Tecnología;No Presencial;A Distancia;No presencial;Resto IP+CFT;28
7ed157ad8297ea1b46737adf04738ca3;2022;162;IP SAN SEBASTIAN;Institutos Profesionales;57;TECNICO EN PROGRAMACION Y ANALISIS DE SISTEMAS;Técnico de Nivel Superior;Tecnología;No Presencial;A Distancia;No presencial;Resto IP+CFT;58
2edbbbded50c19af83ac7c34f7af5770;2023;534;CFT ASISTE;Centros de Formación Técnica;66;TECNICO DE NIVEL SUPERIOR EN CONSTRUCCION;Técnico de Nivel Superior;Tecnología;No Presencial;A Distancia;No presencial;Resto IP+CFT;6
2cb95f8e94bc7ed5b81b686fe3f66f12;2023;534;CFT ASISTE;Centros de Formación Técnica;67;TECNICO DE NIVEL SUPERIOR EN ELECTRICIDAD;Técnico de Nivel Superior;Tecnología;No Presencial;A Distancia;No presencial;Resto IP+CFT;11
e22321824b9420c04de4da319a0d6d3d;2023;534;CFT ASISTE;Centros de Formación Técnica;31;TECNICO DE NIVEL SUPERIOR EN PREVENCION DE RIESGOS;Técnico de Nivel Superior;Tecnología;No Presencial;A Distancia;No presencial;Resto IP+CFT;17
9c75b76ecdcd25076a7025853ddf365d;2023;534;CFT ASISTE;Centros de Formación Técnica;44;TECNICO EN ADMINISTRACION EN SEGURIDAD PRIVADA;Técnico de Nivel Superior;Administración y Comercio;No Presencial;A Distancia;No presencial;Resto IP+CFT;73
7a18f92c49b0ef87df6ffb0db2ba9f61;2023;534;CFT ASISTE;Centros de Formación Técnica;71;TECNICO NIVEL SUPERIOR EN SISTEMA DE SEGURIDAD ELECTRONICA Y COMUNICACION Y ENLACE;Técnico de Nivel Superior;Administración y Comercio;No Presencial;A Distancia;No presencial;Resto IP+CFT;32
8b3fa11dd5a2d2de78967001645bc384;2023;218;CFT DE ENAC;Centros de Formación Técnica;41;TECNICO EN ADMINISTRACION DE EMPRESAS;Técnico de Nivel Superior;Administración y Comercio;No Presencial;A Distancia;No presencial;Resto IP+CFT;24
2b30ae8d3824bc7446541c6031d568d2;2023;218;CFT DE ENAC;Centros de Formación Técnica;150;TECNICO EN AUTOMATIZACION Y CONTROL INDUSTRIAL;Técnico de Nivel Superior;Tecnología;No Presencial;A Distancia;No presencial;Resto IP+CFT;17
36a7b4935c669b29649980b461f4b24c;2023;218;CFT DE ENAC;Centros de Formación Técnica;37;TECNICO EN FARMACIA;Técnico de Nivel Superior;Salud;No Presencial;A Distancia;No presencial;Resto IP+CFT;91
053e92f4b2699e98734cf8f25036175e;2023;218;CFT DE ENAC;Centros de Formación Técnica;137;TECNICO EN GESTION DE RECURSOS HUMANOS;Técnico de Nivel Superior;Administración y Comercio;No Presencial;A Distancia;No presencial;Resto IP+CFT;17
458dc32f0f84dbadfddfd125bd70066c;2023;218;CFT DE ENAC;Centros de Formación Técnica;125;TECNICO EN LOGISTICA;Técnico de Nivel Superior;Administración y Comercio;No Presencial;A Distancia;No presencial;Resto IP+CFT;23
c1605616e9f5e1fb66c6e8f21125c85d;2023;218;CFT DE ENAC;Centros de Formación Técnica;25;TECNICO EN TRABAJO SOCIAL;Técnico de Nivel Superior;Ciencias Sociales;No Presencial;A Distancia;No presencial;Resto IP+CFT;52
67d9c97b402b6662a26ffed970427cbd;2023;920;CFT DE LA REGION DE MAGALLANES Y ANTARTICA CHILENA;Centros de Formación Técnica;10;TECNICO EN ADMINISTRACION PUBLICA;Técnico de Nivel Superior;Ciencias Sociales;Semipresencial;Semipresencial;Semipresencial;Resto IP+CFT;5
ab9385880f675fd66cc0ddd83f931116;2023;912;CFT DE LA REGION METROPOLITANA DE SANTIAGO;Centros de Formación Técnica;8;TECNICO DE NIVEL SUPERIOR EN ADMINISTRACION DE EMPRESAS MENCION GESTION DE PERSONAS;Técnico de Nivel Superior;Administración y Comercio;Semipresencial;Semipresencial;Semipresencial;Resto IP+CFT;1
fee52688069e22202d621e62294ec2c9;2023;912;CFT DE LA REGION METROPOLITANA DE SANTIAGO;Centros de Formación Técnica;10;TECNICO DE NIVEL SUPERIOR EN ADMINISTRACION DE EMPRESAS MENCION GESTION PUBLICA;Técnico de Nivel Superior;Administración y Comercio;Semipresencial;Semipresencial;Semipresencial;Resto IP+CFT;1
78129eb23a013088d2906f54acef401c;2023;435;CFT DEL MEDIO AMBIENTE;Centros de Formación Técnica;1;TECNICO EN MEDIO AMBIENTE;Técnico de Nivel Superior;Tecnología;No Presencial;A Distancia;No presencial;Resto IP+CFT;55
270a489482f955de1e9a34880af860dc;2023;730;CFT ESCUELA CULINARIA FRANCESA;Centros de Formación Técnica;8;TECNICO DE NIVEL SUPERIOR EN GASTRONOMIA INTERNACIONAL MENCION GASTRONOMIA FRANCESA;Técnico de Nivel Superior;Administración y Comercio;Semipresencial;Semipresencial;Semipresencial;Resto IP+CFT;97
309d1a6469b1518296aa075a57f3beaf;2023;730;CFT ESCUELA CULINARIA FRANCESA;Centros de Formación Técnica;9;TECNICO DE NIVEL SUPERIOR EN GASTRONOMIA INTERNACIONAL MENCION PANADERIA;Técnico de Nivel Superior;Administración y Comercio;Semipresencial;Semipresencial;Semipresencial;Resto IP+CFT;7
452f1832f0d5c9078dbc665ee2a58dab;2023;426;CFT ESCUELA DE COMERCIO;Centros de Formación Técnica;2;ADMINISTRACION COMERCIAL;Técnico de Nivel Superior;Administración y Comercio;No Presencial;A Distancia;No presencial;ECS;13
c42c943de34fc347d724adf779d3f2cf;2023;426;CFT ESCUELA DE COMERCIO;Centros de Formación Técnica;54;ADMINISTRACION DE EMPRESAS;Técnico de Nivel Superior;Administración y Comercio;No Presencial;A Distancia;No presencial;ECS;47
da034ccf55828f9cfa52764912ab7fc6;2023;426;CFT ESCUELA DE COMERCIO;Centros de Formación Técnica;13;ADMINISTRACION DE RECURSOS HUMANOS;Técnico de Nivel Superior;Administración y Comercio;No Presencial;A Distancia;No presencial;ECS;22
e96d8db2463d8c0e4ca0037901c2f156;2023;426;CFT ESCUELA DE COMERCIO;Centros de Formación Técnica;1;ADMINISTRACION EN COMERCIO EXTERIOR;Técnico de Nivel Superior;Administración y Comercio;No Presencial;A Distancia;No presencial;ECS;44
103858e00522ae2dc67d4988c9aeec01;2023;426;CFT ESCUELA DE COMERCIO;Centros de Formación Técnica;55;ANALITICA DE DATOS;Técnico de Nivel Superior;Ciencias Básicas;No Presencial;A Distancia;No presencial;ECS;4
7be56c1d9f09a65b44e5ba823e92f589;2023;426;CFT ESCUELA DE COMERCIO;Centros de Formación Técnica;7;CONTABILIDAD GENERAL;Técnico de Nivel Superior;Administración y Comercio;No Presencial;A Distancia;No presencial;ECS;50
053ebe5c3ebf6b8cba467a0a58cd4e3c;2023;426;CFT ESCUELA DE COMERCIO;Centros de Formación Técnica;40;CONTROL DE GESTION;Técnico de Nivel Superior;Administración y Comercio;No Presencial;A Distancia;No presencial;ECS;9
89a7b8e2d5608896e9994adca447c651;2023;426;CFT ESCUELA DE COMERCIO;Centros de Formación Técnica;10;FINANZAS;Técnico de Nivel Superior;Administración y Comercio;No Presencial;A Distancia;No presencial;ECS;38
1e822bd03bd828f1f1987a94763e655f;2023;426;CFT ESCUELA DE COMERCIO;Centros de Formación Técnica;5;LOGISTICA OPERATIVA;Técnico de Nivel Superior;Administración y Comercio;No Presencial;A Distancia;No presencial;ECS;56
eecd079859dfa1812ee1006465c74fab;2023;426;CFT ESCUELA DE COMERCIO;Centros de Formación Técnica;50;MARKETING DIGITAL;Técnico de Nivel Superior;Administración y Comercio;No Presencial;A Distancia;No presencial;ECS;22
04c483cf8d14a4391ce1bd5ce1092155;2023;426;CFT ESCUELA DE COMERCIO;Centros de Formación Técnica;26;MARKETING Y GESTION COMERCIAL;Técnico de Nivel Superior;Administración y Comercio;No Presencial;A Distancia;No presencial;ECS;11
2df94207994843dac39e0ee37a82d790;2023;701;CFT MANPOWER;Centros de Formación Técnica;3;ADMINISTRACION DE EMPRESAS MENCION MARKETING Y VENTAS O COMERCIO EXTERIOR O GESTION DEL CAPITAL HUMANO;Técnico de Nivel Superior;Administración y Comercio;No Presencial;A Distancia;No presencial;Resto IP+CFT;35
ac9849f4e26099ed538231fc910b2472;2023;701;CFT MANPOWER;Centros de Formación Técnica;2;ASISTENTE EJECUTIVO BILINGÜE;Técnico de Nivel Superior;Administración y Comercio;Semipresencial;Semipresencial;Semipresencial;Resto IP+CFT;29
104ce30524f1806c1df6974b0744bcd9;2023;701;CFT MANPOWER;Centros de Formación Técnica;30;ASISTENTE EJECUTIVO Y DE GESTION;Técnico de Nivel Superior;Administración y Comercio;Semipresencial;Semipresencial;Semipresencial;Resto IP+CFT;13
b7107f7ab137cd11da3d9c7543e3ce39;2023;701;CFT MANPOWER;Centros de Formación Técnica;30;ASISTENTE EJECUTIVO Y DE GESTION;Técnico de Nivel Superior;Administración y Comercio;No Presencial;A Distancia;No presencial;Resto IP+CFT;42
a0d5eca15669e0bde5f33b4883316576;2023;701;CFT MANPOWER;Centros de Formación Técnica;42;COMERCIO EXTERIOR;Técnico de Nivel Superior;Administración y Comercio;No Presencial;A Distancia;No presencial;Resto IP+CFT;20
c910b5aa388a37cacc0909a175ce4023;2023;701;CFT MANPOWER;Centros de Formación Técnica;35;CONTABILIDAD TRIBUTARIA;Técnico de Nivel Superior;Administración y Comercio;No Presencial;A Distancia;No presencial;Resto IP+CFT;17
0080799f3f706b4913d22034be4caac9;2023;701;CFT MANPOWER;Centros de Formación Técnica;36;GESTION LOGISTICA INTEGRAL;Técnico de Nivel Superior;Administración y Comercio;No Presencial;A Distancia;No presencial;Resto IP+CFT;25
99b1dc803586ac7fe454f56f63c60608;2023;629;CFT PUCV;Centros de Formación Técnica;100;TECNICO DE NIVEL SUPERIOR EN LOGISTICA;Técnico de Nivel Superior;Administración y Comercio;No Presencial;A Distancia;No presencial;Resto IP+CFT;19
29b56d777d7e406e44c1b244a8026c6c;2023;629;CFT PUCV;Centros de Formación Técnica;167;TECNICO DE NIVEL SUPERIOR EN OPTICA Y CONTACTOLOGIA;Técnico de Nivel Superior;Salud;No Presencial;A Distancia;No presencial;Resto IP+CFT;88
317d42e46ab9fcaab3eda86fa4ba51d6;2023;260;CFT SANTO TOMAS;Centros de Formación Técnica;120;TECNICO EN ADMINISTRACION;Técnico de Nivel Superior;Administración y Comercio;No Presencial;A Distancia;No presencial;Resto IP+CFT;29
2d7ccd5fbfabda05256c5dcd883c153a;2023;260;CFT SANTO TOMAS;Centros de Formación Técnica;107;TECNICO EN CONTABILIDAD GENERAL;Técnico de Nivel Superior;Administración y Comercio;No Presencial;A Distancia;No presencial;Resto IP+CFT;17
66886c52eb2fe6d6b508bf6061a48e42;2023;633;CFT TEODORO WICKEL KLUWEN;Centros de Formación Técnica;96;TECNICO DE NIVEL SUPERIOR EN CONTABILIDAD Y GESTION DE NEGOCIOS;Técnico de Nivel Superior;Administración y Comercio;No Presencial;A Distancia;No presencial;Resto IP+CFT;21
c97c1654d0ff66dc790fd89de284e742;2023;633;CFT TEODORO WICKEL KLUWEN;Centros de Formación Técnica;90;TECNICO DE NIVEL SUPERIOR EN GESTION MUNICIPAL;Técnico de Nivel Superior;Ciencias Sociales;No Presencial;A Distancia;No presencial;Resto IP+CFT;20
ab4c0e983ac54f9fbffcf4b2805b75f7;2023;143;IP AIEP;Institutos Profesionales;660;ADMINISTRACION PUBLICA;Profesional Sin Licenciatura;Ciencias Sociales;No Presencial;A Distancia;No presencial;Resto IP+CFT;193
719b212617f527bfd80cb203c33c3baf;2023;143;IP AIEP;Institutos Profesionales;29;ASISTENTE DE PARVULOS;Técnico de Nivel Superior;Educación;No Presencial;A Distancia;No presencial;Resto IP+CFT;273
4e76dd2c527ba42ca94b324334f2c18c;2023;143;IP AIEP;Institutos Profesionales;73;AUDITORIA;Profesional Sin Licenciatura;Administración y Comercio;No Presencial;A Distancia;No presencial;Resto IP+CFT;173
0a28f015fd7f23d0cfaa5f908261f3c9;2023;143;IP AIEP;Institutos Profesionales;9;CONTABILIDAD GENERAL;Técnico de Nivel Superior;Administración y Comercio;No Presencial;A Distancia;No presencial;Resto IP+CFT;261
5aceece214d702b10a2322ad728c2b42;2023;143;IP AIEP;Institutos Profesionales;111;INGENIERIA DE EJECUCION EN ADMINISTRACION DE EMPRESAS MENCION FINANZAS;Profesional Sin Licenciatura;Administración y Comercio;No Presencial;A Distancia;No presencial;Resto IP+CFT;144
f325b6e9fad02c0f9d9e96e00e659532;2023;143;IP AIEP;Institutos Profesionales;112;INGENIERIA DE EJECUCION EN ADMINISTRACION DE EMPRESAS MENCION MARKETING;Profesional Sin Licenciatura;Administración y Comercio;No Presencial;A Distancia;No presencial;Resto IP+CFT;102
b47b612f2c190776b6c4213943b8f4c9;2023;143;IP AIEP;Institutos Profesionales;113;INGENIERIA DE EJECUCION EN ADMINISTRACION DE EMPRESAS MENCION RECURSOS HUMANOS;Profesional Sin Licenciatura;Administración y Comercio;No Presencial;A Distancia;No presencial;Resto IP+CFT;159
355c926ce53bd1ee5c2b7a48e3783e29;2023;143;IP AIEP;Institutos Profesionales;219;INGENIERIA DE EJECUCION EN INFORMATICA MENCION DESARROLLO DE SISTEMAS;Profesional Sin Licenciatura;Tecnología;No Presencial;A Distancia;No presencial;Resto IP+CFT;190
9d73d693b76556f49b0df6b485f9a6c0;2023;143;IP AIEP;Institutos Profesionales;95;INGENIERIA EN ADMINISTRACION DE EMPRESAS;Profesional Sin Licenciatura;Administración y Comercio;No Presencial;A Distancia;No presencial;Resto IP+CFT;256
4dd4ed5a573491c2d34959424de1ab15;2023;143;IP AIEP;Institutos Profesionales;702;INGENIERIA EN AUTOMATIZACION Y CONTROL INDUSTRIAL;Profesional Sin Licenciatura;Tecnología;No Presencial;A Distancia;No presencial;Resto IP+CFT;226
c7cdc3e3888aa764c4e8209bc8c3efe1;2023;143;IP AIEP;Institutos Profesionales;650;INGENIERIA EN CIBERSEGURIDAD;Profesional Sin Licenciatura;Tecnología;No Presencial;A Distancia;No presencial;Resto IP+CFT;183
6de3b8e17a415d536f0e4d0d2516f071;2023;143;IP AIEP;Institutos Profesionales;703;INGENIERIA EN DATA SCIENCE;Profesional Sin Licenciatura;Ciencias Básicas;No Presencial;A Distancia;No presencial;Resto IP+CFT;62
2c768a8980ddc784a82f144d43c0c134;2023;143;IP AIEP;Institutos Profesionales;665;INGENIERIA EN GESTION DE OPERACIONES LOGISTICAS;Profesional Sin Licenciatura;Administración y Comercio;No Presencial;A Distancia;No presencial;Resto IP+CFT;222
8b45dbc8ed12ceb2870a6c71b86845bc;2023;143;IP AIEP;Institutos Profesionales;711;INGENIERIA EN GESTION DE RECURSOS HUMANOS;Profesional Sin Licenciatura;Administración y Comercio;No Presencial;A Distancia;No presencial;Resto IP+CFT;69
30563b91bbb1c7bb69660576307ccaaa;2023;143;IP AIEP;Institutos Profesionales;712;INGENIERIA EN GESTION FINANCIERA;Profesional Sin Licenciatura;Administración y Comercio;No Presencial;A Distancia;No presencial;Resto IP+CFT;32
ee262430eea5c7125d8264f569af08e1;2023;143;IP AIEP;Institutos Profesionales;667;INGENIERIA EN NEGOCIOS ELECTRONICOS;Profesional Sin Licenciatura;Administración y Comercio;No Presencial;A Distancia;No presencial;Resto IP+CFT;15
78fdfff110b62c71e82ca7cf39c10f0e;2023;143;IP AIEP;Institutos Profesionales;77;INGENIERIA EN PREVENCION DE RIESGOS;Profesional Sin Licenciatura;Tecnología;No Presencial;A Distancia;No presencial;Resto IP+CFT;190
85cd0da2c42de5aef0238c4c6d507b84;2023;143;IP AIEP;Institutos Profesionales;707;INGENIERIA INDUSTRIAL;Profesional Sin Licenciatura;Tecnología;No Presencial;A Distancia;No presencial;Resto IP+CFT;368
bb7b89cf7311fd05e1e0ab23d195e24b;2023;143;IP AIEP;Institutos Profesionales;62;PODOLOGIA CLINICA;Técnico de Nivel Superior;Salud;Semipresencial;Semipresencial;Semipresencial;Resto IP+CFT;39
e8fd635afde6abf4e15cc73a27c83e4e;2023;143;IP AIEP;Institutos Profesionales;469;TECNICO ASISTENTE EN EDUCACION ESPECIAL;Técnico de Nivel Superior;Educación;No Presencial;A Distancia;No presencial;Resto IP+CFT;172
105a9a83bd051f44a8911c054a982b29;2023;143;IP AIEP;Institutos Profesionales;651;TECNICO EN ADMINISTRACION DE EMPRESAS;Técnico de Nivel Superior;Administración y Comercio;No Presencial;A Distancia;No presencial;Resto IP+CFT;423
255b367aff60d83263f59dfe2a1c2a33;2023;143;IP AIEP;Institutos Profesionales;115;TECNICO EN ADMINISTRACION DE EMPRESAS MENCION FINANZAS;Técnico de Nivel Superior;Administración y Comercio;No Presencial;A Distancia;No presencial;Resto IP+CFT;200
ae25072e673837237c2f4cfbfa088527;2023;143;IP AIEP;Institutos Profesionales;117;TECNICO EN ADMINISTRACION DE EMPRESAS MENCION MARKETING;Técnico de Nivel Superior;Administración y Comercio;No Presencial;A Distancia;No presencial;Resto IP+CFT;135
eb6cd2ea6cfae73669e2b077f0bbcefb;2023;143;IP AIEP;Institutos Profesionales;118;TECNICO EN ADMINISTRACION DE EMPRESAS MENCION RECURSOS HUMANOS;Técnico de Nivel Superior;Administración y Comercio;No Presencial;A Distancia;No presencial;Resto IP+CFT;223
da2f0e7445d158ff0a4c0c847424b6a4;2023;143;IP AIEP;Institutos Profesionales;653;TECNICO EN ADMINISTRACION PUBLICA;Técnico de Nivel Superior;Ciencias Sociales;No Presencial;A Distancia;No presencial;Resto IP+CFT;102
182e3a4ca4bc9c2ddb200f44c129eb97;2023;143;IP AIEP;Institutos Profesionales;700;TECNICO EN ANALISIS DE DATOS;Técnico de Nivel Superior;Ciencias Básicas;No Presencial;A Distancia;No presencial;Resto IP+CFT;51
0f85f6ba084f39e9b73083e56a27027c;2023;143;IP AIEP;Institutos Profesionales;701;TECNICO EN ANIMACION 3D;Técnico de Nivel Superior;Arte y Arquitectura;No Presencial;A Distancia;No presencial;Resto IP+CFT;92
85ec6bd746af899ed8806f2242bd4285;2023;143;IP AIEP;Institutos Profesionales;654;TECNICO EN AUTOMATIZACION Y CONTROL INDUSTRIAL;Técnico de Nivel Superior;Tecnología;No Presencial;A Distancia;No presencial;Resto IP+CFT;247
a2dddb435e0fdbb18ade560132232f5c;2023;143;IP AIEP;Institutos Profesionales;709;TECNICO EN CIBERSEGURIDAD;Técnico de Nivel Superior;Tecnología;No Presencial;A Distancia;No presencial;Resto IP+CFT;92
5c46123a3b38ba908a0293b485a6ed5c;2023;143;IP AIEP;Institutos Profesionales;668;TECNICO EN COMERCIO ELECTRONICO;Técnico de Nivel Superior;Administración y Comercio;No Presencial;A Distancia;No presencial;Resto IP+CFT;20
22565ce9bdb54807f7822fa4fca6e87d;2023;143;IP AIEP;Institutos Profesionales;39;TECNICO EN COMUNICACION Y RELACIONES PUBLICAS;Técnico de Nivel Superior;Ciencias Sociales;No Presencial;A Distancia;No presencial;Resto IP+CFT;51
6888ec07fb4d1b3402ce1a627838b190;2023;143;IP AIEP;Institutos Profesionales;616;TECNICO EN ELECTRICIDAD Y ELECTRONICA;Técnico de Nivel Superior;Tecnología;Semipresencial;Semipresencial;Semipresencial;Resto IP+CFT;37
c85656ffa8514b26c990009d0213cd03;2023;143;IP AIEP;Institutos Profesionales;34;TECNICO EN ENFERMERIA;Técnico de Nivel Superior;Salud;Semipresencial;Semipresencial;Semipresencial;Resto IP+CFT;59
688a77917a41e581f4d087a2f92e5a8b;2023;143;IP AIEP;Institutos Profesionales;53;TECNICO EN ENFERMERIA E INSTRUMENTACION QUIRURGICA;Técnico de Nivel Superior;Salud;Semipresencial;Semipresencial;Semipresencial;Resto IP+CFT;18
d8fe3e15a6356fdd717c0e24f220bf02;2023;143;IP AIEP;Institutos Profesionales;713;TECNICO EN GESTION DE RECURSOS HUMANOS;Técnico de Nivel Superior;Administración y Comercio;No Presencial;A Distancia;No presencial;Resto IP+CFT;76
151f1d6fa247fb1d82c77783727f9bb1;2023;143;IP AIEP;Institutos Profesionales;714;TECNICO EN GESTION FINANCIERA;Técnico de Nivel Superior;Administración y Comercio;No Presencial;A Distancia;No presencial;Resto IP+CFT;20
5cf3b4c62e4b8c7cc27eb2b23a6c3281;2023;143;IP AIEP;Institutos Profesionales;708;TECNICO EN GESTION INDUSTRIAL;Técnico de Nivel Superior;Tecnología;No Presencial;A Distancia;No presencial;Resto IP+CFT;95
f1d9897e1bcad3ca46be9f470560ee06;2023;143;IP AIEP;Institutos Profesionales;710;TECNICO EN INNOVACION SOCIAL SUSTENTABLE;Técnico de Nivel Superior;Administración y Comercio;No Presencial;A Distancia;No presencial;Resto IP+CFT;20
8ac177935d19cd1e5d0b144b4202f202;2023;143;IP AIEP;Institutos Profesionales;655;TECNICO EN MARKETING DIGITAL;Técnico de Nivel Superior;Administración y Comercio;No Presencial;A Distancia;No presencial;Resto IP+CFT;166
072f2b1ab705dd5c696fd82a55e572e5;2023;143;IP AIEP;Institutos Profesionales;645;TECNICO EN OPERACIONES LOGISTICAS;Técnico de Nivel Superior;Administración y Comercio;No Presencial;A Distancia;No presencial;Resto IP+CFT;401
c4d19189c6f77979bf42267781fca98d;2023;143;IP AIEP;Institutos Profesionales;27;TECNICO EN PREVENCION DE RIESGOS;Técnico de Nivel Superior;Tecnología;No Presencial;A Distancia;No presencial;Resto IP+CFT;241
4ebf92b16592bdc628df6b7671e9f723;2023;143;IP AIEP;Institutos Profesionales;677;TECNICO EN PROGRAMACION Y ANALISIS DE SISTEMAS;Técnico de Nivel Superior;Tecnología;No Presencial;A Distancia;No presencial;Resto IP+CFT;277
f4aa7b832b2156bfc92d8a2d7ff32595;2023;143;IP AIEP;Institutos Profesionales;83;TECNICO EN TRABAJO SOCIAL;Técnico de Nivel Superior;Ciencias Sociales;No Presencial;A Distancia;No presencial;Resto IP+CFT;244
c741488f44d0c98a10d7b627fc4dbd7c;2023;143;IP AIEP;Institutos Profesionales;614;TECNICO EN TURISMO;Técnico de Nivel Superior;Administración y Comercio;No Presencial;A Distancia;No presencial;Resto IP+CFT;20
815795a6af9fe81b75488b9a182cb0a9;2023;143;IP AIEP;Institutos Profesionales;30;TECNICO JURIDICO;Técnico de Nivel Superior;Derecho;No Presencial;A Distancia;No presencial;Resto IP+CFT;228
2dd90d2d92c3b06b10f1dc244fed698e;2023;143;IP AIEP;Institutos Profesionales;28;TRABAJO SOCIAL;Profesional Sin Licenciatura;Ciencias Sociales;No Presencial;A Distancia;No presencial;Resto IP+CFT;382
b35210122fe6e21e2b2a560a9a101b84;2023;108;IP CHILENO BRITANICO DE CULTURA;Institutos Profesionales;31;CONTADOR AUDITOR BILINGÜE A DISTANCIA;Profesional Sin Licenciatura;Administración y Comercio;No Presencial;A Distancia;No presencial;Resto IP+CFT;28
aa3ee256e90c190466ef07ac674ced56;2023;108;IP CHILENO BRITANICO DE CULTURA;Institutos Profesionales;35;TECNICO EN ADMINISTRACION BILINGUE A DISTANCIA;Técnico de Nivel Superior;Administración y Comercio;No Presencial;A Distancia;No presencial;Resto IP+CFT;41
1bdaac4e8b0902aab49233b75ee094f7;2023;123;IP DE CHILE;Institutos Profesionales;51;ANALISTA PROGRAMADOR COMPUTACIONAL;Técnico de Nivel Superior;Tecnología;No Presencial;A Distancia;No presencial;Resto IP+CFT;53
6fe506576945b5fe61b7fcb2a3811c84;2023;123;IP DE CHILE;Institutos Profesionales;56;ASISTENTE EN EDUCACION DE PARVULOS;Técnico de Nivel Superior;Educación;No Presencial;A Distancia;No presencial;Resto IP+CFT;60
098368ddb91b1c5b344a9f2d3d645c78;2023;123;IP DE CHILE;Institutos Profesionales;16;ASISTENTE JURIDICO;Técnico de Nivel Superior;Derecho;No Presencial;A Distancia;No presencial;Resto IP+CFT;37
ef16249cd5f4809d968b3b87e824e32b;2023;123;IP DE CHILE;Institutos Profesionales;9;AUDITORIA;Profesional Sin Licenciatura;Administración y Comercio;No Presencial;A Distancia;No presencial;Resto IP+CFT;28
63aae397603617e3d542d379c50b4945;2023;123;IP DE CHILE;Institutos Profesionales;49;CONTABILIDAD GENERAL;Técnico de Nivel Superior;Administración y Comercio;No Presencial;A Distancia;No presencial;Resto IP+CFT;32
c86e46d3144a63d712dccb3cf1195169;2023;123;IP DE CHILE;Institutos Profesionales;37;INGENIERIA EN ADMINISTRACION DE EMPRESAS;Profesional Sin Licenciatura;Administración y Comercio;No Presencial;A Distancia;No presencial;Resto IP+CFT;44
68201d8bba44f262e5182dad52359822;2023;123;IP DE CHILE;Institutos Profesionales;198;INGENIERIA EN ADMINISTRACION PUBLICA;Profesional Sin Licenciatura;Ciencias Sociales;No Presencial;A Distancia;No presencial;Resto IP+CFT;43
6ee9201b617521fe7f6fc5716e66b919;2023;123;IP DE CHILE;Institutos Profesionales;218;INGENIERIA EN CONTROL DE GESTION;Profesional Sin Licenciatura;Administración y Comercio;No Presencial;A Distancia;No presencial;Resto IP+CFT;19
c3a3462b8ed6f927ed8bca9068b30630;2023;123;IP DE CHILE;Institutos Profesionales;219;INGENIERIA EN GESTION DE RECURSOS HUMANOS;Profesional Sin Licenciatura;Administración y Comercio;No Presencial;A Distancia;No presencial;Resto IP+CFT;20
237076191dd5380b37f03fc11011b48f;2023;123;IP DE CHILE;Institutos Profesionales;199;INGENIERIA EN GESTION E INNOVACION DIGITAL DE NEGOCIOS;Profesional Sin Licenciatura;Administración y Comercio;No Presencial;A Distancia;No presencial;Resto IP+CFT;12
3979f7f5dd57c437c83f29014432f6a6;2023;123;IP DE CHILE;Institutos Profesionales;220;INGENIERIA EN GESTION LOGISTICA;Profesional Sin Licenciatura;Administración y Comercio;No Presencial;A Distancia;No presencial;Resto IP+CFT;31
30dad3573e7c6a6c033b6029e7d18716;2023;123;IP DE CHILE;Institutos Profesionales;41;INGENIERIA EN INFORMATICA;Profesional Sin Licenciatura;Tecnología;No Presencial;A Distancia;No presencial;Resto IP+CFT;62
5e64961867f2dbe23aa653c27aac4858;2023;123;IP DE CHILE;Institutos Profesionales;45;INGENIERIA EN PREVENCION DE RIESGOS;Profesional Sin Licenciatura;Tecnología;No Presencial;A Distancia;No presencial;Resto IP+CFT;26
86bc766c7831526b3f703927c9e46e1d;2023;123;IP DE CHILE;Institutos Profesionales;42;INGENIERIA EN REDES Y COMUNICACIONES;Profesional Sin Licenciatura;Tecnología;No Presencial;A Distancia;No presencial;Resto IP+CFT;65
1692346f7fe364e5353dbfb80cb36f8d;2023;123;IP DE CHILE;Institutos Profesionales;201;TECNICO DE NIVEL SUPERIOR EN ADMINISTRACION PUBLICA;Técnico de Nivel Superior;Ciencias Sociales;No Presencial;A Distancia;No presencial;Resto IP+CFT;16
1ae2156c71651e66ddda2a6329dfe63c;2023;123;IP DE CHILE;Institutos Profesionales;203;TECNICO DE NIVEL SUPERIOR EN GESTION AMBIENTAL Y SUSTENTABILIDAD;Técnico de Nivel Superior;Tecnología;No Presencial;A Distancia;No presencial;Resto IP+CFT;24
dae341389496d6fb88caba49404f99a1;2023;123;IP DE CHILE;Institutos Profesionales;204;TECNICO DE NIVEL SUPERIOR EN GESTION DE NEGOCIOS DIGITALES;Técnico de Nivel Superior;Administración y Comercio;No Presencial;A Distancia;No presencial;Resto IP+CFT;5
cac280e297e635ba4f9c73efec7e4e6b;2023;123;IP DE CHILE;Institutos Profesionales;48;TECNICO EN ADMINISTRACION DE EMPRESAS;Técnico de Nivel Superior;Administración y Comercio;No Presencial;A Distancia;No presencial;Resto IP+CFT;75
2f5ccddf05e3beb3d83d0e4ad9e1cb45;2023;123;IP DE CHILE;Institutos Profesionales;221;TECNICO EN CIBERSEGURIDAD;Técnico de Nivel Superior;Tecnología;No Presencial;A Distancia;No presencial;Resto IP+CFT;21
fb80df8f4021fe7892b248fbe6c2312b;2023;123;IP DE CHILE;Institutos Profesionales;52;TECNICO EN CONECTIVIDAD Y REDES;Técnico de Nivel Superior;Tecnología;No Presencial;A Distancia;No presencial;Resto IP+CFT;21
43ab5df3b96de7ddbf00e9200a853a1d;2023;123;IP DE CHILE;Institutos Profesionales;222;TECNICO EN CONTROL DE GESTION;Técnico de Nivel Superior;Administración y Comercio;No Presencial;A Distancia;No presencial;Resto IP+CFT;12
d201dc57e0e8e607ec51b88ac0d7f28c;2023;123;IP DE CHILE;Institutos Profesionales;211;TECNICO EN DISEÑO Y CONTENIDO PARA PLATAFORMAS DIGITALES;Técnico de Nivel Superior;Arte y Arquitectura;No Presencial;A Distancia;No presencial;Resto IP+CFT;17
f185edaa4e829fdadda02cda707b015f;2023;123;IP DE CHILE;Institutos Profesionales;192;TECNICO EN EDUCACION DIFERENCIAL E INCLUSION;Técnico de Nivel Superior;Educación;No Presencial;A Distancia;No presencial;Resto IP+CFT;67
22ef7090acb1a34e79d0a2cffbee4d9c;2023;123;IP DE CHILE;Institutos Profesionales;223;TECNICO EN LOGISTICA;Técnico de Nivel Superior;Administración y Comercio;No Presencial;A Distancia;No presencial;Resto IP+CFT;35
24b2cef8487c7a6d9d7e52a1b961adf8;2023;123;IP DE CHILE;Institutos Profesionales;128;TECNICO EN PREVENCION DE RIESGOS;Técnico de Nivel Superior;Tecnología;No Presencial;A Distancia;No presencial;Resto IP+CFT;36
60cc81f874ead40d909fac3bc3ce991f;2023;123;IP DE CHILE;Institutos Profesionales;224;TECNICO EN RECURSOS HUMANOS;Técnico de Nivel Superior;Administración y Comercio;No Presencial;A Distancia;No presencial;Resto IP+CFT;36
61aeaf322b04dcedb07ca9df92c33dd6;2023;123;IP DE CHILE;Institutos Profesionales;151;TECNICO TRABAJO SOCIAL;Técnico de Nivel Superior;Ciencias Sociales;No Presencial;A Distancia;No presencial;Resto IP+CFT;41
cfd632284ea977cc15176990b57d9d77;2023;123;IP DE CHILE;Institutos Profesionales;18;TRABAJO SOCIAL;Profesional Sin Licenciatura;Ciencias Sociales;No Presencial;A Distancia;No presencial;Resto IP+CFT;89
35164bb111061abe96377c920b863645;2023;176;IP DEL VALLE CENTRAL;Institutos Profesionales;880;INGENIERIA DE EJECUCION EN GESTION DE SEGURIDAD PRIVADA;Profesional Sin Licenciatura;Administración y Comercio;No Presencial;A Distancia;No presencial;Resto IP+CFT;227
4c1ee2a0ac18788641fad80bba57c9ee;2023;176;IP DEL VALLE CENTRAL;Institutos Profesionales;42;PSICOPEDAGOGIA;Profesional Sin Licenciatura;Educación;Semipresencial;Semipresencial;Semipresencial;Resto IP+CFT;1
e29355d49888df3bad8a68e985baf992;2023;176;IP DEL VALLE CENTRAL;Institutos Profesionales;42;PSICOPEDAGOGIA;Profesional Sin Licenciatura;Educación;No Presencial;A Distancia;No presencial;Resto IP+CFT;18
9a58423cbe08070ab8f511beb2f16b2f;2023;176;IP DEL VALLE CENTRAL;Institutos Profesionales;446;TECNICO DE NIVEL SUPERIOR EN ADMINISTRACION PUBLICA;Técnico de Nivel Superior;Ciencias Sociales;No Presencial;A Distancia;No presencial;Resto IP+CFT;8
6dfacb8ef2cd8de3fbd3dcb48ff4ba70;2023;176;IP DEL VALLE CENTRAL;Institutos Profesionales;41;TECNICO DE NIVEL SUPERIOR EN EDUCACION PARVULARIA;Técnico de Nivel Superior;Educación;Semipresencial;Semipresencial;Semipresencial;Resto IP+CFT;18
8e0048f19570a2d38ec41a3ff2fd0aa9;2023;176;IP DEL VALLE CENTRAL;Institutos Profesionales;41;TECNICO DE NIVEL SUPERIOR EN EDUCACION PARVULARIA;Técnico de Nivel Superior;Educación;No Presencial;A Distancia;No presencial;Resto IP+CFT;21
5280f13e3d283c96e8cbf7dec36c85d9;2023;176;IP DEL VALLE CENTRAL;Institutos Profesionales;40;TECNICO DE NIVEL SUPERIOR EN TRABAJO SOCIAL;Técnico de Nivel Superior;Ciencias Sociales;No Presencial;A Distancia;No presencial;Resto IP+CFT;17
676b3208b362b71a493e68975379dcd8;2023;176;IP DEL VALLE CENTRAL;Institutos Profesionales;3;TRABAJO SOCIAL;Profesional Sin Licenciatura;Ciencias Sociales;No Presencial;A Distancia;No presencial;Resto IP+CFT;9
a42d8ff2961cc37da0a0c76388f12285;2023;120;IP DIEGO PORTALES;Institutos Profesionales;1;CONSTRUCCION CIVIL;Profesional Sin Licenciatura;Tecnología;Semipresencial;Semipresencial;Semipresencial;Resto IP+CFT;91
44069ae7d6c1e7620f70cdc9a6de7b8d;2023;120;IP DIEGO PORTALES;Institutos Profesionales;7;CONTADOR AUDITOR;Profesional Sin Licenciatura;Administración y Comercio;Semipresencial;Semipresencial;Semipresencial;Resto IP+CFT;29
b6bb23c847593c9df936d1a867ddd03f;2023;120;IP DIEGO PORTALES;Institutos Profesionales;101;CONTADOR AUDITOR;Profesional Sin Licenciatura;Administración y Comercio;No Presencial;A Distancia;No presencial;Resto IP+CFT;30
d9aa6ea2cdb02cf7e2c797bff2b46dce;2023;120;IP DIEGO PORTALES;Institutos Profesionales;104;INGENIERIA EN ADMINISTRACION DE EMPRESAS;Profesional Sin Licenciatura;Administración y Comercio;No Presencial;A Distancia;No presencial;Resto IP+CFT;50
df69738289fbd963f4be73905cf10fbd;2023;120;IP DIEGO PORTALES;Institutos Profesionales;14;INGENIERIA EN ADMINISTRACION DE EMPRESAS;Profesional Sin Licenciatura;Administración y Comercio;Semipresencial;Semipresencial;Semipresencial;Resto IP+CFT;56
449ab8e2e6c666036227d6fb95482ae9;2023;120;IP DIEGO PORTALES;Institutos Profesionales;235;INGENIERIA EN ADMINISTRACION PUBLICA Y MUNICIPAL;Profesional Sin Licenciatura;Ciencias Sociales;No Presencial;A Distancia;No presencial;Resto IP+CFT;39
ab2bbd86fb782520ca1dbceff153083b;2023;120;IP DIEGO PORTALES;Institutos Profesionales;224;INGENIERIA EN ADMINISTRACION PUBLICA Y MUNICIPAL;Profesional Sin Licenciatura;Ciencias Sociales;Semipresencial;Semipresencial;Semipresencial;Resto IP+CFT;16
2be6b7785dc18347ee44a3c497682753;2023;120;IP DIEGO PORTALES;Institutos Profesionales;16;INGENIERIA EN GEOMENSURA;Profesional Sin Licenciatura;Ciencias Básicas;Semipresencial;Semipresencial;Semipresencial;Resto IP+CFT;159
db93501a5e0bc2b90bbd034ec2d71eb6;2023;120;IP DIEGO PORTALES;Institutos Profesionales;333;INGENIERIA EN GESTION FORESTAL;Profesional Sin Licenciatura;Agropecuaria;Semipresencial;Semipresencial;Semipresencial;Resto IP+CFT;18
036494fe64d7a6c39ab90f1e5490fabc;2023;120;IP DIEGO PORTALES;Institutos Profesionales;250;INGENIERIA EN LOGISTICA OPERATIVA;Profesional Sin Licenciatura;Administración y Comercio;No Presencial;A Distancia;No presencial;Resto IP+CFT;17
3a7797b759d0b67e021818b2cac90ce7;2023;120;IP DIEGO PORTALES;Institutos Profesionales;12;INGENIERIA EN PREVENCION DE RIESGOS;Profesional Sin Licenciatura;Tecnología;Semipresencial;Semipresencial;Semipresencial;Resto IP+CFT;12
4c08a67b042a6d9ba78f8cedd42c87bb;2023;120;IP DIEGO PORTALES;Institutos Profesionales;105;INGENIERIA EN PREVENCION DE RIESGOS;Profesional Sin Licenciatura;Tecnología;No Presencial;A Distancia;No presencial;Resto IP+CFT;42
70877884ed7d83c4b3f96ef3247a6a7a;2023;120;IP DIEGO PORTALES;Institutos Profesionales;214;NUTRICION Y DIETETICA;Profesional Sin Licenciatura;Salud;Semipresencial;Semipresencial;Semipresencial;Resto IP+CFT;47
5387603a8542886dc8ed1f20655ddc34;2023;120;IP DIEGO PORTALES;Institutos Profesionales;251;PROFESIONAL INTERNACIONAL GASTRONOMICO EN ARTES CULINARIAS;Profesional Sin Licenciatura;Administración y Comercio;Semipresencial;Semipresencial;Semipresencial;Resto IP+CFT;45
e0183877143577204ae1a67e36094cd4;2023;120;IP DIEGO PORTALES;Institutos Profesionales;310;PSICOPEDAGOGIA;Profesional Sin Licenciatura;Educación;No Presencial;A Distancia;No presencial;Resto IP+CFT;16
a3ca58378e00d6b5e22e711857147fc3;2023;120;IP DIEGO PORTALES;Institutos Profesionales;272;RELACIONES PUBLICAS;Profesional Sin Licenciatura;Ciencias Sociales;No Presencial;A Distancia;No presencial;Resto IP+CFT;18
09cef6488fdaab0eb3f957af20355202;2023;120;IP DIEGO PORTALES;Institutos Profesionales;114;SERVICIO SOCIAL;Profesional Sin Licenciatura;Ciencias Sociales;No Presencial;A Distancia;No presencial;Resto IP+CFT;122
59fe55006b89e7c722e007fb55b56ba2;2023;120;IP DIEGO PORTALES;Institutos Profesionales;9;SERVICIO SOCIAL;Profesional Sin Licenciatura;Ciencias Sociales;Semipresencial;Semipresencial;Semipresencial;Resto IP+CFT;94
d15bd2129ec187826bc13c69c3d20e22;2023;120;IP DIEGO PORTALES;Institutos Profesionales;241;TECNICO EN BIBLIOTECOLOGIA;Técnico de Nivel Superior;Humanidades;No Presencial;A Distancia;No presencial;Resto IP+CFT;25
664e3f5d5f5b3c58c42d52bfea457583;2023;120;IP DIEGO PORTALES;Institutos Profesionales;244;TECNICO EN EDUCACION PARVULARIA;Técnico de Nivel Superior;Educación;Semipresencial;Semipresencial;Semipresencial;Resto IP+CFT;45
5708b741ab0039303bcb79da8bff8749;2023;120;IP DIEGO PORTALES;Institutos Profesionales;30;TECNICO EN ENFERMERIA;Técnico de Nivel Superior;Salud;Semipresencial;Semipresencial;Semipresencial;Resto IP+CFT;323
857d1428b74aa4a27d23e2b03efe56ba;2023;120;IP DIEGO PORTALES;Institutos Profesionales;281;TECNICO EN ESTETICA INTEGRAL;Técnico de Nivel Superior;Arte y Arquitectura;Semipresencial;Semipresencial;Semipresencial;Resto IP+CFT;4
2c4d796b06a8d01ff20fdb83e6b10bae;2023;139;IP DR. VIRGINIO GOMEZ G.;Institutos Profesionales;199;TECNICO EN ADMINISTRACION PUBLICA;Técnico de Nivel Superior;Ciencias Sociales;No Presencial;A Distancia;No presencial;Resto IP+CFT;47
f62e05fb73a62cde7cfb95c807950be3;2023;111;IP DUOC UC;Institutos Profesionales;23;ANALISTA PROGRAMADOR COMPUTACIONAL;Técnico de Nivel Superior;Tecnología;No Presencial;A Distancia;No presencial;Resto IP+CFT;145
e7ea8b58aa7ab0408900653a3ddf39a3;2023;111;IP DUOC UC;Institutos Profesionales;410;AUDITORIA PEV;Profesional Sin Licenciatura;Administración y Comercio;Semipresencial;Vespertina;Semipresencial;Resto IP+CFT;1
94dd6e49bb4b5d476877b71e4ac1d154;2023;111;IP DUOC UC;Institutos Profesionales;204;CONTABILIDAD GENERAL MENCION LEGISLACION TRIBUTARIA PEV;Técnico de Nivel Superior;Administración y Comercio;Semipresencial;Vespertina;Semipresencial;Resto IP+CFT;26
0aef7892d083e98d6a3963ea6fa2af26;2023;111;IP DUOC UC;Institutos Profesionales;477;DESARROLLO Y DISEÑO WEB;Técnico de Nivel Superior;Tecnología;No Presencial;A Distancia;No presencial;Resto IP+CFT;26
d8aeed5e44cf9eb228786b7dd6bfe6fa;2023;111;IP DUOC UC;Institutos Profesionales;281;INGENIERIA EN ADMINISTRACION DE RECURSOS HUMANOS PEV;Profesional Sin Licenciatura;Administración y Comercio;Semipresencial;Vespertina;Semipresencial;Resto IP+CFT;4
8ed5ad0287cd4c602f056976050b66e8;2023;111;IP DUOC UC;Institutos Profesionales;484;INGENIERIA EN ADMINISTRACION MENCION FINANZAS;Profesional Sin Licenciatura;Administración y Comercio;Semipresencial;Semipresencial;Semipresencial;Resto IP+CFT;22
8499a1e3b515827308aabd66dffbb2c4;2023;111;IP DUOC UC;Institutos Profesionales;486;INGENIERIA EN ADMINISTRACION MENCION MARKETING;Profesional Sin Licenciatura;Administración y Comercio;Semipresencial;Semipresencial;Semipresencial;Resto IP+CFT;2
67f4a3c5f99d095c62231634a82d9970;2023;111;IP DUOC UC;Institutos Profesionales;145;INGENIERIA EN GESTION LOGISTICA;Profesional Sin Licenciatura;Administración y Comercio;Semipresencial;Vespertina;Semipresencial;Resto IP+CFT;3
858d5ab97c5466bf65b2e9ed3659530a;2023;111;IP DUOC UC;Institutos Profesionales;513;INGENIERIA EN MARKETING DIGITAL;Profesional Sin Licenciatura;Administración y Comercio;No Presencial;A Distancia;No presencial;Resto IP+CFT;64
e659b20e065d30409ffb3decdfd77bf5;2023;111;IP DUOC UC;Institutos Profesionales;490;TECNICO EN FINANZAS;Técnico de Nivel Superior;Administración y Comercio;Semipresencial;Semipresencial;Semipresencial;Resto IP+CFT;22
d2b901d509540018b485e2ebdae23a40;2023;111;IP DUOC UC;Institutos Profesionales;309;TECNICO EN GESTION LOGISTICA PEV;Técnico de Nivel Superior;Administración y Comercio;Semipresencial;Vespertina;Semipresencial;Resto IP+CFT;4
f43ba70c55f61d79c449768f9792a7b2;2023;111;IP DUOC UC;Institutos Profesionales;492;TECNICO EN MARKETING;Técnico de Nivel Superior;Administración y Comercio;Semipresencial;Semipresencial;Semipresencial;Resto IP+CFT;1
1ecbe425d4690ece918e44f29bd88834;2023;137;IP EATRI;Institutos Profesionales;2;TRADUCTOR E INTERPRETE DE ENLACE MENCION INGLES;Profesional Sin Licenciatura;Humanidades;No Presencial;A Distancia;No presencial;Resto IP+CFT;90
64974ca7aaf3a08ada490dd097ff7d02;2023;171;IP ESCUELA DE COMERCIO DE SANTIAGO;Institutos Profesionales;70;ADMINISTRACION PUBLICA;Profesional Sin Licenciatura;Ciencias Sociales;No Presencial;A Distancia;No presencial;ECS;5
0f31897d4cf04635a8d352ce3e84f836;2023;171;IP ESCUELA DE COMERCIO DE SANTIAGO;Institutos Profesionales;56;CONTADOR AUDITOR;Profesional Sin Licenciatura;Administración y Comercio;No Presencial;A Distancia;No presencial;ECS;29
d602b2778095bd96a1b1dd67f7013a28;2023;171;IP ESCUELA DE COMERCIO DE SANTIAGO;Institutos Profesionales;71;INGENIERIA EN ADMINISTRACION COMERCIAL;Profesional Sin Licenciatura;Administración y Comercio;No Presencial;A Distancia;No presencial;ECS;5
d1b58e2629621ae75f695a88c5a4b035;2023;171;IP ESCUELA DE COMERCIO DE SANTIAGO;Institutos Profesionales;39;INGENIERIA EN ADMINISTRACION DE EMPRESAS;Profesional Sin Licenciatura;Administración y Comercio;No Presencial;A Distancia;No presencial;ECS;9
bc19fb7e0110726c846021cabd1a7ce6;2023;171;IP ESCUELA DE COMERCIO DE SANTIAGO;Institutos Profesionales;24;INGENIERIA EN ADMINISTRACION DE RECURSOS HUMANOS;Profesional Sin Licenciatura;Administración y Comercio;No Presencial;A Distancia;No presencial;ECS;19
2be2fcdb2ce59b2a3fdbdb7ca41f562b;2023;171;IP ESCUELA DE COMERCIO DE SANTIAGO;Institutos Profesionales;73;INGENIERIA EN CIENCIAS DE DATOS;Profesional Sin Licenciatura;Ciencias Básicas;No Presencial;A Distancia;No presencial;ECS;2
da8084406e3777f4034ec91ae6eca8f1;2023;171;IP ESCUELA DE COMERCIO DE SANTIAGO;Institutos Profesionales;26;INGENIERIA EN COMERCIO INTERNACIONAL;Profesional Sin Licenciatura;Administración y Comercio;No Presencial;A Distancia;No presencial;ECS;30
c39a609f0c4a66624137483f2c7a4685;2023;171;IP ESCUELA DE COMERCIO DE SANTIAGO;Institutos Profesionales;74;INGENIERIA EN CONTROL DE GESTION;Profesional Sin Licenciatura;Administración y Comercio;No Presencial;A Distancia;No presencial;ECS;5
f950c534f2c3b0559c933e987b301169;2023;171;IP ESCUELA DE COMERCIO DE SANTIAGO;Institutos Profesionales;27;INGENIERIA EN FINANZAS;Profesional Sin Licenciatura;Administración y Comercio;No Presencial;A Distancia;No presencial;ECS;18
91892020a5b54d92a9b6223fa69a3039;2023;171;IP ESCUELA DE COMERCIO DE SANTIAGO;Institutos Profesionales;28;INGENIERIA EN LOGISTICA;Profesional Sin Licenciatura;Administración y Comercio;No Presencial;A Distancia;No presencial;ECS;16
395cdf658fc9365cb38bce13d652a4e9;2023;171;IP ESCUELA DE COMERCIO DE SANTIAGO;Institutos Profesionales;76;INGENIERIA EN MARKETING DIGITAL;Profesional Sin Licenciatura;Administración y Comercio;No Presencial;A Distancia;No presencial;ECS;13
00f09e05fad1b59e7efd2f8affbb9b86;2023;171;IP ESCUELA DE COMERCIO DE SANTIAGO;Institutos Profesionales;82;INGENIERIA EN SEGURIDAD PRIVADA;Profesional Sin Licenciatura;Administración y Comercio;No Presencial;A Distancia;No presencial;ECS;1
58f47dedf12960c6100f5d28ec805764;2023;129;IP ESCUELA MODERNA DE MUSICA;Institutos Profesionales;30;PRODUCCION MUSICAL Y GESTION ARTISTICA;Profesional Sin Licenciatura;Arte y Arquitectura;No Presencial;A Distancia;No presencial;Resto IP+CFT;12
044de75cae8451cc1c121a01e4b86e86;2023;117;IP IACC;Institutos Profesionales;96;ADMINISTRACION PUBLICA;Profesional Sin Licenciatura;Ciencias Sociales;No Presencial;A Distancia;No presencial;Resto IP+CFT;281
0acf2ccacf4a03185735295912e6c515;2023;117;IP IACC;Institutos Profesionales;30;CONTABILIDAD GENERAL;Técnico de Nivel Superior;Administración y Comercio;No Presencial;A Distancia;No presencial;Resto IP+CFT;387
360f7d6b885bbefabf849e7adfd4ad25;2023;117;IP IACC;Institutos Profesionales;65;CONTADOR AUDITOR;Profesional Sin Licenciatura;Administración y Comercio;No Presencial;A Distancia;No presencial;Resto IP+CFT;195
383c0d93ecc3004520dc2583b0b637ee;2023;117;IP IACC;Institutos Profesionales;2;INGENIERIA EN ADMINISTRACION DE EMPRESAS;Profesional Sin Licenciatura;Administración y Comercio;No Presencial;A Distancia;No presencial;Resto IP+CFT;652
d34939aa0ce1b747b9fb6c947c24c07a;2023;117;IP IACC;Institutos Profesionales;107;INGENIERIA EN AUTOMATIZACION Y CONTROL;Profesional Sin Licenciatura;Tecnología;No Presencial;A Distancia;No presencial;Resto IP+CFT;436
33ec97679afa99d1f7f9711b01819311;2023;117;IP IACC;Institutos Profesionales;112;INGENIERIA EN CIBERSEGURIDAD;Profesional Sin Licenciatura;Tecnología;No Presencial;A Distancia;No presencial;Resto IP+CFT;178
815690e7ba8b2cdda41be221d159a5a1;2023;117;IP IACC;Institutos Profesionales;101;INGENIERIA EN GESTION DE CALIDAD Y AMBIENTE;Profesional Sin Licenciatura;Administración y Comercio;No Presencial;A Distancia;No presencial;Resto IP+CFT;252
8f610e163f8719f8ecb1d6cf5d835be8;2023;117;IP IACC;Institutos Profesionales;57;INGENIERIA EN INFORMATICA;Profesional Sin Licenciatura;Tecnología;No Presencial;A Distancia;No presencial;Resto IP+CFT;317
3d93ff9d57fc2c2f073c69c7e4d4410e;2023;117;IP IACC;Institutos Profesionales;108;INGENIERIA EN LOGISTICA;Profesional Sin Licenciatura;Administración y Comercio;No Presencial;A Distancia;No presencial;Resto IP+CFT;198
c1a37601d2c01d0e18536d3fac51d526;2023;117;IP IACC;Institutos Profesionales;115;INGENIERIA EN MINAS;Profesional Sin Licenciatura;Tecnología;No Presencial;A Distancia;No presencial;Resto IP+CFT;639
2f0f6429bc0c8e007e5ecf24f60dd1e7;2023;117;IP IACC;Institutos Profesionales;27;INGENIERIA EN PREVENCION DE RIESGOS;Profesional Sin Licenciatura;Tecnología;No Presencial;A Distancia;No presencial;Resto IP+CFT;806
494b0f0282b2a91c291ceaf8fde6679f;2023;117;IP IACC;Institutos Profesionales;29;INGENIERIA EN RECURSOS HUMANOS;Profesional Sin Licenciatura;Administración y Comercio;No Presencial;A Distancia;No presencial;Resto IP+CFT;272
7e4fa4573c955e2ac6093bc58e1763ef;2023;117;IP IACC;Institutos Profesionales;67;INGENIERIA INDUSTRIAL;Profesional Sin Licenciatura;Tecnología;No Presencial;A Distancia;No presencial;Resto IP+CFT;1279
e95de952de4910800f20eccb08722a79;2023;117;IP IACC;Institutos Profesionales;91;PSICOPEDAGOGIA;Profesional Sin Licenciatura;Educación;No Presencial;A Distancia;No presencial;Resto IP+CFT;269
cd4b71a57e75976f119ae707016cf787;2023;117;IP IACC;Institutos Profesionales;114;TECNICO DE NIVEL SUPERIOR EN ADMINISTRACION DE INFRAESTRUCTURA CLOUD;Técnico de Nivel Superior;Tecnología;No Presencial;A Distancia;No presencial;Resto IP+CFT;17
7746ce883347f7af692cb95bd803225f;2023;117;IP IACC;Institutos Profesionales;68;TECNICO DE NIVEL SUPERIOR EN ADMINISTRACION DE REDES;Técnico de Nivel Superior;Tecnología;No Presencial;A Distancia;No presencial;Resto IP+CFT;46
51c640f1085d6d19e83f34a94e11ee94;2023;117;IP IACC;Institutos Profesionales;31;TECNICO DE NIVEL SUPERIOR EN ADMINISTRACION PUBLICA;Técnico de Nivel Superior;Ciencias Sociales;No Presencial;A Distancia;No presencial;Resto IP+CFT;236
b3e5cdea6490019495c7c1d920909b36;2023;117;IP IACC;Institutos Profesionales;46;TECNICO DE NIVEL SUPERIOR EN ANALISIS Y PROGRAMACION COMPUTACIONAL;Técnico de Nivel Superior;Tecnología;No Presencial;A Distancia;No presencial;Resto IP+CFT;198
0e3e8db01905b9f980032374380cc3ca;2023;117;IP IACC;Institutos Profesionales;90;TECNICO DE NIVEL SUPERIOR EN AUTOMATIZACION Y CONTROL;Técnico de Nivel Superior;Tecnología;No Presencial;A Distancia;No presencial;Resto IP+CFT;554
ad35dc9af0814a3b3278d3484841547e;2023;117;IP IACC;Institutos Profesionales;97;TECNICO DE NIVEL SUPERIOR EN CIBERSEGURIDAD;Técnico de Nivel Superior;Tecnología;No Presencial;A Distancia;No presencial;Resto IP+CFT;165
67f587d447c2b4156b09ffcf7582ecd8;2023;117;IP IACC;Institutos Profesionales;69;TECNICO DE NIVEL SUPERIOR EN CONTROL INDUSTRIAL;Técnico de Nivel Superior;Tecnología;No Presencial;A Distancia;No presencial;Resto IP+CFT;599
afec48eb18cf5d2448a24a00ea17d0e7;2023;117;IP IACC;Institutos Profesionales;70;TECNICO DE NIVEL SUPERIOR EN EDUCACION DIFERENCIAL;Técnico de Nivel Superior;Educación;No Presencial;A Distancia;No presencial;Resto IP+CFT;276
ae318609c0eaa1c3cebff6a0c85d5b51;2023;117;IP IACC;Institutos Profesionales;71;TECNICO DE NIVEL SUPERIOR EN EDUCACION PARVULARIA;Técnico de Nivel Superior;Educación;No Presencial;A Distancia;No presencial;Resto IP+CFT;292
377da29591fe87879bb08f8c41c971b4;2023;117;IP IACC;Institutos Profesionales;59;TECNICO DE NIVEL SUPERIOR EN GESTION DE CALIDAD Y AMBIENTE;Técnico de Nivel Superior;Tecnología;No Presencial;A Distancia;No presencial;Resto IP+CFT;176
c0270a68feffdf10dd4408cf23d0e878;2023;117;IP IACC;Institutos Profesionales;102;TECNICO DE NIVEL SUPERIOR EN GESTION ENERGETICA;Técnico de Nivel Superior;Tecnología;No Presencial;A Distancia;No presencial;Resto IP+CFT;75
8ed04afc73a7e73685ec98f7e3394f42;2023;117;IP IACC;Institutos Profesionales;17;TECNICO DE NIVEL SUPERIOR EN INFORMATICA;Técnico de Nivel Superior;Tecnología;No Presencial;A Distancia;No presencial;Resto IP+CFT;293
24c5a876aab9ea658a520cddfe599166;2023;117;IP IACC;Institutos Profesionales;60;TECNICO DE NIVEL SUPERIOR EN LOGISTICA;Técnico de Nivel Superior;Administración y Comercio;No Presencial;A Distancia;No presencial;Resto IP+CFT;626
ce4059dab4cba19d39e4fd50a3fc3577;2023;117;IP IACC;Institutos Profesionales;73;TECNICO DE NIVEL SUPERIOR EN PROCESOS MINEROS;Técnico de Nivel Superior;Tecnología;No Presencial;A Distancia;No presencial;Resto IP+CFT;803
5358ddc0e59cd048976ced700adafbe8;2023;117;IP IACC;Institutos Profesionales;61;TECNICO DE NIVEL SUPERIOR EN RECURSOS HUMANOS;Técnico de Nivel Superior;Administración y Comercio;No Presencial;A Distancia;No presencial;Resto IP+CFT;385
d26c28aae7e38ac747076bff1c8a7683;2023;117;IP IACC;Institutos Profesionales;103;TECNICO DE NIVEL SUPERIOR EN TELECOMUNICACIONES;Técnico de Nivel Superior;Tecnología;No Presencial;A Distancia;No presencial;Resto IP+CFT;72
39f68e58234ce7bc62ed367f1bd24680;2023;117;IP IACC;Institutos Profesionales;62;TECNICO DE NIVEL SUPERIOR EN TRABAJO SOCIAL;Técnico de Nivel Superior;Ciencias Sociales;No Presencial;A Distancia;No presencial;Resto IP+CFT;361
efb4985568067eec7edd12108d495bfd;2023;117;IP IACC;Institutos Profesionales;63;TECNICO DE NIVEL SUPERIOR JURIDICO;Técnico de Nivel Superior;Derecho;No Presencial;A Distancia;No presencial;Resto IP+CFT;165
e8ab156c00a00ed82f9a919a65959bc3;2023;117;IP IACC;Institutos Profesionales;35;TECNICO EN PREVENCION DE RIESGOS;Técnico de Nivel Superior;Tecnología;No Presencial;A Distancia;No presencial;Resto IP+CFT;540
a727d609818b10c926a100bcc57cef01;2023;117;IP IACC;Institutos Profesionales;1;TECNICO SUPERIOR EN ADMINISTRACION DE EMPRESAS;Técnico de Nivel Superior;Administración y Comercio;No Presencial;A Distancia;No presencial;Resto IP+CFT;1154
f5a8bc1efcd4b8177f3eec036b47a6f9;2023;113;IP IPG;Institutos Profesionales;495;INGENIERIA DE EJECUCION INDUSTRIAL PROFESIONAL;Profesional Sin Licenciatura;Tecnología;No Presencial;A Distancia;No presencial;Resto IP+CFT;12
601c55710815cf0b776a6440d1b19a26;2023;113;IP IPG;Institutos Profesionales;553;INGENIERIA EN ADMINISTRACION DE EMPRESAS PROFESIONAL;Profesional Sin Licenciatura;Administración y Comercio;No Presencial;A Distancia;No presencial;Resto IP+CFT;15
e38f6177ecc75a89391997253ae9cb7a;2023;113;IP IPG;Institutos Profesionales;548;INGENIERIA EN GESTION LOGISTICA;Profesional Sin Licenciatura;Administración y Comercio;No Presencial;A Distancia;No presencial;Resto IP+CFT;8
87bf6b486733151acd6811a99ebdc692;2023;113;IP IPG;Institutos Profesionales;433;PSICOPEDAGOGIA PROFESIONAL;Profesional Sin Licenciatura;Educación;No Presencial;A Distancia;No presencial;Resto IP+CFT;29
c6bf88688d8d61030b9c89d9ccb08f3a;2023;113;IP IPG;Institutos Profesionales;505;TECNICO DE NIVEL SUPERIOR EN ADMINISTRACION DE EMPRESAS;Técnico de Nivel Superior;Administración y Comercio;No Presencial;A Distancia;No presencial;Resto IP+CFT;20
e7c645da1c0d25eea7ec54b4b07c6e31;2023;113;IP IPG;Institutos Profesionales;566;TECNICO DE NIVEL SUPERIOR EN ADMINISTRACION DE RECURSOS HUMANOS;Técnico de Nivel Superior;Administración y Comercio;No Presencial;A Distancia;No presencial;Resto IP+CFT;17
1c9f4b1911862b7b093e202ca3f36cdb;2023;113;IP IPG;Institutos Profesionales;330;TECNICO DE NIVEL SUPERIOR EN ADMINISTRACION PUBLICA;Técnico de Nivel Superior;Ciencias Sociales;No Presencial;A Distancia;No presencial;Resto IP+CFT;11
eb3b6de9d30b0b41fce82be99848bec6;2023;113;IP IPG;Institutos Profesionales;259;TECNICO DE NIVEL SUPERIOR EN CONTABILIDAD GENERAL;Técnico de Nivel Superior;Administración y Comercio;No Presencial;A Distancia;No presencial;Resto IP+CFT;13
b3c59f98a3e6bf1433c5e3deb0666f5f;2023;113;IP IPG;Institutos Profesionales;506;TECNICO DE NIVEL SUPERIOR EN EDUCACION BASICA;Técnico de Nivel Superior;Educación;No Presencial;A Distancia;No presencial;Resto IP+CFT;23
ad70cfaae28d55e012ba1fe898c2d2be;2023;113;IP IPG;Institutos Profesionales;67;TECNICO DE NIVEL SUPERIOR EN EDUCACION DIFERENCIAL;Técnico de Nivel Superior;Educación;No Presencial;A Distancia;No presencial;Resto IP+CFT;28
f8a1f42e7bed333184872df4e461ccd3;2023;113;IP IPG;Institutos Profesionales;61;TECNICO DE NIVEL SUPERIOR EN EDUCACION PARVULARIA;Técnico de Nivel Superior;Educación;No Presencial;A Distancia;No presencial;Resto IP+CFT;52
c053fcaf86081d96ea5214a64c4c003c;2023;113;IP IPG;Institutos Profesionales;496;TECNICO DE NIVEL SUPERIOR EN GESTION LOGISTICA;Técnico de Nivel Superior;Administración y Comercio;No Presencial;A Distancia;No presencial;Resto IP+CFT;11
606732ca99731150c4e6faef5cf292e9;2023;113;IP IPG;Institutos Profesionales;392;TECNICO DE NIVEL SUPERIOR EN INFORMATICA;Técnico de Nivel Superior;Tecnología;No Presencial;A Distancia;No presencial;Resto IP+CFT;12
a8c55c5235dde3d90966266f1ef96911;2023;113;IP IPG;Institutos Profesionales;567;TECNICO DE NIVEL SUPERIOR EN OPERACIONES PORTUARIAS;Técnico de Nivel Superior;Tecnología;No Presencial;A Distancia;No presencial;Resto IP+CFT;3
b389768203a49663f7d68c4df5b30172;2023;113;IP IPG;Institutos Profesionales;178;TECNICO DE NIVEL SUPERIOR EN PREVENCION DE RIESGOS;Técnico de Nivel Superior;Tecnología;No Presencial;A Distancia;No presencial;Resto IP+CFT;27
642d4f9aaaace4bf138d900d9b5b2801;2023;113;IP IPG;Institutos Profesionales;540;TECNICO DE NIVEL SUPERIOR EN PREVENCION Y REHABILITACION DE ADICCIONES;Técnico de Nivel Superior;Ciencias Sociales;No Presencial;A Distancia;No presencial;Resto IP+CFT;25
866e8a6a1af57dc4a957c8253e07d9f2;2023;113;IP IPG;Institutos Profesionales;568;TECNICO DE NIVEL SUPERIOR EN PROCESOS INDUSTRIALES;Técnico de Nivel Superior;Tecnología;No Presencial;A Distancia;No presencial;Resto IP+CFT;8
146c2ab1d2b45d849041cd222dadda10;2023;113;IP IPG;Institutos Profesionales;459;TECNICO DE NIVEL SUPERIOR EN TRABAJO SOCIAL;Técnico de Nivel Superior;Ciencias Sociales;No Presencial;A Distancia;No presencial;Resto IP+CFT;47
c72ffb0f86d08a0f93f9d3d86c8528ab;2023;152;IP LATINOAMERICANO DE COMERCIO EXTERIOR - IPLACEX;Institutos Profesionales;274;ADMINISTRACION PUBLICA;Profesional Sin Licenciatura;Ciencias Sociales;No Presencial;A Distancia;No presencial;Resto IP+CFT;422
4c509e8c167acbe953dc3d388c40213b;2023;152;IP LATINOAMERICANO DE COMERCIO EXTERIOR - IPLACEX;Institutos Profesionales;430;ADMINISTRACION PUBLICA, MENCION SEGURIDAD PUBLICA Y GESTION DE RIESGOS;Profesional Sin Licenciatura;Ciencias Sociales;No Presencial;A Distancia;No presencial;Resto IP+CFT;76
4f9a8e4aca537e9c5e5c96e29531ddfe;2023;152;IP LATINOAMERICANO DE COMERCIO EXTERIOR - IPLACEX;Institutos Profesionales;452;ANALISTA PROGRAMADOR;Técnico de Nivel Superior;Tecnología;No Presencial;A Distancia;No presencial;Resto IP+CFT;109
10fbf4822fd1053a251d7c42643fcdad;2023;152;IP LATINOAMERICANO DE COMERCIO EXTERIOR - IPLACEX;Institutos Profesionales;9;AUDITORIA;Profesional Sin Licenciatura;Administración y Comercio;No Presencial;A Distancia;No presencial;Resto IP+CFT;77
a5487eadda9c66e2d04b426a8a1241b3;2023;152;IP LATINOAMERICANO DE COMERCIO EXTERIOR - IPLACEX;Institutos Profesionales;295;CONTABILIDAD;Técnico de Nivel Superior;Administración y Comercio;No Presencial;A Distancia;No presencial;Resto IP+CFT;232
0e15192e6f6ce5a6e05fa88630f45f3a;2023;152;IP LATINOAMERICANO DE COMERCIO EXTERIOR - IPLACEX;Institutos Profesionales;314;INGENIERIA DE EJECUCION EN ADMINISTRACION MENCION GESTION MUNICIPAL;Profesional Sin Licenciatura;Ciencias Sociales;No Presencial;A Distancia;No presencial;Resto IP+CFT;22
f473f7fa484027231d0e06795d238556;2023;152;IP LATINOAMERICANO DE COMERCIO EXTERIOR - IPLACEX;Institutos Profesionales;363;INGENIERIA DE EJECUCION EN ADMINISTRACION MENCION GESTION Y DESARROLLO LOCAL Y REGIONAL;Profesional Sin Licenciatura;Administración y Comercio;No Presencial;A Distancia;No presencial;Resto IP+CFT;18
e8034884781fbee96693ab3f84eb1bb1;2023;152;IP LATINOAMERICANO DE COMERCIO EXTERIOR - IPLACEX;Institutos Profesionales;428;INGENIERIA ELECTRICA;Profesional Sin Licenciatura;Tecnología;No Presencial;A Distancia;No presencial;Resto IP+CFT;353
06c68d4c2e0080e54d0de406263e4c56;2023;152;IP LATINOAMERICANO DE COMERCIO EXTERIOR - IPLACEX;Institutos Profesionales;107;INGENIERIA EN ADMINISTRACION DE EMPRESAS;Profesional Sin Licenciatura;Administración y Comercio;No Presencial;A Distancia;No presencial;Resto IP+CFT;203
28b61f71786b444feb3b528c340ccb03;2023;152;IP LATINOAMERICANO DE COMERCIO EXTERIOR - IPLACEX;Institutos Profesionales;325;INGENIERIA EN ADMINISTRACION MENCION SEGURIDAD PRIVADA;Profesional Sin Licenciatura;Administración y Comercio;No Presencial;A Distancia;No presencial;Resto IP+CFT;546
addaa0efbca4f69971d1179986c152f3;2023;152;IP LATINOAMERICANO DE COMERCIO EXTERIOR - IPLACEX;Institutos Profesionales;454;INGENIERIA EN AUTOMATIZACION Y CONTROL INDUSTRIAL;Profesional Sin Licenciatura;Tecnología;No Presencial;A Distancia;No presencial;Resto IP+CFT;81
94dbacc978e1e708d808604f77644f7e;2023;152;IP LATINOAMERICANO DE COMERCIO EXTERIOR - IPLACEX;Institutos Profesionales;1;INGENIERIA EN COMERCIO EXTERIOR;Profesional Sin Licenciatura;Administración y Comercio;No Presencial;A Distancia;No presencial;Resto IP+CFT;55
a2748e0e9878a7bff6eb19874725e4a8;2023;152;IP LATINOAMERICANO DE COMERCIO EXTERIOR - IPLACEX;Institutos Profesionales;455;INGENIERIA EN CONSTRUCCION;Profesional Sin Licenciatura;Tecnología;Semipresencial;Semipresencial;Semipresencial;Resto IP+CFT;90
7cfe3e286ee656761ed8e2dbea338f59;2023;152;IP LATINOAMERICANO DE COMERCIO EXTERIOR - IPLACEX;Institutos Profesionales;383;INGENIERIA EN GESTION DE CENTROS DE SALUD;Profesional Sin Licenciatura;Administración y Comercio;No Presencial;A Distancia;No presencial;Resto IP+CFT;99
01553dc39e21e143bd9f6d13db0a7cc1;2023;152;IP LATINOAMERICANO DE COMERCIO EXTERIOR - IPLACEX;Institutos Profesionales;38;INGENIERIA EN INFORMATICA;Profesional Sin Licenciatura;Tecnología;No Presencial;A Distancia;No presencial;Resto IP+CFT;143
2a966018eaabbf3ed4abfa7350859406;2023;152;IP LATINOAMERICANO DE COMERCIO EXTERIOR - IPLACEX;Institutos Profesionales;318;INGENIERIA EN LOGISTICA;Profesional Sin Licenciatura;Administración y Comercio;No Presencial;A Distancia;No presencial;Resto IP+CFT;130
af26de5c27a5463e325dc76f52934384;2023;152;IP LATINOAMERICANO DE COMERCIO EXTERIOR - IPLACEX;Institutos Profesionales;144;INGENIERIA EN PREVENCION DE RIESGOS;Profesional Sin Licenciatura;Tecnología;No Presencial;A Distancia;No presencial;Resto IP+CFT;115
cc619486cb98c2e10c8ca4bcb6010f0c;2023;152;IP LATINOAMERICANO DE COMERCIO EXTERIOR - IPLACEX;Institutos Profesionales;319;INGENIERIA EN PREVENCION DE RIESGOS, CALIDAD Y MEDIO AMBIENTE;Profesional Sin Licenciatura;Tecnología;No Presencial;A Distancia;No presencial;Resto IP+CFT;2
52eb7c6a7611549c0ae6e3c8a140f64d;2023;152;IP LATINOAMERICANO DE COMERCIO EXTERIOR - IPLACEX;Institutos Profesionales;316;INGENIERIA EN RECURSOS HUMANOS;Profesional Sin Licenciatura;Administración y Comercio;No Presencial;A Distancia;No presencial;Resto IP+CFT;173
3123ac4697e540ad6ac4e1bf0c4ca6a7;2023;152;IP LATINOAMERICANO DE COMERCIO EXTERIOR - IPLACEX;Institutos Profesionales;456;INGENIERIA EN REDES E INFRAESTRUCTURA CLOUD;Profesional Sin Licenciatura;Tecnología;No Presencial;A Distancia;No presencial;Resto IP+CFT;36
110f94ae700a98f9237f406982d13723;2023;152;IP LATINOAMERICANO DE COMERCIO EXTERIOR - IPLACEX;Institutos Profesionales;420;INGENIERIA INDUSTRIAL;Profesional Sin Licenciatura;Tecnología;No Presencial;A Distancia;No presencial;Resto IP+CFT;165
5d9f8469258e093c0525a8df8850d458;2023;152;IP LATINOAMERICANO DE COMERCIO EXTERIOR - IPLACEX;Institutos Profesionales;429;NATUROPATIA;Profesional Sin Licenciatura;Salud;Semipresencial;Semipresencial;Semipresencial;Resto IP+CFT;50
cc622d472fc76c250739b418980dc4eb;2023;152;IP LATINOAMERICANO DE COMERCIO EXTERIOR - IPLACEX;Institutos Profesionales;21;PSICOPEDAGOGIA;Profesional Sin Licenciatura;Educación;No Presencial;A Distancia;No presencial;Resto IP+CFT;205
e0535e0b2d173797086b1e6886ba700e;2023;152;IP LATINOAMERICANO DE COMERCIO EXTERIOR - IPLACEX;Institutos Profesionales;326;TECNICO EN ADMINISTRACION DE EMPRESAS;Técnico de Nivel Superior;Administración y Comercio;No Presencial;A Distancia;No presencial;Resto IP+CFT;370
50427bb42a6646a0e0f62399ec39cd78;2023;152;IP LATINOAMERICANO DE COMERCIO EXTERIOR - IPLACEX;Institutos Profesionales;327;TECNICO EN ADMINISTRACION MENCION GESTION MUNICIPAL;Técnico de Nivel Superior;Ciencias Sociales;No Presencial;A Distancia;No presencial;Resto IP+CFT;32
2568b5d523a9d444bc4797152db7e1ba;2023;152;IP LATINOAMERICANO DE COMERCIO EXTERIOR - IPLACEX;Institutos Profesionales;278;TECNICO EN ADMINISTRACION PUBLICA;Técnico de Nivel Superior;Ciencias Sociales;No Presencial;A Distancia;No presencial;Resto IP+CFT;164
f2201bf72f8a711355991d83aab2ffed;2023;152;IP LATINOAMERICANO DE COMERCIO EXTERIOR - IPLACEX;Institutos Profesionales;370;TECNICO EN ALIMENTACION Y NUTRICION;Técnico de Nivel Superior;Salud;Semipresencial;Vespertina;Semipresencial;Resto IP+CFT;67
8d1087d3d5e190c70a0a14c73a771a77;2023;152;IP LATINOAMERICANO DE COMERCIO EXTERIOR - IPLACEX;Institutos Profesionales;328;TECNICO EN COMERCIO EXTERIOR;Técnico de Nivel Superior;Administración y Comercio;No Presencial;A Distancia;No presencial;Resto IP+CFT;134
ac2a8e1b25f0522fb015dee02a287030;2023;152;IP LATINOAMERICANO DE COMERCIO EXTERIOR - IPLACEX;Institutos Profesionales;457;TECNICO EN CONECTIVIDAD Y TELECOMUNICACIONES;Técnico de Nivel Superior;Tecnología;No Presencial;A Distancia;No presencial;Resto IP+CFT;18
78f632e1043610785d336e72e50a2fbe;2023;152;IP LATINOAMERICANO DE COMERCIO EXTERIOR - IPLACEX;Institutos Profesionales;279;TECNICO EN CONSTRUCCION;Técnico de Nivel Superior;Tecnología;Semipresencial;Semipresencial;Semipresencial;Resto IP+CFT;157
daf2842a4be6c570680cc4d954564bed;2023;152;IP LATINOAMERICANO DE COMERCIO EXTERIOR - IPLACEX;Institutos Profesionales;458;TECNICO EN CONTROL INDUSTRIAL;Técnico de Nivel Superior;Tecnología;No Presencial;A Distancia;No presencial;Resto IP+CFT;98
87617466aab76e624d358152577d6b0f;2023;152;IP LATINOAMERICANO DE COMERCIO EXTERIOR - IPLACEX;Institutos Profesionales;446;TECNICO EN CONVIVENCIA ESCOLAR;Técnico de Nivel Superior;Educación;No Presencial;A Distancia;No presencial;Resto IP+CFT;45
3a077872ead0b8bf202210e960c98261;2023;152;IP LATINOAMERICANO DE COMERCIO EXTERIOR - IPLACEX;Institutos Profesionales;371;TECNICO EN DESARROLLO DE APLICACIONES MULTIPLATAFORMA;Técnico de Nivel Superior;Tecnología;No Presencial;A Distancia;No presencial;Resto IP+CFT;3
4b75a2f63e79cde040c334dc4fbce479;2023;152;IP LATINOAMERICANO DE COMERCIO EXTERIOR - IPLACEX;Institutos Profesionales;282;TECNICO EN EDUCACION ESPECIAL Y DIFERENCIAL;Técnico de Nivel Superior;Educación;No Presencial;A Distancia;No presencial;Resto IP+CFT;218
ecf0d9566e9dbd59637c630625227d25;2023;152;IP LATINOAMERICANO DE COMERCIO EXTERIOR - IPLACEX;Institutos Profesionales;395;TECNICO EN EDUCACION PARVULARIA Y EDUCACION BASICA;Técnico de Nivel Superior;Educación;No Presencial;A Distancia;No presencial;Resto IP+CFT;467
7426a1a85a9dbde13c7e4845c231f254;2023;152;IP LATINOAMERICANO DE COMERCIO EXTERIOR - IPLACEX;Institutos Profesionales;431;TECNICO EN ELECTRICO;Técnico de Nivel Superior;Tecnología;No Presencial;A Distancia;No presencial;Resto IP+CFT;434
f458ab2ede58c3a08f45e8d6101852f2;2023;152;IP LATINOAMERICANO DE COMERCIO EXTERIOR - IPLACEX;Institutos Profesionales;22;TECNICO EN ENFERMERIA;Técnico de Nivel Superior;Salud;Semipresencial;Vespertina;Semipresencial;Resto IP+CFT;380
3bb5511a3ae28662e8253921604e6d12;2023;152;IP LATINOAMERICANO DE COMERCIO EXTERIOR - IPLACEX;Institutos Profesionales;297;TECNICO EN FARMACIA;Técnico de Nivel Superior;Salud;Semipresencial;Semipresencial;Semipresencial;Resto IP+CFT;54
3426040baf05cad837f72cd8bfeaeabc;2023;152;IP LATINOAMERICANO DE COMERCIO EXTERIOR - IPLACEX;Institutos Profesionales;396;TECNICO EN GENERACION ELECTRICA LIMPIA;Técnico de Nivel Superior;Tecnología;No Presencial;A Distancia;No presencial;Resto IP+CFT;38
d15324e5b8b4ec447fc7105c210b5edd;2023;152;IP LATINOAMERICANO DE COMERCIO EXTERIOR - IPLACEX;Institutos Profesionales;283;TECNICO EN INFORMATICA;Técnico de Nivel Superior;Tecnología;No Presencial;A Distancia;No presencial;Resto IP+CFT;154
fbc7c1606fa5ce4aad7ea99cbe6e7e4e;2023;152;IP LATINOAMERICANO DE COMERCIO EXTERIOR - IPLACEX;Institutos Profesionales;445;TECNICO EN INSTALACIONES ELECTRICAS DOMICILIARIAS E INDUSTRIALES;Técnico de Nivel Superior;Tecnología;Semipresencial;Semipresencial;Semipresencial;Resto IP+CFT;104
52d5e16044d2322a8abcd802d8dc6f75;2023;152;IP LATINOAMERICANO DE COMERCIO EXTERIOR - IPLACEX;Institutos Profesionales;372;TECNICO EN INSTRUMENTACION Y CONTROL INDUSTRIAL;Técnico de Nivel Superior;Tecnología;No Presencial;A Distancia;No presencial;Resto IP+CFT;1
fa66b2952e8fd447c2c8d7db6eced976;2023;152;IP LATINOAMERICANO DE COMERCIO EXTERIOR - IPLACEX;Institutos Profesionales;323;TECNICO EN LOGISTICA;Técnico de Nivel Superior;Administración y Comercio;No Presencial;A Distancia;No presencial;Resto IP+CFT;295
e0564ea97fe23113d1e2ca1bdb97f3a6;2023;152;IP LATINOAMERICANO DE COMERCIO EXTERIOR - IPLACEX;Institutos Profesionales;398;TECNICO EN MARKETING DIGITAL;Técnico de Nivel Superior;Administración y Comercio;No Presencial;A Distancia;No presencial;Resto IP+CFT;80
551397a46dfd8d5c31743a639450d4e8;2023;152;IP LATINOAMERICANO DE COMERCIO EXTERIOR - IPLACEX;Institutos Profesionales;387;TECNICO EN MEDIACION ESCOLAR;Técnico de Nivel Superior;Educación;No Presencial;A Distancia;No presencial;Resto IP+CFT;1
1cfac2b9564255f87a310989f4e1c13f;2023;152;IP LATINOAMERICANO DE COMERCIO EXTERIOR - IPLACEX;Institutos Profesionales;50;TECNICO EN PREVENCION DE RIESGOS;Técnico de Nivel Superior;Tecnología;No Presencial;A Distancia;No presencial;Resto IP+CFT;209
06a8d00923369ec2bed59726ddb5f846;2023;152;IP LATINOAMERICANO DE COMERCIO EXTERIOR - IPLACEX;Institutos Profesionales;389;TECNICO EN PREVENCION, TRATAMIENTO Y REHABILITACION DE SUSTANCIAS;Técnico de Nivel Superior;Ciencias Sociales;No Presencial;A Distancia;No presencial;Resto IP+CFT;97
9e3c98ee01c3705e3da3c2d4e256525a;2023;152;IP LATINOAMERICANO DE COMERCIO EXTERIOR - IPLACEX;Institutos Profesionales;321;TECNICO EN RECURSOS HUMANOS;Técnico de Nivel Superior;Administración y Comercio;No Presencial;A Distancia;No presencial;Resto IP+CFT;171
8fd63656e33e3377365597e26ee911f8;2023;152;IP LATINOAMERICANO DE COMERCIO EXTERIOR - IPLACEX;Institutos Profesionales;459;TECNICO EN REDES E INFRAESTRUCTURA CLOUD;Técnico de Nivel Superior;Tecnología;No Presencial;A Distancia;No presencial;Resto IP+CFT;11
6ae48556edbe310848ee8ac6f32cdf43;2023;152;IP LATINOAMERICANO DE COMERCIO EXTERIOR - IPLACEX;Institutos Profesionales;390;TECNICO EN SALUD NATURAL Y TERAPIAS COMPLEMENTARIAS;Técnico de Nivel Superior;Salud;Semipresencial;Semipresencial;Semipresencial;Resto IP+CFT;47
930be5bc66d92a09f640fcdbddad5e94;2023;152;IP LATINOAMERICANO DE COMERCIO EXTERIOR - IPLACEX;Institutos Profesionales;300;TECNICO EN TRABAJO SOCIAL;Técnico de Nivel Superior;Ciencias Sociales;No Presencial;A Distancia;No presencial;Resto IP+CFT;241
4821ea94f7bf7b5ca49f6c194281bc25;2023;152;IP LATINOAMERICANO DE COMERCIO EXTERIOR - IPLACEX;Institutos Profesionales;421;TECNICO INDUSTRIAL;Técnico de Nivel Superior;Tecnología;No Presencial;A Distancia;No presencial;Resto IP+CFT;150
b7dc7a8a2f54fdf0aefcabf155209d80;2023;152;IP LATINOAMERICANO DE COMERCIO EXTERIOR - IPLACEX;Institutos Profesionales;41;TRABAJO SOCIAL;Profesional Sin Licenciatura;Ciencias Sociales;No Presencial;A Distancia;No presencial;Resto IP+CFT;613
31b26db3d6e149be3a5e01e8424a295a;2023;106;IP PROVIDENCIA;Institutos Profesionales;10;CONTADOR AUDITOR;Profesional Sin Licenciatura;Administración y Comercio;No Presencial;A Distancia;No presencial;Resto IP+CFT;139
fa3c0607964818ee138c2081e1092bfc;2023;106;IP PROVIDENCIA;Institutos Profesionales;64;CONTADOR GENERAL;Técnico de Nivel Superior;Administración y Comercio;No Presencial;A Distancia;No presencial;Resto IP+CFT;220
887d6629d7c2ab6c0b64de99b678f241;2023;106;IP PROVIDENCIA;Institutos Profesionales;303;DISEÑO GRAFICO DIGITAL;Profesional Sin Licenciatura;Arte y Arquitectura;No Presencial;A Distancia;No presencial;Resto IP+CFT;158
3591cd23e4e6655d0d895297cccfc7d4;2023;106;IP PROVIDENCIA;Institutos Profesionales;262;INGENIERIA EN ADMINISTRACION MENCION MARKETING O FINANZAS O RECURSOS HUMANOS;Profesional Sin Licenciatura;Administración y Comercio;No Presencial;A Distancia;No presencial;Resto IP+CFT;273
80f333fddecfe8129a181f9140869388;2023;106;IP PROVIDENCIA;Institutos Profesionales;287;INGENIERIA EN ADMINISTRACION PUBLICA Y MUNICIPAL;Profesional Sin Licenciatura;Ciencias Sociales;No Presencial;A Distancia;No presencial;Resto IP+CFT;134
2f5ad03ab5e6fa6baba75f64b977f386;2023;106;IP PROVIDENCIA;Institutos Profesionales;263;INGENIERIA EN CONTROL DE GESTION;Profesional Sin Licenciatura;Administración y Comercio;No Presencial;A Distancia;No presencial;Resto IP+CFT;52
9ee2ff8a2b040af8e82eed11d96b16fa;2023;106;IP PROVIDENCIA;Institutos Profesionales;6;INGENIERIA EN INFORMATICA;Profesional Sin Licenciatura;Tecnología;No Presencial;A Distancia;No presencial;Resto IP+CFT;178
406205493917640acd59c664f1854cf8;2023;106;IP PROVIDENCIA;Institutos Profesionales;297;INGENIERIA INDUSTRIAL;Profesional Sin Licenciatura;Tecnología;No Presencial;A Distancia;No presencial;Resto IP+CFT;262
586a5c187f6fab6f1e71d224a95d7adb;2023;106;IP PROVIDENCIA;Institutos Profesionales;15;PSICOPEDAGOGIA;Profesional Sin Licenciatura;Educación;No Presencial;A Distancia;No presencial;Resto IP+CFT;11
0807b5326664bdb407eddb441ac57e2c;2023;106;IP PROVIDENCIA;Institutos Profesionales;293;PUBLICIDAD EN MARKETING DIGITAL;Profesional Sin Licenciatura;Ciencias Sociales;No Presencial;A Distancia;No presencial;Resto IP+CFT;53
76eccc556e443a24dec71739657d64a4;2023;106;IP PROVIDENCIA;Institutos Profesionales;20;SERVICIO SOCIAL;Profesional Sin Licenciatura;Ciencias Sociales;No Presencial;A Distancia;No presencial;Resto IP+CFT;245
e42e0311feb7996fa2b0ad15d264ef42;2023;106;IP PROVIDENCIA;Institutos Profesionales;307;TECNICO DE NIVEL SUPERIOR ANALISTA DE SISTEMAS;Técnico de Nivel Superior;Tecnología;No Presencial;A Distancia;No presencial;Resto IP+CFT;83
0eb180f44946c306ad0f1ff4a7145356;2023;106;IP PROVIDENCIA;Institutos Profesionales;67;TECNICO DE NIVEL SUPERIOR EN ADMINISTRACION DE EMPRESAS MENCION MARKETING O FINANZAS O RECURSOS HUMANOS;Técnico de Nivel Superior;Administración y Comercio;No Presencial;A Distancia;No presencial;Resto IP+CFT;463
7401fd11e0f52f00acd8b19ba9e3b26a;2023;106;IP PROVIDENCIA;Institutos Profesionales;284;TECNICO DE NIVEL SUPERIOR EN ADMINISTRACION PUBLICA;Técnico de Nivel Superior;Ciencias Sociales;No Presencial;A Distancia;No presencial;Resto IP+CFT;133
f8bb3bc12c2a8ff2a00cae0b8c877206;2023;106;IP PROVIDENCIA;Institutos Profesionales;340;TECNICO DE NIVEL SUPERIOR EN AGILE COACHING;Técnico de Nivel Superior;Administración y Comercio;No Presencial;A Distancia;No presencial;Resto IP+CFT;5
387157b43a96a51f161326aa7da6a802;2023;106;IP PROVIDENCIA;Institutos Profesionales;335;TECNICO DE NIVEL SUPERIOR EN CIENCIA DE DATOS;Técnico de Nivel Superior;Ciencias Básicas;No Presencial;A Distancia;No presencial;Resto IP+CFT;51
d49f21cce6923ef168030c699d9e851f;2023;106;IP PROVIDENCIA;Institutos Profesionales;317;TECNICO DE NIVEL SUPERIOR EN CLOUD ADMINISTRATION;Técnico de Nivel Superior;Tecnología;No Presencial;A Distancia;No presencial;Resto IP+CFT;25
aa7857937bd9621532b681f895c83f90;2023;106;IP PROVIDENCIA;Institutos Profesionales;231;TECNICO DE NIVEL SUPERIOR EN COMERCIO EXTERIOR;Técnico de Nivel Superior;Administración y Comercio;No Presencial;A Distancia;No presencial;Resto IP+CFT;101
27cb18cabc0588f26deaee90fbb452fb;2023;106;IP PROVIDENCIA;Institutos Profesionales;265;TECNICO DE NIVEL SUPERIOR EN CONTROL DE GESTION;Técnico de Nivel Superior;Administración y Comercio;No Presencial;A Distancia;No presencial;Resto IP+CFT;37
022b18a3b5009e96fc833e5b66bb320d;2023;106;IP PROVIDENCIA;Institutos Profesionales;309;TECNICO DE NIVEL SUPERIOR EN CONTROL DE LA PRODUCCION INDUSTRIAL;Técnico de Nivel Superior;Tecnología;No Presencial;A Distancia;No presencial;Resto IP+CFT;75
8ad857c7b710c040deadd06bbb6e7863;2023;106;IP PROVIDENCIA;Institutos Profesionales;328;TECNICO DE NIVEL SUPERIOR EN CUSTOMER EXPERIENCE;Técnico de Nivel Superior;Administración y Comercio;No Presencial;A Distancia;No presencial;Resto IP+CFT;11
90453ff12be991fc6af2def985514bc6;2023;106;IP PROVIDENCIA;Institutos Profesionales;310;TECNICO DE NIVEL SUPERIOR EN DISEÑO GRAFICO DIGITAL;Técnico de Nivel Superior;Arte y Arquitectura;No Presencial;A Distancia;No presencial;Resto IP+CFT;181
be28373eed37c536df5ab8a5fe830d95;2023;106;IP PROVIDENCIA;Institutos Profesionales;268;TECNICO DE NIVEL SUPERIOR EN GESTION TURISTICA;Técnico de Nivel Superior;Administración y Comercio;No Presencial;A Distancia;No presencial;Resto IP+CFT;70
ed0796fbf507a98671b779b262e65122;2023;106;IP PROVIDENCIA;Institutos Profesionales;329;TECNICO DE NIVEL SUPERIOR EN INBOUND MARKETING;Técnico de Nivel Superior;Administración y Comercio;No Presencial;A Distancia;No presencial;Resto IP+CFT;3
2905e1b6410c9eddb0514b0442c1f154;2023;106;IP PROVIDENCIA;Institutos Profesionales;286;TECNICO DE NIVEL SUPERIOR EN INFORMATICA;Técnico de Nivel Superior;Tecnología;No Presencial;A Distancia;No presencial;Resto IP+CFT;163
9269c2f1db9a452c24c188795e0ed110;2023;106;IP PROVIDENCIA;Institutos Profesionales;330;TECNICO DE NIVEL SUPERIOR EN MARKETING DIGITAL;Técnico de Nivel Superior;Administración y Comercio;No Presencial;A Distancia;No presencial;Resto IP+CFT;107
e0bfeeb661d7e47bcfc4e27754c1f818;2023;106;IP PROVIDENCIA;Institutos Profesionales;343;TECNICO DE NIVEL SUPERIOR EN QUALITY ASSURANCE;Técnico de Nivel Superior;Administración y Comercio;No Presencial;A Distancia;No presencial;Resto IP+CFT;21
26b1d8e7fe62c4a59454fc268e3e7aea;2023;106;IP PROVIDENCIA;Institutos Profesionales;341;TECNICO DE NIVEL SUPERIOR EN RECLUTAMIENTO Y ATRACCION DE TALENTO;Técnico de Nivel Superior;Administración y Comercio;No Presencial;A Distancia;No presencial;Resto IP+CFT;6
b3e452f3f789c3de8b677d4f78891397;2023;106;IP PROVIDENCIA;Institutos Profesionales;318;TECNICO DE NIVEL SUPERIOR EN SEGURIDAD INFORMATICA;Técnico de Nivel Superior;Tecnología;No Presencial;A Distancia;No presencial;Resto IP+CFT;185
f43594d405f4d7e9b6d5c2be59623c55;2023;106;IP PROVIDENCIA;Institutos Profesionales;250;TECNICO DE NIVEL SUPERIOR EN SERVICIO SOCIAL;Técnico de Nivel Superior;Ciencias Sociales;No Presencial;A Distancia;No presencial;Resto IP+CFT;219
2f6ed1503d5c9fcda09a4484f4fcaaa4;2023;106;IP PROVIDENCIA;Institutos Profesionales;342;TECNICO DE NIVEL SUPERIOR EN SOCIAL MEDIA;Técnico de Nivel Superior;Ciencias Sociales;No Presencial;A Distancia;No presencial;Resto IP+CFT;17
906be9a03729c6526fef4822a8aea4da;2023;106;IP PROVIDENCIA;Institutos Profesionales;331;TECNICO DE NIVEL SUPERIOR EN USER EXPERIENCE;Técnico de Nivel Superior;Administración y Comercio;No Presencial;A Distancia;No presencial;Resto IP+CFT;8
206a4b236f568083734c37b970f7cbef;2023;106;IP PROVIDENCIA;Institutos Profesionales;295;TECNICO EN ANIMACION DIGITAL;Técnico de Nivel Superior;Arte y Arquitectura;No Presencial;A Distancia;No presencial;Resto IP+CFT;109
7fc269706f43f07acd66c0a31bb112ee;2023;106;IP PROVIDENCIA;Institutos Profesionales;266;TECNICO EN EDUCACION DIFERENCIAL;Técnico de Nivel Superior;Educación;No Presencial;A Distancia;No presencial;Resto IP+CFT;322
e951d851f63675d7799efcc773e0be08;2023;106;IP PROVIDENCIA;Institutos Profesionales;294;TECNICO EN EDUCACION PARVULARIA Y PRIMER CICLO BASICO;Técnico de Nivel Superior;Educación;No Presencial;A Distancia;No presencial;Resto IP+CFT;610
6bf3367fb8ce7479c3d18914c0501b66;2023;106;IP PROVIDENCIA;Institutos Profesionales;296;TECNICO EN LOGISTICA;Técnico de Nivel Superior;Administración y Comercio;No Presencial;A Distancia;No presencial;Resto IP+CFT;229
3065834973173f524556c975efece132;2023;106;IP PROVIDENCIA;Institutos Profesionales;292;TECNICO EN PUBLICIDAD;Técnico de Nivel Superior;Ciencias Sociales;No Presencial;A Distancia;No presencial;Resto IP+CFT;26
ca5f8d008cc24a2cf52fa1fd41a92052;2023;106;IP PROVIDENCIA;Institutos Profesionales;269;TECNICO JURIDICO EN GESTION JUDICIAL;Técnico de Nivel Superior;Derecho;No Presencial;A Distancia;No presencial;Resto IP+CFT;185
43b18bb8435d8dc90d1f8b2a94de715c;2023;162;IP SAN SEBASTIAN;Institutos Profesionales;46;INGENIERIA EN CIBERSEGURIDAD;Profesional Sin Licenciatura;Tecnología;No Presencial;A Distancia;No presencial;Resto IP+CFT;55
520b65ffea247acca70c066a96904939;2023;162;IP SAN SEBASTIAN;Institutos Profesionales;3;INGENIERIA EN CONECTIVIDAD Y REDES;Profesional Sin Licenciatura;Tecnología;No Presencial;A Distancia;No presencial;Resto IP+CFT;36
df26c55d08b34951a3af19ca96b80794;2023;162;IP SAN SEBASTIAN;Institutos Profesionales;1;INGENIERIA EN INFORMATICA;Profesional Sin Licenciatura;Tecnología;No Presencial;A Distancia;No presencial;Resto IP+CFT;54
6610d5301514d1d0393415d33fbea026;2023;162;IP SAN SEBASTIAN;Institutos Profesionales;47;TECNICO EN CIBERSEGURIDAD;Técnico de Nivel Superior;Tecnología;No Presencial;A Distancia;No presencial;Resto IP+CFT;56
fffe9a0c2c236c584977cb52362a4467;2023;162;IP SAN SEBASTIAN;Institutos Profesionales;6;TECNICO EN CONECTIVIDAD Y REDES;Técnico de Nivel Superior;Tecnología;No Presencial;A Distancia;No presencial;Resto IP+CFT;24
804cb1d970f8492f7a4748cf5b4ef604;2023;162;IP SAN SEBASTIAN;Institutos Profesionales;57;TECNICO EN PROGRAMACION Y ANALISIS DE SISTEMAS;Técnico de Nivel Superior;Tecnología;No Presencial;A Distancia;No presencial;Resto IP+CFT;117
31dfdeeac1dc4d93314ce7f4d2db1b38;2023;116;IP SANTO TOMAS;Institutos Profesionales;9;CONTADOR AUDITOR;Profesional Sin Licenciatura;Administración y Comercio;No Presencial;A Distancia;No presencial;Resto IP+CFT;11
64e4b35b04411776a2ffac1518dc87ed;2023;116;IP SANTO TOMAS;Institutos Profesionales;221;INGENIERIA EN ADMINISTRACION DE EMPRESAS;Profesional Sin Licenciatura;Administración y Comercio;No Presencial;A Distancia;No presencial;Resto IP+CFT;10
3b37e7b9898cf88c38f3e83374254e86;2023;116;IP SANTO TOMAS;Institutos Profesionales;148;INGENIERIA EN PREVENCION DE RIESGOS;Profesional Sin Licenciatura;Tecnología;No Presencial;A Distancia;No presencial;Resto IP+CFT;17
f13e067b5d652c1bb35c93653842ed35;2023;116;IP SANTO TOMAS;Institutos Profesionales;196;PSICOPEDAGOGIA;Profesional Sin Licenciatura;Educación;No Presencial;A Distancia;No presencial;Resto IP+CFT;23
f5d888cfef0886076d906ef79b736c49;2023;116;IP SANTO TOMAS;Institutos Profesionales;4;SERVICIO SOCIAL;Profesional Sin Licenciatura;Ciencias Sociales;No Presencial;A Distancia;No presencial;Resto IP+CFT;14
bad5dcd63acdcd9d35dd36c01f83519a;2023;116;IP SANTO TOMAS;Institutos Profesionales;17;TECNICO EN TRABAJO SOCIAL;Técnico de Nivel Superior;Ciencias Sociales;No Presencial;A Distancia;No presencial;Resto IP+CFT;19
fd85696fa919902b256ba031dbd1ad44;2024;959;CFT ACADEMIA CHILENA DE YOGA;Centros de Formación Técnica;1;TECNICO NIVEL SUPERIOR DE INSTRUCCION DE YOGA;Técnico de Nivel Superior;Educación;Semipresencial;Semipresencial;Semipresencial;Resto IP+CFT;40
8478350ac52fb7fb16305b6e00611cc5;2024;534;CFT ASISTE;Centros de Formación Técnica;44;TECNICO EN ADMINISTRACION EN SEGURIDAD PRIVADA;Técnico de Nivel Superior;Administración y Comercio;No Presencial;A Distancia;No presencial;Resto IP+CFT;102
a324f8fc7666eadf896d28055bf603d8;2024;534;CFT ASISTE;Centros de Formación Técnica;71;TECNICO NIVEL SUPERIOR EN SISTEMA DE SEGURIDAD ELECTRONICA Y COMUNICACION Y ENLACE;Técnico de Nivel Superior;Administración y Comercio;No Presencial;A Distancia;No presencial;Resto IP+CFT;25
725e4272806012e2c1c2313c7902d1e9;2024;312;CFT CENCO;Centros de Formación Técnica;56;TECNICO DE NIVEL SUPERIOR EN ADMINISTRACION DE EMPRESAS;Técnico de Nivel Superior;Administración y Comercio;No Presencial;A Distancia;No presencial;Resto IP+CFT;5
971f9157139fde4fdf1c1449ca1fd0f5;2024;312;CFT CENCO;Centros de Formación Técnica;80;TECNICO DE NIVEL SUPERIOR EN ADMINISTRACION DE RECURSOS HUMANOS;Técnico de Nivel Superior;Administración y Comercio;No Presencial;A Distancia;No presencial;Resto IP+CFT;6
2c91b0233c1caf373cdebe6876f23fa7;2024;312;CFT CENCO;Centros de Formación Técnica;110;TECNICO DE NIVEL SUPERIOR EN ADMINISTRACION LOGISTICA;Técnico de Nivel Superior;Administración y Comercio;No Presencial;A Distancia;No presencial;Resto IP+CFT;8
a45ed1d0012e4e18d08bb99cf39fa9e3;2024;312;CFT CENCO;Centros de Formación Técnica;82;TECNICO DE NIVEL SUPERIOR EN ADMINISTRACION PUBLICA;Técnico de Nivel Superior;Ciencias Sociales;No Presencial;A Distancia;No presencial;Resto IP+CFT;6
f09a05952112e509235ba885f1c3f6aa;2024;312;CFT CENCO;Centros de Formación Técnica;102;TECNICO DE NIVEL SUPERIOR EN ASISTENTE DE AULA;Técnico de Nivel Superior;Educación;No Presencial;A Distancia;No presencial;Resto IP+CFT;4
a1e533783860c7c089436d8503277163;2024;312;CFT CENCO;Centros de Formación Técnica;121;TECNICO DE NIVEL SUPERIOR EN COMERCIO EXTERIOR Y MERCADOS DIGITALES;Técnico de Nivel Superior;Administración y Comercio;No Presencial;A Distancia;No presencial;Resto IP+CFT;2
3e66e372f6ae834788b279e878acc5a8;2024;312;CFT CENCO;Centros de Formación Técnica;13;TECNICO DE NIVEL SUPERIOR EN CONTABILIDAD GENERAL;Técnico de Nivel Superior;Administración y Comercio;No Presencial;A Distancia;No presencial;Resto IP+CFT;5
0cd86efe6e278e769f492e706f0f0e3b;2024;312;CFT CENCO;Centros de Formación Técnica;122;TECNICO DE NIVEL SUPERIOR EN EDUCACION ESPECIAL;Técnico de Nivel Superior;Educación;No Presencial;A Distancia;No presencial;Resto IP+CFT;8
96a9b6db37672b792e64a20c75847b89;2024;312;CFT CENCO;Centros de Formación Técnica;101;TECNICO DE NIVEL SUPERIOR EN EDUCACION PARVULARIA;Técnico de Nivel Superior;Educación;No Presencial;A Distancia;No presencial;Resto IP+CFT;15
11c938db7a18c1d5492d4cf72b4afb06;2024;312;CFT CENCO;Centros de Formación Técnica;84;TECNICO DE NIVEL SUPERIOR EN FARMACIA;Técnico de Nivel Superior;Salud;No Presencial;A Distancia;No presencial;Resto IP+CFT;30
a4a4daa1b8d841cd2ce9f197a903b614;2024;312;CFT CENCO;Centros de Formación Técnica;86;TECNICO DE NIVEL SUPERIOR EN GESTION DE INSTITUCIONES DE SALUD;Técnico de Nivel Superior;Administración y Comercio;No Presencial;A Distancia;No presencial;Resto IP+CFT;4
d893e0d9f42a17f2e6c249c33c58787a;2024;312;CFT CENCO;Centros de Formación Técnica;123;TECNICO DE NIVEL SUPERIOR EN GESTION SOCIAL Y COMUNITARIA;Técnico de Nivel Superior;Ciencias Sociales;No Presencial;A Distancia;No presencial;Resto IP+CFT;3
109ed22d866ec2970ba0b8e824988ef5;2024;312;CFT CENCO;Centros de Formación Técnica;103;TECNICO DE NIVEL SUPERIOR EN INSPECTOR EDUCACIONAL;Técnico de Nivel Superior;Educación;No Presencial;A Distancia;No presencial;Resto IP+CFT;9
eeb74beb22938bfd2d5d75a29641be8e;2024;312;CFT CENCO;Centros de Formación Técnica;124;TECNICO DE NIVEL SUPERIOR EN MARKETING DIGITAL;Técnico de Nivel Superior;Administración y Comercio;No Presencial;A Distancia;No presencial;Resto IP+CFT;1
9061bbcd910551d4f599ce8c90d7e4ce;2024;312;CFT CENCO;Centros de Formación Técnica;116;TECNICO DE NIVEL SUPERIOR EN SOPORTE INFORMATICO Y REDES;Técnico de Nivel Superior;Tecnología;No Presencial;A Distancia;No presencial;Resto IP+CFT;3
51c9faafcfbb3c658adeaca7fece6976;2024;312;CFT CENCO;Centros de Formación Técnica;89;TECNICO DE NIVEL SUPERIOR EN TRABAJO SOCIAL;Técnico de Nivel Superior;Ciencias Sociales;No Presencial;A Distancia;No presencial;Resto IP+CFT;16
0ce59f729ab16d72bfa59f3f79b3aa62;2024;218;CFT DE ENAC;Centros de Formación Técnica;41;TECNICO EN ADMINISTRACION DE EMPRESAS;Técnico de Nivel Superior;Administración y Comercio;No Presencial;A Distancia;No presencial;Resto IP+CFT;9
263f610a9db3b98054a0dc7fa66c0674;2024;218;CFT DE ENAC;Centros de Formación Técnica;10;TECNICO EN ENFERMERIA;Técnico de Nivel Superior;Salud;Semipresencial;Semipresencial;Semipresencial;Resto IP+CFT;64
94f1a723d75923c1a9742345997db977;2024;218;CFT DE ENAC;Centros de Formación Técnica;37;TECNICO EN FARMACIA;Técnico de Nivel Superior;Salud;No Presencial;A Distancia;No presencial;Resto IP+CFT;67
ca8c7dfc29373799079c5e8422139643;2024;218;CFT DE ENAC;Centros de Formación Técnica;25;TECNICO EN TRABAJO SOCIAL;Técnico de Nivel Superior;Ciencias Sociales;No Presencial;A Distancia;No presencial;Resto IP+CFT;35
706c112435c67ce0878b4b256c335654;2024;920;CFT DE LA REGION DE MAGALLANES Y ANTARTICA CHILENA;Centros de Formación Técnica;10;TECNICO EN ADMINISTRACION PUBLICA;Técnico de Nivel Superior;Ciencias Sociales;Semipresencial;Semipresencial;Semipresencial;Resto IP+CFT;1
f006ceff0419f112e98a46a09a929cc5;2024;435;CFT DEL MEDIO AMBIENTE;Centros de Formación Técnica;1;TECNICO EN MEDIO AMBIENTE;Técnico de Nivel Superior;Tecnología;No Presencial;A Distancia;No presencial;Resto IP+CFT;40
001087e25e30825baf4de804cc8890de;2024;730;CFT ESCUELA CULINARIA FRANCESA;Centros de Formación Técnica;8;TECNICO DE NIVEL SUPERIOR EN GASTRONOMIA INTERNACIONAL MENCION GASTRONOMIA FRANCESA;Técnico de Nivel Superior;Administración y Comercio;Semipresencial;Semipresencial;Semipresencial;Resto IP+CFT;73
5433a918872c153e2612329716511f20;2024;730;CFT ESCUELA CULINARIA FRANCESA;Centros de Formación Técnica;9;TECNICO DE NIVEL SUPERIOR EN GASTRONOMIA INTERNACIONAL MENCION PANADERIA;Técnico de Nivel Superior;Administración y Comercio;Semipresencial;Semipresencial;Semipresencial;Resto IP+CFT;2
827f4c5dad205d436959b26f5c00577f;2024;430;CFT INACAP;Centros de Formación Técnica;201;ADMINISTRACION DE EMPRESAS;Técnico de Nivel Superior;Administración y Comercio;No Presencial;A Distancia;No presencial;Resto IP+CFT;324
3a6110b151628eb354a22266d30dafe1;2024;214;CFT INSTITUTO CENTRAL DE CAPACITACION EDUCACIONAL ICCE;Centros de Formación Técnica;19;TECNICO EN EDUCACION DE PARVULOS;Técnico de Nivel Superior;Educación;No Presencial;A Distancia;No presencial;Resto IP+CFT;1
8b3fa4fff4fa5cb9b24ee004263b9e20;2024;214;CFT INSTITUTO CENTRAL DE CAPACITACION EDUCACIONAL ICCE;Centros de Formación Técnica;343;TECNICO EN FARMACIA;Técnico de Nivel Superior;Salud;No Presencial;A Distancia;No presencial;Resto IP+CFT;1
eb23dc86e7c275de7689313988b0dd0a;2024;701;CFT MANPOWER;Centros de Formación Técnica;3;ADMINISTRACION DE EMPRESAS MENCION MARKETING Y VENTAS O COMERCIO EXTERIOR O GESTION DEL CAPITAL HUMANO;Técnico de Nivel Superior;Administración y Comercio;No Presencial;A Distancia;No presencial;Resto IP+CFT;93
37c4766eb82de94d22b6c96328b769e6;2024;701;CFT MANPOWER;Centros de Formación Técnica;2;ASISTENTE EJECUTIVO BILINGÜE;Técnico de Nivel Superior;Administración y Comercio;Semipresencial;Semipresencial;Semipresencial;Resto IP+CFT;27
da49ae7b92c147801c6a9e773e1ab61a;2024;701;CFT MANPOWER;Centros de Formación Técnica;2;ASISTENTE EJECUTIVO BILINGÜE;Técnico de Nivel Superior;Administración y Comercio;No Presencial;A Distancia;No presencial;Resto IP+CFT;62
26077aba2cf22554ece9862e52ea41a5;2024;701;CFT MANPOWER;Centros de Formación Técnica;30;ASISTENTE EJECUTIVO Y DE GESTION;Técnico de Nivel Superior;Administración y Comercio;No Presencial;A Distancia;No presencial;Resto IP+CFT;31
4f9416b093b6238c8d82e04bbea0d0c5;2024;701;CFT MANPOWER;Centros de Formación Técnica;30;ASISTENTE EJECUTIVO Y DE GESTION;Técnico de Nivel Superior;Administración y Comercio;Semipresencial;Semipresencial;Semipresencial;Resto IP+CFT;13
2c6933efde0ac54855a203543ffa6f9e;2024;701;CFT MANPOWER;Centros de Formación Técnica;42;COMERCIO EXTERIOR;Técnico de Nivel Superior;Administración y Comercio;No Presencial;A Distancia;No presencial;Resto IP+CFT;22
0f2d921625c5e279a2108010e8e1f9d2;2024;701;CFT MANPOWER;Centros de Formación Técnica;35;CONTABILIDAD TRIBUTARIA;Técnico de Nivel Superior;Administración y Comercio;No Presencial;A Distancia;No presencial;Resto IP+CFT;53
0b2326ff30f5de682b04c0b65e5ccbfb;2024;701;CFT MANPOWER;Centros de Formación Técnica;36;GESTION LOGISTICA INTEGRAL;Técnico de Nivel Superior;Administración y Comercio;No Presencial;A Distancia;No presencial;Resto IP+CFT;48
f8b8e29bef02405b6f476d4752965d6b;2024;319;CFT PRODATA;Centros de Formación Técnica;37;TECNICO EN ENFERMERIA;Técnico de Nivel Superior;Salud;No Presencial;A Distancia;No presencial;Resto IP+CFT;134
f7f35b4d935584680ab79fc8314cc79d;2024;629;CFT PUCV;Centros de Formación Técnica;113;TECNICO DE NIVEL SUPERIOR EN ADMINISTRACION DE EMPRESAS;Técnico de Nivel Superior;Administración y Comercio;No Presencial;A Distancia;No presencial;Resto IP+CFT;71
a70d6123186775661788c89512b234ee;2024;629;CFT PUCV;Centros de Formación Técnica;156;TECNICO DE NIVEL SUPERIOR EN ADMINISTRACION PUBLICA;Técnico de Nivel Superior;Ciencias Sociales;No Presencial;A Distancia;No presencial;Resto IP+CFT;56
2903aef026b0fc3813e00f007cc70089;2024;629;CFT PUCV;Centros de Formación Técnica;115;TECNICO DE NIVEL SUPERIOR EN CONTABILIDAD GENERAL;Técnico de Nivel Superior;Administración y Comercio;No Presencial;A Distancia;No presencial;Resto IP+CFT;70
a4445fb0c520335c8945da16f3c751eb;2024;629;CFT PUCV;Centros de Formación Técnica;100;TECNICO DE NIVEL SUPERIOR EN LOGISTICA;Técnico de Nivel Superior;Administración y Comercio;No Presencial;A Distancia;No presencial;Resto IP+CFT;44
78679cea565bed7b8bcb2616765f4444;2024;629;CFT PUCV;Centros de Formación Técnica;167;TECNICO DE NIVEL SUPERIOR EN OPTICA Y CONTACTOLOGIA;Técnico de Nivel Superior;Salud;No Presencial;A Distancia;No presencial;Resto IP+CFT;128
8e1e69ea2c1fd77d66c455cd2b821919;2024;629;CFT PUCV;Centros de Formación Técnica;136;TECNICO DE NIVEL SUPERIOR EN PREVENCION DE RIESGOS;Técnico de Nivel Superior;Tecnología;No Presencial;A Distancia;No presencial;Resto IP+CFT;37
a70abb2737ffd82eb551d8c01d8add58;2024;260;CFT SANTO TOMAS;Centros de Formación Técnica;107;CONTABILIDAD GENERAL;Técnico de Nivel Superior;Administración y Comercio;No Presencial;A Distancia;No presencial;Resto IP+CFT;57
f3c2c9a942a8c0b98069cce5254af802;2024;260;CFT SANTO TOMAS;Centros de Formación Técnica;120;TECNICO EN ADMINISTRACION;Técnico de Nivel Superior;Administración y Comercio;No Presencial;A Distancia;No presencial;Resto IP+CFT;100
38e63372026fe42c35d15fc7a8b34bcb;2024;633;CFT TEODORO WICKEL KLUWEN;Centros de Formación Técnica;55;TECNICO DE NIVEL SUPERIOR EN ADMINISTRACION DE EMPRESAS;Técnico de Nivel Superior;Administración y Comercio;No Presencial;A Distancia;No presencial;Resto IP+CFT;26
ecdde3af8f15e888005d4524c3c80a04;2024;143;IP AIEP;Institutos Profesionales;660;ADMINISTRACION PUBLICA;Profesional Sin Licenciatura;Ciencias Sociales;No Presencial;A Distancia;No presencial;Resto IP+CFT;140
e3bbe9e0739e60e2ae46639be961b159;2024;143;IP AIEP;Institutos Profesionales;29;ASISTENTE DE PARVULOS;Técnico de Nivel Superior;Educación;No Presencial;A Distancia;No presencial;Resto IP+CFT;260
f3990cac0583434c304376958c1f99f5;2024;143;IP AIEP;Institutos Profesionales;73;AUDITORIA;Profesional Sin Licenciatura;Administración y Comercio;No Presencial;A Distancia;No presencial;Resto IP+CFT;121
551957de5b270f5922ff75946eab0f2f;2024;143;IP AIEP;Institutos Profesionales;9;CONTABILIDAD GENERAL;Técnico de Nivel Superior;Administración y Comercio;No Presencial;A Distancia;No presencial;Resto IP+CFT;206
2d16da0419de6b2673aa1a8302087d2e;2024;143;IP AIEP;Institutos Profesionales;111;INGENIERIA DE EJECUCION EN ADMINISTRACION DE EMPRESAS MENCION FINANZAS;Profesional Sin Licenciatura;Administración y Comercio;No Presencial;A Distancia;No presencial;Resto IP+CFT;90
4e06d65ff5f73e3c8ad9cce1ca115ee8;2024;143;IP AIEP;Institutos Profesionales;112;INGENIERIA DE EJECUCION EN ADMINISTRACION DE EMPRESAS MENCION MARKETING;Profesional Sin Licenciatura;Administración y Comercio;No Presencial;A Distancia;No presencial;Resto IP+CFT;48
27be1628878b9ba83866708f28d27a88;2024;143;IP AIEP;Institutos Profesionales;113;INGENIERIA DE EJECUCION EN ADMINISTRACION DE EMPRESAS MENCION RECURSOS HUMANOS;Profesional Sin Licenciatura;Administración y Comercio;No Presencial;A Distancia;No presencial;Resto IP+CFT;91
ec746dfb4ff1b4ee91613dcef179c31a;2024;143;IP AIEP;Institutos Profesionales;219;INGENIERIA DE EJECUCION EN INFORMATICA MENCION DESARROLLO DE SISTEMAS;Profesional Sin Licenciatura;Tecnología;No Presencial;A Distancia;No presencial;Resto IP+CFT;150
c1409b0ed6b067215badec2dbc3f1e91;2024;143;IP AIEP;Institutos Profesionales;95;INGENIERIA EN ADMINISTRACION DE EMPRESAS;Profesional Sin Licenciatura;Administración y Comercio;No Presencial;A Distancia;No presencial;Resto IP+CFT;259
39fb9878e41f25629ce5f7fc03918570;2024;143;IP AIEP;Institutos Profesionales;728;INGENIERIA EN ANIMACION 3D;Profesional Sin Licenciatura;Tecnología;No Presencial;A Distancia;No presencial;Resto IP+CFT;15
c7b875e4c307b1995473f544b6216e51;2024;143;IP AIEP;Institutos Profesionales;702;INGENIERIA EN AUTOMATIZACION Y CONTROL INDUSTRIAL;Profesional Sin Licenciatura;Tecnología;No Presencial;A Distancia;No presencial;Resto IP+CFT;210
085fb5b5f4dcdd96fd05e50860528c1f;2024;143;IP AIEP;Institutos Profesionales;650;INGENIERIA EN CIBERSEGURIDAD;Profesional Sin Licenciatura;Tecnología;No Presencial;A Distancia;No presencial;Resto IP+CFT;139
2205bc389674677749c475d7c1e493bc;2024;143;IP AIEP;Institutos Profesionales;703;INGENIERIA EN DATA SCIENCE;Profesional Sin Licenciatura;Ciencias Básicas;No Presencial;A Distancia;No presencial;Resto IP+CFT;55
cd9fbbbae006a6883a7891f4d177250d;2024;143;IP AIEP;Institutos Profesionales;665;INGENIERIA EN GESTION DE OPERACIONES LOGISTICAS;Profesional Sin Licenciatura;Administración y Comercio;No Presencial;A Distancia;No presencial;Resto IP+CFT;188
437124a9d5c4108314636ed00ae16a50;2024;143;IP AIEP;Institutos Profesionales;711;INGENIERIA EN GESTION DE RECURSOS HUMANOS;Profesional Sin Licenciatura;Administración y Comercio;No Presencial;A Distancia;No presencial;Resto IP+CFT;70
c5ffa2cee186f23e945298c6e2e6c319;2024;143;IP AIEP;Institutos Profesionales;712;INGENIERIA EN GESTION FINANCIERA;Profesional Sin Licenciatura;Administración y Comercio;No Presencial;A Distancia;No presencial;Resto IP+CFT;28
9de550a47fc3a619ff7e52d023805cdf;2024;143;IP AIEP;Institutos Profesionales;667;INGENIERIA EN NEGOCIOS ELECTRONICOS;Profesional Sin Licenciatura;Administración y Comercio;No Presencial;A Distancia;No presencial;Resto IP+CFT;10
43612ed4a1415bd337d1b065411c64ab;2024;143;IP AIEP;Institutos Profesionales;77;INGENIERIA EN PREVENCION DE RIESGOS;Profesional Sin Licenciatura;Tecnología;No Presencial;A Distancia;No presencial;Resto IP+CFT;154
fe64d33dc90bd88b130a62dbbd040a8f;2024;143;IP AIEP;Institutos Profesionales;77;INGENIERIA EN PREVENCION DE RIESGOS;Profesional Sin Licenciatura;Tecnología;Semipresencial;Semipresencial;Semipresencial;Resto IP+CFT;21
5634117f694433f150325dccb56c9623;2024;143;IP AIEP;Institutos Profesionales;707;INGENIERIA INDUSTRIAL;Profesional Sin Licenciatura;Tecnología;No Presencial;A Distancia;No presencial;Resto IP+CFT;407
de7c7a0ae21b8ecc06a36674cd2ed481;2024;143;IP AIEP;Institutos Profesionales;707;INGENIERIA INDUSTRIAL;Profesional Sin Licenciatura;Tecnología;Semipresencial;Semipresencial;Semipresencial;Resto IP+CFT;1
8728bb2c33665043eed66fa280c5952f;2024;143;IP AIEP;Institutos Profesionales;62;PODOLOGIA CLINICA;Técnico de Nivel Superior;Salud;Semipresencial;Semipresencial;Semipresencial;Resto IP+CFT;81
7a28b71928d16293f9ab462572b1cc6f;2024;143;IP AIEP;Institutos Profesionales;100;PSICOPEDAGOGIA;Profesional Sin Licenciatura;Educación;No Presencial;A Distancia;No presencial;Resto IP+CFT;163
d065745c01b04e00c17d42f48fd7ac2f;2024;143;IP AIEP;Institutos Profesionales;469;TECNICO ASISTENTE EN EDUCACION ESPECIAL;Técnico de Nivel Superior;Educación;No Presencial;A Distancia;No presencial;Resto IP+CFT;93
f2101ef2a4904a5af34032089177767c;2024;143;IP AIEP;Institutos Profesionales;651;TECNICO EN ADMINISTRACION DE EMPRESAS;Técnico de Nivel Superior;Administración y Comercio;No Presencial;A Distancia;No presencial;Resto IP+CFT;356
49f22be1b467841725b5fc3f1b4e0512;2024;143;IP AIEP;Institutos Profesionales;115;TECNICO EN ADMINISTRACION DE EMPRESAS MENCION FINANZAS;Técnico de Nivel Superior;Administración y Comercio;No Presencial;A Distancia;No presencial;Resto IP+CFT;91
317de9b68a062d726237ae472a558e46;2024;143;IP AIEP;Institutos Profesionales;117;TECNICO EN ADMINISTRACION DE EMPRESAS MENCION MARKETING;Técnico de Nivel Superior;Administración y Comercio;No Presencial;A Distancia;No presencial;Resto IP+CFT;73
87d5c81de3151263db6b31bfcfb4a8f0;2024;143;IP AIEP;Institutos Profesionales;118;TECNICO EN ADMINISTRACION DE EMPRESAS MENCION RECURSOS HUMANOS;Técnico de Nivel Superior;Administración y Comercio;No Presencial;A Distancia;No presencial;Resto IP+CFT;96
b0e6f4e29ed7b9f970a402d1152c5fbe;2024;143;IP AIEP;Institutos Profesionales;653;TECNICO EN ADMINISTRACION PUBLICA;Técnico de Nivel Superior;Ciencias Sociales;No Presencial;A Distancia;No presencial;Resto IP+CFT;91
cf1ec8f4208594eb372a92de3f612c38;2024;143;IP AIEP;Institutos Profesionales;700;TECNICO EN ANALISIS DE DATOS;Técnico de Nivel Superior;Ciencias Básicas;No Presencial;A Distancia;No presencial;Resto IP+CFT;72
6bb5e59ec2ad5f48d43cc50e99a60a33;2024;143;IP AIEP;Institutos Profesionales;701;TECNICO EN ANIMACION 3D;Técnico de Nivel Superior;Arte y Arquitectura;No Presencial;A Distancia;No presencial;Resto IP+CFT;56
0efcfab483f1ffffea317182b09e282a;2024;143;IP AIEP;Institutos Profesionales;654;TECNICO EN AUTOMATIZACION Y CONTROL INDUSTRIAL;Técnico de Nivel Superior;Tecnología;No Presencial;A Distancia;No presencial;Resto IP+CFT;264
032033174885303c613ecda86f30cfa0;2024;143;IP AIEP;Institutos Profesionales;709;TECNICO EN CIBERSEGURIDAD;Técnico de Nivel Superior;Tecnología;No Presencial;A Distancia;No presencial;Resto IP+CFT;101
73d2a4373d01f6a34c3e83e1b4a10597;2024;143;IP AIEP;Institutos Profesionales;668;TECNICO EN COMERCIO ELECTRONICO;Técnico de Nivel Superior;Administración y Comercio;No Presencial;A Distancia;No presencial;Resto IP+CFT;16
63dbfa404bdb4b87ee4cbfd056276ea2;2024;143;IP AIEP;Institutos Profesionales;39;TECNICO EN COMUNICACION Y RELACIONES PUBLICAS;Técnico de Nivel Superior;Ciencias Sociales;No Presencial;A Distancia;No presencial;Resto IP+CFT;56
e4dc00a9e0b4ee50b872d0cdb3aab484;2024;143;IP AIEP;Institutos Profesionales;616;TECNICO EN ELECTRICIDAD Y ELECTRONICA;Técnico de Nivel Superior;Tecnología;Semipresencial;Semipresencial;Semipresencial;Resto IP+CFT;23
a2c40c7d470e57090dd1189c0966f1dc;2024;143;IP AIEP;Institutos Profesionales;34;TECNICO EN ENFERMERIA;Técnico de Nivel Superior;Salud;Semipresencial;Semipresencial;Semipresencial;Resto IP+CFT;90
9929f7b9cfa0a9fd0935028db9f3e0e2;2024;143;IP AIEP;Institutos Profesionales;53;TECNICO EN ENFERMERIA E INSTRUMENTACION QUIRURGICA;Técnico de Nivel Superior;Salud;Semipresencial;Semipresencial;Semipresencial;Resto IP+CFT;27
315495fb7bcd8865eb06ca0cbf38d218;2024;143;IP AIEP;Institutos Profesionales;736;TECNICO EN GESTION DE PROCESOS MINEROS;Técnico de Nivel Superior;Tecnología;No Presencial;A Distancia;No presencial;Resto IP+CFT;119
0fa0c7b6251ff987354449e4deec3b33;2024;143;IP AIEP;Institutos Profesionales;713;TECNICO EN GESTION DE RECURSOS HUMANOS;Técnico de Nivel Superior;Administración y Comercio;No Presencial;A Distancia;No presencial;Resto IP+CFT;81
d21c45933d9f7ddcce6460693280d558;2024;143;IP AIEP;Institutos Profesionales;714;TECNICO EN GESTION FINANCIERA;Técnico de Nivel Superior;Administración y Comercio;No Presencial;A Distancia;No presencial;Resto IP+CFT;30
0a5a49bba92795b54d1fd9df41101427;2024;143;IP AIEP;Institutos Profesionales;708;TECNICO EN GESTION INDUSTRIAL;Técnico de Nivel Superior;Tecnología;No Presencial;A Distancia;No presencial;Resto IP+CFT;99
9e612a9055f62a89bb4d8857dde61007;2024;143;IP AIEP;Institutos Profesionales;655;TECNICO EN MARKETING DIGITAL;Técnico de Nivel Superior;Administración y Comercio;No Presencial;A Distancia;No presencial;Resto IP+CFT;117
32a40a4b0d6a0a2bd9d120f4fd2ffb0e;2024;143;IP AIEP;Institutos Profesionales;645;TECNICO EN OPERACIONES LOGISTICAS;Técnico de Nivel Superior;Administración y Comercio;Semipresencial;Semipresencial;Semipresencial;Resto IP+CFT;1
f2bffd837b7223904b07d5e2f0fcc2b6;2024;143;IP AIEP;Institutos Profesionales;645;TECNICO EN OPERACIONES LOGISTICAS;Técnico de Nivel Superior;Administración y Comercio;No Presencial;A Distancia;No presencial;Resto IP+CFT;324
2bb3482792f6c455ccb347d455b18c92;2024;143;IP AIEP;Institutos Profesionales;27;TECNICO EN PREVENCION DE RIESGOS;Técnico de Nivel Superior;Tecnología;No Presencial;A Distancia;No presencial;Resto IP+CFT;147
b3b5f44bb46df3af6b4130ee308dd353;2024;143;IP AIEP;Institutos Profesionales;677;TECNICO EN PROGRAMACION Y ANALISIS DE SISTEMAS;Técnico de Nivel Superior;Tecnología;No Presencial;A Distancia;No presencial;Resto IP+CFT;239
69304d8b8c563deced2084f4062cdc42;2024;143;IP AIEP;Institutos Profesionales;83;TECNICO EN TRABAJO SOCIAL;Técnico de Nivel Superior;Ciencias Sociales;No Presencial;A Distancia;No presencial;Resto IP+CFT;153
d8425756df33a1d3304be166b3311f2f;2024;143;IP AIEP;Institutos Profesionales;614;TECNICO EN TURISMO;Técnico de Nivel Superior;Administración y Comercio;No Presencial;A Distancia;No presencial;Resto IP+CFT;23
6296d28a8da03db6bccebdbf142432a4;2024;143;IP AIEP;Institutos Profesionales;30;TECNICO JURIDICO;Técnico de Nivel Superior;Derecho;No Presencial;A Distancia;No presencial;Resto IP+CFT;177
dd38e2deaf518e15c6bc4b09fcba9235;2024;143;IP AIEP;Institutos Profesionales;28;TRABAJO SOCIAL;Profesional Sin Licenciatura;Ciencias Sociales;No Presencial;A Distancia;No presencial;Resto IP+CFT;303
52a6d522cae8f785b1b420e480774451;2024;108;IP CHILENO BRITANICO DE CULTURA;Institutos Profesionales;31;CONTADOR AUDITOR BILINGÜE A DISTANCIA;Profesional Sin Licenciatura;Administración y Comercio;No Presencial;A Distancia;No presencial;Resto IP+CFT;5
faa52157df38fa493926bf7802e4356e;2024;108;IP CHILENO BRITANICO DE CULTURA;Institutos Profesionales;28;INTERPRETACION PROFESIONAL DEL INGLES AL ESPAÑOL A DISTANCIA;Profesional Sin Licenciatura;Humanidades;No Presencial;A Distancia;No presencial;Resto IP+CFT;36
457f7413134ccef8830f87fab0b96b0a;2024;108;IP CHILENO BRITANICO DE CULTURA;Institutos Profesionales;35;TECNICO EN ADMINISTRACION BILINGÜE A DISTANCIA;Técnico de Nivel Superior;Administración y Comercio;No Presencial;A Distancia;No presencial;Resto IP+CFT;14
fd7a2d0f1e133da1f2e7c197bf2e1471;2024;108;IP CHILENO BRITANICO DE CULTURA;Institutos Profesionales;23;TRADUCCION PROFESIONAL DEL INGLES AL ESPAÑOL A DISTANCIA;Profesional Sin Licenciatura;Humanidades;No Presencial;A Distancia;No presencial;Resto IP+CFT;38
19177e067acd8f1e9fc6b57d206bcbcb;2024;123;IP DE CHILE;Institutos Profesionales;51;ANALISTA PROGRAMADOR COMPUTACIONAL;Técnico de Nivel Superior;Tecnología;No Presencial;A Distancia;No presencial;Resto IP+CFT;54
e57acb8a29434249212140664cce951e;2024;123;IP DE CHILE;Institutos Profesionales;56;ASISTENTE EN EDUCACION DE PARVULOS;Técnico de Nivel Superior;Educación;No Presencial;A Distancia;No presencial;Resto IP+CFT;64
83dc7d611a1a904ab753a7f6c0884175;2024;123;IP DE CHILE;Institutos Profesionales;9;AUDITORIA;Profesional Sin Licenciatura;Administración y Comercio;No Presencial;A Distancia;No presencial;Resto IP+CFT;28
e4c2be2ef733cf699fbe54dba2be4ba6;2024;123;IP DE CHILE;Institutos Profesionales;49;CONTABILIDAD GENERAL;Técnico de Nivel Superior;Administración y Comercio;No Presencial;A Distancia;No presencial;Resto IP+CFT;31
cb7f33c38b5a8f48f3647ed9836d3b0a;2024;123;IP DE CHILE;Institutos Profesionales;37;INGENIERIA EN ADMINISTRACION DE EMPRESAS;Profesional Sin Licenciatura;Administración y Comercio;No Presencial;A Distancia;No presencial;Resto IP+CFT;28
e4819a846d4c2783b1df398d6b835bff;2024;123;IP DE CHILE;Institutos Profesionales;198;INGENIERIA EN ADMINISTRACION PUBLICA;Profesional Sin Licenciatura;Ciencias Sociales;No Presencial;A Distancia;No presencial;Resto IP+CFT;46
2a55e2bc64e2ccbcdec1d6cc686a5e7a;2024;123;IP DE CHILE;Institutos Profesionales;218;INGENIERIA EN CONTROL DE GESTION;Profesional Sin Licenciatura;Administración y Comercio;No Presencial;A Distancia;No presencial;Resto IP+CFT;19
33a7f36fd5ff59ec21cf93b9e147fd99;2024;123;IP DE CHILE;Institutos Profesionales;219;INGENIERIA EN GESTION DE RECURSOS HUMANOS;Profesional Sin Licenciatura;Administración y Comercio;No Presencial;A Distancia;No presencial;Resto IP+CFT;30
9734a31dbc625e49139c5ee3a7f69296;2024;123;IP DE CHILE;Institutos Profesionales;220;INGENIERIA EN GESTION LOGISTICA;Profesional Sin Licenciatura;Administración y Comercio;No Presencial;A Distancia;No presencial;Resto IP+CFT;40
1b78d88f8e239029f700ccb8fe6de9bd;2024;123;IP DE CHILE;Institutos Profesionales;41;INGENIERIA EN INFORMATICA;Profesional Sin Licenciatura;Tecnología;No Presencial;A Distancia;No presencial;Resto IP+CFT;63
ac40949944b78de1fc0e3db09f18defc;2024;123;IP DE CHILE;Institutos Profesionales;230;INGENIERIA EN MARKETING DIGITAL;Profesional Sin Licenciatura;Administración y Comercio;No Presencial;A Distancia;No presencial;Resto IP+CFT;22
d1c431ac59c387c6877ea7ab8e7f616f;2024;123;IP DE CHILE;Institutos Profesionales;36;INGENIERIA EN NEGOCIOS INTERNACIONALES;Profesional Sin Licenciatura;Administración y Comercio;No Presencial;A Distancia;No presencial;Resto IP+CFT;21
cf61cc36aabf38a0e66fb135cc4e6a11;2024;123;IP DE CHILE;Institutos Profesionales;45;INGENIERIA EN PREVENCION DE RIESGOS;Profesional Sin Licenciatura;Tecnología;No Presencial;A Distancia;No presencial;Resto IP+CFT;33
176fe30a4356ef397cec5d0833c7ca22;2024;123;IP DE CHILE;Institutos Profesionales;42;INGENIERIA EN REDES Y COMUNICACIONES;Profesional Sin Licenciatura;Tecnología;No Presencial;A Distancia;No presencial;Resto IP+CFT;40
76439966858fc9876dffd4cb7f84482d;2024;123;IP DE CHILE;Institutos Profesionales;201;TECNICO DE NIVEL SUPERIOR EN ADMINISTRACION PUBLICA;Técnico de Nivel Superior;Ciencias Sociales;No Presencial;A Distancia;No presencial;Resto IP+CFT;33
9d77872ee676fb0ee6b383e269a76908;2024;123;IP DE CHILE;Institutos Profesionales;203;TECNICO DE NIVEL SUPERIOR EN GESTION AMBIENTAL Y SUSTENTABILIDAD;Técnico de Nivel Superior;Tecnología;No Presencial;A Distancia;No presencial;Resto IP+CFT;20
3219f2488e7fd01fba62c2ee7989ef88;2024;123;IP DE CHILE;Institutos Profesionales;48;TECNICO EN ADMINISTRACION DE EMPRESAS;Técnico de Nivel Superior;Administración y Comercio;No Presencial;A Distancia;No presencial;Resto IP+CFT;82
51a214057160146d3ddb19b26432f32c;2024;123;IP DE CHILE;Institutos Profesionales;221;TECNICO EN CIBERSEGURIDAD;Técnico de Nivel Superior;Tecnología;No Presencial;A Distancia;No presencial;Resto IP+CFT;27
bdd0c2658c441b7afff741dcdd0bbb71;2024;123;IP DE CHILE;Institutos Profesionales;55;TECNICO EN COMERCIO EXTERIOR;Técnico de Nivel Superior;Administración y Comercio;No Presencial;A Distancia;No presencial;Resto IP+CFT;19
66f774d2a85f9fd50a415499f9a6b553;2024;123;IP DE CHILE;Institutos Profesionales;52;TECNICO EN CONECTIVIDAD Y REDES;Técnico de Nivel Superior;Tecnología;No Presencial;A Distancia;No presencial;Resto IP+CFT;30
5a9f504a1cd39f23db8a3a6bd2fa71c8;2024;123;IP DE CHILE;Institutos Profesionales;222;TECNICO EN CONTROL DE GESTION;Técnico de Nivel Superior;Administración y Comercio;No Presencial;A Distancia;No presencial;Resto IP+CFT;16
5fd48d21703f2d2c2a1ee835804acc16;2024;123;IP DE CHILE;Institutos Profesionales;211;TECNICO EN DISEÑO Y CONTENIDO PARA PLATAFORMAS DIGITALES;Técnico de Nivel Superior;Arte y Arquitectura;No Presencial;A Distancia;No presencial;Resto IP+CFT;16
5451d31284432d5c98b70abde8130304;2024;123;IP DE CHILE;Institutos Profesionales;192;TECNICO EN EDUCACION DIFERENCIAL E INCLUSION;Técnico de Nivel Superior;Educación;No Presencial;A Distancia;No presencial;Resto IP+CFT;64
c4ce823a73ce625f725edbd105c70af1;2024;123;IP DE CHILE;Institutos Profesionales;223;TECNICO EN LOGISTICA;Técnico de Nivel Superior;Administración y Comercio;No Presencial;A Distancia;No presencial;Resto IP+CFT;72
4dca5226c6b7e650c50e571e96e7cd02;2024;123;IP DE CHILE;Institutos Profesionales;229;TECNICO EN NIVEL SUPERIOR EN MARKETING DIGITAL;Técnico de Nivel Superior;Administración y Comercio;No Presencial;A Distancia;No presencial;Resto IP+CFT;23
398aaff71e2c8cb140298b6e33d18c65;2024;123;IP DE CHILE;Institutos Profesionales;128;TECNICO EN PREVENCION DE RIESGOS;Técnico de Nivel Superior;Tecnología;No Presencial;A Distancia;No presencial;Resto IP+CFT;48
2eeef48b2e39da3d648891e320d2f33e;2024;123;IP DE CHILE;Institutos Profesionales;224;TECNICO EN RECURSOS HUMANOS;Técnico de Nivel Superior;Administración y Comercio;No Presencial;A Distancia;No presencial;Resto IP+CFT;53
9372f8766486d234b163c5377225c8b0;2024;123;IP DE CHILE;Institutos Profesionales;231;TECNICO JURIDICO;Técnico de Nivel Superior;Derecho;No Presencial;A Distancia;No presencial;Resto IP+CFT;36
c65d78301b667b854a0da76a7a5f5cff;2024;123;IP DE CHILE;Institutos Profesionales;151;TECNICO TRABAJO SOCIAL;Técnico de Nivel Superior;Ciencias Sociales;No Presencial;A Distancia;No presencial;Resto IP+CFT;56
546d8bb4d4e85b22c73f462bc07943cb;2024;123;IP DE CHILE;Institutos Profesionales;18;TRABAJO SOCIAL;Profesional Sin Licenciatura;Ciencias Sociales;No Presencial;A Distancia;No presencial;Resto IP+CFT;91
053c8c8a09ce6d61ec90293b7ac5d965;2024;176;IP DEL VALLE CENTRAL;Institutos Profesionales;880;INGENIERIA DE EJECUCION EN GESTION DE SEGURIDAD PRIVADA;Profesional Sin Licenciatura;Administración y Comercio;No Presencial;A Distancia;No presencial;Resto IP+CFT;70
1fa1aa5c55b1e27375578716e078f234;2024;176;IP DEL VALLE CENTRAL;Institutos Profesionales;446;TECNICO DE NIVEL SUPERIOR EN ADMINISTRACION PUBLICA;Técnico de Nivel Superior;Ciencias Sociales;No Presencial;A Distancia;No presencial;Resto IP+CFT;9
8125ff848cd51289b969d9728a1633d9;2024;176;IP DEL VALLE CENTRAL;Institutos Profesionales;41;TECNICO DE NIVEL SUPERIOR EN EDUCACION PARVULARIA;Técnico de Nivel Superior;Educación;Semipresencial;Semipresencial;Semipresencial;Resto IP+CFT;10
f93c057400326f228ecd94a2fe290352;2024;176;IP DEL VALLE CENTRAL;Institutos Profesionales;41;TECNICO DE NIVEL SUPERIOR EN EDUCACION PARVULARIA;Técnico de Nivel Superior;Educación;No Presencial;A Distancia;No presencial;Resto IP+CFT;10
95a14a5fbfeedd23f6143fc604a03e41;2024;176;IP DEL VALLE CENTRAL;Institutos Profesionales;59;TECNICO DE NIVEL SUPERIOR EN ENFERMERIA;Técnico de Nivel Superior;Salud;Semipresencial;Semipresencial;Semipresencial;Resto IP+CFT;16
03cc2413f9715495200ebf303abbce8e;2024;176;IP DEL VALLE CENTRAL;Institutos Profesionales;40;TECNICO DE NIVEL SUPERIOR EN TRABAJO SOCIAL;Técnico de Nivel Superior;Ciencias Sociales;No Presencial;A Distancia;No presencial;Resto IP+CFT;10
7561d3139a80bfdf255701413b5d5fe1;2024;176;IP DEL VALLE CENTRAL;Institutos Profesionales;3;TRABAJO SOCIAL;Profesional Sin Licenciatura;Ciencias Sociales;No Presencial;A Distancia;No presencial;Resto IP+CFT;10
46ae56f4167efb8ee5b38d3f32d301c5;2024;120;IP DIEGO PORTALES;Institutos Profesionales;1;CONSTRUCCION CIVIL;Profesional Sin Licenciatura;Tecnología;Semipresencial;Semipresencial;Semipresencial;Resto IP+CFT;59
6490f4680bdb94f016967cbbb3924dfa;2024;120;IP DIEGO PORTALES;Institutos Profesionales;101;CONTADOR AUDITOR;Profesional Sin Licenciatura;Administración y Comercio;No Presencial;A Distancia;No presencial;Resto IP+CFT;15
d448e4107f02a7bcfbe49046c35d1879;2024;120;IP DIEGO PORTALES;Institutos Profesionales;7;CONTADOR AUDITOR;Profesional Sin Licenciatura;Administración y Comercio;Semipresencial;Semipresencial;Semipresencial;Resto IP+CFT;9
b0bee8a343e094885274a80687b7a774;2024;120;IP DIEGO PORTALES;Institutos Profesionales;14;INGENIERIA EN ADMINISTRACION DE EMPRESAS;Profesional Sin Licenciatura;Administración y Comercio;Semipresencial;Semipresencial;Semipresencial;Resto IP+CFT;28
e2f31ad322572107a7a70922160c382b;2024;120;IP DIEGO PORTALES;Institutos Profesionales;104;INGENIERIA EN ADMINISTRACION DE EMPRESAS;Profesional Sin Licenciatura;Administración y Comercio;No Presencial;A Distancia;No presencial;Resto IP+CFT;44
7b12b0945ec8fa193b8271a60b11a30f;2024;120;IP DIEGO PORTALES;Institutos Profesionales;224;INGENIERIA EN ADMINISTRACION PUBLICA Y MUNICIPAL;Profesional Sin Licenciatura;Ciencias Sociales;Semipresencial;Semipresencial;Semipresencial;Resto IP+CFT;3
e88190c81857a68442c714c831b592e6;2024;120;IP DIEGO PORTALES;Institutos Profesionales;235;INGENIERIA EN ADMINISTRACION PUBLICA Y MUNICIPAL;Profesional Sin Licenciatura;Ciencias Sociales;No Presencial;A Distancia;No presencial;Resto IP+CFT;23
c3b71188ed4f80e766e120cae9a92c2b;2024;120;IP DIEGO PORTALES;Institutos Profesionales;16;INGENIERIA EN GEOMENSURA;Profesional Sin Licenciatura;Ciencias Básicas;Semipresencial;Semipresencial;Semipresencial;Resto IP+CFT;45
03fbc2f309f4f30bc37aef5aaccf62e3;2024;120;IP DIEGO PORTALES;Institutos Profesionales;274;INGENIERIA EN INFORMATICA MENCION CIBER SEGURIDAD;Profesional Sin Licenciatura;Tecnología;Semipresencial;Semipresencial;Semipresencial;Resto IP+CFT;7
21c5761ba358bffd1668aa7b657c258e;2024;120;IP DIEGO PORTALES;Institutos Profesionales;250;INGENIERIA EN LOGISTICA OPERATIVA;Profesional Sin Licenciatura;Administración y Comercio;No Presencial;A Distancia;No presencial;Resto IP+CFT;11
9877555ad1116eef7ba0fd391ec16247;2024;120;IP DIEGO PORTALES;Institutos Profesionales;12;INGENIERIA EN PREVENCION DE RIESGOS;Profesional Sin Licenciatura;Tecnología;Semipresencial;Semipresencial;Semipresencial;Resto IP+CFT;15
d6e70242b4312186de4dd3e3cc2ee264;2024;120;IP DIEGO PORTALES;Institutos Profesionales;105;INGENIERIA EN PREVENCION DE RIESGOS;Profesional Sin Licenciatura;Tecnología;No Presencial;A Distancia;No presencial;Resto IP+CFT;40
bb025d04ea6ac1e41f528d2f0a9edf31;2024;120;IP DIEGO PORTALES;Institutos Profesionales;214;NUTRICION Y DIETETICA;Profesional Sin Licenciatura;Salud;Semipresencial;Semipresencial;Semipresencial;Resto IP+CFT;31
afeb16fcf5f8d03815563bc44999d443;2024;120;IP DIEGO PORTALES;Institutos Profesionales;251;PROFESIONAL INTERNACIONAL GASTRONOMICO EN ARTES CULINARIAS;Profesional Sin Licenciatura;Administración y Comercio;Semipresencial;Semipresencial;Semipresencial;Resto IP+CFT;32
0d36aa2765afad6d0e69c920593e4aaf;2024;120;IP DIEGO PORTALES;Institutos Profesionales;310;PSICOPEDAGOGIA;Profesional Sin Licenciatura;Educación;Semipresencial;Semipresencial;Semipresencial;Resto IP+CFT;2
732f9e47175b5c0bd732e3d12ce38f86;2024;120;IP DIEGO PORTALES;Institutos Profesionales;310;PSICOPEDAGOGIA;Profesional Sin Licenciatura;Educación;No Presencial;A Distancia;No presencial;Resto IP+CFT;16
c9e2b23f9a907e8cd05698aa6ae154be;2024;120;IP DIEGO PORTALES;Institutos Profesionales;272;RELACIONES PUBLICAS;Profesional Sin Licenciatura;Ciencias Sociales;No Presencial;A Distancia;No presencial;Resto IP+CFT;11
0d28c1249e9fb8f12be14044d558ffd5;2024;120;IP DIEGO PORTALES;Institutos Profesionales;9;SERVICIO SOCIAL;Profesional Sin Licenciatura;Ciencias Sociales;Semipresencial;Semipresencial;Semipresencial;Resto IP+CFT;49
fdea78b441449b526747aa56926bdf04;2024;120;IP DIEGO PORTALES;Institutos Profesionales;114;SERVICIO SOCIAL;Profesional Sin Licenciatura;Ciencias Sociales;No Presencial;A Distancia;No presencial;Resto IP+CFT;73
d4f3c108addbbd066e1ccd0b847ea92d;2024;120;IP DIEGO PORTALES;Institutos Profesionales;241;TECNICO EN BIBLIOTECOLOGIA;Técnico de Nivel Superior;Humanidades;No Presencial;A Distancia;No presencial;Resto IP+CFT;31
7a590261c752b63db34619184cc0954d;2024;120;IP DIEGO PORTALES;Institutos Profesionales;244;TECNICO EN EDUCACION PARVULARIA;Técnico de Nivel Superior;Educación;Semipresencial;Semipresencial;Semipresencial;Resto IP+CFT;11
11ce54e3fa4d6fd4f787d771ba846038;2024;120;IP DIEGO PORTALES;Institutos Profesionales;30;TECNICO EN ENFERMERIA;Técnico de Nivel Superior;Salud;Semipresencial;Semipresencial;Semipresencial;Resto IP+CFT;84
436d2d6230d22728f161c5459a234555;2024;139;IP DR. VIRGINIO GOMEZ G.;Institutos Profesionales;199;TECNICO EN ADMINISTRACION PUBLICA;Técnico de Nivel Superior;Ciencias Sociales;No Presencial;A Distancia;No presencial;Resto IP+CFT;28
f37883cae16301637609a89279255e04;2024;139;IP DR. VIRGINIO GOMEZ G.;Institutos Profesionales;178;TECNICO EN LOGISTICA;Técnico de Nivel Superior;Administración y Comercio;No Presencial;A Distancia;No presencial;Resto IP+CFT;26
f6c5feb172c7f70a56c91347190e96ba;2024;111;IP DUOC UC;Institutos Profesionales;518;ADMINISTRACION DE EMPRESAS;Técnico de Nivel Superior;Administración y Comercio;No Presencial;A Distancia;No presencial;Resto IP+CFT;148
4e984d5905ef379cfde8b866172def6c;2024;111;IP DUOC UC;Institutos Profesionales;23;ANALISTA PROGRAMADOR COMPUTACIONAL;Técnico de Nivel Superior;Tecnología;No Presencial;A Distancia;No presencial;Resto IP+CFT;188
200b8dc68ff555eae2cac741a4edd855;2024;111;IP DUOC UC;Institutos Profesionales;519;CONTABILIDAD TRIBUTARIA;Técnico de Nivel Superior;Administración y Comercio;No Presencial;A Distancia;No presencial;Resto IP+CFT;33
0e7c632f80e3fc6ec562a74e3ff49e8b;2024;111;IP DUOC UC;Institutos Profesionales;520;DESARROLLO DE APLICACIONES;Técnico de Nivel Superior;Tecnología;No Presencial;A Distancia;No presencial;Resto IP+CFT;39
6f0b390f556073d4f407aa2023dd116e;2024;111;IP DUOC UC;Institutos Profesionales;477;DESARROLLO Y DISEÑO WEB;Técnico de Nivel Superior;Tecnología;No Presencial;A Distancia;No presencial;Resto IP+CFT;23
19499dac8954fe05c42b6f76c3b9cf33;2024;111;IP DUOC UC;Institutos Profesionales;486;INGENIERIA EN ADMINISTRACION MENCION MARKETING;Profesional Sin Licenciatura;Administración y Comercio;Semipresencial;Semipresencial;Semipresencial;Resto IP+CFT;1
aeba73a5e7b854f45d5727d6748ed1e6;2024;111;IP DUOC UC;Institutos Profesionales;513;INGENIERIA EN MARKETING DIGITAL;Profesional Sin Licenciatura;Administración y Comercio;No Presencial;A Distancia;No presencial;Resto IP+CFT;109
01ca696b624ca0d6fbbfbd365a0bb7fc;2024;137;IP EATRI;Institutos Profesionales;11;INTERPRETACION DE ENLACE INGLES-CASTELLANO;Técnico de Nivel Superior;Humanidades;No Presencial;A Distancia;No presencial;Resto IP+CFT;96
faeebf464f36cd47b403b6c493cd44bf;2024;137;IP EATRI;Institutos Profesionales;2;TRADUCTOR E INTERPRETE DE ENLACE MENCION INGLES;Profesional Sin Licenciatura;Humanidades;No Presencial;A Distancia;No presencial;Resto IP+CFT;45
3adfc42255fe60896232c3b32e49aab4;2024;171;IP ESCUELA DE COMERCIO DE SANTIAGO;Institutos Profesionales;64;ADMINISTRACION COMERCIAL;Técnico de Nivel Superior;Administración y Comercio;No Presencial;A Distancia;No presencial;ECS;8
2a76190604d999dade918624c8548485;2024;171;IP ESCUELA DE COMERCIO DE SANTIAGO;Institutos Profesionales;65;ADMINISTRACION EN COMERCIO EXTERIOR;Técnico de Nivel Superior;Administración y Comercio;No Presencial;A Distancia;No presencial;ECS;43
32cde3b09bd24cda9e8e13562fbfca25;2024;171;IP ESCUELA DE COMERCIO DE SANTIAGO;Institutos Profesionales;41;ADMINISTRACION EN RECURSOS HUMANOS;Técnico de Nivel Superior;Administración y Comercio;No Presencial;A Distancia;No presencial;ECS;26
51a114119fbc859622a3ad55a12f0578;2024;171;IP ESCUELA DE COMERCIO DE SANTIAGO;Institutos Profesionales;70;ADMINISTRACION PUBLICA;Profesional Sin Licenciatura;Ciencias Sociales;No Presencial;A Distancia;No presencial;ECS;61
6e950bf90fc39bfb7fa21eccfbc914b3;2024;171;IP ESCUELA DE COMERCIO DE SANTIAGO;Institutos Profesionales;42;CONTABILIDAD GENERAL;Técnico de Nivel Superior;Administración y Comercio;No Presencial;A Distancia;No presencial;ECS;68
bce1d2991a18d64826e8e7c74c8c126f;2024;171;IP ESCUELA DE COMERCIO DE SANTIAGO;Institutos Profesionales;56;CONTADOR AUDITOR;Profesional Sin Licenciatura;Administración y Comercio;No Presencial;A Distancia;No presencial;ECS;167
d4184448fd0f792a8710c194b3e72d69;2024;171;IP ESCUELA DE COMERCIO DE SANTIAGO;Institutos Profesionales;66;FINANZAS;Técnico de Nivel Superior;Administración y Comercio;No Presencial;A Distancia;No presencial;ECS;37
506f802bc86df5f8e7e86534b51318bb;2024;171;IP ESCUELA DE COMERCIO DE SANTIAGO;Institutos Profesionales;71;INGENIERIA EN ADMINISTRACION COMERCIAL;Profesional Sin Licenciatura;Administración y Comercio;No Presencial;A Distancia;No presencial;ECS;81
850471e118d54992027068b4242dd432;2024;171;IP ESCUELA DE COMERCIO DE SANTIAGO;Institutos Profesionales;39;INGENIERIA EN ADMINISTRACION DE EMPRESAS;Profesional Sin Licenciatura;Administración y Comercio;No Presencial;A Distancia;No presencial;ECS;201
7f7774443bc1d4820f734733d2c3c5f8;2024;171;IP ESCUELA DE COMERCIO DE SANTIAGO;Institutos Profesionales;24;INGENIERIA EN ADMINISTRACION DE RECURSOS HUMANOS;Profesional Sin Licenciatura;Administración y Comercio;No Presencial;A Distancia;No presencial;ECS;82
e84e479af76302700a78926bb0dcef0c;2024;171;IP ESCUELA DE COMERCIO DE SANTIAGO;Institutos Profesionales;84;INGENIERIA EN CIBERSEGURIDAD;Profesional Sin Licenciatura;Tecnología;No Presencial;A Distancia;No presencial;ECS;43
549b47db6f76465115449f50342768a9;2024;171;IP ESCUELA DE COMERCIO DE SANTIAGO;Institutos Profesionales;73;INGENIERIA EN CIENCIAS DE DATOS;Profesional Sin Licenciatura;Ciencias Básicas;No Presencial;A Distancia;No presencial;ECS;61
c82a11b94b0fae5c641034e27683f4e4;2024;171;IP ESCUELA DE COMERCIO DE SANTIAGO;Institutos Profesionales;26;INGENIERIA EN COMERCIO INTERNACIONAL;Profesional Sin Licenciatura;Administración y Comercio;No Presencial;A Distancia;No presencial;ECS;167
57f1e45f8b8c65d3dc8fa6c6bdbf9faa;2024;171;IP ESCUELA DE COMERCIO DE SANTIAGO;Institutos Profesionales;74;INGENIERIA EN CONTROL DE GESTION;Profesional Sin Licenciatura;Administración y Comercio;No Presencial;A Distancia;No presencial;ECS;63
c440e2cf0ad7c23009cd68e382eb6dc8;2024;171;IP ESCUELA DE COMERCIO DE SANTIAGO;Institutos Profesionales;27;INGENIERIA EN FINANZAS;Profesional Sin Licenciatura;Administración y Comercio;No Presencial;A Distancia;No presencial;ECS;86
2a6c325f03e9872b986824d02b9ef528;2024;171;IP ESCUELA DE COMERCIO DE SANTIAGO;Institutos Profesionales;28;INGENIERIA EN LOGISTICA;Profesional Sin Licenciatura;Administración y Comercio;No Presencial;A Distancia;No presencial;ECS;125
8224176128336489cef98fceb41ca766;2024;171;IP ESCUELA DE COMERCIO DE SANTIAGO;Institutos Profesionales;76;INGENIERIA EN MARKETING DIGITAL;Profesional Sin Licenciatura;Administración y Comercio;No Presencial;A Distancia;No presencial;ECS;118
02e3da3a1c6f484a5f476ec0780af3ab;2024;171;IP ESCUELA DE COMERCIO DE SANTIAGO;Institutos Profesionales;60;INGENIERIA EN PREVENCION DE RIESGOS Y MEDIO AMBIENTE;Profesional Sin Licenciatura;Tecnología;No Presencial;A Distancia;No presencial;ECS;45
16e023d839f25b7728f15c8d49078005;2024;171;IP ESCUELA DE COMERCIO DE SANTIAGO;Institutos Profesionales;82;INGENIERIA EN SEGURIDAD PRIVADA;Profesional Sin Licenciatura;Administración y Comercio;No Presencial;A Distancia;No presencial;ECS;86
9ee6f69dd74085340fb3427f38708c0d;2024;171;IP ESCUELA DE COMERCIO DE SANTIAGO;Institutos Profesionales;81;INGENIERIA INDUSTRIAL;Profesional Sin Licenciatura;Tecnología;No Presencial;A Distancia;No presencial;ECS;27
7c319e2dc1e5d1f2419378c8080ac8f9;2024;171;IP ESCUELA DE COMERCIO DE SANTIAGO;Institutos Profesionales;75;INGENIERIA INFORMATICA;Profesional Sin Licenciatura;Tecnología;No Presencial;A Distancia;No presencial;ECS;43
f68bba8b80be8ad6a0af0545e3bab3b6;2024;171;IP ESCUELA DE COMERCIO DE SANTIAGO;Institutos Profesionales;44;LOGISTICA OPERATIVA;Técnico de Nivel Superior;Administración y Comercio;No Presencial;A Distancia;No presencial;ECS;59
cfcfaca4cf26f15d9421a1d3332820bb;2024;129;IP ESCUELA MODERNA DE MUSICA;Institutos Profesionales;30;PRODUCCION MUSICAL Y GESTION ARTISTICA;Profesional Sin Licenciatura;Arte y Arquitectura;No Presencial;A Distancia;No presencial;Resto IP+CFT;19
3a7d3a152f99bf272fd022b2fafadc7b;2024;117;IP IACC;Institutos Profesionales;96;ADMINISTRACION PUBLICA;Profesional Sin Licenciatura;Ciencias Sociales;No Presencial;A Distancia;No presencial;Resto IP+CFT;182
8fca5becc45a886907eec2514feff751;2024;117;IP IACC;Institutos Profesionales;30;CONTABILIDAD GENERAL;Técnico de Nivel Superior;Administración y Comercio;No Presencial;A Distancia;No presencial;Resto IP+CFT;250
d567f8fb1d16514cd061d4da17b08881;2024;117;IP IACC;Institutos Profesionales;65;CONTADOR AUDITOR;Profesional Sin Licenciatura;Administración y Comercio;No Presencial;A Distancia;No presencial;Resto IP+CFT;148
738e75292d16e176bf3a747ca64382b9;2024;117;IP IACC;Institutos Profesionales;2;INGENIERIA EN ADMINISTRACION DE EMPRESAS;Profesional Sin Licenciatura;Administración y Comercio;No Presencial;A Distancia;No presencial;Resto IP+CFT;593
565d03528fb0623ec58335bbd3c10eaa;2024;117;IP IACC;Institutos Profesionales;107;INGENIERIA EN AUTOMATIZACION Y CONTROL;Profesional Sin Licenciatura;Tecnología;No Presencial;A Distancia;No presencial;Resto IP+CFT;383
208b8bfa208e6cb06ef60f443288de38;2024;117;IP IACC;Institutos Profesionales;112;INGENIERIA EN CIBERSEGURIDAD;Profesional Sin Licenciatura;Tecnología;No Presencial;A Distancia;No presencial;Resto IP+CFT;111
cc6300bbc278aeba2ef7ac98380b3ad2;2024;117;IP IACC;Institutos Profesionales;101;INGENIERIA EN GESTION DE CALIDAD Y AMBIENTE;Profesional Sin Licenciatura;Administración y Comercio;No Presencial;A Distancia;No presencial;Resto IP+CFT;190
72bf3b83d4a9e602e1343570d83bc815;2024;117;IP IACC;Institutos Profesionales;57;INGENIERIA EN INFORMATICA;Profesional Sin Licenciatura;Tecnología;No Presencial;A Distancia;No presencial;Resto IP+CFT;316
ba70515ad872b937e3baa51437c51aca;2024;117;IP IACC;Institutos Profesionales;108;INGENIERIA EN LOGISTICA;Profesional Sin Licenciatura;Administración y Comercio;No Presencial;A Distancia;No presencial;Resto IP+CFT;184
c2a4482079724404973a22ba96fe8aac;2024;117;IP IACC;Institutos Profesionales;115;INGENIERIA EN MINAS;Profesional Sin Licenciatura;Tecnología;No Presencial;A Distancia;No presencial;Resto IP+CFT;696
4a25bb56668991b318f1836d6845cd55;2024;117;IP IACC;Institutos Profesionales;27;INGENIERIA EN PREVENCION DE RIESGOS;Profesional Sin Licenciatura;Tecnología;No Presencial;A Distancia;No presencial;Resto IP+CFT;569
497bd0d60557b0a8fc94c86e6ba5bd0c;2024;117;IP IACC;Institutos Profesionales;29;INGENIERIA EN RECURSOS HUMANOS;Profesional Sin Licenciatura;Administración y Comercio;No Presencial;A Distancia;No presencial;Resto IP+CFT;217
2296f3d5f1d626a96742bc4d1e70757e;2024;117;IP IACC;Institutos Profesionales;67;INGENIERIA INDUSTRIAL;Profesional Sin Licenciatura;Tecnología;No Presencial;A Distancia;No presencial;Resto IP+CFT;1273
c87dc0c6df2a33a9138a63531e962f9b;2024;117;IP IACC;Institutos Profesionales;91;PSICOPEDAGOGIA;Profesional Sin Licenciatura;Educación;No Presencial;A Distancia;No presencial;Resto IP+CFT;166
66d81e3b28d492a85198f55bea96820a;2024;117;IP IACC;Institutos Profesionales;68;TECNICO DE NIVEL SUPERIOR EN ADMINISTRACION DE REDES;Técnico de Nivel Superior;Tecnología;No Presencial;A Distancia;No presencial;Resto IP+CFT;25
96d1c737afa9377b332b793452ab3c11;2024;117;IP IACC;Institutos Profesionales;31;TECNICO DE NIVEL SUPERIOR EN ADMINISTRACION PUBLICA;Técnico de Nivel Superior;Ciencias Sociales;No Presencial;A Distancia;No presencial;Resto IP+CFT;171
963ac2be4ae18767418bbd9f68d2852f;2024;117;IP IACC;Institutos Profesionales;120;TECNICO DE NIVEL SUPERIOR EN ANALISIS DE DATOS;Técnico de Nivel Superior;Ciencias Básicas;No Presencial;A Distancia;No presencial;Resto IP+CFT;51
7be643c79f2e57bf9dd1e7add89942b7;2024;117;IP IACC;Institutos Profesionales;46;TECNICO DE NIVEL SUPERIOR EN ANALISIS Y PROGRAMACION COMPUTACIONAL;Técnico de Nivel Superior;Tecnología;No Presencial;A Distancia;No presencial;Resto IP+CFT;149
c99ad38fb044e82a118698ed7194758f;2024;117;IP IACC;Institutos Profesionales;90;TECNICO DE NIVEL SUPERIOR EN AUTOMATIZACION Y CONTROL;Técnico de Nivel Superior;Tecnología;No Presencial;A Distancia;No presencial;Resto IP+CFT;448
bb3a811746d7e8ddc28a4fd43fffb765;2024;117;IP IACC;Institutos Profesionales;97;TECNICO DE NIVEL SUPERIOR EN CIBERSEGURIDAD;Técnico de Nivel Superior;Tecnología;No Presencial;A Distancia;No presencial;Resto IP+CFT;154
503e5f1fecc97278187f212423c6d2eb;2024;117;IP IACC;Institutos Profesionales;69;TECNICO DE NIVEL SUPERIOR EN CONTROL INDUSTRIAL;Técnico de Nivel Superior;Tecnología;No Presencial;A Distancia;No presencial;Resto IP+CFT;499
87164846d722013cf187b86af391d919;2024;117;IP IACC;Institutos Profesionales;70;TECNICO DE NIVEL SUPERIOR EN EDUCACION DIFERENCIAL;Técnico de Nivel Superior;Educación;No Presencial;A Distancia;No presencial;Resto IP+CFT;180
a931695183ebd183e60c088715ca728a;2024;117;IP IACC;Institutos Profesionales;71;TECNICO DE NIVEL SUPERIOR EN EDUCACION PARVULARIA;Técnico de Nivel Superior;Educación;No Presencial;A Distancia;No presencial;Resto IP+CFT;199
18586ab551ed96f2a9ab28f56e5521e1;2024;117;IP IACC;Institutos Profesionales;59;TECNICO DE NIVEL SUPERIOR EN GESTION DE CALIDAD Y AMBIENTE;Técnico de Nivel Superior;Tecnología;No Presencial;A Distancia;No presencial;Resto IP+CFT;175
7aede8afec9cce0c558cd15230628ba2;2024;117;IP IACC;Institutos Profesionales;102;TECNICO DE NIVEL SUPERIOR EN GESTION ENERGETICA;Técnico de Nivel Superior;Tecnología;No Presencial;A Distancia;No presencial;Resto IP+CFT;39
ef3d7cdab58c78a6bc6ba27e67e9e0eb;2024;117;IP IACC;Institutos Profesionales;17;TECNICO DE NIVEL SUPERIOR EN INFORMATICA;Técnico de Nivel Superior;Tecnología;No Presencial;A Distancia;No presencial;Resto IP+CFT;144
a68f926fe9c5a993a104977db8b0f160;2024;117;IP IACC;Institutos Profesionales;60;TECNICO DE NIVEL SUPERIOR EN LOGISTICA;Técnico de Nivel Superior;Administración y Comercio;No Presencial;A Distancia;No presencial;Resto IP+CFT;436
ce05ab8b85ae46f32d1f1d5af68689c6;2024;117;IP IACC;Institutos Profesionales;121;TECNICO DE NIVEL SUPERIOR EN MARKETING DIGITAL;Técnico de Nivel Superior;Administración y Comercio;No Presencial;A Distancia;No presencial;Resto IP+CFT;63
f1079b7e6ea62a694be1442927d12653;2024;117;IP IACC;Institutos Profesionales;73;TECNICO DE NIVEL SUPERIOR EN PROCESOS MINEROS;Técnico de Nivel Superior;Tecnología;No Presencial;A Distancia;No presencial;Resto IP+CFT;719
2b027ee0433bea3ead82eb70d0e3b2a6;2024;117;IP IACC;Institutos Profesionales;61;TECNICO DE NIVEL SUPERIOR EN RECURSOS HUMANOS;Técnico de Nivel Superior;Administración y Comercio;No Presencial;A Distancia;No presencial;Resto IP+CFT;264
f22b29225737c5eb81a2d03a6a2830a2;2024;117;IP IACC;Institutos Profesionales;122;TECNICO DE NIVEL SUPERIOR EN SEGURIDAD PRIVADA;Técnico de Nivel Superior;Administración y Comercio;No Presencial;A Distancia;No presencial;Resto IP+CFT;92
9acfef811aaa70be7ff1d3c1d735151c;2024;117;IP IACC;Institutos Profesionales;103;TECNICO DE NIVEL SUPERIOR EN TELECOMUNICACIONES;Técnico de Nivel Superior;Tecnología;No Presencial;A Distancia;No presencial;Resto IP+CFT;46
08b2ff6e536f24504c036a7fec279171;2024;117;IP IACC;Institutos Profesionales;62;TECNICO DE NIVEL SUPERIOR EN TRABAJO SOCIAL;Técnico de Nivel Superior;Ciencias Sociales;No Presencial;A Distancia;No presencial;Resto IP+CFT;196
5609be3262382af4939130ad5562f8d9;2024;117;IP IACC;Institutos Profesionales;63;TECNICO DE NIVEL SUPERIOR JURIDICO;Técnico de Nivel Superior;Derecho;No Presencial;A Distancia;No presencial;Resto IP+CFT;118
41a9d916a33843c615ea05fc6e44a3d3;2024;117;IP IACC;Institutos Profesionales;35;TECNICO EN PREVENCION DE RIESGOS;Técnico de Nivel Superior;Tecnología;No Presencial;A Distancia;No presencial;Resto IP+CFT;379
2d385466d8379ce89169f57be4052ffb;2024;117;IP IACC;Institutos Profesionales;1;TECNICO SUPERIOR EN ADMINISTRACION DE EMPRESAS;Técnico de Nivel Superior;Administración y Comercio;No Presencial;A Distancia;No presencial;Resto IP+CFT;714
0ab3a3deda90fe6755760aa57c785c81;2024;113;IP IPG;Institutos Profesionales;581;ADMINISTRACION PUBLICA;Profesional Sin Licenciatura;Ciencias Sociales;No Presencial;A Distancia;No presencial;Resto IP+CFT;9
522891db5af957899761c31523a39c25;2024;113;IP IPG;Institutos Profesionales;582;ADMINISTRACION PUBLICA MENCION EN SEGURIDAD PUBLICA Y GESTION DE RIESGOS;Profesional Sin Licenciatura;Ciencias Sociales;No Presencial;A Distancia;No presencial;Resto IP+CFT;1
e98b0e7f64574709425813194a7a7b66;2024;113;IP IPG;Institutos Profesionales;583;ADMINISTRACION PUBLICA MENCION GESTION DESARROLLO LOCAL Y REGIONAL;Profesional Sin Licenciatura;Ciencias Sociales;No Presencial;A Distancia;No presencial;Resto IP+CFT;2
398262025097b857b19325be637de624;2024;113;IP IPG;Institutos Profesionales;584;ADMINISTRACION PUBLICA MENCION GESTION MUNICIPAL;Profesional Sin Licenciatura;Ciencias Sociales;No Presencial;A Distancia;No presencial;Resto IP+CFT;1
7212b5434127807a993165ab440620d6;2024;113;IP IPG;Institutos Profesionales;585;CONTADOR AUDITOR;Profesional Sin Licenciatura;Administración y Comercio;No Presencial;A Distancia;No presencial;Resto IP+CFT;22
967275fad51a6ce2645f692d7cf2b80a;2024;113;IP IPG;Institutos Profesionales;412;INGENIERIA EN ADMINISTRACION DE EMPRESAS MENCION FINANZAS;Profesional Sin Licenciatura;Administración y Comercio;No Presencial;A Distancia;No presencial;Resto IP+CFT;3
24035f90f8cc36c8275abecaf02b9ccc;2024;113;IP IPG;Institutos Profesionales;411;INGENIERIA EN ADMINISTRACION DE EMPRESAS MENCION RR.HH.;Profesional Sin Licenciatura;Administración y Comercio;No Presencial;A Distancia;No presencial;Resto IP+CFT;2
53dde476ff2e7aae0ec68235c42200c4;2024;113;IP IPG;Institutos Profesionales;553;INGENIERIA EN ADMINISTRACION DE EMPRESAS PROFESIONAL;Profesional Sin Licenciatura;Administración y Comercio;No Presencial;A Distancia;No presencial;Resto IP+CFT;18
9ebef050f9a4ac1545eb8f2110aaa074;2024;113;IP IPG;Institutos Profesionales;586;INGENIERIA EN AUTOMATIZACION Y CONTROL;Profesional Sin Licenciatura;Tecnología;No Presencial;A Distancia;No presencial;Resto IP+CFT;32
96babb0d460cfa2e4f98caa249dc2621;2024;113;IP IPG;Institutos Profesionales;587;INGENIERIA EN CIBERSEGURIDAD;Profesional Sin Licenciatura;Tecnología;No Presencial;A Distancia;No presencial;Resto IP+CFT;23
27b141bab38760bc184529aeddb7fa4e;2024;113;IP IPG;Institutos Profesionales;588;INGENIERIA EN CIENCIA DE DATOS;Profesional Sin Licenciatura;Ciencias Básicas;No Presencial;A Distancia;No presencial;Resto IP+CFT;1
536afd5f2dad546fd3afe394c1951037;2024;113;IP IPG;Institutos Profesionales;548;INGENIERIA EN GESTION LOGISTICA;Profesional Sin Licenciatura;Administración y Comercio;No Presencial;A Distancia;No presencial;Resto IP+CFT;8
77bc695d410ca82236edc96095733c87;2024;113;IP IPG;Institutos Profesionales;372;INGENIERIA EN INFORMATICA;Profesional Sin Licenciatura;Tecnología;No Presencial;A Distancia;No presencial;Resto IP+CFT;24
ad72122093af898ca21039aa5190833f;2024;113;IP IPG;Institutos Profesionales;575;INGENIERIA EN PREVENCION DE RIESGOS;Profesional Sin Licenciatura;Tecnología;No Presencial;A Distancia;No presencial;Resto IP+CFT;16
09d4ce1f924e693bda988e890fe1c520;2024;113;IP IPG;Institutos Profesionales;591;INGENIERIA INDUSTRIAL;Profesional Sin Licenciatura;Tecnología;No Presencial;A Distancia;No presencial;Resto IP+CFT;40
7e28b950ae2f1566e919d9e01638b72d;2024;113;IP IPG;Institutos Profesionales;433;PSICOPEDAGOGIA PROFESIONAL;Profesional Sin Licenciatura;Educación;No Presencial;A Distancia;No presencial;Resto IP+CFT;32
e47a8b41f6bd11054175d95c425bf095;2024;113;IP IPG;Institutos Profesionales;533;TECNICO DE NIVEL SUPERIOR COMERCIO EXTERIOR MENCION COMERCIO ELECTRONICO;Técnico de Nivel Superior;Administración y Comercio;No Presencial;A Distancia;No presencial;Resto IP+CFT;13
20aaf072c20d2116ce7824987e1a7d79;2024;113;IP IPG;Institutos Profesionales;505;TECNICO DE NIVEL SUPERIOR EN ADMINISTRACION DE EMPRESAS;Técnico de Nivel Superior;Administración y Comercio;No Presencial;A Distancia;No presencial;Resto IP+CFT;31
91b0a1ebf6c9bed69086c2e37ad4fd78;2024;113;IP IPG;Institutos Profesionales;330;TECNICO DE NIVEL SUPERIOR EN ADMINISTRACION PUBLICA;Técnico de Nivel Superior;Ciencias Sociales;No Presencial;A Distancia;No presencial;Resto IP+CFT;10
3187720feec754b384f2fadb3e11b354;2024;113;IP IPG;Institutos Profesionales;543;TECNICO DE NIVEL SUPERIOR EN CIBERSEGURIDAD;Técnico de Nivel Superior;Tecnología;No Presencial;A Distancia;No presencial;Resto IP+CFT;9
7a9916b03ca0dd94000111b1dc92ba84;2024;113;IP IPG;Institutos Profesionales;592;TECNICO DE NIVEL SUPERIOR EN CIENCIAS DE DATOS;Técnico de Nivel Superior;Ciencias Básicas;No Presencial;A Distancia;No presencial;Resto IP+CFT;1
4b9a6a8fe8934fe293c90bb42ee9ed78;2024;113;IP IPG;Institutos Profesionales;259;TECNICO DE NIVEL SUPERIOR EN CONTABILIDAD GENERAL;Técnico de Nivel Superior;Administración y Comercio;No Presencial;A Distancia;No presencial;Resto IP+CFT;14
9369041271e4d75d0590272140ebdb6f;2024;113;IP IPG;Institutos Profesionales;506;TECNICO DE NIVEL SUPERIOR EN EDUCACION BASICA;Técnico de Nivel Superior;Educación;No Presencial;A Distancia;No presencial;Resto IP+CFT;19
2b2f90d2e74271e6c7491a1378b02fb2;2024;113;IP IPG;Institutos Profesionales;67;TECNICO DE NIVEL SUPERIOR EN EDUCACION DIFERENCIAL;Técnico de Nivel Superior;Educación;No Presencial;A Distancia;No presencial;Resto IP+CFT;42
66306986b06d47ba9f4f73e9c76d3db1;2024;113;IP IPG;Institutos Profesionales;61;TECNICO DE NIVEL SUPERIOR EN EDUCACION PARVULARIA;Técnico de Nivel Superior;Educación;No Presencial;A Distancia;No presencial;Resto IP+CFT;52
f80cde9c8e4c13a670afac45c05efe2f;2024;113;IP IPG;Institutos Profesionales;496;TECNICO DE NIVEL SUPERIOR EN GESTION LOGISTICA;Técnico de Nivel Superior;Administración y Comercio;No Presencial;A Distancia;No presencial;Resto IP+CFT;26
c922ed3691726203bd39294c7323604a;2024;113;IP IPG;Institutos Profesionales;542;TECNICO DE NIVEL SUPERIOR EN MARKETING DIGITAL;Técnico de Nivel Superior;Administración y Comercio;No Presencial;A Distancia;No presencial;Resto IP+CFT;17
d06a70decd4bcb807abf45d67eece468;2024;113;IP IPG;Institutos Profesionales;567;TECNICO DE NIVEL SUPERIOR EN OPERACIONES PORTUARIAS;Técnico de Nivel Superior;Tecnología;No Presencial;A Distancia;No presencial;Resto IP+CFT;28
b81bab8e9d25a2244ee0394b15056e23;2024;113;IP IPG;Institutos Profesionales;178;TECNICO DE NIVEL SUPERIOR EN PREVENCION DE RIESGOS;Técnico de Nivel Superior;Tecnología;No Presencial;A Distancia;No presencial;Resto IP+CFT;23
6f8278fa19a7aa0072568df3c4d55903;2024;113;IP IPG;Institutos Profesionales;568;TECNICO DE NIVEL SUPERIOR EN PROCESOS INDUSTRIALES;Técnico de Nivel Superior;Tecnología;No Presencial;A Distancia;No presencial;Resto IP+CFT;15
9280cdcdcfb725fba7204b6ec9246a79;2024;113;IP IPG;Institutos Profesionales;593;TECNICO DE NIVEL SUPERIOR EN PROGRAMACION;Técnico de Nivel Superior;Tecnología;No Presencial;A Distancia;No presencial;Resto IP+CFT;19
cc4338e736901c30dc48c2df99ee3d5c;2024;113;IP IPG;Institutos Profesionales;459;TECNICO DE NIVEL SUPERIOR EN TRABAJO SOCIAL;Técnico de Nivel Superior;Ciencias Sociales;No Presencial;A Distancia;No presencial;Resto IP+CFT;58
08c395182d6087760ffac9697de2c4a7;2024;113;IP IPG;Institutos Profesionales;436;TECNICO EN ADMINISTRACION DE EMPRESAS MENCION FINANZAS;Técnico de Nivel Superior;Administración y Comercio;No Presencial;A Distancia;No presencial;Resto IP+CFT;1
1df7b175ea73de134eda069254bbf3b6;2024;113;IP IPG;Institutos Profesionales;594;TECNICO EN AUTOMATIZACION Y CONTROL;Técnico de Nivel Superior;Tecnología;No Presencial;A Distancia;No presencial;Resto IP+CFT;25
94abde9793e1680b7fc982cd6a7c96d4;2024;152;IP LATINOAMERICANO DE COMERCIO EXTERIOR - IPLACEX;Institutos Profesionales;432;ADMINISTRACION GASTRONOMICA INTERNACIONAL Y CULTURAL;Profesional Sin Licenciatura;Administración y Comercio;Semipresencial;Semipresencial;Semipresencial;Resto IP+CFT;13
b5252f26aa45176d881bb25cbb7eec0d;2024;152;IP LATINOAMERICANO DE COMERCIO EXTERIOR - IPLACEX;Institutos Profesionales;274;ADMINISTRACION PUBLICA;Profesional Sin Licenciatura;Ciencias Sociales;No Presencial;A Distancia;No presencial;Resto IP+CFT;486
ca11c12f2f35ad87faaddeb8438a9971;2024;152;IP LATINOAMERICANO DE COMERCIO EXTERIOR - IPLACEX;Institutos Profesionales;274;ADMINISTRACION PUBLICA;Profesional Sin Licenciatura;Ciencias Sociales;Semipresencial;Vespertina;Semipresencial;Resto IP+CFT;18
155e1bf965c1afd951db6db5057f56e9;2024;152;IP LATINOAMERICANO DE COMERCIO EXTERIOR - IPLACEX;Institutos Profesionales;100;ADMINISTRACION PUBLICA MENCION GESTION DESARROLLO LOCAL Y REGIONAL;Profesional Sin Licenciatura;Ciencias Sociales;No Presencial;A Distancia;No presencial;Resto IP+CFT;19
87cab4c9487b06017d93d227be15af59;2024;152;IP LATINOAMERICANO DE COMERCIO EXTERIOR - IPLACEX;Institutos Profesionales;470;ADMINISTRACION PUBLICA MENCION GESTION MUNICIPAL;Profesional Sin Licenciatura;Ciencias Sociales;No Presencial;A Distancia;No presencial;Resto IP+CFT;36
7f342d72f7a475dd1aba970cdab9a1bd;2024;152;IP LATINOAMERICANO DE COMERCIO EXTERIOR - IPLACEX;Institutos Profesionales;430;ADMINISTRACION PUBLICA, MENCION SEGURIDAD PUBLICA Y GESTION DE RIESGOS;Profesional Sin Licenciatura;Ciencias Sociales;No Presencial;A Distancia;No presencial;Resto IP+CFT;68
546da17879f62b6e205850c01ce4a826;2024;152;IP LATINOAMERICANO DE COMERCIO EXTERIOR - IPLACEX;Institutos Profesionales;471;ADMINISTRACION TURISTICA;Profesional Sin Licenciatura;Administración y Comercio;No Presencial;A Distancia;No presencial;Resto IP+CFT;20
17c920a12d775bf092465f079fc86b7d;2024;152;IP LATINOAMERICANO DE COMERCIO EXTERIOR - IPLACEX;Institutos Profesionales;452;ANALISTA PROGRAMADOR;Técnico de Nivel Superior;Tecnología;No Presencial;A Distancia;No presencial;Resto IP+CFT;148
2ab675c9f2f5c8b3b99c1130bbfb53ba;2024;152;IP LATINOAMERICANO DE COMERCIO EXTERIOR - IPLACEX;Institutos Profesionales;9;AUDITORIA;Profesional Sin Licenciatura;Administración y Comercio;No Presencial;A Distancia;No presencial;Resto IP+CFT;103
bd5f5bdaa4b08f8c947a59beff22b9f0;2024;152;IP LATINOAMERICANO DE COMERCIO EXTERIOR - IPLACEX;Institutos Profesionales;295;CONTABILIDAD;Técnico de Nivel Superior;Administración y Comercio;No Presencial;A Distancia;No presencial;Resto IP+CFT;196
57b49e532fb15c784eb0f4d91e5c6718;2024;152;IP LATINOAMERICANO DE COMERCIO EXTERIOR - IPLACEX;Institutos Profesionales;394;GASTRONOMIA INTERNACIONAL Y CULTURAL;Técnico de Nivel Superior;Administración y Comercio;Semipresencial;Semipresencial;Semipresencial;Resto IP+CFT;97
b091a98c827b731cc10cabd226b6b95c;2024;152;IP LATINOAMERICANO DE COMERCIO EXTERIOR - IPLACEX;Institutos Profesionales;428;INGENIERIA ELECTRICA;Profesional Sin Licenciatura;Tecnología;No Presencial;A Distancia;No presencial;Resto IP+CFT;365
5aba2937a06e8d5465059347b6a4b668;2024;152;IP LATINOAMERICANO DE COMERCIO EXTERIOR - IPLACEX;Institutos Profesionales;107;INGENIERIA EN ADMINISTRACION DE EMPRESAS;Profesional Sin Licenciatura;Administración y Comercio;No Presencial;A Distancia;No presencial;Resto IP+CFT;322
724a433f10823a63196bc3eca4b71910;2024;152;IP LATINOAMERICANO DE COMERCIO EXTERIOR - IPLACEX;Institutos Profesionales;472;INGENIERIA EN ADMINISTRACION DE SEGURIDAD PRIVADA;Profesional Sin Licenciatura;Administración y Comercio;No Presencial;A Distancia;No presencial;Resto IP+CFT;420
d99ae9303d1bcaf21a2d83bc64a19ccd;2024;152;IP LATINOAMERICANO DE COMERCIO EXTERIOR - IPLACEX;Institutos Profesionales;325;INGENIERIA EN ADMINISTRACION MENCION SEGURIDAD PRIVADA;Profesional Sin Licenciatura;Administración y Comercio;No Presencial;A Distancia;No presencial;Resto IP+CFT;3
34cb341e5070939554c93186af3e2061;2024;152;IP LATINOAMERICANO DE COMERCIO EXTERIOR - IPLACEX;Institutos Profesionales;454;INGENIERIA EN AUTOMATIZACION Y CONTROL INDUSTRIAL;Profesional Sin Licenciatura;Tecnología;No Presencial;A Distancia;No presencial;Resto IP+CFT;183
9f2bb236bc15e909a10bed6e6f474434;2024;152;IP LATINOAMERICANO DE COMERCIO EXTERIOR - IPLACEX;Institutos Profesionales;473;INGENIERIA EN CIBERSEGURIDAD;Profesional Sin Licenciatura;Tecnología;No Presencial;A Distancia;No presencial;Resto IP+CFT;109
060b3e2e71031d8671e4e6cf8c696819;2024;152;IP LATINOAMERICANO DE COMERCIO EXTERIOR - IPLACEX;Institutos Profesionales;1;INGENIERIA EN COMERCIO EXTERIOR;Profesional Sin Licenciatura;Administración y Comercio;No Presencial;A Distancia;No presencial;Resto IP+CFT;84
e52735d325623f8022f739c9aa319f98;2024;152;IP LATINOAMERICANO DE COMERCIO EXTERIOR - IPLACEX;Institutos Profesionales;455;INGENIERIA EN CONSTRUCCION;Profesional Sin Licenciatura;Tecnología;Semipresencial;Semipresencial;Semipresencial;Resto IP+CFT;416
7300873f7a87997a616a7681d2d482b8;2024;152;IP LATINOAMERICANO DE COMERCIO EXTERIOR - IPLACEX;Institutos Profesionales;18;INGENIERIA EN GEOMENSURA;Profesional Sin Licenciatura;Ciencias Básicas;Semipresencial;Semipresencial;Semipresencial;Resto IP+CFT;55
caa0ab0fa924507223db04fea9013de6;2024;152;IP LATINOAMERICANO DE COMERCIO EXTERIOR - IPLACEX;Institutos Profesionales;383;INGENIERIA EN GESTION DE CENTROS DE SALUD;Profesional Sin Licenciatura;Administración y Comercio;No Presencial;A Distancia;No presencial;Resto IP+CFT;84
d6f88766b325187e96d92283d47a7bca;2024;152;IP LATINOAMERICANO DE COMERCIO EXTERIOR - IPLACEX;Institutos Profesionales;38;INGENIERIA EN INFORMATICA;Profesional Sin Licenciatura;Tecnología;No Presencial;A Distancia;No presencial;Resto IP+CFT;122
63e79629a705a8d432b766876c6a1548;2024;152;IP LATINOAMERICANO DE COMERCIO EXTERIOR - IPLACEX;Institutos Profesionales;318;INGENIERIA EN LOGISTICA;Profesional Sin Licenciatura;Administración y Comercio;No Presencial;A Distancia;No presencial;Resto IP+CFT;138
11bb8ca7151a8091376b96af007b0152;2024;152;IP LATINOAMERICANO DE COMERCIO EXTERIOR - IPLACEX;Institutos Profesionales;475;INGENIERIA EN OPERACION DE PLANTA MINERA;Profesional Sin Licenciatura;Tecnología;No Presencial;A Distancia;No presencial;Resto IP+CFT;124
48703dc49bd3e2fa5ee7005077191011;2024;152;IP LATINOAMERICANO DE COMERCIO EXTERIOR - IPLACEX;Institutos Profesionales;144;INGENIERIA EN PREVENCION DE RIESGOS;Profesional Sin Licenciatura;Tecnología;No Presencial;A Distancia;No presencial;Resto IP+CFT;164
05f9bc0ddad685696b70b8a832d36a4c;2024;152;IP LATINOAMERICANO DE COMERCIO EXTERIOR - IPLACEX;Institutos Profesionales;316;INGENIERIA EN RECURSOS HUMANOS;Profesional Sin Licenciatura;Administración y Comercio;No Presencial;A Distancia;No presencial;Resto IP+CFT;186
b54b69c2fa8f465171322f078c19cd2c;2024;152;IP LATINOAMERICANO DE COMERCIO EXTERIOR - IPLACEX;Institutos Profesionales;456;INGENIERIA EN REDES E INFRAESTRUCTURA CLOUD;Profesional Sin Licenciatura;Tecnología;No Presencial;A Distancia;No presencial;Resto IP+CFT;42
fc25b4086d75157a5ec82db5a71a4167;2024;152;IP LATINOAMERICANO DE COMERCIO EXTERIOR - IPLACEX;Institutos Profesionales;420;INGENIERIA INDUSTRIAL;Profesional Sin Licenciatura;Tecnología;No Presencial;A Distancia;No presencial;Resto IP+CFT;308
cee130bbf9764baf858fa4e08a7f00b0;2024;152;IP LATINOAMERICANO DE COMERCIO EXTERIOR - IPLACEX;Institutos Profesionales;259;MASOTERAPIA;Técnico de Nivel Superior;Salud;Semipresencial;Semipresencial;Semipresencial;Resto IP+CFT;31
0cdf77c6ff469b375542e274162cc209;2024;152;IP LATINOAMERICANO DE COMERCIO EXTERIOR - IPLACEX;Institutos Profesionales;429;NATUROPATIA;Profesional Sin Licenciatura;Salud;Semipresencial;Semipresencial;Semipresencial;Resto IP+CFT;83
8029e85b93f62b9a882696d419cf98db;2024;152;IP LATINOAMERICANO DE COMERCIO EXTERIOR - IPLACEX;Institutos Profesionales;21;PSICOPEDAGOGIA;Profesional Sin Licenciatura;Educación;No Presencial;A Distancia;No presencial;Resto IP+CFT;250
251479e0be52dde8ac3588fc35d07b29;2024;152;IP LATINOAMERICANO DE COMERCIO EXTERIOR - IPLACEX;Institutos Profesionales;326;TECNICO EN ADMINISTRACION DE EMPRESAS;Técnico de Nivel Superior;Administración y Comercio;No Presencial;A Distancia;No presencial;Resto IP+CFT;518
ff54e5eeb8835e39c31a9fd5a7a80d57;2024;152;IP LATINOAMERICANO DE COMERCIO EXTERIOR - IPLACEX;Institutos Profesionales;476;TECNICO EN ADMINISTRACION EN CENTROS DE SALUD;Técnico de Nivel Superior;Administración y Comercio;No Presencial;A Distancia;No presencial;Resto IP+CFT;45
c1214022e67bc220d86e63fa41cbc2fe;2024;152;IP LATINOAMERICANO DE COMERCIO EXTERIOR - IPLACEX;Institutos Profesionales;278;TECNICO EN ADMINISTRACION PUBLICA;Técnico de Nivel Superior;Ciencias Sociales;No Presencial;A Distancia;No presencial;Resto IP+CFT;192
dcb029a62d50945e5f7342c30f7d620e;2024;152;IP LATINOAMERICANO DE COMERCIO EXTERIOR - IPLACEX;Institutos Profesionales;370;TECNICO EN ALIMENTACION Y NUTRICION;Técnico de Nivel Superior;Salud;Semipresencial;Vespertina;Semipresencial;Resto IP+CFT;70
b347325a55c3d7d9f685e8ed041fe016;2024;152;IP LATINOAMERICANO DE COMERCIO EXTERIOR - IPLACEX;Institutos Profesionales;328;TECNICO EN COMERCIO EXTERIOR;Técnico de Nivel Superior;Administración y Comercio;No Presencial;A Distancia;No presencial;Resto IP+CFT;83
1d69af1781caa9440fb2541eb071dbc2;2024;152;IP LATINOAMERICANO DE COMERCIO EXTERIOR - IPLACEX;Institutos Profesionales;457;TECNICO EN CONECTIVIDAD Y TELECOMUNICACIONES;Técnico de Nivel Superior;Tecnología;No Presencial;A Distancia;No presencial;Resto IP+CFT;32
2a71399880bfdcad1cb078517b5c9b0a;2024;152;IP LATINOAMERICANO DE COMERCIO EXTERIOR - IPLACEX;Institutos Profesionales;279;TECNICO EN CONSTRUCCION;Técnico de Nivel Superior;Tecnología;Semipresencial;Semipresencial;Semipresencial;Resto IP+CFT;529
29b8ad14d283c2b440cde0472e6fc7f6;2024;152;IP LATINOAMERICANO DE COMERCIO EXTERIOR - IPLACEX;Institutos Profesionales;458;TECNICO EN CONTROL INDUSTRIAL;Técnico de Nivel Superior;Tecnología;No Presencial;A Distancia;No presencial;Resto IP+CFT;127
447c139116a260cc9c9c05531ce85714;2024;152;IP LATINOAMERICANO DE COMERCIO EXTERIOR - IPLACEX;Institutos Profesionales;446;TECNICO EN CONVIVENCIA ESCOLAR;Técnico de Nivel Superior;Educación;No Presencial;A Distancia;No presencial;Resto IP+CFT;46
9d69a63b710d5f191e43cd23242a490f;2024;152;IP LATINOAMERICANO DE COMERCIO EXTERIOR - IPLACEX;Institutos Profesionales;282;TECNICO EN EDUCACION ESPECIAL Y DIFERENCIAL;Técnico de Nivel Superior;Educación;No Presencial;A Distancia;No presencial;Resto IP+CFT;296
28afcffbf88129a575a06dfefcdff3e3;2024;152;IP LATINOAMERICANO DE COMERCIO EXTERIOR - IPLACEX;Institutos Profesionales;395;TECNICO EN EDUCACION PARVULARIA Y EDUCACION BASICA;Técnico de Nivel Superior;Educación;No Presencial;A Distancia;No presencial;Resto IP+CFT;815
c0475ca8a7113f5cd5160dd9bd42c56b;2024;152;IP LATINOAMERICANO DE COMERCIO EXTERIOR - IPLACEX;Institutos Profesionales;431;TECNICO EN ELECTRICO;Técnico de Nivel Superior;Tecnología;No Presencial;A Distancia;No presencial;Resto IP+CFT;519
a84092954920ac5f7ab65904e11d9fcf;2024;152;IP LATINOAMERICANO DE COMERCIO EXTERIOR - IPLACEX;Institutos Profesionales;22;TECNICO EN ENFERMERIA;Técnico de Nivel Superior;Salud;Semipresencial;Vespertina;Semipresencial;Resto IP+CFT;460
5c23237fc35a7fb86351677588f2727e;2024;152;IP LATINOAMERICANO DE COMERCIO EXTERIOR - IPLACEX;Institutos Profesionales;297;TECNICO EN FARMACIA;Técnico de Nivel Superior;Salud;Semipresencial;Semipresencial;Semipresencial;Resto IP+CFT;79
6fdda24a2716838727a4e37d7ecdcb91;2024;152;IP LATINOAMERICANO DE COMERCIO EXTERIOR - IPLACEX;Institutos Profesionales;396;TECNICO EN GENERACION ELECTRICA LIMPIA;Técnico de Nivel Superior;Tecnología;No Presencial;A Distancia;No presencial;Resto IP+CFT;37
75ec80764287a768035e2396e0c408db;2024;152;IP LATINOAMERICANO DE COMERCIO EXTERIOR - IPLACEX;Institutos Profesionales;283;TECNICO EN INFORMATICA;Técnico de Nivel Superior;Tecnología;No Presencial;A Distancia;No presencial;Resto IP+CFT;180
8f0ee91272035664bac8730b3c1c38bd;2024;152;IP LATINOAMERICANO DE COMERCIO EXTERIOR - IPLACEX;Institutos Profesionales;445;TECNICO EN INSTALACIONES ELECTRICAS DOMICILIARIAS E INDUSTRIALES;Técnico de Nivel Superior;Tecnología;Semipresencial;Semipresencial;Semipresencial;Resto IP+CFT;131
71653dd0e5c01a018eb77aae411e91da;2024;152;IP LATINOAMERICANO DE COMERCIO EXTERIOR - IPLACEX;Institutos Profesionales;323;TECNICO EN LOGISTICA;Técnico de Nivel Superior;Administración y Comercio;No Presencial;A Distancia;No presencial;Resto IP+CFT;428
52d6d9266a72818c11e5aae9ff1ee11a;2024;152;IP LATINOAMERICANO DE COMERCIO EXTERIOR - IPLACEX;Institutos Profesionales;398;TECNICO EN MARKETING DIGITAL;Técnico de Nivel Superior;Administración y Comercio;No Presencial;A Distancia;No presencial;Resto IP+CFT;65
0f780747e0d3dbe1c2c976e573dd8b6b;2024;152;IP LATINOAMERICANO DE COMERCIO EXTERIOR - IPLACEX;Institutos Profesionales;477;TECNICO EN ODONTOLOGIA;Técnico de Nivel Superior;Salud;Semipresencial;Semipresencial;Semipresencial;Resto IP+CFT;38
6891e906c3fd1006ba6c716ee041fe07;2024;152;IP LATINOAMERICANO DE COMERCIO EXTERIOR - IPLACEX;Institutos Profesionales;478;TECNICO EN OPERACION DE PLANTA MINERA;Técnico de Nivel Superior;Tecnología;No Presencial;A Distancia;No presencial;Resto IP+CFT;227
a2659a1c651d0a28ec2c0d0bf6683277;2024;152;IP LATINOAMERICANO DE COMERCIO EXTERIOR - IPLACEX;Institutos Profesionales;50;TECNICO EN PREVENCION DE RIESGOS;Técnico de Nivel Superior;Tecnología;No Presencial;A Distancia;No presencial;Resto IP+CFT;239
64361636a44dee6bb5eed673b390ef22;2024;152;IP LATINOAMERICANO DE COMERCIO EXTERIOR - IPLACEX;Institutos Profesionales;321;TECNICO EN RECURSOS HUMANOS;Técnico de Nivel Superior;Administración y Comercio;No Presencial;A Distancia;No presencial;Resto IP+CFT;144
1ebec0d22127e381cb0cd8635cbb4a75;2024;152;IP LATINOAMERICANO DE COMERCIO EXTERIOR - IPLACEX;Institutos Profesionales;459;TECNICO EN REDES E INFRAESTRUCTURA CLOUD;Técnico de Nivel Superior;Tecnología;No Presencial;A Distancia;No presencial;Resto IP+CFT;20
8fd4aff5105d13600af2905a4e25b42a;2024;152;IP LATINOAMERICANO DE COMERCIO EXTERIOR - IPLACEX;Institutos Profesionales;479;TECNICO EN REHABILITACION DE PERSONAS CON DEPENDENCIA DE DROGAS;Técnico de Nivel Superior;Ciencias Sociales;No Presencial;A Distancia;No presencial;Resto IP+CFT;173
a030f648c9ad6278e20bbdbf9686fdb8;2024;152;IP LATINOAMERICANO DE COMERCIO EXTERIOR - IPLACEX;Institutos Profesionales;390;TECNICO EN SALUD NATURAL Y TERAPIAS COMPLEMENTARIAS;Técnico de Nivel Superior;Salud;Semipresencial;Semipresencial;Semipresencial;Resto IP+CFT;30
a2b26e269a9d69e84548fb11db541099;2024;152;IP LATINOAMERICANO DE COMERCIO EXTERIOR - IPLACEX;Institutos Profesionales;300;TECNICO EN TRABAJO SOCIAL;Técnico de Nivel Superior;Ciencias Sociales;No Presencial;A Distancia;No presencial;Resto IP+CFT;248
530443d3765744e2c014271af83cef88;2024;152;IP LATINOAMERICANO DE COMERCIO EXTERIOR - IPLACEX;Institutos Profesionales;480;TECNICO EN TURISMO;Técnico de Nivel Superior;Administración y Comercio;No Presencial;A Distancia;No presencial;Resto IP+CFT;45
fbfb24fa0d92fec41d2962fc5161172c;2024;152;IP LATINOAMERICANO DE COMERCIO EXTERIOR - IPLACEX;Institutos Profesionales;421;TECNICO INDUSTRIAL;Técnico de Nivel Superior;Tecnología;No Presencial;A Distancia;No presencial;Resto IP+CFT;202
570b5169f77a742c954ae60432348f8d;2024;152;IP LATINOAMERICANO DE COMERCIO EXTERIOR - IPLACEX;Institutos Profesionales;301;TOPOGRAFIA;Técnico de Nivel Superior;Tecnología;Semipresencial;Semipresencial;Semipresencial;Resto IP+CFT;181
a3cc40f2fd6f81f8b936cb602066bde0;2024;152;IP LATINOAMERICANO DE COMERCIO EXTERIOR - IPLACEX;Institutos Profesionales;41;TRABAJO SOCIAL;Profesional Sin Licenciatura;Ciencias Sociales;No Presencial;A Distancia;No presencial;Resto IP+CFT;749
72c2d5e485e85201d55801aa2465cfaf;2024;101;IP LIBERTADOR DE LOS ANDES;Institutos Profesionales;38;TECNICO DE NIVEL SUPERIOR EN PREVENCION DE RIESGOS Y MEDIO AMBIENTE;Técnico de Nivel Superior;Tecnología;No Presencial;A Distancia;No presencial;Resto IP+CFT;1
20647426da2702afdaf58bddf0e22555;2024;106;IP PROVIDENCIA;Institutos Profesionales;10;CONTADOR AUDITOR;Profesional Sin Licenciatura;Administración y Comercio;No Presencial;A Distancia;No presencial;Resto IP+CFT;112
d707c441ba99f917222ccaad7f2ed252;2024;106;IP PROVIDENCIA;Institutos Profesionales;64;CONTADOR GENERAL;Técnico de Nivel Superior;Administración y Comercio;No Presencial;A Distancia;No presencial;Resto IP+CFT;222
2bd30271641b85a3573e1f8f37dcc503;2024;106;IP PROVIDENCIA;Institutos Profesionales;303;DISEÑO GRAFICO DIGITAL;Profesional Sin Licenciatura;Arte y Arquitectura;No Presencial;A Distancia;No presencial;Resto IP+CFT;121
f3991c9d640ca16b0ef568f8a11138ff;2024;106;IP PROVIDENCIA;Institutos Profesionales;262;INGENIERIA EN ADMINISTRACION MENCION MARKETING O FINANZAS O RECURSOS HUMANOS;Profesional Sin Licenciatura;Administración y Comercio;No Presencial;A Distancia;No presencial;Resto IP+CFT;209
a56064d474313c48fec4be783717eccb;2024;106;IP PROVIDENCIA;Institutos Profesionales;287;INGENIERIA EN ADMINISTRACION PUBLICA Y MUNICIPAL;Profesional Sin Licenciatura;Ciencias Sociales;No Presencial;A Distancia;No presencial;Resto IP+CFT;104
88cb37b2f993b15a776f78dd2401bb27;2024;106;IP PROVIDENCIA;Institutos Profesionales;263;INGENIERIA EN CONTROL DE GESTION;Profesional Sin Licenciatura;Administración y Comercio;No Presencial;A Distancia;No presencial;Resto IP+CFT;48
804734462aadfb06163111aec1a03dd7;2024;106;IP PROVIDENCIA;Institutos Profesionales;6;INGENIERIA EN INFORMATICA;Profesional Sin Licenciatura;Tecnología;No Presencial;A Distancia;No presencial;Resto IP+CFT;166
245743c06480e819dca3933562969509;2024;106;IP PROVIDENCIA;Institutos Profesionales;297;INGENIERIA INDUSTRIAL;Profesional Sin Licenciatura;Tecnología;No Presencial;A Distancia;No presencial;Resto IP+CFT;209
b49f27b71ce005b7db2f8a12f7ba188e;2024;106;IP PROVIDENCIA;Institutos Profesionales;293;PUBLICIDAD EN MARKETING DIGITAL;Profesional Sin Licenciatura;Ciencias Sociales;No Presencial;A Distancia;No presencial;Resto IP+CFT;38
63685b5003fbfa0ea05880989f5ea22c;2024;106;IP PROVIDENCIA;Institutos Profesionales;20;SERVICIO SOCIAL;Profesional Sin Licenciatura;Ciencias Sociales;No Presencial;A Distancia;No presencial;Resto IP+CFT;233
18210dc99a1929b492128fe6112381c2;2024;106;IP PROVIDENCIA;Institutos Profesionales;307;TECNICO DE NIVEL SUPERIOR ANALISTA DE SISTEMAS;Técnico de Nivel Superior;Tecnología;No Presencial;A Distancia;No presencial;Resto IP+CFT;16
252979d846e099ba5c8e1f254b08a3f8;2024;106;IP PROVIDENCIA;Institutos Profesionales;314;TECNICO DE NIVEL SUPERIOR EN ADMINISTRACION DE EMPRESAS MENCION FINANZAS;Técnico de Nivel Superior;Administración y Comercio;No Presencial;A Distancia;No presencial;Resto IP+CFT;154
5aaf6fc9c3483dd2a97bb173a05cdcf4;2024;106;IP PROVIDENCIA;Institutos Profesionales;315;TECNICO DE NIVEL SUPERIOR EN ADMINISTRACION DE EMPRESAS MENCION MARKETING;Técnico de Nivel Superior;Administración y Comercio;No Presencial;A Distancia;No presencial;Resto IP+CFT;91
c0faf1483a269014d5f7abb744153f16;2024;106;IP PROVIDENCIA;Institutos Profesionales;316;TECNICO DE NIVEL SUPERIOR EN ADMINISTRACION DE EMPRESAS MENCION RECURSOS HUMANOS;Técnico de Nivel Superior;Administración y Comercio;No Presencial;A Distancia;No presencial;Resto IP+CFT;243
bc200e654184b2b7ff9fc37fbe95a1f6;2024;106;IP PROVIDENCIA;Institutos Profesionales;284;TECNICO DE NIVEL SUPERIOR EN ADMINISTRACION PUBLICA;Técnico de Nivel Superior;Ciencias Sociales;No Presencial;A Distancia;No presencial;Resto IP+CFT;102
1ba805cb098a06bbe42fba247b177c9b;2024;106;IP PROVIDENCIA;Institutos Profesionales;340;TECNICO DE NIVEL SUPERIOR EN AGILE COACHING;Técnico de Nivel Superior;Administración y Comercio;No Presencial;A Distancia;No presencial;Resto IP+CFT;12
18c6f9fb013a174cf61eb471f7118657;2024;106;IP PROVIDENCIA;Institutos Profesionales;335;TECNICO DE NIVEL SUPERIOR EN CIENCIA DE DATOS;Técnico de Nivel Superior;Ciencias Básicas;No Presencial;A Distancia;No presencial;Resto IP+CFT;49
805d65bdf77ac543797ea3f1d7cba72e;2024;106;IP PROVIDENCIA;Institutos Profesionales;317;TECNICO DE NIVEL SUPERIOR EN CLOUD ADMINISTRATION;Técnico de Nivel Superior;Tecnología;No Presencial;A Distancia;No presencial;Resto IP+CFT;8
89ee77ac0c0673f2a8d820f28e44ee8e;2024;106;IP PROVIDENCIA;Institutos Profesionales;231;TECNICO DE NIVEL SUPERIOR EN COMERCIO EXTERIOR;Técnico de Nivel Superior;Administración y Comercio;No Presencial;A Distancia;No presencial;Resto IP+CFT;66
3611bb523898298ee33b8e05e0e647ca;2024;106;IP PROVIDENCIA;Institutos Profesionales;265;TECNICO DE NIVEL SUPERIOR EN CONTROL DE GESTION;Técnico de Nivel Superior;Administración y Comercio;No Presencial;A Distancia;No presencial;Resto IP+CFT;32
2d3e4591b5da1dc0769f08952ac2b1ba;2024;106;IP PROVIDENCIA;Institutos Profesionales;309;TECNICO DE NIVEL SUPERIOR EN CONTROL DE LA PRODUCCION INDUSTRIAL;Técnico de Nivel Superior;Tecnología;No Presencial;A Distancia;No presencial;Resto IP+CFT;71
0cb03d79f2c936fd6c1d32a34ff22528;2024;106;IP PROVIDENCIA;Institutos Profesionales;328;TECNICO DE NIVEL SUPERIOR EN CUSTOMER EXPERIENCE;Técnico de Nivel Superior;Administración y Comercio;No Presencial;A Distancia;No presencial;Resto IP+CFT;13
33c9bb2106ef7df835fa6a126f618716;2024;106;IP PROVIDENCIA;Institutos Profesionales;310;TECNICO DE NIVEL SUPERIOR EN DISEÑO GRAFICO DIGITAL;Técnico de Nivel Superior;Arte y Arquitectura;No Presencial;A Distancia;No presencial;Resto IP+CFT;131
a0674b2f24df1693f74b8b61535eb043;2024;106;IP PROVIDENCIA;Institutos Profesionales;268;TECNICO DE NIVEL SUPERIOR EN GESTION TURISTICA;Técnico de Nivel Superior;Administración y Comercio;No Presencial;A Distancia;No presencial;Resto IP+CFT;38
012a0d59751a0206023a5b44706c30fd;2024;106;IP PROVIDENCIA;Institutos Profesionales;329;TECNICO DE NIVEL SUPERIOR EN INBOUND MARKETING;Técnico de Nivel Superior;Administración y Comercio;No Presencial;A Distancia;No presencial;Resto IP+CFT;3
fd30c81426c3b6dc7c0b2628bb28e032;2024;106;IP PROVIDENCIA;Institutos Profesionales;286;TECNICO DE NIVEL SUPERIOR EN INFORMATICA;Técnico de Nivel Superior;Tecnología;No Presencial;A Distancia;No presencial;Resto IP+CFT;22
30d88f76a5c894c54a50843954f160e8;2024;106;IP PROVIDENCIA;Institutos Profesionales;330;TECNICO DE NIVEL SUPERIOR EN MARKETING DIGITAL;Técnico de Nivel Superior;Administración y Comercio;No Presencial;A Distancia;No presencial;Resto IP+CFT;142
4eec94643cd48ca7be4c84e3017d49bc;2024;106;IP PROVIDENCIA;Institutos Profesionales;343;TECNICO DE NIVEL SUPERIOR EN QUALITY ASSURANCE;Técnico de Nivel Superior;Administración y Comercio;No Presencial;A Distancia;No presencial;Resto IP+CFT;21
c3578ec6d65e8a3384a384afc2fcd826;2024;106;IP PROVIDENCIA;Institutos Profesionales;341;TECNICO DE NIVEL SUPERIOR EN RECLUTAMIENTO Y ATRACCION DE TALENTO;Técnico de Nivel Superior;Administración y Comercio;No Presencial;A Distancia;No presencial;Resto IP+CFT;12
dd143ff41b33add55ec0e0ea8cd5933c;2024;106;IP PROVIDENCIA;Institutos Profesionales;318;TECNICO DE NIVEL SUPERIOR EN SEGURIDAD INFORMATICA;Técnico de Nivel Superior;Tecnología;No Presencial;A Distancia;No presencial;Resto IP+CFT;159
79c621aa6abfd01f30ba37fa2751d3e9;2024;106;IP PROVIDENCIA;Institutos Profesionales;250;TECNICO DE NIVEL SUPERIOR EN SERVICIO SOCIAL;Técnico de Nivel Superior;Ciencias Sociales;No Presencial;A Distancia;No presencial;Resto IP+CFT;208
03415eeb59f2a825aa73d44fd4095514;2024;106;IP PROVIDENCIA;Institutos Profesionales;342;TECNICO DE NIVEL SUPERIOR EN SOCIAL MEDIA;Técnico de Nivel Superior;Ciencias Sociales;No Presencial;A Distancia;No presencial;Resto IP+CFT;6
9f97d160e6dfa6e5bff6279c8f1d9dfe;2024;106;IP PROVIDENCIA;Institutos Profesionales;331;TECNICO DE NIVEL SUPERIOR EN USER EXPERIENCE;Técnico de Nivel Superior;Administración y Comercio;No Presencial;A Distancia;No presencial;Resto IP+CFT;4
63c18573d9c81b1db7f878125ce43aaa;2024;106;IP PROVIDENCIA;Institutos Profesionales;295;TECNICO EN ANIMACION DIGITAL;Técnico de Nivel Superior;Arte y Arquitectura;No Presencial;A Distancia;No presencial;Resto IP+CFT;59
f7fb1191ac8b5ab3370f00567283b8b8;2024;106;IP PROVIDENCIA;Institutos Profesionales;266;TECNICO EN EDUCACION DIFERENCIAL;Técnico de Nivel Superior;Educación;No Presencial;A Distancia;No presencial;Resto IP+CFT;326
b0e1aa669030a33d920b5fe5164db523;2024;106;IP PROVIDENCIA;Institutos Profesionales;294;TECNICO EN EDUCACION PARVULARIA Y PRIMER CICLO BASICO;Técnico de Nivel Superior;Educación;No Presencial;A Distancia;No presencial;Resto IP+CFT;536
c0920df86da0f0d4d38309d5175330cd;2024;106;IP PROVIDENCIA;Institutos Profesionales;296;TECNICO EN LOGISTICA;Técnico de Nivel Superior;Administración y Comercio;No Presencial;A Distancia;No presencial;Resto IP+CFT;253
8a8370ad49843c8e373ee36c0f662055;2024;106;IP PROVIDENCIA;Institutos Profesionales;349;TECNICO EN PROGRAMACION;Técnico de Nivel Superior;Tecnología;No Presencial;A Distancia;No presencial;Resto IP+CFT;116
fec9d3a199ef9a97d9474b5ece89b5bd;2024;106;IP PROVIDENCIA;Institutos Profesionales;292;TECNICO EN PUBLICIDAD;Técnico de Nivel Superior;Ciencias Sociales;No Presencial;A Distancia;No presencial;Resto IP+CFT;5
0fe17586f3e3497e608bee1833eb1e3c;2024;106;IP PROVIDENCIA;Institutos Profesionales;350;TECNICO EN REDES INFORMATICAS;Técnico de Nivel Superior;Tecnología;No Presencial;A Distancia;No presencial;Resto IP+CFT;33
140acef91c1becc400c606d278d0555d;2024;106;IP PROVIDENCIA;Institutos Profesionales;269;TECNICO JURIDICO EN GESTION JUDICIAL;Técnico de Nivel Superior;Derecho;No Presencial;A Distancia;No presencial;Resto IP+CFT;137
c4b7c24ed8231aeb8f19c1150bf774a4;2024;162;IP SAN SEBASTIAN;Institutos Profesionales;76;INGENIERIA EN ADMINISTRACION DE EMPRESAS;Profesional Sin Licenciatura;Administración y Comercio;No Presencial;A Distancia;No presencial;Resto IP+CFT;7
416f88e83c43111b80c0317ec945ae05;2024;162;IP SAN SEBASTIAN;Institutos Profesionales;46;INGENIERIA EN CIBERSEGURIDAD;Profesional Sin Licenciatura;Tecnología;No Presencial;A Distancia;No presencial;Resto IP+CFT;54
8765de2aa68ab034256e271c55c76028;2024;162;IP SAN SEBASTIAN;Institutos Profesionales;3;INGENIERIA EN CONECTIVIDAD Y REDES;Profesional Sin Licenciatura;Tecnología;No Presencial;A Distancia;No presencial;Resto IP+CFT;62
ea53dcb811f12f81b4d9f35056f80317;2024;162;IP SAN SEBASTIAN;Institutos Profesionales;1;INGENIERIA EN INFORMATICA;Profesional Sin Licenciatura;Tecnología;No Presencial;A Distancia;No presencial;Resto IP+CFT;80
9e3671f2193c21ee1930fcf04267774f;2024;162;IP SAN SEBASTIAN;Institutos Profesionales;77;INGENIERIA EN LOGISTICA;Profesional Sin Licenciatura;Administración y Comercio;No Presencial;A Distancia;No presencial;Resto IP+CFT;9
d55c9b83900d6620a5466b652d4b98d0;2024;162;IP SAN SEBASTIAN;Institutos Profesionales;78;TECNICO EN ADMINISTRACION DE EMPRESAS;Técnico de Nivel Superior;Administración y Comercio;No Presencial;A Distancia;No presencial;Resto IP+CFT;8
e1263a5cd75eb83acc4dc293711a3091;2024;162;IP SAN SEBASTIAN;Institutos Profesionales;47;TECNICO EN CIBERSEGURIDAD;Técnico de Nivel Superior;Tecnología;No Presencial;A Distancia;No presencial;Resto IP+CFT;55
42e517f50bacfe0041fb851d0da6d9bd;2024;162;IP SAN SEBASTIAN;Institutos Profesionales;6;TECNICO EN CONECTIVIDAD Y REDES;Técnico de Nivel Superior;Tecnología;No Presencial;A Distancia;No presencial;Resto IP+CFT;23
a74b32c6b1d9a58ca5e6a5f2b9265635;2024;162;IP SAN SEBASTIAN;Institutos Profesionales;79;TECNICO EN LOGISTICA;Técnico de Nivel Superior;Administración y Comercio;No Presencial;A Distancia;No presencial;Resto IP+CFT;15
8f894c79a49e4787d4d03ea21710fcf4;2024;162;IP SAN SEBASTIAN;Institutos Profesionales;57;TECNICO EN PROGRAMACION Y ANALISIS DE SISTEMAS;Técnico de Nivel Superior;Tecnología;No Presencial;A Distancia;No presencial;Resto IP+CFT;110
834e864fcc32a1720cce10c48646929f;2024;116;IP SANTO TOMAS;Institutos Profesionales;228;ADMINISTRACION PUBLICA;Profesional Sin Licenciatura;Ciencias Sociales;No Presencial;A Distancia;No presencial;Resto IP+CFT;30
9286b2e495f2ff8864bb2ca3b857e2bf;2024;116;IP SANTO TOMAS;Institutos Profesionales;9;CONTADOR AUDITOR;Profesional Sin Licenciatura;Administración y Comercio;No Presencial;A Distancia;No presencial;Resto IP+CFT;74
21c731f6b51f75fc2b2e72d5fe4f9a8f;2024;116;IP SANTO TOMAS;Institutos Profesionales;221;INGENIERIA EN ADMINISTRACION DE EMPRESAS;Profesional Sin Licenciatura;Administración y Comercio;No Presencial;A Distancia;No presencial;Resto IP+CFT;80
930dccd4cc94f329d97ba92cd24a70a6;2024;116;IP SANTO TOMAS;Institutos Profesionales;141;INGENIERIA EN ADMINISTRACION DE RECURSOS HUMANOS;Profesional Sin Licenciatura;Administración y Comercio;No Presencial;A Distancia;No presencial;Resto IP+CFT;39
6cbb572921ca9b915d42c5ff6c3b733f;2024;116;IP SANTO TOMAS;Institutos Profesionales;201;INGENIERIA EN LOGISTICA;Profesional Sin Licenciatura;Administración y Comercio;No Presencial;A Distancia;No presencial;Resto IP+CFT;44
f7ebd45fe43e561de3affdd7b6491c73;2024;116;IP SANTO TOMAS;Institutos Profesionales;148;INGENIERIA EN PREVENCION DE RIESGOS;Profesional Sin Licenciatura;Tecnología;No Presencial;A Distancia;No presencial;Resto IP+CFT;59
19d4ee007ee6331340d7b93c4de73210;2024;116;IP SANTO TOMAS;Institutos Profesionales;196;PSICOPEDAGOGIA;Profesional Sin Licenciatura;Educación;No Presencial;A Distancia;No presencial;Resto IP+CFT;70
0dcb23bd543eb05a962aae634f1cfc8f;2024;116;IP SANTO TOMAS;Institutos Profesionales;4;SERVICIO SOCIAL;Profesional Sin Licenciatura;Ciencias Sociales;No Presencial;A Distancia;No presencial;Resto IP+CFT;75
0ac80abb9d9e4e4b88d9b24fef1eef8c;2024;116;IP SANTO TOMAS;Institutos Profesionales;17;TECNICO EN TRABAJO SOCIAL;Técnico de Nivel Superior;Ciencias Sociales;No Presencial;A Distancia;No presencial;Resto IP+CFT;84
4b5652c066f5d0c89c372a3a91e8a843;2025;959;CFT ACADEMIA CHILENA DE YOGA;Centros de Formación Técnica;1;TECNICO NIVEL SUPERIOR DE INSTRUCCION DE YOGA;Técnico de Nivel Superior;Educación;Semipresencial;Semipresencial;Semipresencial;Resto IP+CFT;46
800e8951f23d05198816eb80a1feb529;2025;382;CFT ALPES;Centros de Formación Técnica;49;FOTOGRAFIA EN MEDIOS DIGITALES;Técnico de Nivel Superior;Arte y Arquitectura;No Presencial;A Distancia;No presencial;Resto IP+CFT;7
7d96a179b2de50188187ecf2d87869f7;2025;382;CFT ALPES;Centros de Formación Técnica;50;ILUSTRACION DIGITAL;Técnico de Nivel Superior;Arte y Arquitectura;No Presencial;A Distancia;No presencial;Resto IP+CFT;20
aec9832117b5ca684c6624ae0e57eaa1;2025;312;CFT CENCO;Centros de Formación Técnica;56;TECNICO DE NIVEL SUPERIOR EN ADMINISTRACION DE EMPRESAS;Técnico de Nivel Superior;Administración y Comercio;No Presencial;A Distancia;No presencial;Resto IP+CFT;35
3bf021f91e69b2a2ff97bbd3ec4d96ae;2025;312;CFT CENCO;Centros de Formación Técnica;80;TECNICO DE NIVEL SUPERIOR EN ADMINISTRACION DE RECURSOS HUMANOS;Técnico de Nivel Superior;Administración y Comercio;No Presencial;A Distancia;No presencial;Resto IP+CFT;22
04e0ca308366da8960f83fe854c3bab1;2025;312;CFT CENCO;Centros de Formación Técnica;110;TECNICO DE NIVEL SUPERIOR EN ADMINISTRACION LOGISTICA;Técnico de Nivel Superior;Administración y Comercio;No Presencial;A Distancia;No presencial;Resto IP+CFT;24
f72705795bd070c242818bcc98ea4c5a;2025;312;CFT CENCO;Centros de Formación Técnica;82;TECNICO DE NIVEL SUPERIOR EN ADMINISTRACION PUBLICA;Técnico de Nivel Superior;Ciencias Sociales;No Presencial;A Distancia;No presencial;Resto IP+CFT;35
a7ff50442f5dd47846199cc658601f80;2025;312;CFT CENCO;Centros de Formación Técnica;102;TECNICO DE NIVEL SUPERIOR EN ASISTENTE DE AULA;Técnico de Nivel Superior;Educación;No Presencial;A Distancia;No presencial;Resto IP+CFT;13
c8c5c7375d44867f89f084cda36110b0;2025;312;CFT CENCO;Centros de Formación Técnica;121;TECNICO DE NIVEL SUPERIOR EN COMERCIO EXTERIOR Y MERCADOS DIGITALES;Técnico de Nivel Superior;Administración y Comercio;No Presencial;A Distancia;No presencial;Resto IP+CFT;14
9ac6b4a0f9eaefc3abe661f54fc0b117;2025;312;CFT CENCO;Centros de Formación Técnica;13;TECNICO DE NIVEL SUPERIOR EN CONTABILIDAD GENERAL;Técnico de Nivel Superior;Administración y Comercio;No Presencial;A Distancia;No presencial;Resto IP+CFT;30
013ddeeeafd3ad149a23519b109843bf;2025;312;CFT CENCO;Centros de Formación Técnica;122;TECNICO DE NIVEL SUPERIOR EN EDUCACION ESPECIAL;Técnico de Nivel Superior;Educación;No Presencial;A Distancia;No presencial;Resto IP+CFT;23
0e231e1d51f42abc35fe4a9a92eb708a;2025;312;CFT CENCO;Centros de Formación Técnica;101;TECNICO DE NIVEL SUPERIOR EN EDUCACION PARVULARIA;Técnico de Nivel Superior;Educación;No Presencial;A Distancia;No presencial;Resto IP+CFT;51
e6db63a82955d21ede7ea0542845bd47;2025;312;CFT CENCO;Centros de Formación Técnica;84;TECNICO DE NIVEL SUPERIOR EN FARMACIA;Técnico de Nivel Superior;Salud;No Presencial;A Distancia;No presencial;Resto IP+CFT;133
f4bb45dab150baea9476eceaf51936c5;2025;312;CFT CENCO;Centros de Formación Técnica;86;TECNICO DE NIVEL SUPERIOR EN GESTION DE INSTITUCIONES DE SALUD;Técnico de Nivel Superior;Administración y Comercio;No Presencial;A Distancia;No presencial;Resto IP+CFT;9
924282d74a41d24da96d570a720ea10c;2025;312;CFT CENCO;Centros de Formación Técnica;123;TECNICO DE NIVEL SUPERIOR EN GESTION SOCIAL Y COMUNITARIA;Técnico de Nivel Superior;Ciencias Sociales;No Presencial;A Distancia;No presencial;Resto IP+CFT;4
c3ecf12fbb94117f494ea8f0edeb40ab;2025;312;CFT CENCO;Centros de Formación Técnica;103;TECNICO DE NIVEL SUPERIOR EN INSPECTOR EDUCACIONAL;Técnico de Nivel Superior;Educación;No Presencial;A Distancia;No presencial;Resto IP+CFT;26
4e86c6cd9db8b3a12d817cc85f0c9cd7;2025;312;CFT CENCO;Centros de Formación Técnica;89;TECNICO DE NIVEL SUPERIOR EN TRABAJO SOCIAL;Técnico de Nivel Superior;Ciencias Sociales;No Presencial;A Distancia;No presencial;Resto IP+CFT;42
4114313150b442c35fe184c7ddc6341a;2025;218;CFT DE ENAC;Centros de Formación Técnica;41;TECNICO EN ADMINISTRACION DE EMPRESAS;Técnico de Nivel Superior;Administración y Comercio;No Presencial;A Distancia;No presencial;Resto IP+CFT;17
03fcc23f9410fabe17c0ed287174c522;2025;218;CFT DE ENAC;Centros de Formación Técnica;150;TECNICO EN AUTOMATIZACION Y CONTROL INDUSTRIAL;Técnico de Nivel Superior;Tecnología;No Presencial;A Distancia;No presencial;Resto IP+CFT;11
32a2fd1eb2d635b2138009c22922e221;2025;218;CFT DE ENAC;Centros de Formación Técnica;152;TECNICO EN COSMETOLOGIA Y ESTETICA INTEGRAL;Técnico de Nivel Superior;Arte y Arquitectura;Semipresencial;Semipresencial;Semipresencial;Resto IP+CFT;43
517bc81784ccb9ba74756552921753b3;2025;218;CFT DE ENAC;Centros de Formación Técnica;10;TECNICO EN ENFERMERIA;Técnico de Nivel Superior;Salud;Semipresencial;Semipresencial;Semipresencial;Resto IP+CFT;50
0e4e9708e1a3c90b42125dd878821a25;2025;218;CFT DE ENAC;Centros de Formación Técnica;37;TECNICO EN FARMACIA;Técnico de Nivel Superior;Salud;No Presencial;A Distancia;No presencial;Resto IP+CFT;87
d0390c80eaa163d5df2efe3b07377b20;2025;218;CFT DE ENAC;Centros de Formación Técnica;137;TECNICO EN GESTION DE RECURSOS HUMANOS;Técnico de Nivel Superior;Administración y Comercio;No Presencial;A Distancia;No presencial;Resto IP+CFT;18
c77c349867a61d96c4b5644c2841c06d;2025;218;CFT DE ENAC;Centros de Formación Técnica;125;TECNICO EN LOGISTICA;Técnico de Nivel Superior;Administración y Comercio;No Presencial;A Distancia;No presencial;Resto IP+CFT;21
5fef7c35646e7a20eba01bcdcdbeb01d;2025;218;CFT DE ENAC;Centros de Formación Técnica;25;TECNICO EN TRABAJO SOCIAL;Técnico de Nivel Superior;Ciencias Sociales;No Presencial;A Distancia;No presencial;Resto IP+CFT;60
a409fc7680fbd31f30d088905b173f95;2025;920;CFT DE LA REGION DE MAGALLANES Y ANTARTICA CHILENA;Centros de Formación Técnica;10;TECNICO EN ADMINISTRACION PUBLICA;Técnico de Nivel Superior;Ciencias Sociales;Semipresencial;Semipresencial;Semipresencial;Resto IP+CFT;7
ab339bfa9999441fdc30f9c4cc0d4d25;2025;435;CFT DEL MEDIO AMBIENTE;Centros de Formación Técnica;114;TECNICO EN MANEJO DE AREAS SILVESTRES PROTEGIDAS;Técnico de Nivel Superior;Tecnología;Semipresencial;Semipresencial;Semipresencial;Resto IP+CFT;45
c856c9c7206ca758a6e2957318996893;2025;435;CFT DEL MEDIO AMBIENTE;Centros de Formación Técnica;1;TECNICO EN MEDIO AMBIENTE;Técnico de Nivel Superior;Tecnología;No Presencial;A Distancia;No presencial;Resto IP+CFT;29
b03f6f695dbe0585a25fd75661228293;2025;435;CFT DEL MEDIO AMBIENTE;Centros de Formación Técnica;195;TECNICO EN RESTAURACION ECOLOGICA;Técnico de Nivel Superior;Tecnología;Semipresencial;Semipresencial;Semipresencial;Resto IP+CFT;18
1e0f30a99dcb1ad6828451a7aca9083b;2025;730;CFT ESCUELA CULINARIA FRANCESA;Centros de Formación Técnica;8;TECNICO DE NIVEL SUPERIOR EN GASTRONOMIA INTERNACIONAL MENCION GASTRONOMIA FRANCESA;Técnico de Nivel Superior;Administración y Comercio;Semipresencial;Semipresencial;Semipresencial;Resto IP+CFT;63
7e1ac125be59a879ed742459e20dd692;2025;730;CFT ESCUELA CULINARIA FRANCESA;Centros de Formación Técnica;9;TECNICO DE NIVEL SUPERIOR EN GASTRONOMIA INTERNACIONAL MENCION PANADERIA;Técnico de Nivel Superior;Administración y Comercio;Semipresencial;Semipresencial;Semipresencial;Resto IP+CFT;1
ea4345ae0803ee67afce5563b0b8f216;2025;730;CFT ESCUELA CULINARIA FRANCESA;Centros de Formación Técnica;13;TECNICO DE NIVEL SUPERIOR EN GASTRONOMIA INTERNACIONAL MENCION PASTELERIA FRANCESA;Técnico de Nivel Superior;Administración y Comercio;Semipresencial;Semipresencial;Semipresencial;Resto IP+CFT;4
f50069aee8d52f2c27dd23d4455c4f42;2025;430;CFT INACAP;Centros de Formación Técnica;201;ADMINISTRACION DE EMPRESAS;Técnico de Nivel Superior;Administración y Comercio;No Presencial;A Distancia;No presencial;Resto IP+CFT;458
46a000838b32727e7aa58e1bd1ce31dc;2025;430;CFT INACAP;Centros de Formación Técnica;2;COMERCIO EXTERIOR;Técnico de Nivel Superior;Administración y Comercio;No Presencial;A Distancia;No presencial;Resto IP+CFT;161
20d8c389ce941c5c7ec94205830a7b10;2025;430;CFT INACAP;Centros de Formación Técnica;351;TECNICO EN ADMINISTRACION PUBLICA;Técnico de Nivel Superior;Ciencias Sociales;No Presencial;A Distancia;No presencial;Resto IP+CFT;110
92b4452acc33b75f415b960f7a651fd7;2025;701;CFT MANPOWER;Centros de Formación Técnica;3;ADMINISTRACION DE EMPRESAS MENCION MARKETING Y VENTAS O COMERCIO EXTERIOR O GESTION DEL CAPITAL HUMANO;Técnico de Nivel Superior;Administración y Comercio;No Presencial;A Distancia;No presencial;Resto IP+CFT;166
2b0097772cb616360d7832a0ff6e6934;2025;701;CFT MANPOWER;Centros de Formación Técnica;2;ASISTENTE EJECUTIVO BILINGÜE;Técnico de Nivel Superior;Administración y Comercio;Semipresencial;Semipresencial;Semipresencial;Resto IP+CFT;21
77edbf5a769d1898e45db825c78835ec;2025;701;CFT MANPOWER;Centros de Formación Técnica;2;ASISTENTE EJECUTIVO BILINGÜE;Técnico de Nivel Superior;Administración y Comercio;No Presencial;A Distancia;No presencial;Resto IP+CFT;73
0b50591f7793e39c0af3e1a7e1a8170c;2025;701;CFT MANPOWER;Centros de Formación Técnica;30;ASISTENTE EJECUTIVO Y DE GESTION;Técnico de Nivel Superior;Administración y Comercio;No Presencial;A Distancia;No presencial;Resto IP+CFT;97
7afacf7b4be992577e2a447768bddb50;2025;701;CFT MANPOWER;Centros de Formación Técnica;30;ASISTENTE EJECUTIVO Y DE GESTION;Técnico de Nivel Superior;Administración y Comercio;Semipresencial;Semipresencial;Semipresencial;Resto IP+CFT;15
53c8b4693fb1b57b1b3f6e8bf512ca09;2025;701;CFT MANPOWER;Centros de Formación Técnica;42;COMERCIO EXTERIOR;Técnico de Nivel Superior;Administración y Comercio;No Presencial;A Distancia;No presencial;Resto IP+CFT;42
a3dd9533b642ca0bef35ea315f159e38;2025;701;CFT MANPOWER;Centros de Formación Técnica;35;CONTABILIDAD TRIBUTARIA;Técnico de Nivel Superior;Administración y Comercio;No Presencial;A Distancia;No presencial;Resto IP+CFT;66
03de6c8c5ef79fe747e9cce57083a362;2025;701;CFT MANPOWER;Centros de Formación Técnica;36;GESTION LOGISTICA INTEGRAL;Técnico de Nivel Superior;Administración y Comercio;No Presencial;A Distancia;No presencial;Resto IP+CFT;83
2dcf97bb865ff25961fac4801b16a108;2025;319;CFT PRODATA;Centros de Formación Técnica;37;TECNICO EN ENFERMERIA;Técnico de Nivel Superior;Salud;No Presencial;A Distancia;No presencial;Resto IP+CFT;68
67fc46f4beba5018650b438ea5a47d41;2025;629;CFT PUCV;Centros de Formación Técnica;113;TECNICO DE NIVEL SUPERIOR EN ADMINISTRACION DE EMPRESAS;Técnico de Nivel Superior;Administración y Comercio;No Presencial;A Distancia;No presencial;Resto IP+CFT;34
0826d75eff50ee81ab24439646be00d5;2025;629;CFT PUCV;Centros de Formación Técnica;156;TECNICO DE NIVEL SUPERIOR EN ADMINISTRACION PUBLICA;Técnico de Nivel Superior;Ciencias Sociales;No Presencial;A Distancia;No presencial;Resto IP+CFT;36
e4e69ca9cf1ac976dbadeff580982801;2025;629;CFT PUCV;Centros de Formación Técnica;115;TECNICO DE NIVEL SUPERIOR EN CONTABILIDAD GENERAL;Técnico de Nivel Superior;Administración y Comercio;No Presencial;A Distancia;No presencial;Resto IP+CFT;28
bb272ae0b568f4274861ffec6fc23d41;2025;629;CFT PUCV;Centros de Formación Técnica;100;TECNICO DE NIVEL SUPERIOR EN LOGISTICA;Técnico de Nivel Superior;Administración y Comercio;No Presencial;A Distancia;No presencial;Resto IP+CFT;19
17f2b44014b3be1cc252cf4b1ae71f4c;2025;629;CFT PUCV;Centros de Formación Técnica;10;TECNICO DE NIVEL SUPERIOR EN OPERACIONES PORTUARIAS;Técnico de Nivel Superior;Tecnología;No Presencial;A Distancia;No presencial;Resto IP+CFT;7
599b6c23ba6e0d0a2f3f577cc43a1cf3;2025;629;CFT PUCV;Centros de Formación Técnica;167;TECNICO DE NIVEL SUPERIOR EN OPTICA Y CONTACTOLOGIA;Técnico de Nivel Superior;Salud;No Presencial;A Distancia;No presencial;Resto IP+CFT;79
ff789860cc701c5ccea446ce1e946ecc;2025;629;CFT PUCV;Centros de Formación Técnica;136;TECNICO DE NIVEL SUPERIOR EN PREVENCION DE RIESGOS;Técnico de Nivel Superior;Tecnología;No Presencial;A Distancia;No presencial;Resto IP+CFT;15
7bf6de1ba5066a620d8d68f760735347;2025;629;CFT PUCV;Centros de Formación Técnica;151;TECNICO DE NIVEL SUPERIOR EN TRABAJO SOCIAL;Técnico de Nivel Superior;Ciencias Sociales;No Presencial;A Distancia;No presencial;Resto IP+CFT;24
af3914d9c1ff23f7a82acfa5cdc69231;2025;260;CFT SANTO TOMAS;Centros de Formación Técnica;107;CONTABILIDAD GENERAL;Técnico de Nivel Superior;Administración y Comercio;No Presencial;A Distancia;No presencial;Resto IP+CFT;73
6d743212490efa766616eaaf2004d1a8;2025;260;CFT SANTO TOMAS;Centros de Formación Técnica;120;TECNICO EN ADMINISTRACION;Técnico de Nivel Superior;Administración y Comercio;No Presencial;A Distancia;No presencial;Resto IP+CFT;113
e6a2f1c5282c23826360c0768568dedd;2025;260;CFT SANTO TOMAS;Centros de Formación Técnica;263;TECNICO EN ADMINISTRACION DE RECURSOS HUMANOS;Técnico de Nivel Superior;Administración y Comercio;No Presencial;A Distancia;No presencial;Resto IP+CFT;58
af7b22461325896bb7cb67a42ab569e5;2025;260;CFT SANTO TOMAS;Centros de Formación Técnica;234;TECNICO EN ADMINISTRACION LOGISTICA;Técnico de Nivel Superior;Administración y Comercio;No Presencial;A Distancia;No presencial;Resto IP+CFT;50
e1f4475c7a05792cf8a7263335dc3e54;2025;143;IP AIEP;Institutos Profesionales;660;ADMINISTRACION PUBLICA;Profesional Sin Licenciatura;Ciencias Sociales;No Presencial;A Distancia;No presencial;Resto IP+CFT;136
0a5151e333514ba3c0585280a0d87da1;2025;143;IP AIEP;Institutos Profesionales;29;ASISTENTE DE PARVULOS;Técnico de Nivel Superior;Educación;No Presencial;A Distancia;No presencial;Resto IP+CFT;3
2236c6978355bccfc4c5835d9910fbb5;2025;143;IP AIEP;Institutos Profesionales;73;AUDITORIA;Profesional Sin Licenciatura;Administración y Comercio;No Presencial;A Distancia;No presencial;Resto IP+CFT;147
e9e376d0d5f0bd6ae9cf94173de265ed;2025;143;IP AIEP;Institutos Profesionales;9;CONTABILIDAD GENERAL;Técnico de Nivel Superior;Administración y Comercio;No Presencial;A Distancia;No presencial;Resto IP+CFT;160
ac9b9afe4d3292801e1f03ddd0d7be93;2025;143;IP AIEP;Institutos Profesionales;609;GASTRONOMIA INTERNACIONAL;Técnico de Nivel Superior;Administración y Comercio;Semipresencial;Semipresencial;Semipresencial;Resto IP+CFT;10
8b93fd3a7a7a074662daae90da0faae9;2025;143;IP AIEP;Institutos Profesionales;111;INGENIERIA DE EJECUCION EN ADMINISTRACION DE EMPRESAS MENCION FINANZAS;Profesional Sin Licenciatura;Administración y Comercio;No Presencial;A Distancia;No presencial;Resto IP+CFT;17
00cfd83e22d761ddbfae70206cc87007;2025;143;IP AIEP;Institutos Profesionales;112;INGENIERIA DE EJECUCION EN ADMINISTRACION DE EMPRESAS MENCION MARKETING;Profesional Sin Licenciatura;Administración y Comercio;No Presencial;A Distancia;No presencial;Resto IP+CFT;3
8d4774d619a7881b7fecae571d7b307b;2025;143;IP AIEP;Institutos Profesionales;113;INGENIERIA DE EJECUCION EN ADMINISTRACION DE EMPRESAS MENCION RECURSOS HUMANOS;Profesional Sin Licenciatura;Administración y Comercio;No Presencial;A Distancia;No presencial;Resto IP+CFT;25
f79a999c4fea85b295230aa5486997fe;2025;143;IP AIEP;Institutos Profesionales;113;INGENIERIA DE EJECUCION EN ADMINISTRACION DE EMPRESAS MENCION RECURSOS HUMANOS;Profesional Sin Licenciatura;Administración y Comercio;Semipresencial;Semipresencial;Semipresencial;Resto IP+CFT;1
b216772b2dfeb392efca7f8ca4b05899;2025;143;IP AIEP;Institutos Profesionales;219;INGENIERIA DE EJECUCION EN INFORMATICA MENCION DESARROLLO DE SISTEMAS;Profesional Sin Licenciatura;Tecnología;No Presencial;A Distancia;No presencial;Resto IP+CFT;42
d4cdcc424875ad559b2ffaadb5ac1e16;2025;143;IP AIEP;Institutos Profesionales;95;INGENIERIA EN ADMINISTRACION DE EMPRESAS;Profesional Sin Licenciatura;Administración y Comercio;No Presencial;A Distancia;No presencial;Resto IP+CFT;280
7807a2b88c2315f0958629f3bfe27d5d;2025;143;IP AIEP;Institutos Profesionales;745;INGENIERIA EN ADMINISTRACION DE EMPRESAS MENCION FINANZAS;Profesional Sin Licenciatura;Administración y Comercio;No Presencial;A Distancia;No presencial;Resto IP+CFT;84
18d9fcd81429832c8d02bdd7453ae7bb;2025;143;IP AIEP;Institutos Profesionales;743;INGENIERIA EN ADMINISTRACION DE EMPRESAS MENCION MARKETING;Profesional Sin Licenciatura;Administración y Comercio;No Presencial;A Distancia;No presencial;Resto IP+CFT;56
c14135ad1a945d8b4147e3b3a552daaf;2025;143;IP AIEP;Institutos Profesionales;744;INGENIERIA EN ADMINISTRACION DE EMPRESAS MENCION RECURSOS HUMANOS;Profesional Sin Licenciatura;Administración y Comercio;No Presencial;A Distancia;No presencial;Resto IP+CFT;104
2cf006e14786aa3e00d6782bf0ec5e9e;2025;143;IP AIEP;Institutos Profesionales;728;INGENIERIA EN ANIMACION 3D;Profesional Sin Licenciatura;Tecnología;No Presencial;A Distancia;No presencial;Resto IP+CFT;49
937b4c64f527ed6f82de3d394a7584a7;2025;143;IP AIEP;Institutos Profesionales;702;INGENIERIA EN AUTOMATIZACION Y CONTROL INDUSTRIAL;Profesional Sin Licenciatura;Tecnología;No Presencial;A Distancia;No presencial;Resto IP+CFT;209
9c6c7d3ef0cbace12f7a63a62df9596c;2025;143;IP AIEP;Institutos Profesionales;650;INGENIERIA EN CIBERSEGURIDAD;Profesional Sin Licenciatura;Tecnología;No Presencial;A Distancia;No presencial;Resto IP+CFT;162
c95086bee62b666d65520429f7df22fd;2025;143;IP AIEP;Institutos Profesionales;703;INGENIERIA EN DATA SCIENCE;Profesional Sin Licenciatura;Ciencias Básicas;No Presencial;A Distancia;No presencial;Resto IP+CFT;56
73dc606f612238a2e2d76147e712c5c9;2025;143;IP AIEP;Institutos Profesionales;664;INGENIERIA EN ELECTRICIDAD Y ENERGIAS RENOVABLES;Profesional Sin Licenciatura;Tecnología;Semipresencial;Semipresencial;Semipresencial;Resto IP+CFT;28
d7696667645b4f43fd8db2291b13ea68;2025;143;IP AIEP;Institutos Profesionales;665;INGENIERIA EN GESTION DE OPERACIONES LOGISTICAS;Profesional Sin Licenciatura;Administración y Comercio;No Presencial;A Distancia;No presencial;Resto IP+CFT;176
113039cf61002a8e633e84049a1d3215;2025;143;IP AIEP;Institutos Profesionales;711;INGENIERIA EN GESTION DE RECURSOS HUMANOS;Profesional Sin Licenciatura;Administración y Comercio;No Presencial;A Distancia;No presencial;Resto IP+CFT;64
1131113285f04d74710c92ac18653377;2025;143;IP AIEP;Institutos Profesionales;712;INGENIERIA EN GESTION FINANCIERA;Profesional Sin Licenciatura;Administración y Comercio;No Presencial;A Distancia;No presencial;Resto IP+CFT;29
6139ded4b7468002da59384805560033;2025;143;IP AIEP;Institutos Profesionales;15;INGENIERIA EN INFORMATICA;Profesional Sin Licenciatura;Tecnología;Semipresencial;Semipresencial;Semipresencial;Resto IP+CFT;21
9c7d50097d574827a83119dbf2352708;2025;143;IP AIEP;Institutos Profesionales;15;INGENIERIA EN INFORMATICA;Profesional Sin Licenciatura;Tecnología;No Presencial;A Distancia;No presencial;Resto IP+CFT;192
a5eae267883b5b36610b84804166a94c;2025;143;IP AIEP;Institutos Profesionales;690;INGENIERIA EN MINAS;Profesional Sin Licenciatura;Tecnología;Semipresencial;Semipresencial;Semipresencial;Resto IP+CFT;14
6e5e957700cd0a0a85b48e9239d3fa34;2025;143;IP AIEP;Institutos Profesionales;667;INGENIERIA EN NEGOCIOS ELECTRONICOS;Profesional Sin Licenciatura;Administración y Comercio;No Presencial;A Distancia;No presencial;Resto IP+CFT;2
227f3b7e0f514e9dacfdd15659bb572a;2025;143;IP AIEP;Institutos Profesionales;77;INGENIERIA EN PREVENCION DE RIESGOS;Profesional Sin Licenciatura;Tecnología;Semipresencial;Semipresencial;Semipresencial;Resto IP+CFT;14
cd6b9df930d4e7865fb3635dbb7bb430;2025;143;IP AIEP;Institutos Profesionales;77;INGENIERIA EN PREVENCION DE RIESGOS;Profesional Sin Licenciatura;Tecnología;No Presencial;A Distancia;No presencial;Resto IP+CFT;218
5282f52edc89673885be3978e856f1f2;2025;143;IP AIEP;Institutos Profesionales;707;INGENIERIA INDUSTRIAL;Profesional Sin Licenciatura;Tecnología;No Presencial;A Distancia;No presencial;Resto IP+CFT;442
c663e4e366b3c51d5e9ecdaad6a9be6d;2025;143;IP AIEP;Institutos Profesionales;62;PODOLOGIA CLINICA;Técnico de Nivel Superior;Salud;Semipresencial;Semipresencial;Semipresencial;Resto IP+CFT;93
17c18d1bc62a281c6f32ea1f17c3d3e6;2025;143;IP AIEP;Institutos Profesionales;100;PSICOPEDAGOGIA;Profesional Sin Licenciatura;Educación;No Presencial;A Distancia;No presencial;Resto IP+CFT;179
687728a31e1a714ac4b1fc727fc3f53b;2025;143;IP AIEP;Institutos Profesionales;469;TECNICO ASISTENTE EN EDUCACION ESPECIAL;Técnico de Nivel Superior;Educación;No Presencial;A Distancia;No presencial;Resto IP+CFT;110
090d2f67651ce413133ede6c85d9cea9;2025;143;IP AIEP;Institutos Profesionales;651;TECNICO EN ADMINISTRACION DE EMPRESAS;Técnico de Nivel Superior;Administración y Comercio;No Presencial;A Distancia;No presencial;Resto IP+CFT;327
01cc2f6bdec21e3b5a02a4d54723dd1a;2025;143;IP AIEP;Institutos Profesionales;115;TECNICO EN ADMINISTRACION DE EMPRESAS MENCION FINANZAS;Técnico de Nivel Superior;Administración y Comercio;No Presencial;A Distancia;No presencial;Resto IP+CFT;113
c6b877c21184458565754ccf926f0041;2025;143;IP AIEP;Institutos Profesionales;117;TECNICO EN ADMINISTRACION DE EMPRESAS MENCION MARKETING;Técnico de Nivel Superior;Administración y Comercio;No Presencial;A Distancia;No presencial;Resto IP+CFT;72
085034a866f2ed03bc651fe0397439b7;2025;143;IP AIEP;Institutos Profesionales;118;TECNICO EN ADMINISTRACION DE EMPRESAS MENCION RECURSOS HUMANOS;Técnico de Nivel Superior;Administración y Comercio;No Presencial;A Distancia;No presencial;Resto IP+CFT;137
9e9e241f173e0cea26646222b20ca9d5;2025;143;IP AIEP;Institutos Profesionales;118;TECNICO EN ADMINISTRACION DE EMPRESAS MENCION RECURSOS HUMANOS;Técnico de Nivel Superior;Administración y Comercio;Semipresencial;Semipresencial;Semipresencial;Resto IP+CFT;1
60b5d53a57e1d70d675877856d69b600;2025;143;IP AIEP;Institutos Profesionales;653;TECNICO EN ADMINISTRACION PUBLICA;Técnico de Nivel Superior;Ciencias Sociales;No Presencial;A Distancia;No presencial;Resto IP+CFT;64
69860ce6c7188ea60ed92cdce0404386;2025;143;IP AIEP;Institutos Profesionales;700;TECNICO EN ANALISIS DE DATOS;Técnico de Nivel Superior;Ciencias Básicas;No Presencial;A Distancia;No presencial;Resto IP+CFT;73
d945582b02d3d782e3689758071e4a70;2025;143;IP AIEP;Institutos Profesionales;701;TECNICO EN ANIMACION 3D;Técnico de Nivel Superior;Arte y Arquitectura;No Presencial;A Distancia;No presencial;Resto IP+CFT;50
da9bbeaecc6ca96579804f30c8cd0005;2025;143;IP AIEP;Institutos Profesionales;654;TECNICO EN AUTOMATIZACION Y CONTROL INDUSTRIAL;Técnico de Nivel Superior;Tecnología;No Presencial;A Distancia;No presencial;Resto IP+CFT;234
45f96c8e5f910e7e5cad5e90e922dce4;2025;143;IP AIEP;Institutos Profesionales;709;TECNICO EN CIBERSEGURIDAD;Técnico de Nivel Superior;Tecnología;No Presencial;A Distancia;No presencial;Resto IP+CFT;93
1596c83a85f58ce58e8fd59d9ecb62e0;2025;143;IP AIEP;Institutos Profesionales;39;TECNICO EN COMUNICACION Y RELACIONES PUBLICAS;Técnico de Nivel Superior;Ciencias Sociales;No Presencial;A Distancia;No presencial;Resto IP+CFT;67
9c013c52166b915be090394ffb2cc5cf;2025;143;IP AIEP;Institutos Profesionales;59;TECNICO EN COSMETOLOGIA;Técnico de Nivel Superior;Arte y Arquitectura;Semipresencial;Semipresencial;Semipresencial;Resto IP+CFT;13
228a547ea7884f80ed963205eb1fab23;2025;143;IP AIEP;Institutos Profesionales;742;TECNICO EN EDUCACION PARVULARIA 1 Y 2 BASICO;Técnico de Nivel Superior;Educación;No Presencial;A Distancia;No presencial;Resto IP+CFT;283
27918c92dcc745a79577c724cd174396;2025;143;IP AIEP;Institutos Profesionales;616;TECNICO EN ELECTRICIDAD Y ELECTRONICA;Técnico de Nivel Superior;Tecnología;Semipresencial;Semipresencial;Semipresencial;Resto IP+CFT;19
294ecff0e4c67778ae3e67e14d8df69d;2025;143;IP AIEP;Institutos Profesionales;34;TECNICO EN ENFERMERIA;Técnico de Nivel Superior;Salud;Semipresencial;Semipresencial;Semipresencial;Resto IP+CFT;67
6d024664359af3cf28a657941da8df97;2025;143;IP AIEP;Institutos Profesionales;730;TECNICO EN FARMACIA;Técnico de Nivel Superior;Salud;Semipresencial;Semipresencial;Semipresencial;Resto IP+CFT;29
42fa1c464b3492956c91306c12a43c84;2025;143;IP AIEP;Institutos Profesionales;736;TECNICO EN GESTION DE PROCESOS MINEROS;Técnico de Nivel Superior;Tecnología;No Presencial;A Distancia;No presencial;Resto IP+CFT;161
18d5098bbf8971cc0bad81d6786725f4;2025;143;IP AIEP;Institutos Profesionales;713;TECNICO EN GESTION DE RECURSOS HUMANOS;Técnico de Nivel Superior;Administración y Comercio;No Presencial;A Distancia;No presencial;Resto IP+CFT;71
46b6aca8162fc829d47a2249f72f7e93;2025;143;IP AIEP;Institutos Profesionales;714;TECNICO EN GESTION FINANCIERA;Técnico de Nivel Superior;Administración y Comercio;No Presencial;A Distancia;No presencial;Resto IP+CFT;24
bed5c9faf2d6f4d4e9fd8b43ecdb57ae;2025;143;IP AIEP;Institutos Profesionales;708;TECNICO EN GESTION INDUSTRIAL;Técnico de Nivel Superior;Tecnología;No Presencial;A Distancia;No presencial;Resto IP+CFT;115
f4bf6f5192e2e1e7a4d06f136dc38506;2025;143;IP AIEP;Institutos Profesionales;655;TECNICO EN MARKETING DIGITAL;Técnico de Nivel Superior;Administración y Comercio;No Presencial;A Distancia;No presencial;Resto IP+CFT;132
c79500b428f0d1b5f22e82fc2aa73c4b;2025;143;IP AIEP;Institutos Profesionales;645;TECNICO EN OPERACIONES LOGISTICAS;Técnico de Nivel Superior;Administración y Comercio;No Presencial;A Distancia;No presencial;Resto IP+CFT;314
54e8de2359509dc1b72764acef8c3890;2025;143;IP AIEP;Institutos Profesionales;27;TECNICO EN PREVENCION DE RIESGOS;Técnico de Nivel Superior;Tecnología;No Presencial;A Distancia;No presencial;Resto IP+CFT;199
bde33bd06a96477f44de19f8f707becf;2025;143;IP AIEP;Institutos Profesionales;677;TECNICO EN PROGRAMACION Y ANALISIS DE SISTEMAS;Técnico de Nivel Superior;Tecnología;No Presencial;A Distancia;No presencial;Resto IP+CFT;173
909c08adee55bb1bf1dba2f3fa67ffcc;2025;143;IP AIEP;Institutos Profesionales;83;TECNICO EN TRABAJO SOCIAL;Técnico de Nivel Superior;Ciencias Sociales;No Presencial;A Distancia;No presencial;Resto IP+CFT;122
6e019fcbf224e0b09e8d500d13eb2060;2025;143;IP AIEP;Institutos Profesionales;614;TECNICO EN TURISMO;Técnico de Nivel Superior;Administración y Comercio;No Presencial;A Distancia;No presencial;Resto IP+CFT;58
aafa75c31d4e9b425c3c463d1fe98c47;2025;143;IP AIEP;Institutos Profesionales;30;TECNICO JURIDICO;Técnico de Nivel Superior;Derecho;No Presencial;A Distancia;No presencial;Resto IP+CFT;164
da145496d313b6ea09e22307be7fcd9c;2025;143;IP AIEP;Institutos Profesionales;30;TECNICO JURIDICO;Técnico de Nivel Superior;Derecho;Semipresencial;Semipresencial;Semipresencial;Resto IP+CFT;1
ca81223477100c1e805f046a2c6706cf;2025;143;IP AIEP;Institutos Profesionales;28;TRABAJO SOCIAL;Profesional Sin Licenciatura;Ciencias Sociales;No Presencial;A Distancia;No presencial;Resto IP+CFT;292
7080c3227c2ecf76b0551a5f3234b5df;2025;108;IP CHILENO BRITANICO DE CULTURA;Institutos Profesionales;39;INGENIERIA EN COMERCIO EXTERIOR BILINGÜE;Profesional Sin Licenciatura;Administración y Comercio;No Presencial;A Distancia;No presencial;Resto IP+CFT;3
258fac1bcd285e88ff6ffbdffa21ac11;2025;108;IP CHILENO BRITANICO DE CULTURA;Institutos Profesionales;28;INTERPRETACION PROFESIONAL DEL INGLES AL ESPAÑOL A DISTANCIA;Profesional Sin Licenciatura;Humanidades;No Presencial;A Distancia;No presencial;Resto IP+CFT;21
29e35c8b93ad422ced0ae4537da85a80;2025;108;IP CHILENO BRITANICO DE CULTURA;Institutos Profesionales;40;TECNICO EN COMERCIO EXTERIOR BILINGÜE;Técnico de Nivel Superior;Administración y Comercio;No Presencial;A Distancia;No presencial;Resto IP+CFT;3
1bd7b6e5ede35fa6a12bc53a517abb93;2025;108;IP CHILENO BRITANICO DE CULTURA;Institutos Profesionales;23;TRADUCCION PROFESIONAL DEL INGLES AL ESPAÑOL A DISTANCIA;Profesional Sin Licenciatura;Humanidades;No Presencial;A Distancia;No presencial;Resto IP+CFT;28
f881283b8e7575e4149bfd0c4963b892;2025;123;IP DE CHILE;Institutos Profesionales;51;ANALISTA PROGRAMADOR COMPUTACIONAL;Técnico de Nivel Superior;Tecnología;No Presencial;A Distancia;No presencial;Resto IP+CFT;65
ac6f8733e5a17d5f76b3187f37e5be9a;2025;123;IP DE CHILE;Institutos Profesionales;56;ASISTENTE EN EDUCACION DE PARVULOS;Técnico de Nivel Superior;Educación;No Presencial;A Distancia;No presencial;Resto IP+CFT;64
16d34bebdfbadeb3d0ae6d5f5789d00a;2025;123;IP DE CHILE;Institutos Profesionales;9;AUDITORIA;Profesional Sin Licenciatura;Administración y Comercio;No Presencial;A Distancia;No presencial;Resto IP+CFT;37
4147120d49a6f19b48a12a66f7e39646;2025;123;IP DE CHILE;Institutos Profesionales;49;CONTABILIDAD GENERAL;Técnico de Nivel Superior;Administración y Comercio;No Presencial;A Distancia;No presencial;Resto IP+CFT;38
52f810935cfe69be9882c34dd20c8bff;2025;123;IP DE CHILE;Institutos Profesionales;37;INGENIERIA EN ADMINISTRACION DE EMPRESAS;Profesional Sin Licenciatura;Administración y Comercio;No Presencial;A Distancia;No presencial;Resto IP+CFT;29
f7b48ab5bba9822b9376aa6f6c86040f;2025;123;IP DE CHILE;Institutos Profesionales;198;INGENIERIA EN ADMINISTRACION PUBLICA;Profesional Sin Licenciatura;Ciencias Sociales;No Presencial;A Distancia;No presencial;Resto IP+CFT;53
bd641b6140f96ee51bda4fe7f5c6fafa;2025;123;IP DE CHILE;Institutos Profesionales;218;INGENIERIA EN CONTROL DE GESTION;Profesional Sin Licenciatura;Administración y Comercio;No Presencial;A Distancia;No presencial;Resto IP+CFT;29
2d628872dd29ec84c45e2548eb5bc169;2025;123;IP DE CHILE;Institutos Profesionales;219;INGENIERIA EN GESTION DE RECURSOS HUMANOS;Profesional Sin Licenciatura;Administración y Comercio;No Presencial;A Distancia;No presencial;Resto IP+CFT;24
a405ca163a3528cc87c29202dcae2ef3;2025;123;IP DE CHILE;Institutos Profesionales;220;INGENIERIA EN GESTION LOGISTICA;Profesional Sin Licenciatura;Administración y Comercio;No Presencial;A Distancia;No presencial;Resto IP+CFT;29
a0fbf6ce80251246e4ba0e5b149fa475;2025;123;IP DE CHILE;Institutos Profesionales;41;INGENIERIA EN INFORMATICA;Profesional Sin Licenciatura;Tecnología;No Presencial;A Distancia;No presencial;Resto IP+CFT;53
6781c897b5e53cb0ba3440473fbe0c41;2025;123;IP DE CHILE;Institutos Profesionales;230;INGENIERIA EN MARKETING DIGITAL;Profesional Sin Licenciatura;Administración y Comercio;No Presencial;A Distancia;No presencial;Resto IP+CFT;26
cda5964a0823830a6a7cfd9c90791cc4;2025;123;IP DE CHILE;Institutos Profesionales;36;INGENIERIA EN NEGOCIOS INTERNACIONALES;Profesional Sin Licenciatura;Administración y Comercio;No Presencial;A Distancia;No presencial;Resto IP+CFT;9
b13d91712d2dbe5a7d76be6b81c0e9af;2025;123;IP DE CHILE;Institutos Profesionales;45;INGENIERIA EN PREVENCION DE RIESGOS;Profesional Sin Licenciatura;Tecnología;No Presencial;A Distancia;No presencial;Resto IP+CFT;23
3d5c4bf7b2542480074ae68605dbeec9;2025;123;IP DE CHILE;Institutos Profesionales;42;INGENIERIA EN REDES Y COMUNICACIONES;Profesional Sin Licenciatura;Tecnología;No Presencial;A Distancia;No presencial;Resto IP+CFT;34
12170b76c566c37a5b84daf0d918311d;2025;123;IP DE CHILE;Institutos Profesionales;201;TECNICO DE NIVEL SUPERIOR EN ADMINISTRACION PUBLICA;Técnico de Nivel Superior;Ciencias Sociales;No Presencial;A Distancia;No presencial;Resto IP+CFT;27
36527e6398537ecf1f443bab2ee5fd94;2025;123;IP DE CHILE;Institutos Profesionales;203;TECNICO DE NIVEL SUPERIOR EN GESTION AMBIENTAL Y SUSTENTABILIDAD;Técnico de Nivel Superior;Tecnología;No Presencial;A Distancia;No presencial;Resto IP+CFT;23
0a00cddbcb79d7f97cfcdb782260c720;2025;123;IP DE CHILE;Institutos Profesionales;48;TECNICO EN ADMINISTRACION DE EMPRESAS;Técnico de Nivel Superior;Administración y Comercio;No Presencial;A Distancia;No presencial;Resto IP+CFT;90
f05e576fb331dfab642cf9f8aabf8e7d;2025;123;IP DE CHILE;Institutos Profesionales;221;TECNICO EN CIBERSEGURIDAD;Técnico de Nivel Superior;Tecnología;No Presencial;A Distancia;No presencial;Resto IP+CFT;19
e1067ae2c7ebfa045999b579ead96cfa;2025;123;IP DE CHILE;Institutos Profesionales;55;TECNICO EN COMERCIO EXTERIOR;Técnico de Nivel Superior;Administración y Comercio;No Presencial;A Distancia;No presencial;Resto IP+CFT;28
d521b05e55a884dfa5e7aa8b68126632;2025;123;IP DE CHILE;Institutos Profesionales;52;TECNICO EN CONECTIVIDAD Y REDES;Técnico de Nivel Superior;Tecnología;No Presencial;A Distancia;No presencial;Resto IP+CFT;30
9336d280e260439391cf1d84adba47bc;2025;123;IP DE CHILE;Institutos Profesionales;222;TECNICO EN CONTROL DE GESTION;Técnico de Nivel Superior;Administración y Comercio;No Presencial;A Distancia;No presencial;Resto IP+CFT;13
bb49d70cb6b8316cfa99e45e0060e461;2025;123;IP DE CHILE;Institutos Profesionales;211;TECNICO EN DISEÑO Y CONTENIDO PARA PLATAFORMAS DIGITALES;Técnico de Nivel Superior;Arte y Arquitectura;No Presencial;A Distancia;No presencial;Resto IP+CFT;23
8d498dfdf1affcbeb6e326e31948dc78;2025;123;IP DE CHILE;Institutos Profesionales;192;TECNICO EN EDUCACION DIFERENCIAL E INCLUSION;Técnico de Nivel Superior;Educación;No Presencial;A Distancia;No presencial;Resto IP+CFT;71
2e48fa8ad441afc96dc93a54d7d12e1d;2025;123;IP DE CHILE;Institutos Profesionales;223;TECNICO EN LOGISTICA;Técnico de Nivel Superior;Administración y Comercio;No Presencial;A Distancia;No presencial;Resto IP+CFT;60
0ad22f824d989ffcf84478f59692d0f3;2025;123;IP DE CHILE;Institutos Profesionales;229;TECNICO EN NIVEL SUPERIOR EN MARKETING DIGITAL;Técnico de Nivel Superior;Administración y Comercio;No Presencial;A Distancia;No presencial;Resto IP+CFT;25
75984f62e7007ff36fee77fde3a991ef;2025;123;IP DE CHILE;Institutos Profesionales;128;TECNICO EN PREVENCION DE RIESGOS;Técnico de Nivel Superior;Tecnología;No Presencial;A Distancia;No presencial;Resto IP+CFT;46
15742e3b4ac2753fc992d801388dc968;2025;123;IP DE CHILE;Institutos Profesionales;224;TECNICO EN RECURSOS HUMANOS;Técnico de Nivel Superior;Administración y Comercio;No Presencial;A Distancia;No presencial;Resto IP+CFT;37
f7754a755df2d08b6f096815b4642d45;2025;123;IP DE CHILE;Institutos Profesionales;231;TECNICO JURIDICO;Técnico de Nivel Superior;Derecho;No Presencial;A Distancia;No presencial;Resto IP+CFT;79
808e9e706212bede0da8b768ce502115;2025;123;IP DE CHILE;Institutos Profesionales;151;TECNICO TRABAJO SOCIAL;Técnico de Nivel Superior;Ciencias Sociales;No Presencial;A Distancia;No presencial;Resto IP+CFT;53
2dc1bbd8e0c5dee71bfc96186f8209ed;2025;123;IP DE CHILE;Institutos Profesionales;18;TRABAJO SOCIAL;Profesional Sin Licenciatura;Ciencias Sociales;No Presencial;A Distancia;No presencial;Resto IP+CFT;93
4217e459a109a90662498b20c2f68c55;2025;139;IP DR. VIRGINIO GOMEZ G.;Institutos Profesionales;199;TECNICO EN ADMINISTRACION PUBLICA;Técnico de Nivel Superior;Ciencias Sociales;No Presencial;A Distancia;No presencial;Resto IP+CFT;20
7f301fd61644ff49999f0dc15382598f;2025;139;IP DR. VIRGINIO GOMEZ G.;Institutos Profesionales;178;TECNICO EN LOGISTICA;Técnico de Nivel Superior;Administración y Comercio;No Presencial;A Distancia;No presencial;Resto IP+CFT;23
652d3cf0e339898524d0f764637b73ad;2025;111;IP DUOC UC;Institutos Profesionales;518;ADMINISTRACION DE EMPRESAS;Técnico de Nivel Superior;Administración y Comercio;No Presencial;A Distancia;No presencial;Resto IP+CFT;177
6e9bd5024d79fea6da3f091e09e85592;2025;111;IP DUOC UC;Institutos Profesionales;535;ADMINISTRACION PUBLICA;Profesional Sin Licenciatura;Ciencias Sociales;No Presencial;A Distancia;No presencial;Resto IP+CFT;51
9bb727f4333e23ace4efada64c94d81f;2025;111;IP DUOC UC;Institutos Profesionales;23;ANALISTA PROGRAMADOR COMPUTACIONAL;Técnico de Nivel Superior;Tecnología;No Presencial;A Distancia;No presencial;Resto IP+CFT;202
545e7831d170d39390b80ede3975ed26;2025;111;IP DUOC UC;Institutos Profesionales;519;CONTABILIDAD TRIBUTARIA;Técnico de Nivel Superior;Administración y Comercio;No Presencial;A Distancia;No presencial;Resto IP+CFT;35
ce4a47b6a4c3ba9ff663ee524298753a;2025;111;IP DUOC UC;Institutos Profesionales;520;DESARROLLO DE APLICACIONES;Técnico de Nivel Superior;Tecnología;No Presencial;A Distancia;No presencial;Resto IP+CFT;16
5642f078764500826b916bb99fc7f83e;2025;111;IP DUOC UC;Institutos Profesionales;477;DESARROLLO Y DISEÑO WEB;Técnico de Nivel Superior;Tecnología;No Presencial;A Distancia;No presencial;Resto IP+CFT;26
b9b56ff4894bc9c1c0c5418fa0a99626;2025;111;IP DUOC UC;Institutos Profesionales;513;INGENIERIA EN MARKETING DIGITAL;Profesional Sin Licenciatura;Administración y Comercio;No Presencial;A Distancia;No presencial;Resto IP+CFT;116
df0a9d11f58b0a1fc6464c1404e48aea;2025;111;IP DUOC UC;Institutos Profesionales;539;TECNICO EN CONTROL Y MONITOREO REMOTO DE PROCESOS MINEROS;Técnico de Nivel Superior;Tecnología;No Presencial;A Distancia;No presencial;Resto IP+CFT;39
68c7342a31f1d1c47ae6e00fee685762;2025;111;IP DUOC UC;Institutos Profesionales;537;TECNICO EN OPERACIONES LOGISTICAS;Técnico de Nivel Superior;Administración y Comercio;No Presencial;A Distancia;No presencial;Resto IP+CFT;72
967fcf7b0443fb34098ccf23d49dbc0f;2025;111;IP DUOC UC;Institutos Profesionales;405;TECNICO EN PREVENCION DE RIESGOS LABORALES;Técnico de Nivel Superior;Tecnología;No Presencial;A Distancia;No presencial;Resto IP+CFT;26
ded283364bfe8940904174a2c72bd451;2025;137;IP EATRI;Institutos Profesionales;45;TECNICO EN INTERPRETACION DE ENLACE INGLES ESPAÑOL;Técnico de Nivel Superior;Humanidades;No Presencial;A Distancia;No presencial;Resto IP+CFT;107
0698cba9bcd49d893e2c89e79d99cfb8;2025;137;IP EATRI;Institutos Profesionales;40;TRADUCCION INGLES ESPAÑOL INGLES;Profesional Sin Licenciatura;Humanidades;No Presencial;A Distancia;No presencial;Resto IP+CFT;49
25a26cf7a405076a70ad510d07b51c0e;2025;171;IP ESCUELA DE COMERCIO DE SANTIAGO;Institutos Profesionales;64;ADMINISTRACION COMERCIAL;Técnico de Nivel Superior;Administración y Comercio;No Presencial;A Distancia;No presencial;ECS;34
0b8667d6bd0dd62fa84af381a008c5ab;2025;171;IP ESCUELA DE COMERCIO DE SANTIAGO;Institutos Profesionales;65;ADMINISTRACION EN COMERCIO EXTERIOR;Técnico de Nivel Superior;Administración y Comercio;No Presencial;A Distancia;No presencial;ECS;71
12d525caa98ddf57fd919d7d5dde80a6;2025;171;IP ESCUELA DE COMERCIO DE SANTIAGO;Institutos Profesionales;41;ADMINISTRACION EN RECURSOS HUMANOS;Técnico de Nivel Superior;Administración y Comercio;No Presencial;A Distancia;No presencial;ECS;54
025eaa6495f12ae6816d8f228c5140eb;2025;171;IP ESCUELA DE COMERCIO DE SANTIAGO;Institutos Profesionales;70;ADMINISTRACION PUBLICA;Profesional Sin Licenciatura;Ciencias Sociales;No Presencial;A Distancia;No presencial;ECS;113
69f261073b1a959550d977655ce6c80f;2025;171;IP ESCUELA DE COMERCIO DE SANTIAGO;Institutos Profesionales;42;CONTABILIDAD GENERAL;Técnico de Nivel Superior;Administración y Comercio;No Presencial;A Distancia;No presencial;ECS;55
4b281897adf60ce9e731c86cd0f9703d;2025;171;IP ESCUELA DE COMERCIO DE SANTIAGO;Institutos Profesionales;56;CONTADOR AUDITOR;Profesional Sin Licenciatura;Administración y Comercio;No Presencial;A Distancia;No presencial;ECS;122
ca95b360a33137ec3d7db0f0ce6b6626;2025;171;IP ESCUELA DE COMERCIO DE SANTIAGO;Institutos Profesionales;66;FINANZAS;Técnico de Nivel Superior;Administración y Comercio;No Presencial;A Distancia;No presencial;ECS;40
acb50bbf8b9285885efec6017b0ef35c;2025;171;IP ESCUELA DE COMERCIO DE SANTIAGO;Institutos Profesionales;71;INGENIERIA EN ADMINISTRACION COMERCIAL;Profesional Sin Licenciatura;Administración y Comercio;No Presencial;A Distancia;No presencial;ECS;100
e0a36171e72fe074070108364915d4b8;2025;171;IP ESCUELA DE COMERCIO DE SANTIAGO;Institutos Profesionales;39;INGENIERIA EN ADMINISTRACION DE EMPRESAS;Profesional Sin Licenciatura;Administración y Comercio;No Presencial;A Distancia;No presencial;ECS;232
c2d54bc838b74f13d59f30c7c91261bd;2025;171;IP ESCUELA DE COMERCIO DE SANTIAGO;Institutos Profesionales;24;INGENIERIA EN ADMINISTRACION DE RECURSOS HUMANOS;Profesional Sin Licenciatura;Administración y Comercio;No Presencial;A Distancia;No presencial;ECS;117
4cbb00c67ec48d50c9c15bba385fa652;2025;171;IP ESCUELA DE COMERCIO DE SANTIAGO;Institutos Profesionales;84;INGENIERIA EN CIBERSEGURIDAD;Profesional Sin Licenciatura;Tecnología;No Presencial;A Distancia;No presencial;ECS;95
9708bea671f51d0ce12165b0a9da2a9d;2025;171;IP ESCUELA DE COMERCIO DE SANTIAGO;Institutos Profesionales;73;INGENIERIA EN CIENCIAS DE DATOS;Profesional Sin Licenciatura;Ciencias Básicas;No Presencial;A Distancia;No presencial;ECS;81
a7a5d2de26a5784c13cbc384d8c62faf;2025;171;IP ESCUELA DE COMERCIO DE SANTIAGO;Institutos Profesionales;83;INGENIERIA EN COMERCIO ELECTRONICO;Profesional Sin Licenciatura;Administración y Comercio;No Presencial;A Distancia;No presencial;ECS;19
9d0617a0216774ea30819f47b5566b4b;2025;171;IP ESCUELA DE COMERCIO DE SANTIAGO;Institutos Profesionales;26;INGENIERIA EN COMERCIO INTERNACIONAL;Profesional Sin Licenciatura;Administración y Comercio;No Presencial;A Distancia;No presencial;ECS;142
83785df5fe90ea8038eaa66991b52242;2025;171;IP ESCUELA DE COMERCIO DE SANTIAGO;Institutos Profesionales;74;INGENIERIA EN CONTROL DE GESTION;Profesional Sin Licenciatura;Administración y Comercio;No Presencial;A Distancia;No presencial;ECS;80
94c5e27d0f2311cc9ab78ac7bcef1eee;2025;171;IP ESCUELA DE COMERCIO DE SANTIAGO;Institutos Profesionales;27;INGENIERIA EN FINANZAS;Profesional Sin Licenciatura;Administración y Comercio;No Presencial;A Distancia;No presencial;ECS;116
8ea32375d08a7ad58b7958a0eff52335;2025;171;IP ESCUELA DE COMERCIO DE SANTIAGO;Institutos Profesionales;28;INGENIERIA EN LOGISTICA;Profesional Sin Licenciatura;Administración y Comercio;No Presencial;A Distancia;No presencial;ECS;164
4d0e712480b1236e44a6543a4fb2ec66;2025;171;IP ESCUELA DE COMERCIO DE SANTIAGO;Institutos Profesionales;76;INGENIERIA EN MARKETING DIGITAL;Profesional Sin Licenciatura;Administración y Comercio;No Presencial;A Distancia;No presencial;ECS;174
a809a6604a7333d238091635aaa759b8;2025;171;IP ESCUELA DE COMERCIO DE SANTIAGO;Institutos Profesionales;60;INGENIERIA EN PREVENCION DE RIESGOS Y MEDIO AMBIENTE;Profesional Sin Licenciatura;Tecnología;No Presencial;A Distancia;No presencial;ECS;107
f4cd4ea1e55c6743d698a0bf9b4308ce;2025;171;IP ESCUELA DE COMERCIO DE SANTIAGO;Institutos Profesionales;82;INGENIERIA EN SEGURIDAD PRIVADA;Profesional Sin Licenciatura;Administración y Comercio;No Presencial;A Distancia;No presencial;ECS;136
fc58031fd50de2bd258658f5aecd9188;2025;171;IP ESCUELA DE COMERCIO DE SANTIAGO;Institutos Profesionales;81;INGENIERIA INDUSTRIAL;Profesional Sin Licenciatura;Tecnología;No Presencial;A Distancia;No presencial;ECS;105
b224339e181461906b7fb7a4777c7a51;2025;171;IP ESCUELA DE COMERCIO DE SANTIAGO;Institutos Profesionales;75;INGENIERIA INFORMATICA;Profesional Sin Licenciatura;Tecnología;No Presencial;A Distancia;No presencial;ECS;88
89d3dedaeb5876aa4e4d159bb62b31bd;2025;171;IP ESCUELA DE COMERCIO DE SANTIAGO;Institutos Profesionales;44;LOGISTICA OPERATIVA;Técnico de Nivel Superior;Administración y Comercio;No Presencial;A Distancia;No presencial;ECS;54
1da32f72be53f2a2ff3146770020e0e5;2025;129;IP ESCUELA MODERNA DE MUSICA;Institutos Profesionales;30;PRODUCCION MUSICAL Y GESTION ARTISTICA;Profesional Sin Licenciatura;Arte y Arquitectura;No Presencial;A Distancia;No presencial;Resto IP+CFT;19
12a580421c459fa64f46b57939feb39e;2025;117;IP IACC;Institutos Profesionales;96;ADMINISTRACION PUBLICA;Profesional Sin Licenciatura;Ciencias Sociales;No Presencial;A Distancia;No presencial;Resto IP+CFT;193
eac4349d47026eda634bbd73d22af0d7;2025;117;IP IACC;Institutos Profesionales;30;CONTABILIDAD GENERAL;Técnico de Nivel Superior;Administración y Comercio;No Presencial;A Distancia;No presencial;Resto IP+CFT;273
ef31f5c56c07c879a8947d003cfec4b7;2025;117;IP IACC;Institutos Profesionales;65;CONTADOR AUDITOR;Profesional Sin Licenciatura;Administración y Comercio;No Presencial;A Distancia;No presencial;Resto IP+CFT;153
f7ffd437eeeedac09320c83db95d7be1;2025;117;IP IACC;Institutos Profesionales;2;INGENIERIA EN ADMINISTRACION DE EMPRESAS;Profesional Sin Licenciatura;Administración y Comercio;No Presencial;A Distancia;No presencial;Resto IP+CFT;467
6be01c4e88196b357126b175cb0880da;2025;117;IP IACC;Institutos Profesionales;107;INGENIERIA EN AUTOMATIZACION Y CONTROL;Profesional Sin Licenciatura;Tecnología;No Presencial;A Distancia;No presencial;Resto IP+CFT;343
845cb38b519ed69dac7ec2f60505e905;2025;117;IP IACC;Institutos Profesionales;112;INGENIERIA EN CIBERSEGURIDAD;Profesional Sin Licenciatura;Tecnología;No Presencial;A Distancia;No presencial;Resto IP+CFT;134
cbc70ca7779e2f11ef6eb2d15637bd5a;2025;117;IP IACC;Institutos Profesionales;101;INGENIERIA EN GESTION DE CALIDAD Y AMBIENTE;Profesional Sin Licenciatura;Administración y Comercio;No Presencial;A Distancia;No presencial;Resto IP+CFT;245
5b8a03dcbc0310ebf046af638807fa0a;2025;117;IP IACC;Institutos Profesionales;57;INGENIERIA EN INFORMATICA;Profesional Sin Licenciatura;Tecnología;No Presencial;A Distancia;No presencial;Resto IP+CFT;293
cbbd72e677746e5ddeafc9e635ca5c59;2025;117;IP IACC;Institutos Profesionales;108;INGENIERIA EN LOGISTICA;Profesional Sin Licenciatura;Administración y Comercio;No Presencial;A Distancia;No presencial;Resto IP+CFT;214
2e4c8b6b6ac2a3324726d92f53ebfa5f;2025;117;IP IACC;Institutos Profesionales;115;INGENIERIA EN MINAS;Profesional Sin Licenciatura;Tecnología;No Presencial;A Distancia;No presencial;Resto IP+CFT;705
5f307cb92b65e549ecded349ad8eca9e;2025;117;IP IACC;Institutos Profesionales;27;INGENIERIA EN PREVENCION DE RIESGOS;Profesional Sin Licenciatura;Tecnología;No Presencial;A Distancia;No presencial;Resto IP+CFT;557
68da0d7cbccb35e926d56187010287ad;2025;117;IP IACC;Institutos Profesionales;29;INGENIERIA EN RECURSOS HUMANOS;Profesional Sin Licenciatura;Administración y Comercio;No Presencial;A Distancia;No presencial;Resto IP+CFT;212
16f195fba26754b562746139c5ff2a77;2025;117;IP IACC;Institutos Profesionales;67;INGENIERIA INDUSTRIAL;Profesional Sin Licenciatura;Tecnología;No Presencial;A Distancia;No presencial;Resto IP+CFT;1272
da18f77c782eb5bd0114555f7d03e244;2025;117;IP IACC;Institutos Profesionales;91;PSICOPEDAGOGIA;Profesional Sin Licenciatura;Educación;No Presencial;A Distancia;No presencial;Resto IP+CFT;188
5c3cc2ead5406ef69230aa1c08ed1d39;2025;117;IP IACC;Institutos Profesionales;31;TECNICO DE NIVEL SUPERIOR EN ADMINISTRACION PUBLICA;Técnico de Nivel Superior;Ciencias Sociales;No Presencial;A Distancia;No presencial;Resto IP+CFT;171
9896b63420a1003ef0c38b7f9c1fffea;2025;117;IP IACC;Institutos Profesionales;120;TECNICO DE NIVEL SUPERIOR EN ANALISIS DE DATOS;Técnico de Nivel Superior;Ciencias Básicas;No Presencial;A Distancia;No presencial;Resto IP+CFT;95
7de49408fcdd2abd8e2002abf669a7b1;2025;117;IP IACC;Institutos Profesionales;46;TECNICO DE NIVEL SUPERIOR EN ANALISIS Y PROGRAMACION COMPUTACIONAL;Técnico de Nivel Superior;Tecnología;No Presencial;A Distancia;No presencial;Resto IP+CFT;152
a8a3a5ce4f66ac5de37b5eac2886c5c9;2025;117;IP IACC;Institutos Profesionales;90;TECNICO DE NIVEL SUPERIOR EN AUTOMATIZACION Y CONTROL;Técnico de Nivel Superior;Tecnología;No Presencial;A Distancia;No presencial;Resto IP+CFT;406
06efd76d9ff433e05cc94ccbbc61c2a7;2025;117;IP IACC;Institutos Profesionales;97;TECNICO DE NIVEL SUPERIOR EN CIBERSEGURIDAD;Técnico de Nivel Superior;Tecnología;No Presencial;A Distancia;No presencial;Resto IP+CFT;128
d2e098f177d55e99d3d2fee5aaaca1cb;2025;117;IP IACC;Institutos Profesionales;126;TECNICO DE NIVEL SUPERIOR EN CONSTRUCCION;Técnico de Nivel Superior;Tecnología;No Presencial;A Distancia;No presencial;Resto IP+CFT;492
d5c28d877ef62fc43c930ec8d6895a95;2025;117;IP IACC;Institutos Profesionales;69;TECNICO DE NIVEL SUPERIOR EN CONTROL INDUSTRIAL;Técnico de Nivel Superior;Tecnología;No Presencial;A Distancia;No presencial;Resto IP+CFT;477
f0496e8fc55bdc1ae29a0b02c0f3afff;2025;117;IP IACC;Institutos Profesionales;70;TECNICO DE NIVEL SUPERIOR EN EDUCACION DIFERENCIAL;Técnico de Nivel Superior;Educación;No Presencial;A Distancia;No presencial;Resto IP+CFT;163
aae74dfa2e8131e050ce68e39ce6367e;2025;117;IP IACC;Institutos Profesionales;71;TECNICO DE NIVEL SUPERIOR EN EDUCACION PARVULARIA;Técnico de Nivel Superior;Educación;No Presencial;A Distancia;No presencial;Resto IP+CFT;188
bc2a8458a5779f415f47873c194cedfc;2025;117;IP IACC;Institutos Profesionales;59;TECNICO DE NIVEL SUPERIOR EN GESTION DE CALIDAD Y AMBIENTE;Técnico de Nivel Superior;Tecnología;No Presencial;A Distancia;No presencial;Resto IP+CFT;192
0fb3ed26833e6b7593ab3c2eb2894597;2025;117;IP IACC;Institutos Profesionales;17;TECNICO DE NIVEL SUPERIOR EN INFORMATICA;Técnico de Nivel Superior;Tecnología;No Presencial;A Distancia;No presencial;Resto IP+CFT;167
41a3d8b8bf831e6b38f73d7927f85229;2025;117;IP IACC;Institutos Profesionales;60;TECNICO DE NIVEL SUPERIOR EN LOGISTICA;Técnico de Nivel Superior;Administración y Comercio;No Presencial;A Distancia;No presencial;Resto IP+CFT;442
7d8e2a3a9abee3f5d14f0d087d1db9fc;2025;117;IP IACC;Institutos Profesionales;121;TECNICO DE NIVEL SUPERIOR EN MARKETING DIGITAL;Técnico de Nivel Superior;Administración y Comercio;No Presencial;A Distancia;No presencial;Resto IP+CFT;106
c2f1a3f2ea9d0ee1cc5ea600b54408dd;2025;117;IP IACC;Institutos Profesionales;73;TECNICO DE NIVEL SUPERIOR EN PROCESOS MINEROS;Técnico de Nivel Superior;Tecnología;No Presencial;A Distancia;No presencial;Resto IP+CFT;813
1dc4243374c90fc9e66adf8a7df48395;2025;117;IP IACC;Institutos Profesionales;61;TECNICO DE NIVEL SUPERIOR EN RECURSOS HUMANOS;Técnico de Nivel Superior;Administración y Comercio;No Presencial;A Distancia;No presencial;Resto IP+CFT;269
70fc4072e291c0f10f7aa7f06acf3c24;2025;117;IP IACC;Institutos Profesionales;122;TECNICO DE NIVEL SUPERIOR EN SEGURIDAD PRIVADA;Técnico de Nivel Superior;Administración y Comercio;No Presencial;A Distancia;No presencial;Resto IP+CFT;94
4691478835bfae3299e60f76f3dc45b2;2025;117;IP IACC;Institutos Profesionales;103;TECNICO DE NIVEL SUPERIOR EN TELECOMUNICACIONES;Técnico de Nivel Superior;Tecnología;No Presencial;A Distancia;No presencial;Resto IP+CFT;13
f9ea0d2d6473e0a6b77e9fbdbd3fff1b;2025;117;IP IACC;Institutos Profesionales;62;TECNICO DE NIVEL SUPERIOR EN TRABAJO SOCIAL;Técnico de Nivel Superior;Ciencias Sociales;No Presencial;A Distancia;No presencial;Resto IP+CFT;167
c36cfb441ec54c2363a81cbb069950f0;2025;117;IP IACC;Institutos Profesionales;63;TECNICO DE NIVEL SUPERIOR JURIDICO;Técnico de Nivel Superior;Derecho;No Presencial;A Distancia;No presencial;Resto IP+CFT;132
a127ba966aba0253c113adebec578142;2025;117;IP IACC;Institutos Profesionales;35;TECNICO EN PREVENCION DE RIESGOS;Técnico de Nivel Superior;Tecnología;No Presencial;A Distancia;No presencial;Resto IP+CFT;317
b62eb0c78f903955a7d5140a181e1c93;2025;117;IP IACC;Institutos Profesionales;1;TECNICO SUPERIOR EN ADMINISTRACION DE EMPRESAS;Técnico de Nivel Superior;Administración y Comercio;No Presencial;A Distancia;No presencial;Resto IP+CFT;540
6bc9a6eba04d1d543968e49a0739044a;2025;117;IP IACC;Institutos Profesionales;83;TRABAJO SOCIAL;Profesional Sin Licenciatura;Ciencias Sociales;No Presencial;A Distancia;No presencial;Resto IP+CFT;254
194c03ac964836e9fb52ae40a57d696f;2025;100;IP INACAP;Institutos Profesionales;335;ADMINISTRACION PUBLICA;Profesional Sin Licenciatura;Ciencias Sociales;No Presencial;A Distancia;No presencial;Resto IP+CFT;83
76f69d2181b4709f244ba49b1d0bf77e;2025;100;IP INACAP;Institutos Profesionales;300;INGENIERIA EN ADMINISTRACION DE EMPRESAS;Profesional Sin Licenciatura;Administración y Comercio;No Presencial;A Distancia;No presencial;Resto IP+CFT;242
4d6bea097bf00767330f6c5d4f6e312c;2025;100;IP INACAP;Institutos Profesionales;273;INGENIERIA EN COMERCIO EXTERIOR;Profesional Sin Licenciatura;Administración y Comercio;No Presencial;A Distancia;No presencial;Resto IP+CFT;99
4946fee2791b060cfa6c254ee2f7d493;2025;113;IP IPG;Institutos Profesionales;581;ADMINISTRACION PUBLICA;Profesional Sin Licenciatura;Ciencias Sociales;No Presencial;A Distancia;No presencial;Resto IP+CFT;41
dac248a398ea7e32c249d4a8ea3e1ea6;2025;113;IP IPG;Institutos Profesionales;582;ADMINISTRACION PUBLICA MENCION EN SEGURIDAD PUBLICA Y GESTION DE RIESGOS;Profesional Sin Licenciatura;Ciencias Sociales;No Presencial;A Distancia;No presencial;Resto IP+CFT;20
c81ac7b18411998ca8de4263c000cbc4;2025;113;IP IPG;Institutos Profesionales;583;ADMINISTRACION PUBLICA MENCION GESTION DESARROLLO LOCAL Y REGIONAL;Profesional Sin Licenciatura;Ciencias Sociales;No Presencial;A Distancia;No presencial;Resto IP+CFT;8
00d48bbb776b170020cae8603c11a6b5;2025;113;IP IPG;Institutos Profesionales;584;ADMINISTRACION PUBLICA MENCION GESTION MUNICIPAL;Profesional Sin Licenciatura;Ciencias Sociales;No Presencial;A Distancia;No presencial;Resto IP+CFT;12
ea453a803c9cdf24d50cadfb6c885512;2025;113;IP IPG;Institutos Profesionales;585;CONTADOR AUDITOR;Profesional Sin Licenciatura;Administración y Comercio;No Presencial;A Distancia;No presencial;Resto IP+CFT;39
496a0856221894b93e52ed33199d7c3c;2025;113;IP IPG;Institutos Profesionales;412;INGENIERIA EN ADMINISTRACION DE EMPRESAS MENCION FINANZAS;Profesional Sin Licenciatura;Administración y Comercio;No Presencial;A Distancia;No presencial;Resto IP+CFT;16
fccda29a6d2e28c2beeb22b851211e1c;2025;113;IP IPG;Institutos Profesionales;413;INGENIERIA EN ADMINISTRACION DE EMPRESAS MENCION MARKETING;Profesional Sin Licenciatura;Administración y Comercio;No Presencial;A Distancia;No presencial;Resto IP+CFT;1
35ef75785c6fc1abf17dc078b85d3a9f;2025;113;IP IPG;Institutos Profesionales;411;INGENIERIA EN ADMINISTRACION DE EMPRESAS MENCION RR.HH.;Profesional Sin Licenciatura;Administración y Comercio;No Presencial;A Distancia;No presencial;Resto IP+CFT;31
cbad1be3096c1af3d221948d0fd48169;2025;113;IP IPG;Institutos Profesionales;553;INGENIERIA EN ADMINISTRACION DE EMPRESAS PROFESIONAL;Profesional Sin Licenciatura;Administración y Comercio;No Presencial;A Distancia;No presencial;Resto IP+CFT;45
515d92db81d23b45c4700a0176c68d82;2025;113;IP IPG;Institutos Profesionales;586;INGENIERIA EN AUTOMATIZACION Y CONTROL;Profesional Sin Licenciatura;Tecnología;No Presencial;A Distancia;No presencial;Resto IP+CFT;40
04f300d352ff1258a8b17e49fc724cef;2025;113;IP IPG;Institutos Profesionales;587;INGENIERIA EN CIBERSEGURIDAD;Profesional Sin Licenciatura;Tecnología;No Presencial;A Distancia;No presencial;Resto IP+CFT;30
57d6160b47b35b5cfd0d963e8b02efb9;2025;113;IP IPG;Institutos Profesionales;588;INGENIERIA EN CIENCIA DE DATOS;Profesional Sin Licenciatura;Ciencias Básicas;No Presencial;A Distancia;No presencial;Resto IP+CFT;14
8a8601fc90357b82552064c2e912306f;2025;113;IP IPG;Institutos Profesionales;603;INGENIERIA EN GESTION DE SEGURIDAD Y VIGILANCIA PRIVADA;Profesional Sin Licenciatura;Administración y Comercio;No Presencial;A Distancia;No presencial;Resto IP+CFT;21
96d377d2d1ccfa77091d80f1a8638d15;2025;113;IP IPG;Institutos Profesionales;548;INGENIERIA EN GESTION LOGISTICA;Profesional Sin Licenciatura;Administración y Comercio;No Presencial;A Distancia;No presencial;Resto IP+CFT;29
3ec95ef9f4e646cb9ce951b8a1eee1a3;2025;113;IP IPG;Institutos Profesionales;372;INGENIERIA EN INFORMATICA;Profesional Sin Licenciatura;Tecnología;No Presencial;A Distancia;No presencial;Resto IP+CFT;36
ab024db1639192aaf8c3677f91685032;2025;113;IP IPG;Institutos Profesionales;604;INGENIERIA EN MARKETING DIGITAL;Profesional Sin Licenciatura;Administración y Comercio;No Presencial;A Distancia;No presencial;Resto IP+CFT;11
9952c1bfc32f2065ba612fad81a0bb34;2025;113;IP IPG;Institutos Profesionales;575;INGENIERIA EN PREVENCION DE RIESGOS;Profesional Sin Licenciatura;Tecnología;No Presencial;A Distancia;No presencial;Resto IP+CFT;31
1291a426b8d49aad7f493c06346e5341;2025;113;IP IPG;Institutos Profesionales;591;INGENIERIA INDUSTRIAL;Profesional Sin Licenciatura;Tecnología;No Presencial;A Distancia;No presencial;Resto IP+CFT;128
85033de80aeeaf293fdec3c6c8038a42;2025;113;IP IPG;Institutos Profesionales;433;PSICOPEDAGOGIA PROFESIONAL;Profesional Sin Licenciatura;Educación;No Presencial;A Distancia;No presencial;Resto IP+CFT;104
3cab73c7f1e7cbeb45283fa6bb704a25;2025;113;IP IPG;Institutos Profesionales;533;TECNICO DE NIVEL SUPERIOR COMERCIO EXTERIOR MENCION COMERCIO ELECTRONICO;Técnico de Nivel Superior;Administración y Comercio;No Presencial;A Distancia;No presencial;Resto IP+CFT;15
a591daac9e9ce8800818d78372bbab86;2025;113;IP IPG;Institutos Profesionales;505;TECNICO DE NIVEL SUPERIOR EN ADMINISTRACION DE EMPRESAS;Técnico de Nivel Superior;Administración y Comercio;No Presencial;A Distancia;No presencial;Resto IP+CFT;64
4540dfda6394b65d6f65d415b90516f3;2025;113;IP IPG;Institutos Profesionales;566;TECNICO DE NIVEL SUPERIOR EN ADMINISTRACION DE RECURSOS HUMANOS;Técnico de Nivel Superior;Administración y Comercio;No Presencial;A Distancia;No presencial;Resto IP+CFT;23
2dee7c2798e31f3dbd144d8ab4ff5390;2025;113;IP IPG;Institutos Profesionales;330;TECNICO DE NIVEL SUPERIOR EN ADMINISTRACION PUBLICA;Técnico de Nivel Superior;Ciencias Sociales;No Presencial;A Distancia;No presencial;Resto IP+CFT;50
9e77634603e5e6db278c888bc11dd750;2025;113;IP IPG;Institutos Profesionales;543;TECNICO DE NIVEL SUPERIOR EN CIBERSEGURIDAD;Técnico de Nivel Superior;Tecnología;No Presencial;A Distancia;No presencial;Resto IP+CFT;23
a25430118a5ac8bd04128904a3f1844f;2025;113;IP IPG;Institutos Profesionales;592;TECNICO DE NIVEL SUPERIOR EN CIENCIAS DE DATOS;Técnico de Nivel Superior;Ciencias Básicas;No Presencial;A Distancia;No presencial;Resto IP+CFT;19
ac81779827f05568c894db3a4193bafd;2025;113;IP IPG;Institutos Profesionales;259;TECNICO DE NIVEL SUPERIOR EN CONTABILIDAD GENERAL;Técnico de Nivel Superior;Administración y Comercio;No Presencial;A Distancia;No presencial;Resto IP+CFT;86
982e273ec35fb3ccbb1f411fb0c931ba;2025;113;IP IPG;Institutos Profesionales;506;TECNICO DE NIVEL SUPERIOR EN EDUCACION BASICA;Técnico de Nivel Superior;Educación;No Presencial;A Distancia;No presencial;Resto IP+CFT;63
4bd669caefc032755c844645b176467e;2025;113;IP IPG;Institutos Profesionales;67;TECNICO DE NIVEL SUPERIOR EN EDUCACION DIFERENCIAL;Técnico de Nivel Superior;Educación;No Presencial;A Distancia;No presencial;Resto IP+CFT;99
83428a7648c72f140732cd5f06974f23;2025;113;IP IPG;Institutos Profesionales;61;TECNICO DE NIVEL SUPERIOR EN EDUCACION PARVULARIA;Técnico de Nivel Superior;Educación;No Presencial;A Distancia;No presencial;Resto IP+CFT;100
c54ac2f456f1208da5a0a664e850f39d;2025;113;IP IPG;Institutos Profesionales;602;TECNICO DE NIVEL SUPERIOR EN GESTION DE SEGURIDAD Y VIGILANCIA PRIVADA;Técnico de Nivel Superior;Administración y Comercio;No Presencial;A Distancia;No presencial;Resto IP+CFT;25
3b2f15c8cd7f8978c63ecdba292da762;2025;113;IP IPG;Institutos Profesionales;496;TECNICO DE NIVEL SUPERIOR EN GESTION LOGISTICA;Técnico de Nivel Superior;Administración y Comercio;No Presencial;A Distancia;No presencial;Resto IP+CFT;119
a9b58d6bedec03ef89ba571e40e851be;2025;113;IP IPG;Institutos Profesionales;542;TECNICO DE NIVEL SUPERIOR EN MARKETING DIGITAL;Técnico de Nivel Superior;Administración y Comercio;No Presencial;A Distancia;No presencial;Resto IP+CFT;46
85d458a922f849c8ccf97d35c662bf4a;2025;113;IP IPG;Institutos Profesionales;567;TECNICO DE NIVEL SUPERIOR EN OPERACIONES PORTUARIAS;Técnico de Nivel Superior;Tecnología;No Presencial;A Distancia;No presencial;Resto IP+CFT;30
724a196f940ae0220679052e2e9bf633;2025;113;IP IPG;Institutos Profesionales;178;TECNICO DE NIVEL SUPERIOR EN PREVENCION DE RIESGOS;Técnico de Nivel Superior;Tecnología;No Presencial;A Distancia;No presencial;Resto IP+CFT;136
0c85fd80de5261743a196fd32d88bce7;2025;113;IP IPG;Institutos Profesionales;568;TECNICO DE NIVEL SUPERIOR EN PROCESOS INDUSTRIALES;Técnico de Nivel Superior;Tecnología;No Presencial;A Distancia;No presencial;Resto IP+CFT;79
9f704161acea3670e81699ef07be08f0;2025;113;IP IPG;Institutos Profesionales;593;TECNICO DE NIVEL SUPERIOR EN PROGRAMACION;Técnico de Nivel Superior;Tecnología;No Presencial;A Distancia;No presencial;Resto IP+CFT;70
bcca6eb99e8fa208f62929bb8317aa8d;2025;113;IP IPG;Institutos Profesionales;459;TECNICO DE NIVEL SUPERIOR EN TRABAJO SOCIAL;Técnico de Nivel Superior;Ciencias Sociales;No Presencial;A Distancia;No presencial;Resto IP+CFT;139
bd3a4229a827ec24a176d25bc92e7b8b;2025;113;IP IPG;Institutos Profesionales;436;TECNICO EN ADMINISTRACION DE EMPRESAS MENCION FINANZAS;Técnico de Nivel Superior;Administración y Comercio;No Presencial;A Distancia;No presencial;Resto IP+CFT;21
c1be63e5bf2646cf14bd94026f72155a;2025;113;IP IPG;Institutos Profesionales;304;TECNICO EN ADMINISTRACION DE EMPRESAS MENCION MARKETING;Técnico de Nivel Superior;Administración y Comercio;No Presencial;A Distancia;No presencial;Resto IP+CFT;1
5356b525664e257cb7788eb125f7daca;2025;113;IP IPG;Institutos Profesionales;316;TECNICO EN ADMINISTRACION DE EMPRESAS MENCION RR.HH.;Técnico de Nivel Superior;Administración y Comercio;No Presencial;A Distancia;No presencial;Resto IP+CFT;19
a23455a96b3db70b8ceeec2adcfbeab9;2025;113;IP IPG;Institutos Profesionales;594;TECNICO EN AUTOMATIZACION Y CONTROL;Técnico de Nivel Superior;Tecnología;No Presencial;A Distancia;No presencial;Resto IP+CFT;83
57f0c77e5d2f2acdce39cb3d6f20759c;2025;152;IP LATINOAMERICANO DE COMERCIO EXTERIOR - IPLACEX;Institutos Profesionales;432;ADMINISTRACION GASTRONOMICA INTERNACIONAL Y CULTURAL;Profesional Sin Licenciatura;Administración y Comercio;Semipresencial;Semipresencial;Semipresencial;Resto IP+CFT;20
593d3c29fcab33b35d6d380402c5dc38;2025;152;IP LATINOAMERICANO DE COMERCIO EXTERIOR - IPLACEX;Institutos Profesionales;274;ADMINISTRACION PUBLICA;Profesional Sin Licenciatura;Ciencias Sociales;No Presencial;A Distancia;No presencial;Resto IP+CFT;576
c3cb7c91b4834c626d671cf47268cff6;2025;152;IP LATINOAMERICANO DE COMERCIO EXTERIOR - IPLACEX;Institutos Profesionales;100;ADMINISTRACION PUBLICA MENCION GESTION DESARROLLO LOCAL Y REGIONAL;Profesional Sin Licenciatura;Ciencias Sociales;No Presencial;A Distancia;No presencial;Resto IP+CFT;62
45eef925ca0072376de640cc57c8f9db;2025;152;IP LATINOAMERICANO DE COMERCIO EXTERIOR - IPLACEX;Institutos Profesionales;470;ADMINISTRACION PUBLICA MENCION GESTION MUNICIPAL;Profesional Sin Licenciatura;Ciencias Sociales;No Presencial;A Distancia;No presencial;Resto IP+CFT;58
00f3e31ee1a19b96c7efa87a029c2834;2025;152;IP LATINOAMERICANO DE COMERCIO EXTERIOR - IPLACEX;Institutos Profesionales;430;ADMINISTRACION PUBLICA, MENCION SEGURIDAD PUBLICA Y GESTION DE RIESGOS;Profesional Sin Licenciatura;Ciencias Sociales;No Presencial;A Distancia;No presencial;Resto IP+CFT;115
194c0cc972ef70a333d203ad36fb63d3;2025;152;IP LATINOAMERICANO DE COMERCIO EXTERIOR - IPLACEX;Institutos Profesionales;471;ADMINISTRACION TURISTICA;Profesional Sin Licenciatura;Administración y Comercio;No Presencial;A Distancia;No presencial;Resto IP+CFT;50
f020938a0858a4f776532c2e67595671;2025;152;IP LATINOAMERICANO DE COMERCIO EXTERIOR - IPLACEX;Institutos Profesionales;452;ANALISTA PROGRAMADOR;Técnico de Nivel Superior;Tecnología;No Presencial;A Distancia;No presencial;Resto IP+CFT;183
936f610e18368dd3862f7aa561a457b8;2025;152;IP LATINOAMERICANO DE COMERCIO EXTERIOR - IPLACEX;Institutos Profesionales;9;AUDITORIA;Profesional Sin Licenciatura;Administración y Comercio;No Presencial;A Distancia;No presencial;Resto IP+CFT;129
7bece8cdb152139e45156f2aeed6418b;2025;152;IP LATINOAMERICANO DE COMERCIO EXTERIOR - IPLACEX;Institutos Profesionales;295;CONTABILIDAD;Técnico de Nivel Superior;Administración y Comercio;No Presencial;A Distancia;No presencial;Resto IP+CFT;338
4919595546d0824d875019f9790c9c88;2025;152;IP LATINOAMERICANO DE COMERCIO EXTERIOR - IPLACEX;Institutos Profesionales;394;GASTRONOMIA INTERNACIONAL Y CULTURAL;Técnico de Nivel Superior;Administración y Comercio;Semipresencial;Semipresencial;Semipresencial;Resto IP+CFT;76
06ebd16607919a815d6ed3d7a01e4d52;2025;152;IP LATINOAMERICANO DE COMERCIO EXTERIOR - IPLACEX;Institutos Profesionales;428;INGENIERIA ELECTRICA;Profesional Sin Licenciatura;Tecnología;No Presencial;A Distancia;No presencial;Resto IP+CFT;570
51e8395a7920298b29c14d8194b6a173;2025;152;IP LATINOAMERICANO DE COMERCIO EXTERIOR - IPLACEX;Institutos Profesionales;107;INGENIERIA EN ADMINISTRACION DE EMPRESAS;Profesional Sin Licenciatura;Administración y Comercio;No Presencial;A Distancia;No presencial;Resto IP+CFT;414
ca8036c1af01c63135e9de384b6046a5;2025;152;IP LATINOAMERICANO DE COMERCIO EXTERIOR - IPLACEX;Institutos Profesionales;472;INGENIERIA EN ADMINISTRACION DE SEGURIDAD PRIVADA;Profesional Sin Licenciatura;Administración y Comercio;No Presencial;A Distancia;No presencial;Resto IP+CFT;698
fc79c604c7689290efef3afb9ca7248c;2025;152;IP LATINOAMERICANO DE COMERCIO EXTERIOR - IPLACEX;Institutos Profesionales;454;INGENIERIA EN AUTOMATIZACION Y CONTROL INDUSTRIAL;Profesional Sin Licenciatura;Tecnología;No Presencial;A Distancia;No presencial;Resto IP+CFT;207
958bcaaae833b6af38994620474cb895;2025;152;IP LATINOAMERICANO DE COMERCIO EXTERIOR - IPLACEX;Institutos Profesionales;473;INGENIERIA EN CIBERSEGURIDAD;Profesional Sin Licenciatura;Tecnología;No Presencial;A Distancia;No presencial;Resto IP+CFT;136
e3d436f8db424cda619b7d0f3ed791a6;2025;152;IP LATINOAMERICANO DE COMERCIO EXTERIOR - IPLACEX;Institutos Profesionales;1;INGENIERIA EN COMERCIO EXTERIOR;Profesional Sin Licenciatura;Administración y Comercio;No Presencial;A Distancia;No presencial;Resto IP+CFT;116
e742df5afbd04875c35c597da374874f;2025;152;IP LATINOAMERICANO DE COMERCIO EXTERIOR - IPLACEX;Institutos Profesionales;455;INGENIERIA EN CONSTRUCCION;Profesional Sin Licenciatura;Tecnología;Semipresencial;Semipresencial;Semipresencial;Resto IP+CFT;461
40afb3682963adb529dbb0488e66ce86;2025;152;IP LATINOAMERICANO DE COMERCIO EXTERIOR - IPLACEX;Institutos Profesionales;18;INGENIERIA EN GEOMENSURA;Profesional Sin Licenciatura;Ciencias Básicas;Semipresencial;Semipresencial;Semipresencial;Resto IP+CFT;46
39d996375b6fed45eb9fb10ebe898896;2025;152;IP LATINOAMERICANO DE COMERCIO EXTERIOR - IPLACEX;Institutos Profesionales;383;INGENIERIA EN GESTION DE CENTROS DE SALUD;Profesional Sin Licenciatura;Administración y Comercio;No Presencial;A Distancia;No presencial;Resto IP+CFT;172
a9db06fdceb4bc498ef5039d45bae4ca;2025;152;IP LATINOAMERICANO DE COMERCIO EXTERIOR - IPLACEX;Institutos Profesionales;38;INGENIERIA EN INFORMATICA;Profesional Sin Licenciatura;Tecnología;No Presencial;A Distancia;No presencial;Resto IP+CFT;185
3b826c35cb84c4c17f999d734cf33152;2025;152;IP LATINOAMERICANO DE COMERCIO EXTERIOR - IPLACEX;Institutos Profesionales;318;INGENIERIA EN LOGISTICA;Profesional Sin Licenciatura;Administración y Comercio;No Presencial;A Distancia;No presencial;Resto IP+CFT;254
be9f0751426d7141200b4220e1202f44;2025;152;IP LATINOAMERICANO DE COMERCIO EXTERIOR - IPLACEX;Institutos Profesionales;493;INGENIERIA EN MARKETING;Profesional Sin Licenciatura;Administración y Comercio;No Presencial;A Distancia;No presencial;Resto IP+CFT;68
8216462abfb262968ab59eae6beab75b;2025;152;IP LATINOAMERICANO DE COMERCIO EXTERIOR - IPLACEX;Institutos Profesionales;474;INGENIERIA EN MECANICA AUTOMOTRIZ;Profesional Sin Licenciatura;Tecnología;Semipresencial;Semipresencial;Semipresencial;Resto IP+CFT;138
082b21c2012e919a149ede9b4d676774;2025;152;IP LATINOAMERICANO DE COMERCIO EXTERIOR - IPLACEX;Institutos Profesionales;475;INGENIERIA EN OPERACION DE PLANTA MINERA;Profesional Sin Licenciatura;Tecnología;No Presencial;A Distancia;No presencial;Resto IP+CFT;221
70542a969d6d17e1e082ca09c85c92a3;2025;152;IP LATINOAMERICANO DE COMERCIO EXTERIOR - IPLACEX;Institutos Profesionales;144;INGENIERIA EN PREVENCION DE RIESGOS;Profesional Sin Licenciatura;Tecnología;No Presencial;A Distancia;No presencial;Resto IP+CFT;272
89c03bc0999b55888fa21a57c12f3a37;2025;152;IP LATINOAMERICANO DE COMERCIO EXTERIOR - IPLACEX;Institutos Profesionales;316;INGENIERIA EN RECURSOS HUMANOS;Profesional Sin Licenciatura;Administración y Comercio;No Presencial;A Distancia;No presencial;Resto IP+CFT;209
b67b1631d11b200f1aafb5d99ea86ce0;2025;152;IP LATINOAMERICANO DE COMERCIO EXTERIOR - IPLACEX;Institutos Profesionales;456;INGENIERIA EN REDES E INFRAESTRUCTURA CLOUD;Profesional Sin Licenciatura;Tecnología;No Presencial;A Distancia;No presencial;Resto IP+CFT;40
59423e14b19f1fb5e5d69f34224a6012;2025;152;IP LATINOAMERICANO DE COMERCIO EXTERIOR - IPLACEX;Institutos Profesionales;420;INGENIERIA INDUSTRIAL;Profesional Sin Licenciatura;Tecnología;No Presencial;A Distancia;No presencial;Resto IP+CFT;463
bd7f042f20d16d56e42311d216af1689;2025;152;IP LATINOAMERICANO DE COMERCIO EXTERIOR - IPLACEX;Institutos Profesionales;259;MASOTERAPIA;Técnico de Nivel Superior;Salud;Semipresencial;Semipresencial;Semipresencial;Resto IP+CFT;50
19e2a90413a011beba93b283e5d01f08;2025;152;IP LATINOAMERICANO DE COMERCIO EXTERIOR - IPLACEX;Institutos Profesionales;429;NATUROPATIA;Profesional Sin Licenciatura;Salud;Semipresencial;Semipresencial;Semipresencial;Resto IP+CFT;124
51cabb5558fe9af580cc6fdc47bddc74;2025;152;IP LATINOAMERICANO DE COMERCIO EXTERIOR - IPLACEX;Institutos Profesionales;21;PSICOPEDAGOGIA;Profesional Sin Licenciatura;Educación;No Presencial;A Distancia;No presencial;Resto IP+CFT;261
39ad66ba4a3b101515e2401e9a37c9d0;2025;152;IP LATINOAMERICANO DE COMERCIO EXTERIOR - IPLACEX;Institutos Profesionales;326;TECNICO EN ADMINISTRACION DE EMPRESAS;Técnico de Nivel Superior;Administración y Comercio;No Presencial;A Distancia;No presencial;Resto IP+CFT;665
13a88b91d200d8efdec3305aaa9d599c;2025;152;IP LATINOAMERICANO DE COMERCIO EXTERIOR - IPLACEX;Institutos Profesionales;476;TECNICO EN ADMINISTRACION EN CENTROS DE SALUD;Técnico de Nivel Superior;Administración y Comercio;No Presencial;A Distancia;No presencial;Resto IP+CFT;64
d1a1e30242b33b5ca053ee7379c559dc;2025;152;IP LATINOAMERICANO DE COMERCIO EXTERIOR - IPLACEX;Institutos Profesionales;278;TECNICO EN ADMINISTRACION PUBLICA;Técnico de Nivel Superior;Ciencias Sociales;No Presencial;A Distancia;No presencial;Resto IP+CFT;249
5bac391dd205920b544cf24546d65512;2025;152;IP LATINOAMERICANO DE COMERCIO EXTERIOR - IPLACEX;Institutos Profesionales;370;TECNICO EN ALIMENTACION Y NUTRICION;Técnico de Nivel Superior;Salud;Semipresencial;Vespertina;Semipresencial;Resto IP+CFT;100
e5b0b32e3f8c1debebcfcd10b0d953cb;2025;152;IP LATINOAMERICANO DE COMERCIO EXTERIOR - IPLACEX;Institutos Profesionales;328;TECNICO EN COMERCIO EXTERIOR;Técnico de Nivel Superior;Administración y Comercio;No Presencial;A Distancia;No presencial;Resto IP+CFT;141
aa3711a81df62b812dee70951b5f2941;2025;152;IP LATINOAMERICANO DE COMERCIO EXTERIOR - IPLACEX;Institutos Profesionales;457;TECNICO EN CONECTIVIDAD Y TELECOMUNICACIONES;Técnico de Nivel Superior;Tecnología;No Presencial;A Distancia;No presencial;Resto IP+CFT;73
67f2e98553338bac9216fe7d3416c85f;2025;152;IP LATINOAMERICANO DE COMERCIO EXTERIOR - IPLACEX;Institutos Profesionales;279;TECNICO EN CONSTRUCCION;Técnico de Nivel Superior;Tecnología;Semipresencial;Semipresencial;Semipresencial;Resto IP+CFT;511
a093b52b5c4650bc55043bd988e1358b;2025;152;IP LATINOAMERICANO DE COMERCIO EXTERIOR - IPLACEX;Institutos Profesionales;458;TECNICO EN CONTROL INDUSTRIAL;Técnico de Nivel Superior;Tecnología;No Presencial;A Distancia;No presencial;Resto IP+CFT;172
eb2615cf98622d0ce7831d7025dfcb3e;2025;152;IP LATINOAMERICANO DE COMERCIO EXTERIOR - IPLACEX;Institutos Profesionales;446;TECNICO EN CONVIVENCIA ESCOLAR;Técnico de Nivel Superior;Educación;No Presencial;A Distancia;No presencial;Resto IP+CFT;78
11b1a4ac1515dd3a6031cbd1ce0d8606;2025;152;IP LATINOAMERICANO DE COMERCIO EXTERIOR - IPLACEX;Institutos Profesionales;282;TECNICO EN EDUCACION ESPECIAL Y DIFERENCIAL;Técnico de Nivel Superior;Educación;No Presencial;A Distancia;No presencial;Resto IP+CFT;373
4e359a791f2b335c192962740134d5e0;2025;152;IP LATINOAMERICANO DE COMERCIO EXTERIOR - IPLACEX;Institutos Profesionales;395;TECNICO EN EDUCACION PARVULARIA Y EDUCACION BASICA;Técnico de Nivel Superior;Educación;No Presencial;A Distancia;No presencial;Resto IP+CFT;822
caaa97fff34e7aaf40abe61cde8bee60;2025;152;IP LATINOAMERICANO DE COMERCIO EXTERIOR - IPLACEX;Institutos Profesionales;431;TECNICO EN ELECTRICO;Técnico de Nivel Superior;Tecnología;No Presencial;A Distancia;No presencial;Resto IP+CFT;822
3da5b94d57e7076954cde606b0b21c48;2025;152;IP LATINOAMERICANO DE COMERCIO EXTERIOR - IPLACEX;Institutos Profesionales;364;TECNICO EN ENERGIAS RENOVABLES;Técnico de Nivel Superior;Tecnología;No Presencial;A Distancia;No presencial;Resto IP+CFT;119
18b30eb294e25eecec13bbf7cf57288e;2025;152;IP LATINOAMERICANO DE COMERCIO EXTERIOR - IPLACEX;Institutos Profesionales;22;TECNICO EN ENFERMERIA;Técnico de Nivel Superior;Salud;Semipresencial;Vespertina;Semipresencial;Resto IP+CFT;586
c26e383ff46e468770c33e3535e76bad;2025;152;IP LATINOAMERICANO DE COMERCIO EXTERIOR - IPLACEX;Institutos Profesionales;297;TECNICO EN FARMACIA;Técnico de Nivel Superior;Salud;Semipresencial;Semipresencial;Semipresencial;Resto IP+CFT;145
97a4c06134539982c814606bc2b8d642;2025;152;IP LATINOAMERICANO DE COMERCIO EXTERIOR - IPLACEX;Institutos Profesionales;283;TECNICO EN INFORMATICA;Técnico de Nivel Superior;Tecnología;No Presencial;A Distancia;No presencial;Resto IP+CFT;179
dde05b5ab510812d8d835622d99ebb98;2025;152;IP LATINOAMERICANO DE COMERCIO EXTERIOR - IPLACEX;Institutos Profesionales;445;TECNICO EN INSTALACIONES ELECTRICAS DOMICILIARIAS E INDUSTRIALES;Técnico de Nivel Superior;Tecnología;Semipresencial;Semipresencial;Semipresencial;Resto IP+CFT;204
fad7d22c9aa0d6202eec53be91b91c19;2025;152;IP LATINOAMERICANO DE COMERCIO EXTERIOR - IPLACEX;Institutos Profesionales;323;TECNICO EN LOGISTICA;Técnico de Nivel Superior;Administración y Comercio;No Presencial;A Distancia;No presencial;Resto IP+CFT;494
a1a4913af56c13eddda9ec5b817d5132;2025;152;IP LATINOAMERICANO DE COMERCIO EXTERIOR - IPLACEX;Institutos Profesionales;398;TECNICO EN MARKETING DIGITAL;Técnico de Nivel Superior;Administración y Comercio;No Presencial;A Distancia;No presencial;Resto IP+CFT;159
4892599a6cff284485a8d2f6cd25fd79;2025;152;IP LATINOAMERICANO DE COMERCIO EXTERIOR - IPLACEX;Institutos Profesionales;494;TECNICO EN MECANICA AUTOMOTRIZ;Técnico de Nivel Superior;Tecnología;Semipresencial;Semipresencial;Semipresencial;Resto IP+CFT;214
257c0673c0433527e12d7bcc9e28f0fd;2025;152;IP LATINOAMERICANO DE COMERCIO EXTERIOR - IPLACEX;Institutos Profesionales;477;TECNICO EN ODONTOLOGIA;Técnico de Nivel Superior;Salud;Semipresencial;Semipresencial;Semipresencial;Resto IP+CFT;49
efde8f9f6109af4c647e78ee0730aa64;2025;152;IP LATINOAMERICANO DE COMERCIO EXTERIOR - IPLACEX;Institutos Profesionales;478;TECNICO EN OPERACION DE PLANTA MINERA;Técnico de Nivel Superior;Tecnología;No Presencial;A Distancia;No presencial;Resto IP+CFT;445
8d9b900f47a7cec4f36941252b32a055;2025;152;IP LATINOAMERICANO DE COMERCIO EXTERIOR - IPLACEX;Institutos Profesionales;50;TECNICO EN PREVENCION DE RIESGOS;Técnico de Nivel Superior;Tecnología;No Presencial;A Distancia;No presencial;Resto IP+CFT;379
521b0442360d6f848c8c31bae56686d8;2025;152;IP LATINOAMERICANO DE COMERCIO EXTERIOR - IPLACEX;Institutos Profesionales;321;TECNICO EN RECURSOS HUMANOS;Técnico de Nivel Superior;Administración y Comercio;No Presencial;A Distancia;No presencial;Resto IP+CFT;203
64eea111f5837f6e78233f2e95ed8448;2025;152;IP LATINOAMERICANO DE COMERCIO EXTERIOR - IPLACEX;Institutos Profesionales;459;TECNICO EN REDES E INFRAESTRUCTURA CLOUD;Técnico de Nivel Superior;Tecnología;No Presencial;A Distancia;No presencial;Resto IP+CFT;42
e6a3ddfc722e89238b7b9c65b1224282;2025;152;IP LATINOAMERICANO DE COMERCIO EXTERIOR - IPLACEX;Institutos Profesionales;479;TECNICO EN REHABILITACION DE PERSONAS CON DEPENDENCIA DE DROGAS;Técnico de Nivel Superior;Ciencias Sociales;No Presencial;A Distancia;No presencial;Resto IP+CFT;321
c99f473f3f6fceeb9f596294b7918111;2025;152;IP LATINOAMERICANO DE COMERCIO EXTERIOR - IPLACEX;Institutos Profesionales;390;TECNICO EN SALUD NATURAL Y TERAPIAS COMPLEMENTARIAS;Técnico de Nivel Superior;Salud;Semipresencial;Semipresencial;Semipresencial;Resto IP+CFT;83
672022279d16f197f174958e61942651;2025;152;IP LATINOAMERICANO DE COMERCIO EXTERIOR - IPLACEX;Institutos Profesionales;300;TECNICO EN TRABAJO SOCIAL;Técnico de Nivel Superior;Ciencias Sociales;No Presencial;A Distancia;No presencial;Resto IP+CFT;332
16d789bce95e420c37bd921ea666c580;2025;152;IP LATINOAMERICANO DE COMERCIO EXTERIOR - IPLACEX;Institutos Profesionales;480;TECNICO EN TURISMO;Técnico de Nivel Superior;Administración y Comercio;No Presencial;A Distancia;No presencial;Resto IP+CFT;95
81c7290188f886fdf07813f482595286;2025;152;IP LATINOAMERICANO DE COMERCIO EXTERIOR - IPLACEX;Institutos Profesionales;421;TECNICO INDUSTRIAL;Técnico de Nivel Superior;Tecnología;No Presencial;A Distancia;No presencial;Resto IP+CFT;408
cf211f9e01875288b430d9457d3c8713;2025;152;IP LATINOAMERICANO DE COMERCIO EXTERIOR - IPLACEX;Institutos Profesionales;301;TOPOGRAFIA;Técnico de Nivel Superior;Tecnología;Semipresencial;Semipresencial;Semipresencial;Resto IP+CFT;197
2193517fbc4e94803dd080463be3ac67;2025;152;IP LATINOAMERICANO DE COMERCIO EXTERIOR - IPLACEX;Institutos Profesionales;41;TRABAJO SOCIAL;Profesional Sin Licenciatura;Ciencias Sociales;No Presencial;A Distancia;No presencial;Resto IP+CFT;797
8077faa3fa8735d344f34f203ce103f3;2025;693;IP PROJAZZ;Institutos Profesionales;18;TECNICO DE NIVEL SUPERIOR EN PRODUCCION MUSICAL;Técnico de Nivel Superior;Arte y Arquitectura;No Presencial;A Distancia;No presencial;Resto IP+CFT;18
8e7b269bc20e680e7e115ecadb393b1d;2025;106;IP PROVIDENCIA;Institutos Profesionales;10;CONTADOR AUDITOR;Profesional Sin Licenciatura;Administración y Comercio;No Presencial;A Distancia;No presencial;Resto IP+CFT;153
3fd803b6a4be9186d91cbfa8f67d7a7f;2025;106;IP PROVIDENCIA;Institutos Profesionales;64;CONTADOR GENERAL;Técnico de Nivel Superior;Administración y Comercio;No Presencial;A Distancia;No presencial;Resto IP+CFT;227
7488d7a3f6a882ea0a3a37a61f2c6680;2025;106;IP PROVIDENCIA;Institutos Profesionales;303;DISEÑO GRAFICO DIGITAL;Profesional Sin Licenciatura;Arte y Arquitectura;No Presencial;A Distancia;No presencial;Resto IP+CFT;102
130d3b96e7353f4fed0fbe21f104e339;2025;106;IP PROVIDENCIA;Institutos Profesionales;262;INGENIERIA EN ADMINISTRACION MENCION MARKETING O FINANZAS O RECURSOS HUMANOS;Profesional Sin Licenciatura;Administración y Comercio;No Presencial;A Distancia;No presencial;Resto IP+CFT;265
0f512cd90e530b901a7f895863df2f47;2025;106;IP PROVIDENCIA;Institutos Profesionales;287;INGENIERIA EN ADMINISTRACION PUBLICA Y MUNICIPAL;Profesional Sin Licenciatura;Ciencias Sociales;No Presencial;A Distancia;No presencial;Resto IP+CFT;94
3fef4328e6d19806436baee562d360ae;2025;106;IP PROVIDENCIA;Institutos Profesionales;263;INGENIERIA EN CONTROL DE GESTION;Profesional Sin Licenciatura;Administración y Comercio;No Presencial;A Distancia;No presencial;Resto IP+CFT;80
1dca43cd04436473d1341bce34c97d66;2025;106;IP PROVIDENCIA;Institutos Profesionales;285;INGENIERIA EN INFORMATICA MENCION ANALITICA AVANZADA O CIBERSEGURIDAD;Profesional Sin Licenciatura;Tecnología;No Presencial;A Distancia;No presencial;Resto IP+CFT;169
d22a38473b9ae11d0fabaa84d4d6778c;2025;106;IP PROVIDENCIA;Institutos Profesionales;297;INGENIERIA INDUSTRIAL;Profesional Sin Licenciatura;Tecnología;No Presencial;A Distancia;No presencial;Resto IP+CFT;222
1c8987dc86892675728f9668f4f73d4f;2025;106;IP PROVIDENCIA;Institutos Profesionales;293;PUBLICIDAD EN MARKETING DIGITAL;Profesional Sin Licenciatura;Ciencias Sociales;No Presencial;A Distancia;No presencial;Resto IP+CFT;52
23f3433311c94c47560998a2adf429f4;2025;106;IP PROVIDENCIA;Institutos Profesionales;20;SERVICIO SOCIAL;Profesional Sin Licenciatura;Ciencias Sociales;No Presencial;A Distancia;No presencial;Resto IP+CFT;192
5b1196551e934b0b7b13b8e249362c47;2025;106;IP PROVIDENCIA;Institutos Profesionales;314;TECNICO DE NIVEL SUPERIOR EN ADMINISTRACION DE EMPRESAS MENCION FINANZAS;Técnico de Nivel Superior;Administración y Comercio;No Presencial;A Distancia;No presencial;Resto IP+CFT;200
d9271870a21b7ed667f0f7107b3ec2e2;2025;106;IP PROVIDENCIA;Institutos Profesionales;315;TECNICO DE NIVEL SUPERIOR EN ADMINISTRACION DE EMPRESAS MENCION MARKETING;Técnico de Nivel Superior;Administración y Comercio;No Presencial;A Distancia;No presencial;Resto IP+CFT;120
2320b32ed8a5854a34599d5c28bdc5ba;2025;106;IP PROVIDENCIA;Institutos Profesionales;316;TECNICO DE NIVEL SUPERIOR EN ADMINISTRACION DE EMPRESAS MENCION RECURSOS HUMANOS;Técnico de Nivel Superior;Administración y Comercio;No Presencial;A Distancia;No presencial;Resto IP+CFT;241
f56a40c6a7e8b6d398aff49ea85c7eda;2025;106;IP PROVIDENCIA;Institutos Profesionales;284;TECNICO DE NIVEL SUPERIOR EN ADMINISTRACION PUBLICA;Técnico de Nivel Superior;Ciencias Sociales;No Presencial;A Distancia;No presencial;Resto IP+CFT;128
2cea3d64cb06ef5fe2b0cabc8c1b8432;2025;106;IP PROVIDENCIA;Institutos Profesionales;340;TECNICO DE NIVEL SUPERIOR EN AGILE COACHING;Técnico de Nivel Superior;Administración y Comercio;No Presencial;A Distancia;No presencial;Resto IP+CFT;4
39ad353b62bb52eda2077264762bdfae;2025;106;IP PROVIDENCIA;Institutos Profesionales;335;TECNICO DE NIVEL SUPERIOR EN CIENCIA DE DATOS;Técnico de Nivel Superior;Ciencias Básicas;No Presencial;A Distancia;No presencial;Resto IP+CFT;52
e6480e7e32aad54912e0fdeea16162b6;2025;106;IP PROVIDENCIA;Institutos Profesionales;317;TECNICO DE NIVEL SUPERIOR EN CLOUD ADMINISTRATION;Técnico de Nivel Superior;Tecnología;No Presencial;A Distancia;No presencial;Resto IP+CFT;9
5090c8b3629364d57f1a95dfc68c03a8;2025;106;IP PROVIDENCIA;Institutos Profesionales;231;TECNICO DE NIVEL SUPERIOR EN COMERCIO EXTERIOR;Técnico de Nivel Superior;Administración y Comercio;No Presencial;A Distancia;No presencial;Resto IP+CFT;82
4ac3a04e161768ebbe5c64b48e3eefa4;2025;106;IP PROVIDENCIA;Institutos Profesionales;265;TECNICO DE NIVEL SUPERIOR EN CONTROL DE GESTION;Técnico de Nivel Superior;Administración y Comercio;No Presencial;A Distancia;No presencial;Resto IP+CFT;61
4cde3f4955a805b3ff66c517a34a404d;2025;106;IP PROVIDENCIA;Institutos Profesionales;309;TECNICO DE NIVEL SUPERIOR EN CONTROL DE LA PRODUCCION INDUSTRIAL;Técnico de Nivel Superior;Tecnología;No Presencial;A Distancia;No presencial;Resto IP+CFT;120
092656989645dc129f43d9c2d1319ccd;2025;106;IP PROVIDENCIA;Institutos Profesionales;328;TECNICO DE NIVEL SUPERIOR EN CUSTOMER EXPERIENCE;Técnico de Nivel Superior;Administración y Comercio;No Presencial;A Distancia;No presencial;Resto IP+CFT;15
781a39d9e0926c801b5420cb2007046a;2025;106;IP PROVIDENCIA;Institutos Profesionales;310;TECNICO DE NIVEL SUPERIOR EN DISEÑO GRAFICO DIGITAL;Técnico de Nivel Superior;Arte y Arquitectura;No Presencial;A Distancia;No presencial;Resto IP+CFT;147
9cba757db20674db894df624fd15a934;2025;106;IP PROVIDENCIA;Institutos Profesionales;268;TECNICO DE NIVEL SUPERIOR EN GESTION TURISTICA;Técnico de Nivel Superior;Administración y Comercio;No Presencial;A Distancia;No presencial;Resto IP+CFT;52
b88d8f384f1abac0a4f053cc74285923;2025;106;IP PROVIDENCIA;Institutos Profesionales;329;TECNICO DE NIVEL SUPERIOR EN INBOUND MARKETING;Técnico de Nivel Superior;Administración y Comercio;No Presencial;A Distancia;No presencial;Resto IP+CFT;1
4f3adeccbb9792897d53f67a0945ad58;2025;106;IP PROVIDENCIA;Institutos Profesionales;330;TECNICO DE NIVEL SUPERIOR EN MARKETING DIGITAL;Técnico de Nivel Superior;Administración y Comercio;No Presencial;A Distancia;No presencial;Resto IP+CFT;170
d29e2dc4d360468a84ff0960bb205d67;2025;106;IP PROVIDENCIA;Institutos Profesionales;343;TECNICO DE NIVEL SUPERIOR EN QUALITY ASSURANCE;Técnico de Nivel Superior;Administración y Comercio;No Presencial;A Distancia;No presencial;Resto IP+CFT;17
57e7bb8fb6c2b1830e3dde962ca8b79b;2025;106;IP PROVIDENCIA;Institutos Profesionales;341;TECNICO DE NIVEL SUPERIOR EN RECLUTAMIENTO Y ATRACCION DE TALENTO;Técnico de Nivel Superior;Administración y Comercio;No Presencial;A Distancia;No presencial;Resto IP+CFT;10
fa1fd1f72167b15d8f2174daca33bfb6;2025;106;IP PROVIDENCIA;Institutos Profesionales;318;TECNICO DE NIVEL SUPERIOR EN SEGURIDAD INFORMATICA;Técnico de Nivel Superior;Tecnología;No Presencial;A Distancia;No presencial;Resto IP+CFT;110
8bce3ac28aa6b8d7b330d2e880cd13bf;2025;106;IP PROVIDENCIA;Institutos Profesionales;250;TECNICO DE NIVEL SUPERIOR EN SERVICIO SOCIAL;Técnico de Nivel Superior;Ciencias Sociales;No Presencial;A Distancia;No presencial;Resto IP+CFT;185
9d532b84c7ea763477e2962eb5f14c53;2025;106;IP PROVIDENCIA;Institutos Profesionales;342;TECNICO DE NIVEL SUPERIOR EN SOCIAL MEDIA;Técnico de Nivel Superior;Ciencias Sociales;No Presencial;A Distancia;No presencial;Resto IP+CFT;8
77dd2d70977d6aa22692dc6823c9a539;2025;106;IP PROVIDENCIA;Institutos Profesionales;331;TECNICO DE NIVEL SUPERIOR EN USER EXPERIENCE;Técnico de Nivel Superior;Administración y Comercio;No Presencial;A Distancia;No presencial;Resto IP+CFT;7
9b794f8bcc47718362a9de2f09f7c718;2025;106;IP PROVIDENCIA;Institutos Profesionales;295;TECNICO EN ANIMACION DIGITAL;Técnico de Nivel Superior;Arte y Arquitectura;No Presencial;A Distancia;No presencial;Resto IP+CFT;72
66726700c89143339faa892786b9bedc;2025;106;IP PROVIDENCIA;Institutos Profesionales;266;TECNICO EN EDUCACION DIFERENCIAL;Técnico de Nivel Superior;Educación;No Presencial;A Distancia;No presencial;Resto IP+CFT;231
e8fe97a22cc012165c8bebb43a677900;2025;106;IP PROVIDENCIA;Institutos Profesionales;294;TECNICO EN EDUCACION PARVULARIA Y PRIMER CICLO BASICO;Técnico de Nivel Superior;Educación;No Presencial;A Distancia;No presencial;Resto IP+CFT;446
4178400d41d58150580dca9607b1bc16;2025;106;IP PROVIDENCIA;Institutos Profesionales;296;TECNICO EN LOGISTICA;Técnico de Nivel Superior;Administración y Comercio;No Presencial;A Distancia;No presencial;Resto IP+CFT;297
d28e686eb53a288c4344f4980c0fd669;2025;106;IP PROVIDENCIA;Institutos Profesionales;349;TECNICO EN PROGRAMACION;Técnico de Nivel Superior;Tecnología;No Presencial;A Distancia;No presencial;Resto IP+CFT;130
d0dcca86a66cedc190035db12edf758a;2025;106;IP PROVIDENCIA;Institutos Profesionales;350;TECNICO EN REDES INFORMATICAS;Técnico de Nivel Superior;Tecnología;No Presencial;A Distancia;No presencial;Resto IP+CFT;49
ad016a564fd76c0075c5d2c2f62a8a5b;2025;106;IP PROVIDENCIA;Institutos Profesionales;269;TECNICO JURIDICO EN GESTION JUDICIAL;Técnico de Nivel Superior;Derecho;No Presencial;A Distancia;No presencial;Resto IP+CFT;138
4af4a7fe8800b3172369c221d340db75;2025;162;IP SAN SEBASTIAN;Institutos Profesionales;83;ADMINISTRACION PUBLICA;Profesional Sin Licenciatura;Ciencias Sociales;No Presencial;A Distancia;No presencial;Resto IP+CFT;70
5cb3a69735fcc932cf74c6a0e9dbbfc7;2025;162;IP SAN SEBASTIAN;Institutos Profesionales;86;AUDITORIA;Profesional Sin Licenciatura;Administración y Comercio;No Presencial;A Distancia;No presencial;Resto IP+CFT;41
3da61196fb8886bb928d2ca31bc1c089;2025;162;IP SAN SEBASTIAN;Institutos Profesionales;85;CONTABILIDAD GENERAL;Técnico de Nivel Superior;Administración y Comercio;No Presencial;A Distancia;No presencial;Resto IP+CFT;38
ea7b1e41c47959a0e153400643dd497c;2025;162;IP SAN SEBASTIAN;Institutos Profesionales;76;INGENIERIA EN ADMINISTRACION DE EMPRESAS;Profesional Sin Licenciatura;Administración y Comercio;No Presencial;A Distancia;No presencial;Resto IP+CFT;78
6d486d93cec87ebfdfbfd76a36e30da2;2025;162;IP SAN SEBASTIAN;Institutos Profesionales;46;INGENIERIA EN CIBERSEGURIDAD;Profesional Sin Licenciatura;Tecnología;No Presencial;A Distancia;No presencial;Resto IP+CFT;89
3f644fdb7db168ae8fff6e2df522efec;2025;162;IP SAN SEBASTIAN;Institutos Profesionales;88;INGENIERIA EN CIENCIA DE DATOS;Profesional Sin Licenciatura;Ciencias Básicas;No Presencial;A Distancia;No presencial;Resto IP+CFT;42
6b50342936c7efd51bab5c70f1177572;2025;162;IP SAN SEBASTIAN;Institutos Profesionales;3;INGENIERIA EN CONECTIVIDAD Y REDES;Profesional Sin Licenciatura;Tecnología;No Presencial;A Distancia;No presencial;Resto IP+CFT;57
3106359156778f0ba0f080ca5a92cd83;2025;162;IP SAN SEBASTIAN;Institutos Profesionales;1;INGENIERIA EN INFORMATICA;Profesional Sin Licenciatura;Tecnología;No Presencial;A Distancia;No presencial;Resto IP+CFT;96
915f7843387388fa198b19510b5052ff;2025;162;IP SAN SEBASTIAN;Institutos Profesionales;77;INGENIERIA EN LOGISTICA;Profesional Sin Licenciatura;Administración y Comercio;No Presencial;A Distancia;No presencial;Resto IP+CFT;54
ccf8910060c134d7c2dee47b97242aa5;2025;162;IP SAN SEBASTIAN;Institutos Profesionales;78;TECNICO EN ADMINISTRACION DE EMPRESAS;Técnico de Nivel Superior;Administración y Comercio;No Presencial;A Distancia;No presencial;Resto IP+CFT;65
1245da36c3e8a200f103ad7b2b16c84f;2025;162;IP SAN SEBASTIAN;Institutos Profesionales;84;TECNICO EN ADMINISTRACION PUBLICA;Técnico de Nivel Superior;Ciencias Sociales;No Presencial;A Distancia;No presencial;Resto IP+CFT;22
cb0ce89376e339d232094468ecd15e6b;2025;162;IP SAN SEBASTIAN;Institutos Profesionales;47;TECNICO EN CIBERSEGURIDAD;Técnico de Nivel Superior;Tecnología;No Presencial;A Distancia;No presencial;Resto IP+CFT;67
c2277004ed566483e2b0f78a1f7d030a;2025;162;IP SAN SEBASTIAN;Institutos Profesionales;89;TECNICO EN CIENCIA DE DATOS;Técnico de Nivel Superior;Ciencias Básicas;No Presencial;A Distancia;No presencial;Resto IP+CFT;23
5757167aaf4c07c160fa795ee93c0d23;2025;162;IP SAN SEBASTIAN;Institutos Profesionales;6;TECNICO EN CONECTIVIDAD Y REDES;Técnico de Nivel Superior;Tecnología;No Presencial;A Distancia;No presencial;Resto IP+CFT;38
643768839f32324098c6e9390f7cd529;2025;162;IP SAN SEBASTIAN;Institutos Profesionales;79;TECNICO EN LOGISTICA;Técnico de Nivel Superior;Administración y Comercio;No Presencial;A Distancia;No presencial;Resto IP+CFT;66
a47cd5aeb96f927b895a4131f6d37676;2025;162;IP SAN SEBASTIAN;Institutos Profesionales;57;TECNICO EN PROGRAMACION Y ANALISIS DE SISTEMAS;Técnico de Nivel Superior;Tecnología;No Presencial;A Distancia;No presencial;Resto IP+CFT;133
45dff492fe2e9a6678804730f4d2dab7;2025;116;IP SANTO TOMAS;Institutos Profesionales;228;ADMINISTRACION PUBLICA;Profesional Sin Licenciatura;Ciencias Sociales;No Presencial;A Distancia;No presencial;Resto IP+CFT;41
9c9e676073c4ea7398768b4f09414642;2025;116;IP SANTO TOMAS;Institutos Profesionales;57;ANALISTA PROGRAMADOR;Técnico de Nivel Superior;Tecnología;No Presencial;A Distancia;No presencial;Resto IP+CFT;43
433f2832dc6f635c6250b7c43034cf9d;2025;116;IP SANTO TOMAS;Institutos Profesionales;9;CONTADOR AUDITOR;Profesional Sin Licenciatura;Administración y Comercio;No Presencial;A Distancia;No presencial;Resto IP+CFT;72
66989ee5b7a9cdeb53e1f1229a535912;2025;116;IP SANTO TOMAS;Institutos Profesionales;221;INGENIERIA EN ADMINISTRACION DE EMPRESAS;Profesional Sin Licenciatura;Administración y Comercio;No Presencial;A Distancia;No presencial;Resto IP+CFT;75
9b9882ce4432c95674cedfbd8d7efff4;2025;116;IP SANTO TOMAS;Institutos Profesionales;141;INGENIERIA EN ADMINISTRACION DE RECURSOS HUMANOS;Profesional Sin Licenciatura;Administración y Comercio;No Presencial;A Distancia;No presencial;Resto IP+CFT;47
06680df1b0afe81eae8c7333af97183f;2025;116;IP SANTO TOMAS;Institutos Profesionales;212;INGENIERIA EN AUTOMATIZACION E INSTRUMENTACION INDUSTRIAL;Profesional Sin Licenciatura;Tecnología;No Presencial;A Distancia;No presencial;Resto IP+CFT;51
225fe850d099849517de0ad1d9e8a38c;2025;116;IP SANTO TOMAS;Institutos Profesionales;8;INGENIERIA EN INFORMATICA;Profesional Sin Licenciatura;Tecnología;No Presencial;A Distancia;No presencial;Resto IP+CFT;44
30fe9d78c2db0a13ae135d95c1f23a90;2025;116;IP SANTO TOMAS;Institutos Profesionales;201;INGENIERIA EN LOGISTICA;Profesional Sin Licenciatura;Administración y Comercio;No Presencial;A Distancia;No presencial;Resto IP+CFT;65
544c5e968e69659fb7cb1cd39f24194b;2025;116;IP SANTO TOMAS;Institutos Profesionales;292;INGENIERIA EN MARKETING DIGITAL;Profesional Sin Licenciatura;Administración y Comercio;No Presencial;A Distancia;No presencial;Resto IP+CFT;32
1ab20b41202c8cf81ac5c8001e8f150d;2025;116;IP SANTO TOMAS;Institutos Profesionales;148;INGENIERIA EN PREVENCION DE RIESGOS;Profesional Sin Licenciatura;Tecnología;No Presencial;A Distancia;No presencial;Resto IP+CFT;59
ff55972495742463a755aa0558476d2e;2025;116;IP SANTO TOMAS;Institutos Profesionales;196;PSICOPEDAGOGIA;Profesional Sin Licenciatura;Educación;No Presencial;A Distancia;No presencial;Resto IP+CFT;111
2f6828fd01465e8d76d8c76b2841c06b;2025;116;IP SANTO TOMAS;Institutos Profesionales;4;SERVICIO SOCIAL;Profesional Sin Licenciatura;Ciencias Sociales;No Presencial;A Distancia;No presencial;Resto IP+CFT;62
15efb5a4badc898dd8a6bdf2243a1844;2025;116;IP SANTO TOMAS;Institutos Profesionales;214;TECNICO EN AUTOMATIZACION E INSTRUMENTACION INDUSTRIAL;Técnico de Nivel Superior;Tecnología;No Presencial;A Distancia;No presencial;Resto IP+CFT;63
1d6fb7390b70576a22cb129600332e3c;2025;116;IP SANTO TOMAS;Institutos Profesionales;17;TECNICO EN TRABAJO SOCIAL;Técnico de Nivel Superior;Ciencias Sociales;No Presencial;A Distancia;No presencial;Resto IP+CFT;102
